t1 | 25,15 | 23..27|W|frz1 | zukIn - | setIn - | zukHp 1200 | chosen - | walk - | weapon Rune Crossbow | untilShot 1 | target -[-] | gate - | overhead none | TzKal-Zuk@22,8 TAGGED
t2 | 25,15 | 23..27|W|frz1 | zukIn - | setIn - | zukHp 1200 | chosen - | walk - | weapon Rune Crossbow | untilShot 1 | target -[-] | gate - | overhead none | TzKal-Zuk@22,8 TAGGED
t3 | 25,15 | 23..27|W|frz1 | zukIn - | setIn - | zukHp 1200 | chosen - | walk - | weapon Rune Crossbow | untilShot 1 | target -[-] | gate - | overhead none | TzKal-Zuk@22,8 TAGGED
t4 | 25,15 | 23..27|W|frz1 | zukIn - | setIn - | zukHp 1200 | chosen - | walk - | weapon Rune Crossbow | untilShot 1 | target -[-] | gate - | overhead none | TzKal-Zuk@22,8 TAGGED
t5 | 25,15 | 23..27|W|frz1 | zukIn - | setIn - | zukHp 1200 | chosen - | walk - | weapon Rune Crossbow | untilShot 1 | target -[-] | gate - | overhead none | TzKal-Zuk@22,8 TAGGED
t6 | 25,15 | 23..27|W|frz0 | zukIn - | setIn 71 | zukHp 1200 | chosen 23,14 | walk ->23,14 | weapon Rune Crossbow | untilShot 1 | target -[-] | gate - | overhead none | TzKal-Zuk@22,8 TAGGED
t7 | 23,14 | 22..26|W|frz-1 | zukIn - | setIn 70 | zukHp 1200 | chosen 22,14 | walk ->22,14 | weapon Rune Crossbow | untilShot 1 | target -[-] | gate - | overhead none | TzKal-Zuk@22,8 TAGGED
t8 | 22,14 | 21..25|W|frz-2 | zukIn - | setIn 69 | zukHp 1200 | chosen 21,14 | walk ->21,14 | weapon Rune Crossbow | untilShot 1 | target -[-] | gate - | overhead none | TzKal-Zuk@22,8 TAGGED
t9 | 21,14 | 20..24|W|frz-3 | zukIn - | setIn 68 | zukHp 1200 | chosen 20,14 | walk ->20,14 | weapon Rune Crossbow | untilShot 1 | target -[-] | gate - | overhead none | TzKal-Zuk@22,8 TAGGED
t10 | 20,14 | 19..23|W|frz-4 | zukIn - | setIn 67 | zukHp 1200 | chosen 19,14 | walk ->19,14 | weapon Rune Crossbow | untilShot 1 | target -[-] | gate - | overhead none | TzKal-Zuk@22,8 TAGGED
t11 | 19,14 | 18..22|W|frz-5 | zukIn - | setIn 66 | zukHp 1200 | chosen 19,14 | walk - | weapon Rune Crossbow | untilShot 1 | target TzKal-Zuk[zuk] | gate ok | overhead none | TzKal-Zuk@22,8 TAGGED
t12 | 19,14 | 17..21|W|frz-6 | zukIn - | setIn 65 | zukHp 1200 | chosen 17,14 | walk ->17,14 | weapon Rune Crossbow | untilShot 5 | target -[-] | gate - | overhead none | TzKal-Zuk@22,8 TAGGED
FIRED t12 | 19,14 | Rune Crossbow | TzKal-Zuk
t13 | 17,14 | 16..20|W|frz-7 | zukIn - | setIn 64 | zukHp 1200 | chosen 16,14 | walk ->16,14 | weapon Rune Crossbow | untilShot 4 | target -[-] | gate - | overhead none | TzKal-Zuk@22,8 TAGGED
t14 | 16,14 | 15..19|W|frz-8 | zukIn - | setIn 63 | zukHp 1200 | chosen 15,14 | walk ->15,14 | weapon Rune Crossbow | untilShot 3 | target -[-] | gate - | overhead none | TzKal-Zuk@22,8 TAGGED
t15 | 15,14 | 14..18|W|frz-9 | zukIn - | setIn 62 | zukHp 1183 | chosen 15,14 | walk - | weapon Rune Crossbow | untilShot 2 | target TzKal-Zuk[zuk] | gate ok | overhead none | TzKal-Zuk@22,8 TAGGED
t16 | 15,14 | 13..17|W|frz-10 | zukIn - | setIn 61 | zukHp 1183 | chosen 14,14 | walk ->14,14 | weapon Rune Crossbow | untilShot 1 | target -[-] | gate - | overhead none | TzKal-Zuk@22,8 TAGGED
t17 | 14,14 | 12..16|W|frz-11 | zukIn - | setIn 60 | zukHp 1183 | chosen 14,14 | walk - | weapon Rune Crossbow | untilShot 1 | target TzKal-Zuk[zuk] | gate - | overhead none | TzKal-Zuk@22,8 TAGGED
t18 | 14,14 | 11..15|W|frz-12 | zukIn - | setIn 59 | zukHp 1183 | chosen 14,14 | walk - | weapon Rune Crossbow | untilShot 1 | target TzKal-Zuk[zuk] | gate - | overhead none | TzKal-Zuk@22,8 TAGGED
t19 | 14,14 | 10..14|E|frz4 | zukIn 10 | setIn 58 | zukHp 1183 | chosen 20,14 | walk ->20,14 | weapon Rune Crossbow | untilShot 1 | target -[-] | gate - | overhead none | TzKal-Zuk@22,8 TAGGED
t20 | 16,14 | 10..14|E|frz3 | zukIn 9 | setIn 57 | zukHp 1183 | chosen 20,14 | walk ->20,14 | weapon Rune Crossbow | untilShot 1 | target TzKal-Zuk[zuk] | gate - | overhead none | TzKal-Zuk@22,8 TAGGED
t21 | 18,14 | 10..14|E|frz2 | zukIn 8 | setIn 56 | zukHp 1183 | chosen 20,14 | walk ->20,14 | weapon Rune Crossbow | untilShot 1 | target TzKal-Zuk[zuk] | gate - | overhead none | TzKal-Zuk@22,8 TAGGED
t22 | 20,14 | 10..14|E|frz1 | zukIn 7 | setIn 55 | zukHp 1183 | chosen 20,14 | walk - | weapon Rune Crossbow | untilShot 1 | target TzKal-Zuk[zuk] | gate ok | overhead none | TzKal-Zuk@22,8 TAGGED
t23 | 20,14 | 10..14|E|frz0 | zukIn 6 | setIn 54 | zukHp 1183 | chosen 20,14 | walk - | weapon Rune Crossbow | untilShot 5 | target TzKal-Zuk[zuk] | gate ok | overhead none | TzKal-Zuk@22,8 TAGGED
FIRED t23 | 20,14 | Rune Crossbow | TzKal-Zuk
t24 | 20,14 | 11..15|E|frz-1 | zukIn 5 | setIn 53 | zukHp 1183 | chosen 20,14 | walk - | weapon Rune Crossbow | untilShot 4 | target TzKal-Zuk[zuk] | gate ok | overhead none | TzKal-Zuk@22,8 TAGGED
t25 | 20,14 | 12..16|E|frz-2 | zukIn 4 | setIn 52 | zukHp 1183 | chosen 20,14 | walk - | weapon Rune Crossbow | untilShot 3 | target TzKal-Zuk[zuk] | gate ok | overhead none | TzKal-Zuk@22,8 TAGGED
t26 | 20,14 | 13..17|E|frz-3 | zukIn 3 | setIn 51 | zukHp 1183 | chosen 20,14 | walk - | weapon Rune Crossbow | untilShot 2 | target TzKal-Zuk[zuk] | gate ok | overhead none | TzKal-Zuk@22,8 TAGGED
t27 | 20,14 | 14..18|E|frz-4 | zukIn 2 | setIn 50 | zukHp 1183 | chosen 20,14 | walk - | weapon Rune Crossbow | untilShot 1 | target TzKal-Zuk[zuk] | gate ok | overhead none | TzKal-Zuk@22,8 TAGGED
t28 | 20,14 | 15..19|E|frz-5 | zukIn 1 | setIn 49 | zukHp 1183 | chosen 20,14 | walk - | weapon Rune Crossbow | untilShot 5 | target TzKal-Zuk[zuk] | gate ok | overhead none | TzKal-Zuk@22,8 TAGGED
FIRED t28 | 20,14 | Rune Crossbow | TzKal-Zuk
t29 | 20,14 | 16..20|E|frz-6 | zukIn 10 | setIn 48 | zukHp 1183 | chosen 30,14 | walk ->30,14 | weapon Rune Crossbow | untilShot 4 | target -[-] | gate - | overhead none | TzKal-Zuk@22,8 TAGGED
t30 | 22,14 | 17..21|E|frz-7 | zukIn 9 | setIn 47 | zukHp 1183 | chosen 30,14 | walk ->30,14 | weapon Rune Crossbow | untilShot 3 | target TzKal-Zuk[zuk] | gate ok | overhead none | TzKal-Zuk@22,8 TAGGED
t31 | 24,14 | 18..22|E|frz-8 | zukIn 8 | setIn 46 | zukHp 1183 | chosen 30,14 | walk ->30,14 | weapon Rune Crossbow | untilShot 2 | target TzKal-Zuk[zuk] | gate ok | overhead none | TzKal-Zuk@22,8 TAGGED
t32 | 26,14 | 19..23|E|frz-9 | zukIn 7 | setIn 45 | zukHp 1183 | chosen 30,14 | walk ->30,14 | weapon Rune Crossbow | untilShot 1 | target TzKal-Zuk[zuk] | gate ok | overhead none | TzKal-Zuk@22,8 TAGGED
t33 | 26,14 | 20..24|E|frz-10 | zukIn 6 | setIn 44 | zukHp 1183 | chosen 30,14 | walk ->30,14 | weapon Rune Crossbow | untilShot 5 | target -[-] | gate - | overhead none | TzKal-Zuk@22,8 TAGGED
FIRED t33 | 26,14 | Rune Crossbow | TzKal-Zuk
t34 | 28,14 | 21..25|E|frz-11 | zukIn 5 | setIn 43 | zukHp 1183 | chosen 30,14 | walk ->30,14 | weapon Rune Crossbow | untilShot 4 | target TzKal-Zuk[zuk] | gate ok | overhead none | TzKal-Zuk@22,8 TAGGED
t35 | 30,14 | 22..26|E|frz-12 | zukIn 4 | setIn 42 | zukHp 1183 | chosen 30,14 | walk - | weapon Rune Crossbow | untilShot 3 | target TzKal-Zuk[zuk] | gate ok | overhead none | TzKal-Zuk@22,8 TAGGED
t36 | 30,14 | 23..27|E|frz-13 | zukIn 3 | setIn 41 | zukHp 1170 | chosen 30,14 | walk - | weapon Rune Crossbow | untilShot 2 | target TzKal-Zuk[zuk] | gate ok | overhead none | TzKal-Zuk@22,8 TAGGED
t37 | 30,14 | 24..28|E|frz-14 | zukIn 2 | setIn 40 | zukHp 1170 | chosen 30,14 | walk - | weapon Rune Crossbow | untilShot 1 | target TzKal-Zuk[zuk] | gate ok | overhead none | TzKal-Zuk@22,8 TAGGED
t38 | 30,14 | 25..29|E|frz-15 | zukIn 1 | setIn 39 | zukHp 1170 | chosen 30,14 | walk - | weapon Rune Crossbow | untilShot 5 | target TzKal-Zuk[zuk] | gate ok | overhead none | TzKal-Zuk@22,8 TAGGED
FIRED t38 | 30,14 | Rune Crossbow | TzKal-Zuk
t39 | 30,14 | 26..30|E|frz-16 | zukIn 10 | setIn 38 | zukHp 1170 | chosen 35,14 | walk ->35,14 | weapon Rune Crossbow | untilShot 4 | target -[-] | gate - | overhead none | TzKal-Zuk@22,8 TAGGED
t40 | 32,14 | 27..31|E|frz-17 | zukIn 9 | setIn 37 | zukHp 1170 | chosen 35,14 | walk ->35,14 | weapon Rune Crossbow | untilShot 3 | target TzKal-Zuk[zuk] | gate - | overhead none | TzKal-Zuk@22,8 TAGGED
t41 | 34,14 | 28..32|E|frz-18 | zukIn 8 | setIn 36 | zukHp 1154 | chosen 35,14 | walk ->35,14 | weapon Rune Crossbow | untilShot 2 | target TzKal-Zuk[zuk] | gate - | overhead none | TzKal-Zuk@22,8 TAGGED
t42 | 35,14 | 29..33|E|frz-19 | zukIn 7 | setIn 35 | zukHp 1154 | chosen 35,14 | walk - | weapon Rune Crossbow | untilShot 1 | target TzKal-Zuk[zuk] | gate ok | overhead none | TzKal-Zuk@22,8 TAGGED
t43 | 35,14 | 30..34|E|frz-20 | zukIn 6 | setIn 34 | zukHp 1154 | chosen 36,14 | walk ->36,14 | weapon Rune Crossbow | untilShot 5 | target -[-] | gate - | overhead none | TzKal-Zuk@22,8 TAGGED
FIRED t43 | 35,14 | Rune Crossbow | TzKal-Zuk
t44 | 36,14 | 31..35|E|frz-21 | zukIn 5 | setIn 33 | zukHp 1154 | chosen 36,14 | walk - | weapon Rune Crossbow | untilShot 4 | target TzKal-Zuk[zuk] | gate - | overhead none | TzKal-Zuk@22,8 TAGGED
t45 | 36,14 | 32..36|E|frz-22 | zukIn 4 | setIn 32 | zukHp 1154 | chosen 36,14 | walk - | weapon Rune Crossbow | untilShot 3 | target TzKal-Zuk[zuk] | gate - | overhead none | TzKal-Zuk@22,8 TAGGED
t46 | 36,14 | 33..37|E|frz-23 | zukIn 3 | setIn 31 | zukHp 1148 | chosen 36,14 | walk - | weapon Rune Crossbow | untilShot 2 | target TzKal-Zuk[zuk] | gate - | overhead none | TzKal-Zuk@22,8 TAGGED
t47 | 36,14 | 34..38|E|frz-24 | zukIn 2 | setIn 30 | zukHp 1148 | chosen 36,14 | walk - | weapon Rune Crossbow | untilShot 1 | target TzKal-Zuk[zuk] | gate - | overhead none | TzKal-Zuk@22,8 TAGGED
t48 | 36,14 | 35..39|E|frz-25 | zukIn 1 | setIn 29 | zukHp 1148 | chosen 36,14 | walk - | weapon Rune Crossbow | untilShot 1 | target TzKal-Zuk[zuk] | gate - | overhead none | TzKal-Zuk@22,8 TAGGED
t49 | 36,14 | 36..40|W|frz4 | zukIn 10 | setIn 28 | zukHp 1148 | chosen 30,14 | walk ->30,14 | weapon Rune Crossbow | untilShot 1 | target -[-] | gate - | overhead none | TzKal-Zuk@22,8 TAGGED
t50 | 34,14 | 36..40|W|frz3 | zukIn 9 | setIn 27 | zukHp 1148 | chosen 30,14 | walk ->30,14 | weapon Rune Crossbow | untilShot 1 | target TzKal-Zuk[zuk] | gate - | overhead none | TzKal-Zuk@22,8 TAGGED
t51 | 32,14 | 36..40|W|frz2 | zukIn 8 | setIn 26 | zukHp 1148 | chosen 30,14 | walk ->30,14 | weapon Rune Crossbow | untilShot 1 | target TzKal-Zuk[zuk] | gate - | overhead none | TzKal-Zuk@22,8 TAGGED
t52 | 30,14 | 36..40|W|frz1 | zukIn 7 | setIn 25 | zukHp 1148 | chosen 30,14 | walk - | weapon Rune Crossbow | untilShot 1 | target TzKal-Zuk[zuk] | gate ok | overhead none | TzKal-Zuk@22,8 TAGGED
t53 | 30,14 | 36..40|W|frz0 | zukIn 6 | setIn 24 | zukHp 1148 | chosen 30,14 | walk - | weapon Rune Crossbow | untilShot 5 | target TzKal-Zuk[zuk] | gate ok | overhead none | TzKal-Zuk@22,8 TAGGED
FIRED t53 | 30,14 | Rune Crossbow | TzKal-Zuk
t54 | 30,14 | 35..39|W|frz-1 | zukIn 5 | setIn 23 | zukHp 1148 | chosen 30,14 | walk - | weapon Rune Crossbow | untilShot 4 | target TzKal-Zuk[zuk] | gate ok | overhead none | TzKal-Zuk@22,8 TAGGED
t55 | 30,14 | 34..38|W|frz-2 | zukIn 4 | setIn 22 | zukHp 1148 | chosen 30,14 | walk - | weapon Rune Crossbow | untilShot 3 | target TzKal-Zuk[zuk] | gate ok | overhead none | TzKal-Zuk@22,8 TAGGED
t56 | 30,14 | 33..37|W|frz-3 | zukIn 3 | setIn 21 | zukHp 1148 | chosen 30,14 | walk - | weapon Rune Crossbow | untilShot 2 | target TzKal-Zuk[zuk] | gate ok | overhead none | TzKal-Zuk@22,8 TAGGED
t57 | 30,14 | 32..36|W|frz-4 | zukIn 2 | setIn 20 | zukHp 1148 | chosen 30,14 | walk - | weapon Rune Crossbow | untilShot 1 | target TzKal-Zuk[zuk] | gate ok | overhead none | TzKal-Zuk@22,8 TAGGED
t58 | 30,14 | 31..35|W|frz-5 | zukIn 1 | setIn 19 | zukHp 1148 | chosen 30,14 | walk - | weapon Rune Crossbow | untilShot 5 | target TzKal-Zuk[zuk] | gate ok | overhead none | TzKal-Zuk@22,8 TAGGED
FIRED t58 | 30,14 | Rune Crossbow | TzKal-Zuk
t59 | 30,14 | 30..34|W|frz-6 | zukIn 10 | setIn 18 | zukHp 1148 | chosen 20,14 | walk ->20,14 | weapon Rune Crossbow | untilShot 4 | target -[-] | gate - | overhead none | TzKal-Zuk@22,8 TAGGED
t60 | 28,14 | 29..33|W|frz-7 | zukIn 9 | setIn 17 | zukHp 1148 | chosen 20,14 | walk ->20,14 | weapon Rune Crossbow | untilShot 3 | target TzKal-Zuk[zuk] | gate ok | overhead none | TzKal-Zuk@22,8 TAGGED
t61 | 26,14 | 28..32|W|frz-8 | zukIn 8 | setIn 16 | zukHp 1127 | chosen 20,14 | walk ->20,14 | weapon Rune Crossbow | untilShot 2 | target TzKal-Zuk[zuk] | gate ok | overhead none | TzKal-Zuk@22,8 TAGGED
t62 | 24,14 | 27..31|W|frz-9 | zukIn 7 | setIn 15 | zukHp 1127 | chosen 20,14 | walk ->20,14 | weapon Rune Crossbow | untilShot 1 | target TzKal-Zuk[zuk] | gate ok | overhead none | TzKal-Zuk@22,8 TAGGED
t63 | 24,14 | 26..30|W|frz-10 | zukIn 6 | setIn 14 | zukHp 1127 | chosen 20,14 | walk ->20,14 | weapon Rune Crossbow | untilShot 5 | target -[-] | gate - | overhead none | TzKal-Zuk@22,8 TAGGED
FIRED t63 | 24,14 | Rune Crossbow | TzKal-Zuk
t64 | 22,14 | 25..29|W|frz-11 | zukIn 5 | setIn 13 | zukHp 1127 | chosen 20,14 | walk ->20,14 | weapon Rune Crossbow | untilShot 4 | target TzKal-Zuk[zuk] | gate ok | overhead none | TzKal-Zuk@22,8 TAGGED
t65 | 20,14 | 24..28|W|frz-12 | zukIn 4 | setIn 12 | zukHp 1127 | chosen 20,14 | walk - | weapon Rune Crossbow | untilShot 3 | target TzKal-Zuk[zuk] | gate ok | overhead none | TzKal-Zuk@22,8 TAGGED
t66 | 20,14 | 23..27|W|frz-13 | zukIn 3 | setIn 11 | zukHp 1127 | chosen 20,14 | walk - | weapon Rune Crossbow | untilShot 2 | target TzKal-Zuk[zuk] | gate ok | overhead none | TzKal-Zuk@22,8 TAGGED
t67 | 20,14 | 22..26|W|frz-14 | zukIn 2 | setIn 10 | zukHp 1127 | chosen 20,14 | walk - | weapon Rune Crossbow | untilShot 1 | target TzKal-Zuk[zuk] | gate ok | overhead none | TzKal-Zuk@22,8 TAGGED
t68 | 20,14 | 21..25|W|frz-15 | zukIn 1 | setIn 9 | zukHp 1127 | chosen 20,14 | walk - | weapon Rune Crossbow | untilShot 5 | target TzKal-Zuk[zuk] | gate ok | overhead none | TzKal-Zuk@22,8 TAGGED
FIRED t68 | 20,14 | Rune Crossbow | TzKal-Zuk
t69 | 20,14 | 20..24|W|frz-16 | zukIn 10 | setIn 8 | zukHp 1127 | chosen 15,14 | walk ->15,14 | weapon Rune Crossbow | untilShot 4 | target -[-] | gate - | overhead none | TzKal-Zuk@22,8 TAGGED
t70 | 18,14 | 19..23|W|frz-17 | zukIn 9 | setIn 7 | zukHp 1127 | chosen 15,14 | walk ->15,14 | weapon Rune Crossbow | untilShot 3 | target TzKal-Zuk[zuk] | gate - | overhead none | TzKal-Zuk@22,8 TAGGED
t71 | 16,14 | 18..22|W|frz-18 | zukIn 8 | setIn 6 | zukHp 1127 | chosen 15,14 | walk ->15,14 | weapon Rune Crossbow | untilShot 2 | target TzKal-Zuk[zuk] | gate - | overhead none | TzKal-Zuk@22,8 TAGGED
t72 | 15,14 | 17..21|W|frz-19 | zukIn 7 | setIn 5 | zukHp 1127 | chosen 15,14 | walk - | weapon Rune Crossbow | untilShot 1 | target TzKal-Zuk[zuk] | gate ok | overhead none | TzKal-Zuk@22,8 TAGGED
t73 | 15,14 | 16..20|W|frz-20 | zukIn 6 | setIn 4 | zukHp 1127 | chosen 14,14 | walk ->14,14 | weapon Rune Crossbow | untilShot 5 | target -[-] | gate - | overhead none | TzKal-Zuk@22,8 TAGGED
FIRED t73 | 15,14 | Rune Crossbow | TzKal-Zuk
t74 | 14,14 | 15..19|W|frz-21 | zukIn 5 | setIn 3 | zukHp 1127 | chosen 14,14 | walk - | weapon Rune Crossbow | untilShot 4 | target TzKal-Zuk[zuk] | gate - | overhead none | TzKal-Zuk@22,8 TAGGED
t75 | 14,14 | 14..18|W|frz-22 | zukIn 4 | setIn 2 | zukHp 1127 | chosen 14,14 | walk - | weapon Rune Crossbow | untilShot 3 | target TzKal-Zuk[zuk] | gate - | overhead none | TzKal-Zuk@22,8 TAGGED
t76 | 14,14 | 13..17|W|frz-23 | zukIn 3 | setIn 1 | zukHp 1117 | chosen 14,14 | walk - | weapon Rune Crossbow | untilShot 2 | target TzKal-Zuk[zuk] | gate - | overhead none | TzKal-Zuk@22,8 TAGGED
t77 | 14,14 | 12..16|W|frz-24 | zukIn 2 | setIn 0 | zukHp 1117 | chosen 14,14 | walk - | weapon Rune Crossbow | untilShot 1 | target TzKal-Zuk[zuk] | gate - | overhead none | TzKal-Zuk@22,8 TAGGED; Zek@20,21 onShield; Xil@29,21 onShield
t78 | 14,14 | 11..15|W|frz-25 | zukIn 1 | setIn 349 | zukHp 1117 | chosen 14,14 | walk - | weapon Rune Crossbow | untilShot 1 | target Jal-Zek[untagged-tag] | gate ok | overhead none | Zek@20,21 onShield; Xil@29,21 onShield; TzKal-Zuk@22,8 TAGGED
t79 | 14,14 | 10..14|E|frz4 | zukIn 10 | setIn 348 | zukHp 1117 | chosen 20,14 | walk ->20,14 | weapon Rune Crossbow | untilShot 5 | target -[-] | gate - | overhead none | Zek@20,21 onShield; Xil@29,21 onShield; TzKal-Zuk@22,8 TAGGED
FIRED t79 | 14,14 | Rune Crossbow | Jal-Zek
t80 | 16,14 | 10..14|E|frz3 | zukIn 9 | setIn 347 | zukHp 1117 | chosen 20,14 | walk ->20,14 | weapon Rune Crossbow | untilShot 4 | target Jal-Zek[untagged-tag] | gate ok | overhead none | Zek@20,21 onShield; Xil@29,21 onShield; TzKal-Zuk@22,8 TAGGED
t81 | 18,14 | 10..14|E|frz2 | zukIn 8 | setIn 346 | zukHp 1117 | chosen 20,14 | walk ->20,14 | weapon Rune Crossbow | untilShot 3 | target Jal-Zek[untagged-tag] | gate ok | overhead none | Zek@20,21 onShield; Xil@29,21 onShield; TzKal-Zuk@22,8 TAGGED
t82 | 20,14 | 10..14|E|frz1 | zukIn 7 | setIn 345 | zukHp 1117 | chosen 22,14 | walk ->22,14 | weapon Rune Crossbow | untilShot 2 | target -[-] | gate - | overhead none | Zek@20,21 TAGGED; Xil@29,21 onShield; TzKal-Zuk@22,8 TAGGED
t83 | 22,14 | 10..14|E|frz0 | zukIn 6 | setIn 344 | zukHp 1117 | chosen 22,14 | walk - | weapon Rune Crossbow | untilShot 1 | target Jal-Xil[untagged-tag] | gate ok | overhead none | Zek@20,21 TAGGED; Xil@29,21 onShield; TzKal-Zuk@22,8 TAGGED
t84 | 22,14 | 11..15|E|frz-1 | zukIn 5 | setIn 343 | zukHp 1117 | chosen 20,14 | walk ->20,14 | weapon Rune Crossbow | untilShot 5 | target -[-] | gate - | overhead none | Zek@20,21 TAGGED; Xil@29,21 onShield; TzKal-Zuk@22,8 TAGGED
FIRED t84 | 22,14 | Rune Crossbow | Jal-Xil
t85 | 20,14 | 12..16|E|frz-2 | zukIn 4 | setIn 342 | zukHp 1117 | chosen 20,14 | walk - | weapon Rune Crossbow | untilShot 4 | target TzKal-Zuk[zuk] | gate - | overhead none | Zek@20,21 TAGGED; Xil@29,21 onShield; TzKal-Zuk@22,8 TAGGED
t86 | 20,14 | 13..17|E|frz-3 | zukIn 3 | setIn 341 | zukHp 1117 | chosen 20,14 | walk - | weapon Rune Crossbow | untilShot 3 | target TzKal-Zuk[zuk] | gate - | overhead none | Zek@20,21 TAGGED; Xil@29,21 onShield; TzKal-Zuk@22,8 TAGGED
t87 | 20,14 | 14..18|E|frz-4 | zukIn 2 | setIn 340 | zukHp 1117 | chosen 20,14 | walk - | weapon Rune Crossbow | untilShot 2 | target TzKal-Zuk[zuk] | gate ok | overhead none | Zek@20,21 TAGGED; Xil@29,21 TAGGED; TzKal-Zuk@22,8 TAGGED
t88 | 20,14 | 15..19|E|frz-5 | zukIn 1 | setIn 339 | zukHp 1117 | chosen 20,14 | walk - | weapon Rune Crossbow | untilShot 1 | target TzKal-Zuk[zuk] | gate ok | overhead Protect from Magic | Zek@20,21 TAGGED; Xil@29,21 TAGGED; TzKal-Zuk@22,8 TAGGED
t89 | 20,14 | 16..20|E|frz-6 | zukIn 10 | setIn 338 | zukHp 1117 | chosen 30,14 | walk ->30,14 | weapon Rune Crossbow | untilShot 5 | target -[-] | gate - | overhead none | Zek@20,21 TAGGED; Xil@29,21 TAGGED; TzKal-Zuk@22,8 TAGGED
FIRED t89 | 20,14 | Rune Crossbow | TzKal-Zuk
t90 | 22,14 | 17..21|E|frz-7 | zukIn 9 | setIn 337 | zukHp 1117 | chosen 30,14 | walk ->30,14 | weapon Rune Crossbow | untilShot 4 | target Jal-Xil[ranger-kill] | gate ok | overhead Protect from Range | Zek@20,21 TAGGED; Xil@29,21 TAGGED; TzKal-Zuk@22,8 TAGGED
t91 | 24,14 | 18..22|E|frz-8 | zukIn 8 | setIn 336 | zukHp 1117 | chosen 30,14 | walk ->30,14 | weapon Rune Crossbow | untilShot 3 | target Jal-Xil[ranger-kill] | gate ok | overhead none | Zek@20,21 TAGGED; Xil@29,21 TAGGED; TzKal-Zuk@22,8 TAGGED
t92 | 26,14 | 19..23|E|frz-9 | zukIn 7 | setIn 335 | zukHp 1117 | chosen 30,14 | walk ->30,14 | weapon Rune Crossbow | untilShot 2 | target Jal-Xil[ranger-kill] | gate ok | overhead Protect from Magic | Zek@20,21 TAGGED; Xil@29,21 TAGGED; TzKal-Zuk@22,8 TAGGED
t93 | 28,14 | 20..24|E|frz-10 | zukIn 6 | setIn 334 | zukHp 1117 | chosen 30,14 | walk ->30,14 | weapon Toxic Blowpipe | untilShot 1 | target Jal-Xil[ranger-kill] | gate ok | overhead none | Zek@20,21 TAGGED; Xil@29,21 TAGGED; TzKal-Zuk@22,8 TAGGED
t94 | 28,14 | 21..25|E|frz-11 | zukIn 5 | setIn 333 | zukHp 1117 | chosen 30,14 | walk ->30,14 | weapon Toxic Blowpipe | untilShot 2 | target -[-] | gate - | overhead Protect from Range | Zek@20,21 TAGGED; Xil@29,21 TAGGED; TzKal-Zuk@22,8 TAGGED
FIRED t94 | 28,14 | Toxic Blowpipe | Jal-Xil
t95 | 30,14 | 22..26|E|frz-12 | zukIn 4 | setIn 332 | zukHp 1117 | chosen 30,14 | walk - | weapon Toxic Blowpipe | untilShot 1 | target Jal-Xil[ranger-kill] | gate ok | overhead none | Zek@20,21 TAGGED; Xil@29,21 TAGGED; TzKal-Zuk@22,8 TAGGED
t96 | 30,14 | 23..27|E|frz-13 | zukIn 3 | setIn 331 | zukHp 1117 | chosen 30,14 | walk - | weapon Toxic Blowpipe | untilShot 2 | target Jal-Xil[ranger-kill] | gate ok | overhead Protect from Magic | Zek@20,21 TAGGED; Xil@29,21 TAGGED; TzKal-Zuk@22,8 TAGGED
FIRED t96 | 30,14 | Toxic Blowpipe | Jal-Xil
t97 | 30,14 | 24..28|E|frz-14 | zukIn 2 | setIn 330 | zukHp 1117 | chosen 30,14 | walk - | weapon Toxic Blowpipe | untilShot 1 | target Jal-Xil[ranger-kill] | gate ok | overhead none | Zek@20,21 TAGGED; Xil@29,21 TAGGED; TzKal-Zuk@22,8 TAGGED
t98 | 30,14 | 25..29|E|frz-15 | zukIn 1 | setIn 329 | zukHp 1117 | chosen 30,14 | walk - | weapon Toxic Blowpipe | untilShot 2 | target Jal-Xil[ranger-kill] | gate ok | overhead Protect from Range | Zek@20,21 TAGGED; Xil@29,21 TAGGED; TzKal-Zuk@22,8 TAGGED
FIRED t98 | 30,14 | Toxic Blowpipe | Jal-Xil
t99 | 30,14 | 26..30|E|frz-16 | zukIn 10 | setIn 328 | zukHp 1117 | chosen 36,14 | walk ->36,14 | weapon Toxic Blowpipe | untilShot 1 | target -[-] | gate - | overhead none | Zek@20,21 TAGGED; Xil@29,21 TAGGED; TzKal-Zuk@22,8 TAGGED
t100 | 32,14 | 27..31|E|frz-17 | zukIn 9 | setIn 327 | zukHp 1117 | chosen 36,14 | walk ->36,14 | weapon Toxic Blowpipe | untilShot 1 | target Jal-Xil[ranger-kill] | gate ok | overhead Protect from Magic | Zek@20,21 TAGGED; Xil@29,21 TAGGED; TzKal-Zuk@22,8 TAGGED
t101 | 32,14 | 28..32|E|frz-18 | zukIn 8 | setIn 326 | zukHp 1117 | chosen 36,14 | walk ->36,14 | weapon Toxic Blowpipe | untilShot 2 | target -[-] | gate - | overhead none | Zek@20,21 TAGGED; Xil@29,21 TAGGED; TzKal-Zuk@22,8 TAGGED
FIRED t101 | 32,14 | Toxic Blowpipe | Jal-Xil
t102 | 34,14 | 29..33|E|frz-19 | zukIn 7 | setIn 325 | zukHp 1117 | chosen 36,14 | walk ->36,14 | weapon Toxic Blowpipe | untilShot 1 | target Jal-Xil[ranger-kill] | gate ok | overhead Protect from Range | Zek@20,21 TAGGED; Xil@29,21 TAGGED; TzKal-Zuk@22,8 TAGGED
t103 | 34,14 | 30..34|E|frz-20 | zukIn 6 | setIn 324 | zukHp 1117 | chosen 36,14 | walk ->36,14 | weapon Toxic Blowpipe | untilShot 2 | target -[-] | gate - | overhead none | Zek@20,21 TAGGED; Xil@29,21 TAGGED; TzKal-Zuk@22,8 TAGGED
FIRED t103 | 34,14 | Toxic Blowpipe | Jal-Xil
t104 | 36,14 | 31..35|E|frz-21 | zukIn 5 | setIn 323 | zukHp 1117 | chosen 36,14 | walk - | weapon Toxic Blowpipe | untilShot 1 | target Jal-Xil[ranger-kill] | gate ok | overhead Protect from Magic | Zek@20,21 TAGGED; Xil@29,21 TAGGED; TzKal-Zuk@22,8 TAGGED
t105 | 36,14 | 32..36|E|frz-22 | zukIn 4 | setIn 322 | zukHp 1117 | chosen 36,14 | walk - | weapon Toxic Blowpipe | untilShot 2 | target Jal-Xil[ranger-kill] | gate ok | overhead none | Zek@20,21 TAGGED; Xil@29,21 TAGGED; TzKal-Zuk@22,8 TAGGED
FIRED t105 | 36,14 | Toxic Blowpipe | Jal-Xil
t106 | 36,14 | 33..37|E|frz-23 | zukIn 3 | setIn 321 | zukHp 1117 | chosen 36,14 | walk - | weapon Toxic Blowpipe | untilShot 1 | target Jal-Xil[ranger-kill] | gate ok | overhead Protect from Range | Zek@20,21 TAGGED; Xil@29,21 TAGGED; TzKal-Zuk@22,8 TAGGED
t107 | 36,14 | 34..38|E|frz-24 | zukIn 2 | setIn 320 | zukHp 1117 | chosen 36,14 | walk - | weapon Toxic Blowpipe | untilShot 2 | target Jal-Xil[ranger-kill] | gate ok | overhead none | Zek@20,21 TAGGED; Xil@29,21 TAGGED; TzKal-Zuk@22,8 TAGGED
FIRED t107 | 36,14 | Toxic Blowpipe | Jal-Xil
t108 | 36,14 | 35..39|E|frz-25 | zukIn 1 | setIn 319 | zukHp 1117 | chosen 36,14 | walk - | weapon Toxic Blowpipe | untilShot 1 | target Jal-Xil[ranger-kill] | gate ok | overhead Protect from Magic | Zek@20,21 TAGGED; Xil@29,21 TAGGED; TzKal-Zuk@22,8 TAGGED
t109 | 36,14 | 36..40|W|frz4 | zukIn 10 | setIn 318 | zukHp 1117 | chosen 30,14 | walk ->30,14 | weapon Toxic Blowpipe | untilShot 2 | target -[-] | gate - | overhead none | Zek@20,21 TAGGED; Xil@29,21 TAGGED; TzKal-Zuk@22,8 TAGGED
FIRED t109 | 36,14 | Toxic Blowpipe | Jal-Xil
t110 | 34,14 | 36..40|W|frz3 | zukIn 9 | setIn 317 | zukHp 1117 | chosen 30,14 | walk ->30,14 | weapon Toxic Blowpipe | untilShot 1 | target Jal-Xil[ranger-kill] | gate ok | overhead Protect from Range | Zek@20,21 TAGGED; Xil@29,21 TAGGED; TzKal-Zuk@22,8 TAGGED
t111 | 34,14 | 36..40|W|frz2 | zukIn 8 | setIn 316 | zukHp 1117 | chosen 30,14 | walk ->30,14 | weapon Toxic Blowpipe | untilShot 2 | target -[-] | gate - | overhead none | Zek@20,21 TAGGED; Xil@29,21 TAGGED; TzKal-Zuk@22,8 TAGGED
FIRED t111 | 34,14 | Toxic Blowpipe | Jal-Xil
t112 | 32,14 | 36..40|W|frz1 | zukIn 7 | setIn 315 | zukHp 1117 | chosen 30,14 | walk ->30,14 | weapon Toxic Blowpipe | untilShot 1 | target Jal-Xil[ranger-kill] | gate ok | overhead Protect from Magic | Zek@20,21 TAGGED; Xil@29,21 TAGGED; TzKal-Zuk@22,8 TAGGED
t113 | 32,14 | 36..40|W|frz0 | zukIn 6 | setIn 314 | zukHp 1117 | chosen 30,14 | walk ->30,14 | weapon Toxic Blowpipe | untilShot 2 | target -[-] | gate - | overhead none | Zek@20,21 TAGGED; Xil@29,21 TAGGED; TzKal-Zuk@22,8 TAGGED
FIRED t113 | 32,14 | Toxic Blowpipe | Jal-Xil
t114 | 30,14 | 35..39|W|frz-1 | zukIn 5 | setIn 313 | zukHp 1117 | chosen 30,14 | walk - | weapon Toxic Blowpipe | untilShot 1 | target Jal-Xil[ranger-kill] | gate ok | overhead Protect from Range | Zek@20,21 TAGGED; Xil@29,21 TAGGED; TzKal-Zuk@22,8 TAGGED
t115 | 30,14 | 34..38|W|frz-2 | zukIn 4 | setIn 312 | zukHp 1117 | chosen 30,14 | walk - | weapon Toxic Blowpipe | untilShot 2 | target Jal-Xil[ranger-kill] | gate ok | overhead none | Zek@20,21 TAGGED; Xil@29,21 TAGGED; TzKal-Zuk@22,8 TAGGED
FIRED t115 | 30,14 | Toxic Blowpipe | Jal-Xil
t116 | 30,14 | 33..37|W|frz-3 | zukIn 3 | setIn 311 | zukHp 1117 | chosen 30,14 | walk - | weapon Toxic Blowpipe | untilShot 1 | target Jal-Xil[ranger-kill] | gate ok | overhead Protect from Magic | Zek@20,21 TAGGED; Xil@29,21 TAGGED; TzKal-Zuk@22,8 TAGGED
t117 | 30,14 | 32..36|W|frz-4 | zukIn 2 | setIn 310 | zukHp 1117 | chosen 30,14 | walk - | weapon Toxic Blowpipe | untilShot 2 | target Jal-Xil[ranger-kill] | gate ok | overhead none | Zek@20,21 TAGGED; Xil@29,21 TAGGED; TzKal-Zuk@22,8 TAGGED
FIRED t117 | 30,14 | Toxic Blowpipe | Jal-Xil
t118 | 30,14 | 31..35|W|frz-5 | zukIn 1 | setIn 309 | zukHp 1117 | chosen 30,14 | walk - | weapon Toxic Blowpipe | untilShot 1 | target Jal-Xil[ranger-kill] | gate ok | overhead Protect from Range | Zek@20,21 TAGGED; Xil@29,21 TAGGED; TzKal-Zuk@22,8 TAGGED
t119 | 30,14 | 30..34|W|frz-6 | zukIn 10 | setIn 308 | zukHp 1117 | chosen 20,14 | walk ->20,14 | weapon Toxic Blowpipe | untilShot 1 | target -[-] | gate - | overhead none | Zek@20,21 TAGGED; TzKal-Zuk@22,8 TAGGED
t120 | 28,14 | 29..33|W|frz-7 | zukIn 9 | setIn 307 | zukHp 1117 | chosen 20,14 | walk ->20,14 | weapon Toxic Blowpipe | untilShot 1 | target TzKal-Zuk[zuk] | gate ok | overhead Protect from Magic | Zek@20,21 TAGGED; TzKal-Zuk@22,8 TAGGED
t121 | 26,14 | 28..32|W|frz-8 | zukIn 8 | setIn 306 | zukHp 1117 | chosen 20,14 | walk ->20,14 | weapon Rune Crossbow | untilShot 1 | target TzKal-Zuk[zuk] | gate ok | overhead none | Zek@20,21 TAGGED; TzKal-Zuk@22,8 TAGGED
t122 | 26,14 | 27..31|W|frz-9 | zukIn 7 | setIn 305 | zukHp 1117 | chosen 20,14 | walk ->20,14 | weapon Rune Crossbow | untilShot 5 | target -[-] | gate - | overhead none | Zek@20,21 TAGGED; TzKal-Zuk@22,8 TAGGED
FIRED t122 | 26,14 | Rune Crossbow | TzKal-Zuk
t123 | 24,14 | 26..30|W|frz-10 | zukIn 6 | setIn 304 | zukHp 1117 | chosen 20,14 | walk ->20,14 | weapon Rune Crossbow | untilShot 4 | target TzKal-Zuk[zuk] | gate ok | overhead none | Zek@20,21 TAGGED; TzKal-Zuk@22,8 TAGGED
t124 | 22,14 | 25..29|W|frz-11 | zukIn 5 | setIn 303 | zukHp 1117 | chosen 20,14 | walk ->20,14 | weapon Rune Crossbow | untilShot 3 | target TzKal-Zuk[zuk] | gate ok | overhead Protect from Magic | Zek@20,21 TAGGED; TzKal-Zuk@22,8 TAGGED
t125 | 20,14 | 24..28|W|frz-12 | zukIn 4 | setIn 302 | zukHp 1113 | chosen 20,14 | walk - | weapon Rune Crossbow | untilShot 2 | target TzKal-Zuk[zuk] | gate ok | overhead none | Zek@20,21 TAGGED; TzKal-Zuk@22,8 TAGGED
t126 | 20,14 | 23..27|W|frz-13 | zukIn 3 | setIn 301 | zukHp 1113 | chosen 20,14 | walk - | weapon Rune Crossbow | untilShot 1 | target TzKal-Zuk[zuk] | gate ok | overhead none | Zek@20,21 TAGGED; TzKal-Zuk@22,8 TAGGED
t127 | 20,14 | 22..26|W|frz-14 | zukIn 2 | setIn 300 | zukHp 1113 | chosen 20,14 | walk - | weapon Rune Crossbow | untilShot 5 | target TzKal-Zuk[zuk] | gate ok | overhead none | Zek@20,21 TAGGED; TzKal-Zuk@22,8 TAGGED
FIRED t127 | 20,14 | Rune Crossbow | TzKal-Zuk
t128 | 20,14 | 21..25|W|frz-15 | zukIn 1 | setIn 299 | zukHp 1113 | chosen 20,14 | walk - | weapon Rune Crossbow | untilShot 4 | target TzKal-Zuk[zuk] | gate ok | overhead Protect from Magic | Zek@20,21 TAGGED; TzKal-Zuk@22,8 TAGGED
t129 | 20,14 | 20..24|W|frz-16 | zukIn 10 | setIn 298 | zukHp 1113 | chosen 15,14 | walk ->15,14 | weapon Rune Crossbow | untilShot 3 | target -[-] | gate - | overhead none | Zek@20,21 TAGGED; TzKal-Zuk@22,8 TAGGED
t130 | 18,14 | 19..23|W|frz-17 | zukIn 9 | setIn 297 | zukHp 1113 | chosen 15,14 | walk ->15,14 | weapon Rune Crossbow | untilShot 2 | target TzKal-Zuk[zuk] | gate - | overhead none | Zek@20,21 TAGGED; TzKal-Zuk@22,8 TAGGED
t131 | 16,14 | 18..22|W|frz-18 | zukIn 8 | setIn 296 | zukHp 1113 | chosen 15,14 | walk ->15,14 | weapon Rune Crossbow | untilShot 1 | target TzKal-Zuk[zuk] | gate - | overhead none | Zek@20,21 TAGGED; TzKal-Zuk@22,8 TAGGED
t132 | 15,14 | 17..21|W|frz-19 | zukIn 7 | setIn 295 | zukHp 1113 | chosen 15,14 | walk - | weapon Rune Crossbow | untilShot 1 | target TzKal-Zuk[zuk] | gate ok | overhead Protect from Magic | Zek@20,21 TAGGED; TzKal-Zuk@22,8 TAGGED
t133 | 15,14 | 16..20|W|frz-20 | zukIn 6 | setIn 294 | zukHp 1113 | chosen 14,14 | walk ->14,14 | weapon Rune Crossbow | untilShot 5 | target -[-] | gate - | overhead none | Zek@20,21 TAGGED; TzKal-Zuk@22,8 TAGGED
FIRED t133 | 15,14 | Rune Crossbow | TzKal-Zuk
t134 | 14,14 | 15..19|W|frz-21 | zukIn 5 | setIn 293 | zukHp 1113 | chosen 14,14 | walk - | weapon Rune Crossbow | untilShot 4 | target TzKal-Zuk[zuk] | gate - | overhead none | Zek@20,21 TAGGED; TzKal-Zuk@22,8 TAGGED
t135 | 14,14 | 14..18|W|frz-22 | zukIn 4 | setIn 292 | zukHp 1113 | chosen 14,14 | walk - | weapon Rune Crossbow | untilShot 3 | target TzKal-Zuk[zuk] | gate - | overhead none | Zek@20,21 TAGGED; TzKal-Zuk@22,8 TAGGED
t136 | 14,14 | 13..17|W|frz-23 | zukIn 3 | setIn 291 | zukHp 1083 | chosen 14,14 | walk - | weapon Rune Crossbow | untilShot 2 | target TzKal-Zuk[zuk] | gate - | overhead Protect from Magic | Zek@20,21 TAGGED; TzKal-Zuk@22,8 TAGGED
t137 | 14,14 | 12..16|W|frz-24 | zukIn 2 | setIn 290 | zukHp 1083 | chosen 14,14 | walk - | weapon Rune Crossbow | untilShot 1 | target TzKal-Zuk[zuk] | gate - | overhead none | Zek@20,21 TAGGED; TzKal-Zuk@22,8 TAGGED
t138 | 14,14 | 11..15|W|frz-25 | zukIn 1 | setIn 289 | zukHp 1083 | chosen 14,14 | walk - | weapon Rune Crossbow | untilShot 1 | target TzKal-Zuk[zuk] | gate - | overhead none | Zek@20,21 TAGGED; TzKal-Zuk@22,8 TAGGED
t139 | 14,14 | 10..14|E|frz4 | zukIn 10 | setIn 288 | zukHp 1083 | chosen 20,14 | walk ->20,14 | weapon Rune Crossbow | untilShot 1 | target -[-] | gate - | overhead none | Zek@20,21 TAGGED; TzKal-Zuk@22,8 TAGGED
t140 | 16,14 | 10..14|E|frz3 | zukIn 9 | setIn 287 | zukHp 1083 | chosen 20,14 | walk ->20,14 | weapon Rune Crossbow | untilShot 1 | target TzKal-Zuk[zuk] | gate - | overhead Protect from Magic | Zek@20,21 TAGGED; TzKal-Zuk@22,8 TAGGED
t141 | 18,14 | 10..14|E|frz2 | zukIn 8 | setIn 286 | zukHp 1083 | chosen 20,14 | walk ->20,14 | weapon Rune Crossbow | untilShot 1 | target TzKal-Zuk[zuk] | gate - | overhead none | Zek@20,21 TAGGED; TzKal-Zuk@22,8 TAGGED
t142 | 20,14 | 10..14|E|frz1 | zukIn 7 | setIn 285 | zukHp 1083 | chosen 20,14 | walk - | weapon Rune Crossbow | untilShot 1 | target TzKal-Zuk[zuk] | gate ok | overhead none | Zek@20,21 TAGGED; TzKal-Zuk@22,8 TAGGED
t143 | 20,14 | 10..14|E|frz0 | zukIn 6 | setIn 284 | zukHp 1083 | chosen 20,14 | walk - | weapon Rune Crossbow | untilShot 5 | target TzKal-Zuk[zuk] | gate ok | overhead none | Zek@20,21 TAGGED; TzKal-Zuk@22,8 TAGGED
FIRED t143 | 20,14 | Rune Crossbow | TzKal-Zuk
t144 | 20,14 | 11..15|E|frz-1 | zukIn 5 | setIn 283 | zukHp 1083 | chosen 20,14 | walk - | weapon Rune Crossbow | untilShot 4 | target TzKal-Zuk[zuk] | gate ok | overhead Protect from Magic | Zek@20,21 TAGGED; TzKal-Zuk@22,8 TAGGED
t145 | 20,14 | 12..16|E|frz-2 | zukIn 4 | setIn 282 | zukHp 1083 | chosen 20,14 | walk - | weapon Rune Crossbow | untilShot 3 | target TzKal-Zuk[zuk] | gate ok | overhead none | Zek@20,21 TAGGED; TzKal-Zuk@22,8 TAGGED
t146 | 20,14 | 13..17|E|frz-3 | zukIn 3 | setIn 281 | zukHp 1083 | chosen 20,14 | walk - | weapon Rune Crossbow | untilShot 2 | target TzKal-Zuk[zuk] | gate ok | overhead none | Zek@20,21 TAGGED; TzKal-Zuk@22,8 TAGGED
t147 | 20,14 | 14..18|E|frz-4 | zukIn 2 | setIn 280 | zukHp 1083 | chosen 20,14 | walk - | weapon Rune Crossbow | untilShot 1 | target TzKal-Zuk[zuk] | gate ok | overhead none | Zek@20,21 TAGGED; TzKal-Zuk@22,8 TAGGED
t148 | 20,14 | 15..19|E|frz-5 | zukIn 1 | setIn 279 | zukHp 1083 | chosen 20,14 | walk - | weapon Rune Crossbow | untilShot 5 | target TzKal-Zuk[zuk] | gate ok | overhead Protect from Magic | Zek@20,21 TAGGED; TzKal-Zuk@22,8 TAGGED
FIRED t148 | 20,14 | Rune Crossbow | TzKal-Zuk
t149 | 20,14 | 16..20|E|frz-6 | zukIn 10 | setIn 278 | zukHp 1083 | chosen 30,14 | walk ->30,14 | weapon Rune Crossbow | untilShot 4 | target -[-] | gate - | overhead none | Zek@20,21 TAGGED; TzKal-Zuk@22,8 TAGGED
t150 | 22,14 | 17..21|E|frz-7 | zukIn 9 | setIn 277 | zukHp 1083 | chosen 30,14 | walk ->30,14 | weapon Rune Crossbow | untilShot 3 | target TzKal-Zuk[zuk] | gate ok | overhead none | Zek@20,21 TAGGED; TzKal-Zuk@22,8 TAGGED
t151 | 24,14 | 18..22|E|frz-8 | zukIn 8 | setIn 276 | zukHp 1066 | chosen 30,14 | walk ->30,14 | weapon Rune Crossbow | untilShot 2 | target TzKal-Zuk[zuk] | gate ok | overhead none | Zek@20,21 TAGGED; TzKal-Zuk@22,8 TAGGED
t152 | 26,14 | 19..23|E|frz-9 | zukIn 7 | setIn 275 | zukHp 1066 | chosen 30,14 | walk ->30,14 | weapon Rune Crossbow | untilShot 1 | target TzKal-Zuk[zuk] | gate ok | overhead Protect from Magic | Zek@20,21 TAGGED; TzKal-Zuk@22,8 TAGGED
t153 | 26,14 | 20..24|E|frz-10 | zukIn 6 | setIn 274 | zukHp 1066 | chosen 30,14 | walk ->30,14 | weapon Rune Crossbow | untilShot 5 | target -[-] | gate - | overhead none | Zek@20,21 TAGGED; TzKal-Zuk@22,8 TAGGED
FIRED t153 | 26,14 | Rune Crossbow | TzKal-Zuk
t154 | 28,14 | 21..25|E|frz-11 | zukIn 5 | setIn 273 | zukHp 1066 | chosen 30,14 | walk ->30,14 | weapon Rune Crossbow | untilShot 4 | target TzKal-Zuk[zuk] | gate ok | overhead none | Zek@20,21 TAGGED; TzKal-Zuk@22,8 TAGGED
t155 | 30,14 | 22..26|E|frz-12 | zukIn 4 | setIn 272 | zukHp 1066 | chosen 30,14 | walk - | weapon Rune Crossbow | untilShot 3 | target TzKal-Zuk[zuk] | gate ok | overhead none | Zek@20,21 TAGGED; TzKal-Zuk@22,8 TAGGED
t156 | 30,14 | 23..27|E|frz-13 | zukIn 3 | setIn 271 | zukHp 1056 | chosen 30,14 | walk - | weapon Rune Crossbow | untilShot 2 | target TzKal-Zuk[zuk] | gate ok | overhead Protect from Magic | Zek@20,21 TAGGED; TzKal-Zuk@22,8 TAGGED
t157 | 30,14 | 24..28|E|frz-14 | zukIn 2 | setIn 270 | zukHp 1056 | chosen 30,14 | walk - | weapon Rune Crossbow | untilShot 1 | target TzKal-Zuk[zuk] | gate ok | overhead none | Zek@20,21 TAGGED; TzKal-Zuk@22,8 TAGGED
t158 | 30,14 | 25..29|E|frz-15 | zukIn 1 | setIn 269 | zukHp 1056 | chosen 30,14 | walk - | weapon Rune Crossbow | untilShot 5 | target TzKal-Zuk[zuk] | gate ok | overhead none | Zek@20,21 TAGGED; TzKal-Zuk@22,8 TAGGED
FIRED t158 | 30,14 | Rune Crossbow | TzKal-Zuk
t159 | 30,14 | 26..30|E|frz-16 | zukIn 10 | setIn 268 | zukHp 1056 | chosen 35,14 | walk ->35,14 | weapon Rune Crossbow | untilShot 4 | target -[-] | gate - | overhead none | Zek@20,21 TAGGED; TzKal-Zuk@22,8 TAGGED
t160 | 32,14 | 27..31|E|frz-17 | zukIn 9 | setIn 267 | zukHp 1056 | chosen 35,14 | walk ->35,14 | weapon Rune Crossbow | untilShot 3 | target TzKal-Zuk[zuk] | gate - | overhead Protect from Magic | Zek@20,21 TAGGED; TzKal-Zuk@22,8 TAGGED
t161 | 34,14 | 28..32|E|frz-18 | zukIn 8 | setIn 266 | zukHp 1056 | chosen 35,14 | walk ->35,14 | weapon Rune Crossbow | untilShot 2 | target TzKal-Zuk[zuk] | gate - | overhead none | Zek@20,21 TAGGED; TzKal-Zuk@22,8 TAGGED
t162 | 35,14 | 29..33|E|frz-19 | zukIn 7 | setIn 265 | zukHp 1056 | chosen 35,14 | walk - | weapon Rune Crossbow | untilShot 1 | target TzKal-Zuk[zuk] | gate ok | overhead none | Zek@20,21 TAGGED; TzKal-Zuk@22,8 TAGGED
t163 | 35,14 | 30..34|E|frz-20 | zukIn 6 | setIn 264 | zukHp 1056 | chosen 36,14 | walk ->36,14 | weapon Rune Crossbow | untilShot 5 | target -[-] | gate - | overhead none | Zek@20,21 TAGGED; TzKal-Zuk@22,8 TAGGED
FIRED t163 | 35,14 | Rune Crossbow | TzKal-Zuk
t164 | 36,14 | 31..35|E|frz-21 | zukIn 5 | setIn 263 | zukHp 1056 | chosen 36,14 | walk - | weapon Rune Crossbow | untilShot 4 | target TzKal-Zuk[zuk] | gate - | overhead Protect from Magic | Zek@20,21 TAGGED; TzKal-Zuk@22,8 TAGGED
t165 | 36,14 | 32..36|E|frz-22 | zukIn 4 | setIn 262 | zukHp 1056 | chosen 36,14 | walk - | weapon Rune Crossbow | untilShot 3 | target TzKal-Zuk[zuk] | gate - | overhead none | Zek@20,21 TAGGED; TzKal-Zuk@22,8 TAGGED
t166 | 36,14 | 33..37|E|frz-23 | zukIn 3 | setIn 261 | zukHp 1056 | chosen 36,14 | walk - | weapon Rune Crossbow | untilShot 2 | target TzKal-Zuk[zuk] | gate - | overhead none | Zek@20,21 TAGGED; TzKal-Zuk@22,8 TAGGED
t167 | 36,14 | 34..38|E|frz-24 | zukIn 2 | setIn 260 | zukHp 1056 | chosen 36,14 | walk - | weapon Rune Crossbow | untilShot 1 | target TzKal-Zuk[zuk] | gate - | overhead none | Zek@20,21 TAGGED; TzKal-Zuk@22,8 TAGGED
t168 | 36,14 | 35..39|E|frz-25 | zukIn 1 | setIn 259 | zukHp 1056 | chosen 36,14 | walk - | weapon Rune Crossbow | untilShot 1 | target TzKal-Zuk[zuk] | gate - | overhead Protect from Magic | Zek@20,21 TAGGED; TzKal-Zuk@22,8 TAGGED
t169 | 36,14 | 36..40|W|frz4 | zukIn 10 | setIn 258 | zukHp 1056 | chosen 30,14 | walk ->30,14 | weapon Rune Crossbow | untilShot 1 | target -[-] | gate - | overhead none | Zek@20,21 TAGGED; TzKal-Zuk@22,8 TAGGED
t170 | 34,14 | 36..40|W|frz3 | zukIn 9 | setIn 257 | zukHp 1056 | chosen 30,14 | walk ->30,14 | weapon Rune Crossbow | untilShot 1 | target TzKal-Zuk[zuk] | gate - | overhead none | Zek@20,21 TAGGED; TzKal-Zuk@22,8 TAGGED
t171 | 32,14 | 36..40|W|frz2 | zukIn 8 | setIn 256 | zukHp 1056 | chosen 30,14 | walk ->30,14 | weapon Rune Crossbow | untilShot 1 | target TzKal-Zuk[zuk] | gate - | overhead none | Zek@20,21 TAGGED; TzKal-Zuk@22,8 TAGGED
t172 | 30,14 | 36..40|W|frz1 | zukIn 7 | setIn 255 | zukHp 1056 | chosen 30,14 | walk - | weapon Rune Crossbow | untilShot 1 | target TzKal-Zuk[zuk] | gate ok | overhead Protect from Magic | Zek@20,21 TAGGED; TzKal-Zuk@22,8 TAGGED
t173 | 30,14 | 36..40|W|frz0 | zukIn 6 | setIn 254 | zukHp 1056 | chosen 30,14 | walk - | weapon Rune Crossbow | untilShot 5 | target TzKal-Zuk[zuk] | gate ok | overhead none | Zek@20,21 TAGGED; TzKal-Zuk@22,8 TAGGED
FIRED t173 | 30,14 | Rune Crossbow | TzKal-Zuk
t174 | 30,14 | 35..39|W|frz-1 | zukIn 5 | setIn 253 | zukHp 1056 | chosen 30,14 | walk - | weapon Rune Crossbow | untilShot 4 | target TzKal-Zuk[zuk] | gate ok | overhead none | Zek@20,21 TAGGED; TzKal-Zuk@22,8 TAGGED
t175 | 30,14 | 34..38|W|frz-2 | zukIn 4 | setIn 252 | zukHp 1056 | chosen 30,14 | walk - | weapon Rune Crossbow | untilShot 3 | target TzKal-Zuk[zuk] | gate ok | overhead none | Zek@20,21 TAGGED; TzKal-Zuk@22,8 TAGGED
t176 | 30,14 | 33..37|W|frz-3 | zukIn 3 | setIn 251 | zukHp 1053 | chosen 30,14 | walk - | weapon Rune Crossbow | untilShot 2 | target TzKal-Zuk[zuk] | gate ok | overhead Protect from Magic | Zek@20,21 TAGGED; TzKal-Zuk@22,8 TAGGED
t177 | 30,14 | 32..36|W|frz-4 | zukIn 2 | setIn 250 | zukHp 1053 | chosen 30,14 | walk - | weapon Rune Crossbow | untilShot 1 | target TzKal-Zuk[zuk] | gate ok | overhead none | Zek@20,21 TAGGED; TzKal-Zuk@22,8 TAGGED
t178 | 30,14 | 31..35|W|frz-5 | zukIn 1 | setIn 249 | zukHp 1053 | chosen 30,14 | walk - | weapon Rune Crossbow | untilShot 5 | target TzKal-Zuk[zuk] | gate ok | overhead none | Zek@20,21 TAGGED; TzKal-Zuk@22,8 TAGGED
FIRED t178 | 30,14 | Rune Crossbow | TzKal-Zuk
t179 | 30,14 | 30..34|W|frz-6 | zukIn 10 | setIn 248 | zukHp 1053 | chosen 20,14 | walk ->20,14 | weapon Rune Crossbow | untilShot 4 | target -[-] | gate - | overhead none | Zek@20,21 TAGGED; TzKal-Zuk@22,8 TAGGED
t180 | 28,14 | 29..33|W|frz-7 | zukIn 9 | setIn 247 | zukHp 1053 | chosen 20,14 | walk ->20,14 | weapon Rune Crossbow | untilShot 3 | target TzKal-Zuk[zuk] | gate ok | overhead Protect from Magic | Zek@20,21 TAGGED; TzKal-Zuk@22,8 TAGGED
t181 | 26,14 | 28..32|W|frz-8 | zukIn 8 | setIn 246 | zukHp 1053 | chosen 20,14 | walk ->20,14 | weapon Rune Crossbow | untilShot 2 | target TzKal-Zuk[zuk] | gate ok | overhead none | Zek@20,21 TAGGED; TzKal-Zuk@22,8 TAGGED
t182 | 24,14 | 27..31|W|frz-9 | zukIn 7 | setIn 245 | zukHp 1053 | chosen 20,14 | walk ->20,14 | weapon Rune Crossbow | untilShot 1 | target TzKal-Zuk[zuk] | gate ok | overhead none | Zek@20,21 TAGGED; TzKal-Zuk@22,8 TAGGED
t183 | 24,14 | 26..30|W|frz-10 | zukIn 6 | setIn 244 | zukHp 1053 | chosen 20,14 | walk ->20,14 | weapon Rune Crossbow | untilShot 5 | target -[-] | gate - | overhead none | Zek@20,21 TAGGED; TzKal-Zuk@22,8 TAGGED
FIRED t183 | 24,14 | Rune Crossbow | TzKal-Zuk
t184 | 22,14 | 25..29|W|frz-11 | zukIn 5 | setIn 243 | zukHp 1053 | chosen 20,14 | walk ->20,14 | weapon Rune Crossbow | untilShot 4 | target TzKal-Zuk[zuk] | gate ok | overhead Protect from Magic | Zek@20,21 TAGGED; TzKal-Zuk@22,8 TAGGED
t185 | 20,14 | 24..28|W|frz-12 | zukIn 4 | setIn 242 | zukHp 1053 | chosen 20,14 | walk - | weapon Rune Crossbow | untilShot 3 | target TzKal-Zuk[zuk] | gate ok | overhead none | Zek@20,21 TAGGED; TzKal-Zuk@22,8 TAGGED
t186 | 20,14 | 23..27|W|frz-13 | zukIn 3 | setIn 241 | zukHp 1025 | chosen 20,14 | walk - | weapon Rune Crossbow | untilShot 2 | target TzKal-Zuk[zuk] | gate ok | overhead none | Zek@20,21 TAGGED; TzKal-Zuk@22,8 TAGGED
t187 | 20,14 | 22..26|W|frz-14 | zukIn 2 | setIn 240 | zukHp 1025 | chosen 20,14 | walk - | weapon Rune Crossbow | untilShot 1 | target TzKal-Zuk[zuk] | gate ok | overhead none | Zek@20,21 TAGGED; TzKal-Zuk@22,8 TAGGED
t188 | 20,14 | 21..25|W|frz-15 | zukIn 1 | setIn 239 | zukHp 1025 | chosen 20,14 | walk - | weapon Rune Crossbow | untilShot 5 | target TzKal-Zuk[zuk] | gate ok | overhead Protect from Magic | Zek@20,21 TAGGED; TzKal-Zuk@22,8 TAGGED
FIRED t188 | 20,14 | Rune Crossbow | TzKal-Zuk
t189 | 20,14 | 20..24|W|frz-16 | zukIn 10 | setIn 238 | zukHp 1025 | chosen 15,14 | walk ->15,14 | weapon Rune Crossbow | untilShot 4 | target -[-] | gate - | overhead none | Zek@20,21 TAGGED; TzKal-Zuk@22,8 TAGGED
t190 | 18,14 | 19..23|W|frz-17 | zukIn 9 | setIn 237 | zukHp 1025 | chosen 15,14 | walk ->15,14 | weapon Rune Crossbow | untilShot 3 | target TzKal-Zuk[zuk] | gate - | overhead none | Zek@20,21 TAGGED; TzKal-Zuk@22,8 TAGGED
t191 | 16,14 | 18..22|W|frz-18 | zukIn 8 | setIn 236 | zukHp 994 | chosen 15,14 | walk ->15,14 | weapon Rune Crossbow | untilShot 2 | target TzKal-Zuk[zuk] | gate - | overhead none | Zek@20,21 TAGGED; TzKal-Zuk@22,8 TAGGED
t192 | 15,14 | 17..21|W|frz-19 | zukIn 7 | setIn 235 | zukHp 994 | chosen 15,14 | walk - | weapon Rune Crossbow | untilShot 1 | target TzKal-Zuk[zuk] | gate ok | overhead Protect from Magic | Zek@20,21 TAGGED; TzKal-Zuk@22,8 TAGGED
t193 | 15,14 | 16..20|W|frz-20 | zukIn 6 | setIn 234 | zukHp 994 | chosen 14,14 | walk ->14,14 | weapon Rune Crossbow | untilShot 5 | target -[-] | gate - | overhead none | Zek@20,21 TAGGED; TzKal-Zuk@22,8 TAGGED
FIRED t193 | 15,14 | Rune Crossbow | TzKal-Zuk
t194 | 14,14 | 15..19|W|frz-21 | zukIn 5 | setIn 233 | zukHp 994 | chosen 14,14 | walk - | weapon Rune Crossbow | untilShot 4 | target TzKal-Zuk[zuk] | gate - | overhead none | Zek@20,21 TAGGED; TzKal-Zuk@22,8 TAGGED
t195 | 14,14 | 14..18|W|frz-22 | zukIn 4 | setIn 232 | zukHp 994 | chosen 14,14 | walk - | weapon Rune Crossbow | untilShot 3 | target TzKal-Zuk[zuk] | gate - | overhead none | Zek@20,21 TAGGED; TzKal-Zuk@22,8 TAGGED
t196 | 14,14 | 13..17|W|frz-23 | zukIn 3 | setIn 231 | zukHp 973 | chosen 14,14 | walk - | weapon Rune Crossbow | untilShot 2 | target TzKal-Zuk[zuk] | gate - | overhead Protect from Magic | Zek@20,21 TAGGED; TzKal-Zuk@22,8 TAGGED
t197 | 14,14 | 12..16|W|frz-24 | zukIn 2 | setIn 230 | zukHp 973 | chosen 14,14 | walk - | weapon Rune Crossbow | untilShot 1 | target TzKal-Zuk[zuk] | gate - | overhead none | Zek@20,21 TAGGED; TzKal-Zuk@22,8 TAGGED
t198 | 14,14 | 11..15|W|frz-25 | zukIn 1 | setIn 229 | zukHp 973 | chosen 14,14 | walk - | weapon Rune Crossbow | untilShot 1 | target TzKal-Zuk[zuk] | gate - | overhead none | Zek@20,21 TAGGED; TzKal-Zuk@22,8 TAGGED
t199 | 14,14 | 10..14|E|frz4 | zukIn 10 | setIn 228 | zukHp 973 | chosen 20,14 | walk ->20,14 | weapon Rune Crossbow | untilShot 1 | target -[-] | gate - | overhead none | Zek@20,21 TAGGED; TzKal-Zuk@22,8 TAGGED
t200 | 16,14 | 10..14|E|frz3 | zukIn 9 | setIn 227 | zukHp 973 | chosen 20,14 | walk ->20,14 | weapon Rune Crossbow | untilShot 1 | target TzKal-Zuk[zuk] | gate - | overhead Protect from Magic | Zek@20,21 TAGGED; TzKal-Zuk@22,8 TAGGED
t201 | 18,14 | 10..14|E|frz2 | zukIn 8 | setIn 226 | zukHp 973 | chosen 20,14 | walk ->20,14 | weapon Rune Crossbow | untilShot 1 | target TzKal-Zuk[zuk] | gate - | overhead none | Zek@20,21 TAGGED; TzKal-Zuk@22,8 TAGGED
t202 | 20,14 | 10..14|E|frz1 | zukIn 7 | setIn 225 | zukHp 973 | chosen 20,14 | walk - | weapon Rune Crossbow | untilShot 1 | target TzKal-Zuk[zuk] | gate ok | overhead none | Zek@20,21 TAGGED; TzKal-Zuk@22,8 TAGGED
t203 | 20,14 | 10..14|E|frz0 | zukIn 6 | setIn 224 | zukHp 973 | chosen 20,14 | walk - | weapon Rune Crossbow | untilShot 5 | target TzKal-Zuk[zuk] | gate ok | overhead none | Zek@20,21 TAGGED; TzKal-Zuk@22,8 TAGGED
FIRED t203 | 20,14 | Rune Crossbow | TzKal-Zuk
t204 | 20,14 | 11..15|E|frz-1 | zukIn 5 | setIn 223 | zukHp 973 | chosen 20,14 | walk - | weapon Rune Crossbow | untilShot 4 | target TzKal-Zuk[zuk] | gate ok | overhead Protect from Magic | Zek@20,21 TAGGED; TzKal-Zuk@22,8 TAGGED
t205 | 20,14 | 12..16|E|frz-2 | zukIn 4 | setIn 222 | zukHp 973 | chosen 20,14 | walk - | weapon Rune Crossbow | untilShot 3 | target TzKal-Zuk[zuk] | gate ok | overhead none | Zek@20,21 TAGGED; TzKal-Zuk@22,8 TAGGED
t206 | 20,14 | 13..17|E|frz-3 | zukIn 3 | setIn 221 | zukHp 973 | chosen 20,14 | walk - | weapon Rune Crossbow | untilShot 2 | target TzKal-Zuk[zuk] | gate ok | overhead none | Zek@20,21 TAGGED; TzKal-Zuk@22,8 TAGGED
t207 | 20,14 | 14..18|E|frz-4 | zukIn 2 | setIn 220 | zukHp 973 | chosen 20,14 | walk - | weapon Rune Crossbow | untilShot 1 | target TzKal-Zuk[zuk] | gate ok | overhead none | Zek@20,21 TAGGED; TzKal-Zuk@22,8 TAGGED
t208 | 20,14 | 15..19|E|frz-5 | zukIn 1 | setIn 219 | zukHp 973 | chosen 20,14 | walk - | weapon Rune Crossbow | untilShot 5 | target TzKal-Zuk[zuk] | gate ok | overhead Protect from Magic | Zek@20,21 TAGGED; TzKal-Zuk@22,8 TAGGED
FIRED t208 | 20,14 | Rune Crossbow | TzKal-Zuk
t209 | 20,14 | 16..20|E|frz-6 | zukIn 10 | setIn 218 | zukHp 973 | chosen 30,14 | walk ->30,14 | weapon Rune Crossbow | untilShot 4 | target -[-] | gate - | overhead none | Zek@20,21 TAGGED; TzKal-Zuk@22,8 TAGGED
t210 | 22,14 | 17..21|E|frz-7 | zukIn 9 | setIn 217 | zukHp 973 | chosen 30,14 | walk ->30,14 | weapon Rune Crossbow | untilShot 3 | target TzKal-Zuk[zuk] | gate ok | overhead none | Zek@20,21 TAGGED; TzKal-Zuk@22,8 TAGGED
t211 | 24,14 | 18..22|E|frz-8 | zukIn 8 | setIn 216 | zukHp 973 | chosen 30,14 | walk ->30,14 | weapon Rune Crossbow | untilShot 2 | target TzKal-Zuk[zuk] | gate ok | overhead none | Zek@20,21 TAGGED; TzKal-Zuk@22,8 TAGGED
t212 | 26,14 | 19..23|E|frz-9 | zukIn 7 | setIn 215 | zukHp 973 | chosen 30,14 | walk ->30,14 | weapon Rune Crossbow | untilShot 1 | target TzKal-Zuk[zuk] | gate ok | overhead Protect from Magic | Zek@20,21 TAGGED; TzKal-Zuk@22,8 TAGGED
t213 | 26,14 | 20..24|E|frz-10 | zukIn 6 | setIn 214 | zukHp 973 | chosen 30,14 | walk ->30,14 | weapon Rune Crossbow | untilShot 5 | target -[-] | gate - | overhead none | Zek@20,21 TAGGED; TzKal-Zuk@22,8 TAGGED
FIRED t213 | 26,14 | Rune Crossbow | TzKal-Zuk
t214 | 28,14 | 21..25|E|frz-11 | zukIn 5 | setIn 213 | zukHp 973 | chosen 30,14 | walk ->30,14 | weapon Rune Crossbow | untilShot 4 | target TzKal-Zuk[zuk] | gate ok | overhead none | Zek@20,21 TAGGED; TzKal-Zuk@22,8 TAGGED
t215 | 30,14 | 22..26|E|frz-12 | zukIn 4 | setIn 212 | zukHp 973 | chosen 30,14 | walk - | weapon Rune Crossbow | untilShot 3 | target TzKal-Zuk[zuk] | gate ok | overhead none | Zek@20,21 TAGGED; TzKal-Zuk@22,8 TAGGED
t216 | 30,14 | 23..27|E|frz-13 | zukIn 3 | setIn 211 | zukHp 957 | chosen 30,14 | walk - | weapon Rune Crossbow | untilShot 2 | target TzKal-Zuk[zuk] | gate ok | overhead Protect from Magic | Zek@20,21 TAGGED; TzKal-Zuk@22,8 TAGGED
t217 | 30,14 | 24..28|E|frz-14 | zukIn 2 | setIn 210 | zukHp 957 | chosen 30,14 | walk - | weapon Rune Crossbow | untilShot 1 | target TzKal-Zuk[zuk] | gate ok | overhead none | Zek@20,21 TAGGED; TzKal-Zuk@22,8 TAGGED
t218 | 30,14 | 25..29|E|frz-15 | zukIn 1 | setIn 209 | zukHp 957 | chosen 30,14 | walk - | weapon Rune Crossbow | untilShot 5 | target TzKal-Zuk[zuk] | gate ok | overhead none | Zek@20,21 TAGGED; TzKal-Zuk@22,8 TAGGED
FIRED t218 | 30,14 | Rune Crossbow | TzKal-Zuk
t219 | 30,14 | 26..30|E|frz-16 | zukIn 10 | setIn 208 | zukHp 957 | chosen 35,14 | walk ->35,14 | weapon Rune Crossbow | untilShot 4 | target -[-] | gate - | overhead none | Zek@20,21 TAGGED; TzKal-Zuk@22,8 TAGGED
t220 | 32,14 | 27..31|E|frz-17 | zukIn 9 | setIn 207 | zukHp 957 | chosen 35,14 | walk ->35,14 | weapon Rune Crossbow | untilShot 3 | target TzKal-Zuk[zuk] | gate - | overhead Protect from Magic | Zek@20,21 TAGGED; TzKal-Zuk@22,8 TAGGED
t221 | 34,14 | 28..32|E|frz-18 | zukIn 8 | setIn 206 | zukHp 957 | chosen 35,14 | walk ->35,14 | weapon Rune Crossbow | untilShot 2 | target TzKal-Zuk[zuk] | gate - | overhead none | Zek@20,21 TAGGED; TzKal-Zuk@22,8 TAGGED
t222 | 35,14 | 29..33|E|frz-19 | zukIn 7 | setIn 205 | zukHp 957 | chosen 35,14 | walk - | weapon Rune Crossbow | untilShot 1 | target TzKal-Zuk[zuk] | gate ok | overhead none | Zek@20,21 TAGGED; TzKal-Zuk@22,8 TAGGED
t223 | 35,14 | 30..34|E|frz-20 | zukIn 6 | setIn 204 | zukHp 957 | chosen 36,14 | walk ->36,14 | weapon Rune Crossbow | untilShot 5 | target -[-] | gate - | overhead none | Zek@20,21 TAGGED; TzKal-Zuk@22,8 TAGGED
FIRED t223 | 35,14 | Rune Crossbow | TzKal-Zuk
t224 | 36,14 | 31..35|E|frz-21 | zukIn 5 | setIn 203 | zukHp 957 | chosen 36,14 | walk - | weapon Rune Crossbow | untilShot 4 | target TzKal-Zuk[zuk] | gate - | overhead Protect from Magic | Zek@20,21 TAGGED; TzKal-Zuk@22,8 TAGGED
t225 | 36,14 | 32..36|E|frz-22 | zukIn 4 | setIn 202 | zukHp 957 | chosen 36,14 | walk - | weapon Rune Crossbow | untilShot 3 | target TzKal-Zuk[zuk] | gate - | overhead none | Zek@20,21 TAGGED; TzKal-Zuk@22,8 TAGGED
t226 | 36,14 | 33..37|E|frz-23 | zukIn 3 | setIn 201 | zukHp 951 | chosen 36,14 | walk - | weapon Rune Crossbow | untilShot 2 | target TzKal-Zuk[zuk] | gate - | overhead none | Zek@20,21 TAGGED; TzKal-Zuk@22,8 TAGGED
t227 | 36,14 | 34..38|E|frz-24 | zukIn 2 | setIn 200 | zukHp 951 | chosen 36,14 | walk - | weapon Rune Crossbow | untilShot 1 | target TzKal-Zuk[zuk] | gate - | overhead none | Zek@20,21 TAGGED; TzKal-Zuk@22,8 TAGGED
t228 | 36,14 | 35..39|E|frz-25 | zukIn 1 | setIn 199 | zukHp 951 | chosen 36,14 | walk - | weapon Rune Crossbow | untilShot 1 | target TzKal-Zuk[zuk] | gate - | overhead Protect from Magic | Zek@20,21 TAGGED; TzKal-Zuk@22,8 TAGGED
t229 | 36,14 | 36..40|W|frz4 | zukIn 10 | setIn 198 | zukHp 951 | chosen 30,14 | walk ->30,14 | weapon Rune Crossbow | untilShot 1 | target -[-] | gate - | overhead none | Zek@20,21 TAGGED; TzKal-Zuk@22,8 TAGGED
t230 | 34,14 | 36..40|W|frz3 | zukIn 9 | setIn 197 | zukHp 951 | chosen 30,14 | walk ->30,14 | weapon Rune Crossbow | untilShot 1 | target TzKal-Zuk[zuk] | gate - | overhead none | Zek@20,21 TAGGED; TzKal-Zuk@22,8 TAGGED
t231 | 32,14 | 36..40|W|frz2 | zukIn 8 | setIn 196 | zukHp 951 | chosen 30,14 | walk ->30,14 | weapon Rune Crossbow | untilShot 1 | target TzKal-Zuk[zuk] | gate - | overhead none | Zek@20,21 TAGGED; TzKal-Zuk@22,8 TAGGED
t232 | 30,14 | 36..40|W|frz1 | zukIn 7 | setIn 195 | zukHp 951 | chosen 30,14 | walk - | weapon Rune Crossbow | untilShot 1 | target TzKal-Zuk[zuk] | gate ok | overhead Protect from Magic | Zek@20,21 TAGGED; TzKal-Zuk@22,8 TAGGED
t233 | 30,14 | 36..40|W|frz0 | zukIn 6 | setIn 194 | zukHp 951 | chosen 30,14 | walk - | weapon Rune Crossbow | untilShot 5 | target TzKal-Zuk[zuk] | gate ok | overhead none | Zek@20,21 TAGGED; TzKal-Zuk@22,8 TAGGED
FIRED t233 | 30,14 | Rune Crossbow | TzKal-Zuk
t234 | 30,14 | 35..39|W|frz-1 | zukIn 5 | setIn 193 | zukHp 951 | chosen 30,14 | walk - | weapon Rune Crossbow | untilShot 4 | target TzKal-Zuk[zuk] | gate ok | overhead none | Zek@20,21 TAGGED; TzKal-Zuk@22,8 TAGGED
t235 | 30,14 | 34..38|W|frz-2 | zukIn 4 | setIn 192 | zukHp 951 | chosen 30,14 | walk - | weapon Rune Crossbow | untilShot 3 | target TzKal-Zuk[zuk] | gate ok | overhead none | Zek@20,21 TAGGED; TzKal-Zuk@22,8 TAGGED
t236 | 30,14 | 33..37|W|frz-3 | zukIn 3 | setIn 191 | zukHp 921 | chosen 30,14 | walk - | weapon Rune Crossbow | untilShot 2 | target TzKal-Zuk[zuk] | gate ok | overhead Protect from Magic | Zek@20,21 TAGGED; TzKal-Zuk@22,8 TAGGED
t237 | 30,14 | 32..36|W|frz-4 | zukIn 2 | setIn 190 | zukHp 921 | chosen 30,14 | walk - | weapon Rune Crossbow | untilShot 1 | target TzKal-Zuk[zuk] | gate ok | overhead none | Zek@20,21 TAGGED; TzKal-Zuk@22,8 TAGGED
t238 | 30,14 | 31..35|W|frz-5 | zukIn 1 | setIn 189 | zukHp 921 | chosen 30,14 | walk - | weapon Rune Crossbow | untilShot 5 | target TzKal-Zuk[zuk] | gate ok | overhead none | Zek@20,21 TAGGED; TzKal-Zuk@22,8 TAGGED
FIRED t238 | 30,14 | Rune Crossbow | TzKal-Zuk
t239 | 30,14 | 30..34|W|frz-6 | zukIn 10 | setIn 188 | zukHp 921 | chosen 20,14 | walk ->20,14 | weapon Rune Crossbow | untilShot 4 | target -[-] | gate - | overhead none | Zek@20,21 TAGGED; TzKal-Zuk@22,8 TAGGED
t240 | 28,14 | 29..33|W|frz-7 | zukIn 9 | setIn 187 | zukHp 921 | chosen 20,14 | walk ->20,14 | weapon Rune Crossbow | untilShot 3 | target TzKal-Zuk[zuk] | gate ok | overhead Protect from Magic | Zek@20,21 TAGGED; TzKal-Zuk@22,8 TAGGED
t241 | 26,14 | 28..32|W|frz-8 | zukIn 8 | setIn 186 | zukHp 916 | chosen 20,14 | walk ->20,14 | weapon Rune Crossbow | untilShot 2 | target TzKal-Zuk[zuk] | gate ok | overhead none | Zek@20,21 TAGGED; TzKal-Zuk@22,8 TAGGED
t242 | 24,14 | 27..31|W|frz-9 | zukIn 7 | setIn 185 | zukHp 916 | chosen 20,14 | walk ->20,14 | weapon Rune Crossbow | untilShot 1 | target TzKal-Zuk[zuk] | gate ok | overhead none | Zek@20,21 TAGGED; TzKal-Zuk@22,8 TAGGED
t243 | 24,14 | 26..30|W|frz-10 | zukIn 6 | setIn 184 | zukHp 916 | chosen 20,14 | walk ->20,14 | weapon Rune Crossbow | untilShot 5 | target -[-] | gate - | overhead none | Zek@20,21 TAGGED; TzKal-Zuk@22,8 TAGGED
FIRED t243 | 24,14 | Rune Crossbow | TzKal-Zuk
t244 | 22,14 | 25..29|W|frz-11 | zukIn 5 | setIn 183 | zukHp 916 | chosen 20,14 | walk ->20,14 | weapon Rune Crossbow | untilShot 4 | target TzKal-Zuk[zuk] | gate ok | overhead Protect from Magic | Zek@20,21 TAGGED; TzKal-Zuk@22,8 TAGGED
t245 | 20,14 | 24..28|W|frz-12 | zukIn 4 | setIn 182 | zukHp 916 | chosen 20,14 | walk - | weapon Rune Crossbow | untilShot 3 | target TzKal-Zuk[zuk] | gate ok | overhead none | Zek@20,21 TAGGED; TzKal-Zuk@22,8 TAGGED
t246 | 20,14 | 23..27|W|frz-13 | zukIn 3 | setIn 181 | zukHp 916 | chosen 20,14 | walk - | weapon Rune Crossbow | untilShot 2 | target TzKal-Zuk[zuk] | gate ok | overhead none | Zek@20,21 TAGGED; TzKal-Zuk@22,8 TAGGED
t247 | 20,14 | 22..26|W|frz-14 | zukIn 2 | setIn 180 | zukHp 916 | chosen 20,14 | walk - | weapon Rune Crossbow | untilShot 1 | target TzKal-Zuk[zuk] | gate ok | overhead none | Zek@20,21 TAGGED; TzKal-Zuk@22,8 TAGGED
t248 | 20,14 | 21..25|W|frz-15 | zukIn 1 | setIn 179 | zukHp 916 | chosen 20,14 | walk - | weapon Rune Crossbow | untilShot 5 | target TzKal-Zuk[zuk] | gate ok | overhead Protect from Magic | Zek@20,21 TAGGED; TzKal-Zuk@22,8 TAGGED
FIRED t248 | 20,14 | Rune Crossbow | TzKal-Zuk
t249 | 20,14 | 20..24|W|frz-16 | zukIn 10 | setIn 178 | zukHp 916 | chosen 15,14 | walk ->15,14 | weapon Rune Crossbow | untilShot 4 | target -[-] | gate - | overhead none | Zek@20,21 TAGGED; TzKal-Zuk@22,8 TAGGED
t250 | 18,14 | 19..23|W|frz-17 | zukIn 9 | setIn 177 | zukHp 916 | chosen 15,14 | walk ->15,14 | weapon Rune Crossbow | untilShot 3 | target TzKal-Zuk[zuk] | gate - | overhead none | Zek@20,21 TAGGED; TzKal-Zuk@22,8 TAGGED
t251 | 16,14 | 18..22|W|frz-18 | zukIn 8 | setIn 176 | zukHp 916 | chosen 15,14 | walk ->15,14 | weapon Rune Crossbow | untilShot 2 | target TzKal-Zuk[zuk] | gate - | overhead none | Zek@20,21 TAGGED; TzKal-Zuk@22,8 TAGGED
t252 | 15,14 | 17..21|W|frz-19 | zukIn 7 | setIn 175 | zukHp 916 | chosen 15,14 | walk - | weapon Rune Crossbow | untilShot 1 | target TzKal-Zuk[zuk] | gate ok | overhead Protect from Magic | Zek@20,21 TAGGED; TzKal-Zuk@22,8 TAGGED
t253 | 15,14 | 16..20|W|frz-20 | zukIn 6 | setIn 174 | zukHp 916 | chosen 14,14 | walk ->14,14 | weapon Rune Crossbow | untilShot 5 | target -[-] | gate - | overhead none | Zek@20,21 TAGGED; TzKal-Zuk@22,8 TAGGED
FIRED t253 | 15,14 | Rune Crossbow | TzKal-Zuk
t254 | 14,14 | 15..19|W|frz-21 | zukIn 5 | setIn 173 | zukHp 916 | chosen 14,14 | walk - | weapon Rune Crossbow | untilShot 4 | target TzKal-Zuk[zuk] | gate - | overhead none | Zek@20,21 TAGGED; TzKal-Zuk@22,8 TAGGED
t255 | 14,14 | 14..18|W|frz-22 | zukIn 4 | setIn 172 | zukHp 916 | chosen 14,14 | walk - | weapon Rune Crossbow | untilShot 3 | target TzKal-Zuk[zuk] | gate - | overhead none | Zek@20,21 TAGGED; TzKal-Zuk@22,8 TAGGED
t256 | 14,14 | 13..17|W|frz-23 | zukIn 3 | setIn 171 | zukHp 916 | chosen 14,14 | walk - | weapon Rune Crossbow | untilShot 2 | target TzKal-Zuk[zuk] | gate - | overhead Protect from Magic | Zek@20,21 TAGGED; TzKal-Zuk@22,8 TAGGED
t257 | 14,14 | 12..16|W|frz-24 | zukIn 2 | setIn 170 | zukHp 916 | chosen 14,14 | walk - | weapon Rune Crossbow | untilShot 1 | target TzKal-Zuk[zuk] | gate - | overhead none | Zek@20,21 TAGGED; TzKal-Zuk@22,8 TAGGED
t258 | 14,14 | 11..15|W|frz-25 | zukIn 1 | setIn 169 | zukHp 916 | chosen 14,14 | walk - | weapon Rune Crossbow | untilShot 1 | target TzKal-Zuk[zuk] | gate - | overhead none | Zek@20,21 TAGGED; TzKal-Zuk@22,8 TAGGED
t259 | 14,14 | 10..14|E|frz4 | zukIn 10 | setIn 168 | zukHp 916 | chosen 20,14 | walk ->20,14 | weapon Rune Crossbow | untilShot 1 | target -[-] | gate - | overhead none | Zek@20,21 TAGGED; TzKal-Zuk@22,8 TAGGED
t260 | 16,14 | 10..14|E|frz3 | zukIn 9 | setIn 167 | zukHp 916 | chosen 20,14 | walk ->20,14 | weapon Rune Crossbow | untilShot 1 | target TzKal-Zuk[zuk] | gate - | overhead Protect from Magic | Zek@20,21 TAGGED; TzKal-Zuk@22,8 TAGGED
t261 | 18,14 | 10..14|E|frz2 | zukIn 8 | setIn 166 | zukHp 916 | chosen 20,14 | walk ->20,14 | weapon Rune Crossbow | untilShot 1 | target TzKal-Zuk[zuk] | gate - | overhead none | Zek@20,21 TAGGED; TzKal-Zuk@22,8 TAGGED
t262 | 20,14 | 10..14|E|frz1 | zukIn 7 | setIn 165 | zukHp 916 | chosen 20,14 | walk - | weapon Rune Crossbow | untilShot 1 | target TzKal-Zuk[zuk] | gate ok | overhead none | Zek@20,21 TAGGED; TzKal-Zuk@22,8 TAGGED
t263 | 20,14 | 10..14|E|frz0 | zukIn 6 | setIn 164 | zukHp 916 | chosen 20,14 | walk - | weapon Rune Crossbow | untilShot 5 | target TzKal-Zuk[zuk] | gate ok | overhead none | Zek@20,21 TAGGED; TzKal-Zuk@22,8 TAGGED
FIRED t263 | 20,14 | Rune Crossbow | TzKal-Zuk
t264 | 20,14 | 11..15|E|frz-1 | zukIn 5 | setIn 163 | zukHp 916 | chosen 20,14 | walk - | weapon Rune Crossbow | untilShot 4 | target TzKal-Zuk[zuk] | gate ok | overhead Protect from Magic | Zek@20,21 TAGGED; TzKal-Zuk@22,8 TAGGED
t265 | 20,14 | 12..16|E|frz-2 | zukIn 4 | setIn 162 | zukHp 916 | chosen 20,14 | walk - | weapon Rune Crossbow | untilShot 3 | target TzKal-Zuk[zuk] | gate ok | overhead none | Zek@20,21 TAGGED; TzKal-Zuk@22,8 TAGGED
t266 | 20,14 | 13..17|E|frz-3 | zukIn 3 | setIn 161 | zukHp 916 | chosen 20,14 | walk - | weapon Rune Crossbow | untilShot 2 | target TzKal-Zuk[zuk] | gate ok | overhead none | Zek@20,21 TAGGED; TzKal-Zuk@22,8 TAGGED
t267 | 20,14 | 14..18|E|frz-4 | zukIn 2 | setIn 160 | zukHp 916 | chosen 20,14 | walk - | weapon Rune Crossbow | untilShot 1 | target TzKal-Zuk[zuk] | gate ok | overhead none | Zek@20,21 TAGGED; TzKal-Zuk@22,8 TAGGED
t268 | 20,14 | 15..19|E|frz-5 | zukIn 1 | setIn 159 | zukHp 916 | chosen 20,14 | walk - | weapon Rune Crossbow | untilShot 5 | target TzKal-Zuk[zuk] | gate ok | overhead Protect from Magic | Zek@20,21 TAGGED; TzKal-Zuk@22,8 TAGGED
FIRED t268 | 20,14 | Rune Crossbow | TzKal-Zuk
t269 | 20,14 | 16..20|E|frz-6 | zukIn 10 | setIn 158 | zukHp 916 | chosen 30,14 | walk ->30,14 | weapon Rune Crossbow | untilShot 4 | target -[-] | gate - | overhead none | Zek@20,21 TAGGED; TzKal-Zuk@22,8 TAGGED
t270 | 22,14 | 17..21|E|frz-7 | zukIn 9 | setIn 157 | zukHp 916 | chosen 30,14 | walk ->30,14 | weapon Rune Crossbow | untilShot 3 | target TzKal-Zuk[zuk] | gate ok | overhead none | Zek@20,21 TAGGED; TzKal-Zuk@22,8 TAGGED
t271 | 24,14 | 18..22|E|frz-8 | zukIn 8 | setIn 156 | zukHp 916 | chosen 30,14 | walk ->30,14 | weapon Rune Crossbow | untilShot 2 | target TzKal-Zuk[zuk] | gate ok | overhead none | Zek@20,21 TAGGED; TzKal-Zuk@22,8 TAGGED
t272 | 26,14 | 19..23|E|frz-9 | zukIn 7 | setIn 155 | zukHp 916 | chosen 30,14 | walk ->30,14 | weapon Rune Crossbow | untilShot 1 | target TzKal-Zuk[zuk] | gate ok | overhead Protect from Magic | Zek@20,21 TAGGED; TzKal-Zuk@22,8 TAGGED
t273 | 26,14 | 20..24|E|frz-10 | zukIn 6 | setIn 154 | zukHp 916 | chosen 30,14 | walk ->30,14 | weapon Rune Crossbow | untilShot 5 | target -[-] | gate - | overhead none | Zek@20,21 TAGGED; TzKal-Zuk@22,8 TAGGED
FIRED t273 | 26,14 | Rune Crossbow | TzKal-Zuk
t274 | 28,14 | 21..25|E|frz-11 | zukIn 5 | setIn 153 | zukHp 916 | chosen 30,14 | walk ->30,14 | weapon Rune Crossbow | untilShot 4 | target TzKal-Zuk[zuk] | gate ok | overhead none | Zek@20,21 TAGGED; TzKal-Zuk@22,8 TAGGED
t275 | 30,14 | 22..26|E|frz-12 | zukIn 4 | setIn 152 | zukHp 916 | chosen 30,14 | walk - | weapon Rune Crossbow | untilShot 3 | target TzKal-Zuk[zuk] | gate ok | overhead none | Zek@20,21 TAGGED; TzKal-Zuk@22,8 TAGGED
t276 | 30,14 | 23..27|E|frz-13 | zukIn 3 | setIn 151 | zukHp 909 | chosen 30,14 | walk - | weapon Rune Crossbow | untilShot 2 | target TzKal-Zuk[zuk] | gate ok | overhead Protect from Magic | Zek@20,21 TAGGED; TzKal-Zuk@22,8 TAGGED
t277 | 30,14 | 24..28|E|frz-14 | zukIn 2 | setIn 150 | zukHp 909 | chosen 30,14 | walk - | weapon Rune Crossbow | untilShot 1 | target TzKal-Zuk[zuk] | gate ok | overhead none | Zek@20,21 TAGGED; TzKal-Zuk@22,8 TAGGED
t278 | 30,14 | 25..29|E|frz-15 | zukIn 1 | setIn 149 | zukHp 909 | chosen 30,14 | walk - | weapon Rune Crossbow | untilShot 5 | target TzKal-Zuk[zuk] | gate ok | overhead none | Zek@20,21 TAGGED; TzKal-Zuk@22,8 TAGGED
FIRED t278 | 30,14 | Rune Crossbow | TzKal-Zuk
t279 | 30,14 | 26..30|E|frz-16 | zukIn 10 | setIn 148 | zukHp 909 | chosen 35,14 | walk ->35,14 | weapon Rune Crossbow | untilShot 4 | target -[-] | gate - | overhead none | Zek@20,21 TAGGED; TzKal-Zuk@22,8 TAGGED
t280 | 32,14 | 27..31|E|frz-17 | zukIn 9 | setIn 147 | zukHp 909 | chosen 35,14 | walk ->35,14 | weapon Rune Crossbow | untilShot 3 | target TzKal-Zuk[zuk] | gate - | overhead Protect from Magic | Zek@20,21 TAGGED; TzKal-Zuk@22,8 TAGGED
t281 | 34,14 | 28..32|E|frz-18 | zukIn 8 | setIn 146 | zukHp 909 | chosen 35,14 | walk ->35,14 | weapon Rune Crossbow | untilShot 2 | target TzKal-Zuk[zuk] | gate - | overhead none | Zek@20,21 TAGGED; TzKal-Zuk@22,8 TAGGED
t282 | 35,14 | 29..33|E|frz-19 | zukIn 7 | setIn 145 | zukHp 909 | chosen 35,14 | walk - | weapon Rune Crossbow | untilShot 1 | target TzKal-Zuk[zuk] | gate ok | overhead none | Zek@20,21 TAGGED; TzKal-Zuk@22,8 TAGGED
t283 | 35,14 | 30..34|E|frz-20 | zukIn 6 | setIn 144 | zukHp 909 | chosen 36,14 | walk ->36,14 | weapon Rune Crossbow | untilShot 5 | target -[-] | gate - | overhead none | Zek@20,21 TAGGED; TzKal-Zuk@22,8 TAGGED
FIRED t283 | 35,14 | Rune Crossbow | TzKal-Zuk
t284 | 36,14 | 31..35|E|frz-21 | zukIn 5 | setIn 143 | zukHp 909 | chosen 36,14 | walk - | weapon Rune Crossbow | untilShot 4 | target TzKal-Zuk[zuk] | gate - | overhead Protect from Magic | Zek@20,21 TAGGED; TzKal-Zuk@22,8 TAGGED
t285 | 36,14 | 32..36|E|frz-22 | zukIn 4 | setIn 142 | zukHp 909 | chosen 36,14 | walk - | weapon Rune Crossbow | untilShot 3 | target TzKal-Zuk[zuk] | gate - | overhead none | Zek@20,21 TAGGED; TzKal-Zuk@22,8 TAGGED
t286 | 36,14 | 33..37|E|frz-23 | zukIn 3 | setIn 141 | zukHp 896 | chosen 36,14 | walk - | weapon Rune Crossbow | untilShot 2 | target TzKal-Zuk[zuk] | gate - | overhead none | Zek@20,21 TAGGED; TzKal-Zuk@22,8 TAGGED
t287 | 36,14 | 34..38|E|frz-24 | zukIn 2 | setIn 140 | zukHp 896 | chosen 36,14 | walk - | weapon Rune Crossbow | untilShot 1 | target TzKal-Zuk[zuk] | gate - | overhead none | Zek@20,21 TAGGED; TzKal-Zuk@22,8 TAGGED
t288 | 36,14 | 35..39|E|frz-25 | zukIn 1 | setIn 139 | zukHp 896 | chosen 36,14 | walk - | weapon Rune Crossbow | untilShot 1 | target TzKal-Zuk[zuk] | gate - | overhead Protect from Magic | Zek@20,21 TAGGED; TzKal-Zuk@22,8 TAGGED
t289 | 36,14 | 36..40|W|frz4 | zukIn 10 | setIn 138 | zukHp 896 | chosen 30,14 | walk ->30,14 | weapon Rune Crossbow | untilShot 1 | target -[-] | gate - | overhead none | Zek@20,21 TAGGED; TzKal-Zuk@22,8 TAGGED
t290 | 34,14 | 36..40|W|frz3 | zukIn 9 | setIn 137 | zukHp 896 | chosen 30,14 | walk ->30,14 | weapon Rune Crossbow | untilShot 1 | target TzKal-Zuk[zuk] | gate - | overhead none | Zek@20,21 TAGGED; TzKal-Zuk@22,8 TAGGED
t291 | 32,14 | 36..40|W|frz2 | zukIn 8 | setIn 136 | zukHp 896 | chosen 30,14 | walk ->30,14 | weapon Rune Crossbow | untilShot 1 | target TzKal-Zuk[zuk] | gate - | overhead none | Zek@20,21 TAGGED; TzKal-Zuk@22,8 TAGGED
t292 | 30,14 | 36..40|W|frz1 | zukIn 7 | setIn 135 | zukHp 896 | chosen 30,14 | walk - | weapon Rune Crossbow | untilShot 1 | target TzKal-Zuk[zuk] | gate ok | overhead Protect from Magic | Zek@20,21 TAGGED; TzKal-Zuk@22,8 TAGGED
t293 | 30,14 | 36..40|W|frz0 | zukIn 6 | setIn 134 | zukHp 896 | chosen 30,14 | walk - | weapon Rune Crossbow | untilShot 5 | target TzKal-Zuk[zuk] | gate ok | overhead none | Zek@20,21 TAGGED; TzKal-Zuk@22,8 TAGGED
FIRED t293 | 30,14 | Rune Crossbow | TzKal-Zuk
t294 | 30,14 | 35..39|W|frz-1 | zukIn 5 | setIn 133 | zukHp 896 | chosen 30,14 | walk - | weapon Rune Crossbow | untilShot 4 | target TzKal-Zuk[zuk] | gate ok | overhead none | Zek@20,21 TAGGED; TzKal-Zuk@22,8 TAGGED
t295 | 30,14 | 34..38|W|frz-2 | zukIn 4 | setIn 132 | zukHp 896 | chosen 30,14 | walk - | weapon Rune Crossbow | untilShot 3 | target TzKal-Zuk[zuk] | gate ok | overhead none | Zek@20,21 TAGGED; TzKal-Zuk@22,8 TAGGED
t296 | 30,14 | 33..37|W|frz-3 | zukIn 3 | setIn 131 | zukHp 896 | chosen 30,14 | walk - | weapon Rune Crossbow | untilShot 2 | target TzKal-Zuk[zuk] | gate ok | overhead Protect from Magic | Zek@20,21 TAGGED; TzKal-Zuk@22,8 TAGGED
t297 | 30,14 | 32..36|W|frz-4 | zukIn 2 | setIn 130 | zukHp 896 | chosen 30,14 | walk - | weapon Rune Crossbow | untilShot 1 | target TzKal-Zuk[zuk] | gate ok | overhead none | Zek@20,21 TAGGED; TzKal-Zuk@22,8 TAGGED
t298 | 30,14 | 31..35|W|frz-5 | zukIn 1 | setIn 129 | zukHp 896 | chosen 30,14 | walk - | weapon Rune Crossbow | untilShot 5 | target TzKal-Zuk[zuk] | gate ok | overhead none | Zek@20,21 TAGGED; TzKal-Zuk@22,8 TAGGED
FIRED t298 | 30,14 | Rune Crossbow | TzKal-Zuk
t299 | 30,14 | 30..34|W|frz-6 | zukIn 10 | setIn 128 | zukHp 896 | chosen 20,14 | walk ->20,14 | weapon Rune Crossbow | untilShot 4 | target -[-] | gate - | overhead none | Zek@20,21 TAGGED; TzKal-Zuk@22,8 TAGGED
t300 | 28,14 | 29..33|W|frz-7 | zukIn 9 | setIn 127 | zukHp 896 | chosen 20,14 | walk ->20,14 | weapon Rune Crossbow | untilShot 3 | target TzKal-Zuk[zuk] | gate ok | overhead Protect from Magic | Zek@20,21 TAGGED; TzKal-Zuk@22,8 TAGGED
t301 | 26,14 | 28..32|W|frz-8 | zukIn 8 | setIn 126 | zukHp 880 | chosen 20,14 | walk ->20,14 | weapon Rune Crossbow | untilShot 2 | target TzKal-Zuk[zuk] | gate ok | overhead none | Zek@20,21 TAGGED; TzKal-Zuk@22,8 TAGGED
t302 | 24,14 | 27..31|W|frz-9 | zukIn 7 | setIn 125 | zukHp 880 | chosen 20,14 | walk ->20,14 | weapon Rune Crossbow | untilShot 1 | target TzKal-Zuk[zuk] | gate ok | overhead none | Zek@20,21 TAGGED; TzKal-Zuk@22,8 TAGGED
t303 | 24,14 | 26..30|W|frz-10 | zukIn 6 | setIn 124 | zukHp 880 | chosen 20,14 | walk ->20,14 | weapon Rune Crossbow | untilShot 5 | target -[-] | gate - | overhead none | Zek@20,21 TAGGED; TzKal-Zuk@22,8 TAGGED
FIRED t303 | 24,14 | Rune Crossbow | TzKal-Zuk
t304 | 22,14 | 25..29|W|frz-11 | zukIn 5 | setIn 123 | zukHp 880 | chosen 20,14 | walk ->20,14 | weapon Rune Crossbow | untilShot 4 | target TzKal-Zuk[zuk] | gate ok | overhead Protect from Magic | Zek@20,21 TAGGED; TzKal-Zuk@22,8 TAGGED
t305 | 20,14 | 24..28|W|frz-12 | zukIn 4 | setIn 122 | zukHp 880 | chosen 20,14 | walk - | weapon Rune Crossbow | untilShot 3 | target TzKal-Zuk[zuk] | gate ok | overhead none | Zek@20,21 TAGGED; TzKal-Zuk@22,8 TAGGED
t306 | 20,14 | 23..27|W|frz-13 | zukIn 3 | setIn 121 | zukHp 862 | chosen 20,14 | walk - | weapon Rune Crossbow | untilShot 2 | target TzKal-Zuk[zuk] | gate ok | overhead none | Zek@20,21 TAGGED; TzKal-Zuk@22,8 TAGGED
t307 | 20,14 | 22..26|W|frz-14 | zukIn 2 | setIn 120 | zukHp 862 | chosen 20,14 | walk - | weapon Rune Crossbow | untilShot 1 | target TzKal-Zuk[zuk] | gate ok | overhead none | Zek@20,21 TAGGED; TzKal-Zuk@22,8 TAGGED
t308 | 20,14 | 21..25|W|frz-15 | zukIn 1 | setIn 119 | zukHp 862 | chosen 20,14 | walk - | weapon Rune Crossbow | untilShot 5 | target TzKal-Zuk[zuk] | gate ok | overhead Protect from Magic | Zek@20,21 TAGGED; TzKal-Zuk@22,8 TAGGED
FIRED t308 | 20,14 | Rune Crossbow | TzKal-Zuk
t309 | 20,14 | 20..24|W|frz-16 | zukIn 10 | setIn 118 | zukHp 862 | chosen 15,14 | walk ->15,14 | weapon Rune Crossbow | untilShot 4 | target -[-] | gate - | overhead none | Zek@20,21 TAGGED; TzKal-Zuk@22,8 TAGGED
t310 | 18,14 | 19..23|W|frz-17 | zukIn 9 | setIn 117 | zukHp 862 | chosen 15,14 | walk ->15,14 | weapon Rune Crossbow | untilShot 3 | target TzKal-Zuk[zuk] | gate - | overhead none | Zek@20,21 TAGGED; TzKal-Zuk@22,8 TAGGED
t311 | 16,14 | 18..22|W|frz-18 | zukIn 8 | setIn 116 | zukHp 849 | chosen 15,14 | walk ->15,14 | weapon Rune Crossbow | untilShot 2 | target TzKal-Zuk[zuk] | gate - | overhead none | Zek@20,21 TAGGED; TzKal-Zuk@22,8 TAGGED
t312 | 15,14 | 17..21|W|frz-19 | zukIn 7 | setIn 115 | zukHp 849 | chosen 15,14 | walk - | weapon Rune Crossbow | untilShot 1 | target TzKal-Zuk[zuk] | gate ok | overhead Protect from Magic | Zek@20,21 TAGGED; TzKal-Zuk@22,8 TAGGED
t313 | 15,14 | 16..20|W|frz-20 | zukIn 6 | setIn 114 | zukHp 849 | chosen 14,14 | walk ->14,14 | weapon Rune Crossbow | untilShot 5 | target -[-] | gate - | overhead none | Zek@20,21 TAGGED; TzKal-Zuk@22,8 TAGGED
FIRED t313 | 15,14 | Rune Crossbow | TzKal-Zuk
t314 | 14,14 | 15..19|W|frz-21 | zukIn 5 | setIn 113 | zukHp 849 | chosen 14,14 | walk - | weapon Rune Crossbow | untilShot 4 | target TzKal-Zuk[zuk] | gate - | overhead none | Zek@20,21 TAGGED; TzKal-Zuk@22,8 TAGGED
t315 | 14,14 | 14..18|W|frz-22 | zukIn 4 | setIn 112 | zukHp 849 | chosen 14,14 | walk - | weapon Rune Crossbow | untilShot 3 | target TzKal-Zuk[zuk] | gate - | overhead none | Zek@20,21 TAGGED; TzKal-Zuk@22,8 TAGGED
t316 | 14,14 | 13..17|W|frz-23 | zukIn 3 | setIn 111 | zukHp 845 | chosen 14,14 | walk - | weapon Rune Crossbow | untilShot 2 | target TzKal-Zuk[zuk] | gate - | overhead Protect from Magic | Zek@20,21 TAGGED; TzKal-Zuk@22,8 TAGGED
t317 | 14,14 | 12..16|W|frz-24 | zukIn 2 | setIn 110 | zukHp 845 | chosen 14,14 | walk - | weapon Rune Crossbow | untilShot 1 | target TzKal-Zuk[zuk] | gate - | overhead none | Zek@20,21 TAGGED; TzKal-Zuk@22,8 TAGGED
t318 | 14,14 | 11..15|W|frz-25 | zukIn 1 | setIn 109 | zukHp 845 | chosen 14,14 | walk - | weapon Rune Crossbow | untilShot 1 | target TzKal-Zuk[zuk] | gate - | overhead none | Zek@20,21 TAGGED; TzKal-Zuk@22,8 TAGGED
t319 | 14,14 | 10..14|E|frz4 | zukIn 10 | setIn 108 | zukHp 845 | chosen 20,14 | walk ->20,14 | weapon Rune Crossbow | untilShot 1 | target -[-] | gate - | overhead none | Zek@20,21 TAGGED; TzKal-Zuk@22,8 TAGGED
t320 | 16,14 | 10..14|E|frz3 | zukIn 9 | setIn 107 | zukHp 845 | chosen 20,14 | walk ->20,14 | weapon Rune Crossbow | untilShot 1 | target TzKal-Zuk[zuk] | gate - | overhead Protect from Magic | Zek@20,21 TAGGED; TzKal-Zuk@22,8 TAGGED
t321 | 18,14 | 10..14|E|frz2 | zukIn 8 | setIn 106 | zukHp 845 | chosen 20,14 | walk ->20,14 | weapon Rune Crossbow | untilShot 1 | target TzKal-Zuk[zuk] | gate - | overhead none | Zek@20,21 TAGGED; TzKal-Zuk@22,8 TAGGED
t322 | 20,14 | 10..14|E|frz1 | zukIn 7 | setIn 105 | zukHp 845 | chosen 20,14 | walk - | weapon Rune Crossbow | untilShot 1 | target TzKal-Zuk[zuk] | gate ok | overhead none | Zek@20,21 TAGGED; TzKal-Zuk@22,8 TAGGED
t323 | 20,14 | 10..14|E|frz0 | zukIn 6 | setIn 104 | zukHp 845 | chosen 20,14 | walk - | weapon Rune Crossbow | untilShot 5 | target TzKal-Zuk[zuk] | gate ok | overhead none | Zek@20,21 TAGGED; TzKal-Zuk@22,8 TAGGED
FIRED t323 | 20,14 | Rune Crossbow | TzKal-Zuk
t324 | 20,14 | 11..15|E|frz-1 | zukIn 5 | setIn 103 | zukHp 845 | chosen 20,14 | walk - | weapon Rune Crossbow | untilShot 4 | target TzKal-Zuk[zuk] | gate ok | overhead Protect from Magic | Zek@20,21 TAGGED; TzKal-Zuk@22,8 TAGGED
t325 | 20,14 | 12..16|E|frz-2 | zukIn 4 | setIn 102 | zukHp 845 | chosen 20,14 | walk - | weapon Rune Crossbow | untilShot 3 | target TzKal-Zuk[zuk] | gate ok | overhead none | Zek@20,21 TAGGED; TzKal-Zuk@22,8 TAGGED
t326 | 20,14 | 13..17|E|frz-3 | zukIn 3 | setIn 101 | zukHp 845 | chosen 20,14 | walk - | weapon Rune Crossbow | untilShot 2 | target TzKal-Zuk[zuk] | gate ok | overhead none | Zek@20,21 TAGGED; TzKal-Zuk@22,8 TAGGED
t327 | 20,14 | 14..18|E|frz-4 | zukIn 2 | setIn 100 | zukHp 845 | chosen 20,14 | walk - | weapon Rune Crossbow | untilShot 1 | target TzKal-Zuk[zuk] | gate ok | overhead none | Zek@20,21 TAGGED; TzKal-Zuk@22,8 TAGGED
t328 | 20,14 | 15..19|E|frz-5 | zukIn 1 | setIn 99 | zukHp 845 | chosen 20,14 | walk - | weapon Rune Crossbow | untilShot 5 | target TzKal-Zuk[zuk] | gate ok | overhead Protect from Magic | Zek@20,21 TAGGED; TzKal-Zuk@22,8 TAGGED
FIRED t328 | 20,14 | Rune Crossbow | TzKal-Zuk
t329 | 20,14 | 16..20|E|frz-6 | zukIn 10 | setIn 98 | zukHp 845 | chosen 30,14 | walk ->30,14 | weapon Rune Crossbow | untilShot 4 | target -[-] | gate - | overhead none | Zek@20,21 TAGGED; TzKal-Zuk@22,8 TAGGED
t330 | 22,14 | 17..21|E|frz-7 | zukIn 9 | setIn 97 | zukHp 845 | chosen 30,14 | walk ->30,14 | weapon Rune Crossbow | untilShot 3 | target TzKal-Zuk[zuk] | gate ok | overhead none | Zek@20,21 TAGGED; TzKal-Zuk@22,8 TAGGED
t331 | 24,14 | 18..22|E|frz-8 | zukIn 8 | setIn 96 | zukHp 845 | chosen 30,14 | walk ->30,14 | weapon Rune Crossbow | untilShot 2 | target TzKal-Zuk[zuk] | gate ok | overhead none | Zek@20,21 TAGGED; TzKal-Zuk@22,8 TAGGED
t332 | 26,14 | 19..23|E|frz-9 | zukIn 7 | setIn 95 | zukHp 845 | chosen 30,14 | walk ->30,14 | weapon Rune Crossbow | untilShot 1 | target TzKal-Zuk[zuk] | gate ok | overhead Protect from Magic | Zek@20,21 TAGGED; TzKal-Zuk@22,8 TAGGED
t333 | 26,14 | 20..24|E|frz-10 | zukIn 6 | setIn 94 | zukHp 845 | chosen 30,14 | walk ->30,14 | weapon Rune Crossbow | untilShot 5 | target -[-] | gate - | overhead none | Zek@20,21 TAGGED; TzKal-Zuk@22,8 TAGGED
FIRED t333 | 26,14 | Rune Crossbow | TzKal-Zuk
t334 | 28,14 | 21..25|E|frz-11 | zukIn 5 | setIn 93 | zukHp 845 | chosen 30,14 | walk ->30,14 | weapon Rune Crossbow | untilShot 4 | target TzKal-Zuk[zuk] | gate ok | overhead none | Zek@20,21 TAGGED; TzKal-Zuk@22,8 TAGGED
t335 | 30,14 | 22..26|E|frz-12 | zukIn 4 | setIn 92 | zukHp 845 | chosen 30,14 | walk - | weapon Rune Crossbow | untilShot 3 | target TzKal-Zuk[zuk] | gate ok | overhead none | Zek@20,21 TAGGED; TzKal-Zuk@22,8 TAGGED
t336 | 30,14 | 23..27|E|frz-13 | zukIn 3 | setIn 91 | zukHp 845 | chosen 30,14 | walk - | weapon Rune Crossbow | untilShot 2 | target TzKal-Zuk[zuk] | gate ok | overhead Protect from Magic | Zek@20,21 TAGGED; TzKal-Zuk@22,8 TAGGED
t337 | 30,14 | 24..28|E|frz-14 | zukIn 2 | setIn 90 | zukHp 845 | chosen 30,14 | walk - | weapon Rune Crossbow | untilShot 1 | target TzKal-Zuk[zuk] | gate ok | overhead none | Zek@20,21 TAGGED; TzKal-Zuk@22,8 TAGGED
t338 | 30,14 | 25..29|E|frz-15 | zukIn 1 | setIn 89 | zukHp 845 | chosen 30,14 | walk - | weapon Rune Crossbow | untilShot 5 | target TzKal-Zuk[zuk] | gate ok | overhead none | Zek@20,21 TAGGED; TzKal-Zuk@22,8 TAGGED
FIRED t338 | 30,14 | Rune Crossbow | TzKal-Zuk
t339 | 30,14 | 26..30|E|frz-16 | zukIn 10 | setIn 88 | zukHp 845 | chosen 35,14 | walk ->35,14 | weapon Rune Crossbow | untilShot 4 | target -[-] | gate - | overhead none | Zek@20,21 TAGGED; TzKal-Zuk@22,8 TAGGED
t340 | 32,14 | 27..31|E|frz-17 | zukIn 9 | setIn 87 | zukHp 845 | chosen 35,14 | walk ->35,14 | weapon Rune Crossbow | untilShot 3 | target TzKal-Zuk[zuk] | gate - | overhead Protect from Magic | Zek@20,21 TAGGED; TzKal-Zuk@22,8 TAGGED
t341 | 34,14 | 28..32|E|frz-18 | zukIn 8 | setIn 86 | zukHp 825 | chosen 35,14 | walk ->35,14 | weapon Rune Crossbow | untilShot 2 | target TzKal-Zuk[zuk] | gate - | overhead none | Zek@20,21 TAGGED; TzKal-Zuk@22,8 TAGGED
t342 | 35,14 | 29..33|E|frz-19 | zukIn 7 | setIn 85 | zukHp 825 | chosen 35,14 | walk - | weapon Rune Crossbow | untilShot 1 | target TzKal-Zuk[zuk] | gate ok | overhead none | Zek@20,21 TAGGED; TzKal-Zuk@22,8 TAGGED
t343 | 35,14 | 30..34|E|frz-20 | zukIn 6 | setIn 84 | zukHp 825 | chosen 36,14 | walk ->36,14 | weapon Rune Crossbow | untilShot 5 | target -[-] | gate - | overhead none | Zek@20,21 TAGGED; TzKal-Zuk@22,8 TAGGED
FIRED t343 | 35,14 | Rune Crossbow | TzKal-Zuk
t344 | 36,14 | 31..35|E|frz-21 | zukIn 5 | setIn 83 | zukHp 825 | chosen 36,14 | walk - | weapon Rune Crossbow | untilShot 4 | target TzKal-Zuk[zuk] | gate - | overhead Protect from Magic | Zek@20,21 TAGGED; TzKal-Zuk@22,8 TAGGED
t345 | 36,14 | 32..36|E|frz-22 | zukIn 4 | setIn 82 | zukHp 825 | chosen 36,14 | walk - | weapon Rune Crossbow | untilShot 3 | target TzKal-Zuk[zuk] | gate - | overhead none | Zek@20,21 TAGGED; TzKal-Zuk@22,8 TAGGED
t346 | 36,14 | 33..37|E|frz-23 | zukIn 3 | setIn 81 | zukHp 817 | chosen 36,14 | walk - | weapon Rune Crossbow | untilShot 2 | target TzKal-Zuk[zuk] | gate - | overhead none | Zek@20,21 TAGGED; TzKal-Zuk@22,8 TAGGED
t347 | 36,14 | 34..38|E|frz-24 | zukIn 2 | setIn 80 | zukHp 817 | chosen 36,14 | walk - | weapon Rune Crossbow | untilShot 1 | target TzKal-Zuk[zuk] | gate - | overhead none | Zek@20,21 TAGGED; TzKal-Zuk@22,8 TAGGED
t348 | 36,14 | 35..39|E|frz-25 | zukIn 1 | setIn 79 | zukHp 817 | chosen 36,14 | walk - | weapon Rune Crossbow | untilShot 1 | target TzKal-Zuk[zuk] | gate - | overhead Protect from Magic | Zek@20,21 TAGGED; TzKal-Zuk@22,8 TAGGED
t349 | 36,14 | 36..40|W|frz4 | zukIn 10 | setIn 78 | zukHp 817 | chosen 30,14 | walk ->30,14 | weapon Rune Crossbow | untilShot 1 | target -[-] | gate - | overhead none | Zek@20,21 TAGGED; TzKal-Zuk@22,8 TAGGED
t350 | 34,14 | 36..40|W|frz3 | zukIn 9 | setIn 77 | zukHp 817 | chosen 30,14 | walk ->30,14 | weapon Rune Crossbow | untilShot 1 | target TzKal-Zuk[zuk] | gate - | overhead none | Zek@20,21 TAGGED; TzKal-Zuk@22,8 TAGGED
t351 | 32,14 | 36..40|W|frz2 | zukIn 8 | setIn 76 | zukHp 817 | chosen 30,14 | walk ->30,14 | weapon Rune Crossbow | untilShot 1 | target TzKal-Zuk[zuk] | gate - | overhead none | Zek@20,21 TAGGED; TzKal-Zuk@22,8 TAGGED
t352 | 30,14 | 36..40|W|frz1 | zukIn 7 | setIn 75 | zukHp 817 | chosen 30,14 | walk - | weapon Rune Crossbow | untilShot 1 | target TzKal-Zuk[zuk] | gate ok | overhead Protect from Magic | Zek@20,21 TAGGED; TzKal-Zuk@22,8 TAGGED
t353 | 30,14 | 36..40|W|frz0 | zukIn 6 | setIn 74 | zukHp 817 | chosen 30,14 | walk - | weapon Rune Crossbow | untilShot 5 | target TzKal-Zuk[zuk] | gate ok | overhead none | Zek@20,21 TAGGED; TzKal-Zuk@22,8 TAGGED
FIRED t353 | 30,14 | Rune Crossbow | TzKal-Zuk
t354 | 30,14 | 35..39|W|frz-1 | zukIn 5 | setIn 73 | zukHp 817 | chosen 30,14 | walk - | weapon Rune Crossbow | untilShot 4 | target TzKal-Zuk[zuk] | gate ok | overhead none | Zek@20,21 TAGGED; TzKal-Zuk@22,8 TAGGED
t355 | 30,14 | 34..38|W|frz-2 | zukIn 4 | setIn 72 | zukHp 817 | chosen 30,14 | walk - | weapon Rune Crossbow | untilShot 3 | target TzKal-Zuk[zuk] | gate ok | overhead none | Zek@20,21 TAGGED; TzKal-Zuk@22,8 TAGGED
t356 | 30,14 | 33..37|W|frz-3 | zukIn 3 | setIn 71 | zukHp 812 | chosen 30,14 | walk - | weapon Rune Crossbow | untilShot 2 | target TzKal-Zuk[zuk] | gate ok | overhead Protect from Magic | Zek@20,21 TAGGED; TzKal-Zuk@22,8 TAGGED
t357 | 30,14 | 32..36|W|frz-4 | zukIn 2 | setIn 70 | zukHp 812 | chosen 30,14 | walk - | weapon Rune Crossbow | untilShot 1 | target TzKal-Zuk[zuk] | gate ok | overhead none | Zek@20,21 TAGGED; TzKal-Zuk@22,8 TAGGED
t358 | 30,14 | 31..35|W|frz-5 | zukIn 1 | setIn 69 | zukHp 812 | chosen 30,14 | walk - | weapon Rune Crossbow | untilShot 5 | target TzKal-Zuk[zuk] | gate ok | overhead none | Zek@20,21 TAGGED; TzKal-Zuk@22,8 TAGGED
FIRED t358 | 30,14 | Rune Crossbow | TzKal-Zuk
t359 | 30,14 | 30..34|W|frz-6 | zukIn 10 | setIn 68 | zukHp 812 | chosen 20,14 | walk ->20,14 | weapon Rune Crossbow | untilShot 4 | target -[-] | gate - | overhead none | Zek@20,21 TAGGED; TzKal-Zuk@22,8 TAGGED
t360 | 28,14 | 29..33|W|frz-7 | zukIn 9 | setIn 67 | zukHp 812 | chosen 20,14 | walk ->20,14 | weapon Rune Crossbow | untilShot 3 | target TzKal-Zuk[zuk] | gate ok | overhead Protect from Magic | Zek@20,21 TAGGED; TzKal-Zuk@22,8 TAGGED
t361 | 26,14 | 28..32|W|frz-8 | zukIn 8 | setIn 66 | zukHp 812 | chosen 20,14 | walk ->20,14 | weapon Rune Crossbow | untilShot 2 | target TzKal-Zuk[zuk] | gate ok | overhead none | Zek@20,21 TAGGED; TzKal-Zuk@22,8 TAGGED
t362 | 24,14 | 27..31|W|frz-9 | zukIn 7 | setIn 65 | zukHp 812 | chosen 20,14 | walk ->20,14 | weapon Rune Crossbow | untilShot 1 | target TzKal-Zuk[zuk] | gate ok | overhead none | Zek@20,21 TAGGED; TzKal-Zuk@22,8 TAGGED
t363 | 24,14 | 26..30|W|frz-10 | zukIn 6 | setIn 64 | zukHp 812 | chosen 20,14 | walk ->20,14 | weapon Rune Crossbow | untilShot 5 | target -[-] | gate - | overhead none | Zek@20,21 TAGGED; TzKal-Zuk@22,8 TAGGED
FIRED t363 | 24,14 | Rune Crossbow | TzKal-Zuk
t364 | 22,14 | 25..29|W|frz-11 | zukIn 5 | setIn 63 | zukHp 812 | chosen 20,14 | walk ->20,14 | weapon Rune Crossbow | untilShot 4 | target TzKal-Zuk[zuk] | gate ok | overhead Protect from Magic | Zek@20,21 TAGGED; TzKal-Zuk@22,8 TAGGED
t365 | 20,14 | 24..28|W|frz-12 | zukIn 4 | setIn 62 | zukHp 812 | chosen 20,14 | walk - | weapon Rune Crossbow | untilShot 3 | target TzKal-Zuk[zuk] | gate ok | overhead none | Zek@20,21 TAGGED; TzKal-Zuk@22,8 TAGGED
t366 | 20,14 | 23..27|W|frz-13 | zukIn 3 | setIn 61 | zukHp 812 | chosen 20,14 | walk - | weapon Rune Crossbow | untilShot 2 | target TzKal-Zuk[zuk] | gate ok | overhead none | Zek@20,21 TAGGED; TzKal-Zuk@22,8 TAGGED
t367 | 20,14 | 22..26|W|frz-14 | zukIn 2 | setIn 60 | zukHp 812 | chosen 20,14 | walk - | weapon Rune Crossbow | untilShot 1 | target TzKal-Zuk[zuk] | gate ok | overhead none | Zek@20,21 TAGGED; TzKal-Zuk@22,8 TAGGED
t368 | 20,14 | 21..25|W|frz-15 | zukIn 1 | setIn 59 | zukHp 812 | chosen 20,14 | walk - | weapon Rune Crossbow | untilShot 5 | target TzKal-Zuk[zuk] | gate ok | overhead Protect from Magic | Zek@20,21 TAGGED; TzKal-Zuk@22,8 TAGGED
FIRED t368 | 20,14 | Rune Crossbow | TzKal-Zuk
t369 | 20,14 | 20..24|W|frz-16 | zukIn 10 | setIn 58 | zukHp 812 | chosen 15,14 | walk ->15,14 | weapon Rune Crossbow | untilShot 4 | target -[-] | gate - | overhead none | Zek@20,21 TAGGED; TzKal-Zuk@22,8 TAGGED
t370 | 18,14 | 19..23|W|frz-17 | zukIn 9 | setIn 57 | zukHp 812 | chosen 15,14 | walk ->15,14 | weapon Rune Crossbow | untilShot 3 | target TzKal-Zuk[zuk] | gate - | overhead none | Zek@20,21 TAGGED; TzKal-Zuk@22,8 TAGGED
t371 | 16,14 | 18..22|W|frz-18 | zukIn 8 | setIn 56 | zukHp 783 | chosen 15,14 | walk ->15,14 | weapon Rune Crossbow | untilShot 2 | target TzKal-Zuk[zuk] | gate - | overhead none | Zek@20,21 TAGGED; TzKal-Zuk@22,8 TAGGED
t372 | 15,14 | 17..21|W|frz-19 | zukIn 7 | setIn 55 | zukHp 783 | chosen 15,14 | walk - | weapon Rune Crossbow | untilShot 1 | target TzKal-Zuk[zuk] | gate ok | overhead Protect from Magic | Zek@20,21 TAGGED; TzKal-Zuk@22,8 TAGGED
t373 | 15,14 | 16..20|W|frz-20 | zukIn 6 | setIn 54 | zukHp 783 | chosen 14,14 | walk ->14,14 | weapon Rune Crossbow | untilShot 5 | target -[-] | gate - | overhead none | Zek@20,21 TAGGED; TzKal-Zuk@22,8 TAGGED
FIRED t373 | 15,14 | Rune Crossbow | TzKal-Zuk
t374 | 14,14 | 15..19|W|frz-21 | zukIn 5 | setIn 53 | zukHp 783 | chosen 14,14 | walk - | weapon Rune Crossbow | untilShot 4 | target TzKal-Zuk[zuk] | gate - | overhead none | Zek@20,21 TAGGED; TzKal-Zuk@22,8 TAGGED
t375 | 14,14 | 14..18|W|frz-22 | zukIn 4 | setIn 52 | zukHp 783 | chosen 14,14 | walk - | weapon Rune Crossbow | untilShot 3 | target TzKal-Zuk[zuk] | gate - | overhead none | Zek@20,21 TAGGED; TzKal-Zuk@22,8 TAGGED
t376 | 14,14 | 13..17|W|frz-23 | zukIn 3 | setIn 51 | zukHp 783 | chosen 14,14 | walk - | weapon Rune Crossbow | untilShot 2 | target TzKal-Zuk[zuk] | gate - | overhead Protect from Magic | Zek@20,21 TAGGED; TzKal-Zuk@22,8 TAGGED
t377 | 14,14 | 12..16|W|frz-24 | zukIn 2 | setIn 50 | zukHp 783 | chosen 14,14 | walk - | weapon Rune Crossbow | untilShot 1 | target TzKal-Zuk[zuk] | gate - | overhead none | Zek@20,21 TAGGED; TzKal-Zuk@22,8 TAGGED
t378 | 14,14 | 11..15|W|frz-25 | zukIn 1 | setIn 49 | zukHp 783 | chosen 14,14 | walk - | weapon Rune Crossbow | untilShot 1 | target TzKal-Zuk[zuk] | gate - | overhead none | Zek@20,21 TAGGED; TzKal-Zuk@22,8 TAGGED
t379 | 14,14 | 10..14|E|frz4 | zukIn 10 | setIn 48 | zukHp 783 | chosen 20,14 | walk ->20,14 | weapon Rune Crossbow | untilShot 1 | target -[-] | gate - | overhead none | Zek@20,21 TAGGED; TzKal-Zuk@22,8 TAGGED
t380 | 16,14 | 10..14|E|frz3 | zukIn 9 | setIn 47 | zukHp 783 | chosen 20,14 | walk ->20,14 | weapon Rune Crossbow | untilShot 1 | target TzKal-Zuk[zuk] | gate - | overhead Protect from Magic | Zek@20,21 TAGGED; TzKal-Zuk@22,8 TAGGED
t381 | 18,14 | 10..14|E|frz2 | zukIn 8 | setIn 46 | zukHp 783 | chosen 20,14 | walk ->20,14 | weapon Rune Crossbow | untilShot 1 | target TzKal-Zuk[zuk] | gate - | overhead none | Zek@20,21 TAGGED; TzKal-Zuk@22,8 TAGGED
t382 | 20,14 | 10..14|E|frz1 | zukIn 7 | setIn 45 | zukHp 783 | chosen 20,14 | walk - | weapon Rune Crossbow | untilShot 1 | target TzKal-Zuk[zuk] | gate ok | overhead none | Zek@20,21 TAGGED; TzKal-Zuk@22,8 TAGGED
t383 | 20,14 | 10..14|E|frz0 | zukIn 6 | setIn 44 | zukHp 783 | chosen 20,14 | walk - | weapon Rune Crossbow | untilShot 5 | target TzKal-Zuk[zuk] | gate ok | overhead none | Zek@20,21 TAGGED; TzKal-Zuk@22,8 TAGGED
FIRED t383 | 20,14 | Rune Crossbow | TzKal-Zuk
t384 | 20,14 | 11..15|E|frz-1 | zukIn 5 | setIn 43 | zukHp 783 | chosen 20,14 | walk - | weapon Rune Crossbow | untilShot 4 | target TzKal-Zuk[zuk] | gate ok | overhead Protect from Magic | Zek@20,21 TAGGED; TzKal-Zuk@22,8 TAGGED
t385 | 20,14 | 12..16|E|frz-2 | zukIn 4 | setIn 42 | zukHp 783 | chosen 20,14 | walk - | weapon Rune Crossbow | untilShot 3 | target TzKal-Zuk[zuk] | gate ok | overhead none | Zek@20,21 TAGGED; TzKal-Zuk@22,8 TAGGED
t386 | 20,14 | 13..17|E|frz-3 | zukIn 3 | setIn 41 | zukHp 771 | chosen 20,14 | walk - | weapon Rune Crossbow | untilShot 2 | target TzKal-Zuk[zuk] | gate ok | overhead none | Zek@20,21 TAGGED; TzKal-Zuk@22,8 TAGGED
t387 | 20,14 | 14..18|E|frz-4 | zukIn 2 | setIn 40 | zukHp 771 | chosen 20,14 | walk - | weapon Rune Crossbow | untilShot 1 | target TzKal-Zuk[zuk] | gate ok | overhead none | Zek@20,21 TAGGED; TzKal-Zuk@22,8 TAGGED
t388 | 20,14 | 15..19|E|frz-5 | zukIn 1 | setIn 39 | zukHp 771 | chosen 20,14 | walk - | weapon Rune Crossbow | untilShot 5 | target TzKal-Zuk[zuk] | gate ok | overhead Protect from Magic | Zek@20,21 TAGGED; TzKal-Zuk@22,8 TAGGED
FIRED t388 | 20,14 | Rune Crossbow | TzKal-Zuk
t389 | 20,14 | 16..20|E|frz-6 | zukIn 10 | setIn 38 | zukHp 771 | chosen 30,14 | walk ->30,14 | weapon Rune Crossbow | untilShot 4 | target -[-] | gate - | overhead none | Zek@20,21 TAGGED; TzKal-Zuk@22,8 TAGGED
t390 | 22,14 | 17..21|E|frz-7 | zukIn 9 | setIn 37 | zukHp 771 | chosen 30,14 | walk ->30,14 | weapon Rune Crossbow | untilShot 3 | target TzKal-Zuk[zuk] | gate ok | overhead none | Zek@20,21 TAGGED; TzKal-Zuk@22,8 TAGGED
t391 | 24,14 | 18..22|E|frz-8 | zukIn 8 | setIn 36 | zukHp 761 | chosen 30,14 | walk ->30,14 | weapon Rune Crossbow | untilShot 2 | target TzKal-Zuk[zuk] | gate ok | overhead none | Zek@20,21 TAGGED; TzKal-Zuk@22,8 TAGGED
t392 | 26,14 | 19..23|E|frz-9 | zukIn 7 | setIn 35 | zukHp 761 | chosen 30,14 | walk ->30,14 | weapon Rune Crossbow | untilShot 1 | target TzKal-Zuk[zuk] | gate ok | overhead Protect from Magic | Zek@20,21 TAGGED; TzKal-Zuk@22,8 TAGGED
t393 | 26,14 | 20..24|E|frz-10 | zukIn 6 | setIn 34 | zukHp 761 | chosen 30,14 | walk ->30,14 | weapon Rune Crossbow | untilShot 5 | target -[-] | gate - | overhead none | Zek@20,21 TAGGED; TzKal-Zuk@22,8 TAGGED
FIRED t393 | 26,14 | Rune Crossbow | TzKal-Zuk
t394 | 28,14 | 21..25|E|frz-11 | zukIn 5 | setIn 33 | zukHp 761 | chosen 30,14 | walk ->30,14 | weapon Rune Crossbow | untilShot 4 | target TzKal-Zuk[zuk] | gate ok | overhead none | Zek@20,21 TAGGED; TzKal-Zuk@22,8 TAGGED
t395 | 30,14 | 22..26|E|frz-12 | zukIn 4 | setIn 32 | zukHp 761 | chosen 30,14 | walk - | weapon Rune Crossbow | untilShot 3 | target TzKal-Zuk[zuk] | gate ok | overhead none | Zek@20,21 TAGGED; TzKal-Zuk@22,8 TAGGED
t396 | 30,14 | 23..27|E|frz-13 | zukIn 3 | setIn 31 | zukHp 761 | chosen 30,14 | walk - | weapon Rune Crossbow | untilShot 2 | target TzKal-Zuk[zuk] | gate ok | overhead Protect from Magic | Zek@20,21 TAGGED; TzKal-Zuk@22,8 TAGGED
t397 | 30,14 | 24..28|E|frz-14 | zukIn 2 | setIn 30 | zukHp 761 | chosen 30,14 | walk - | weapon Rune Crossbow | untilShot 1 | target TzKal-Zuk[zuk] | gate ok | overhead none | Zek@20,21 TAGGED; TzKal-Zuk@22,8 TAGGED
t398 | 30,14 | 25..29|E|frz-15 | zukIn 1 | setIn 29 | zukHp 761 | chosen 30,14 | walk - | weapon Rune Crossbow | untilShot 5 | target TzKal-Zuk[zuk] | gate ok | overhead none | Zek@20,21 TAGGED; TzKal-Zuk@22,8 TAGGED
FIRED t398 | 30,14 | Rune Crossbow | TzKal-Zuk
t399 | 30,14 | 26..30|E|frz-16 | zukIn 10 | setIn 28 | zukHp 761 | chosen 35,14 | walk ->35,14 | weapon Rune Crossbow | untilShot 4 | target -[-] | gate - | overhead none | Zek@20,21 TAGGED; TzKal-Zuk@22,8 TAGGED
t400 | 32,14 | 27..31|E|frz-17 | zukIn 9 | setIn 27 | zukHp 761 | chosen 35,14 | walk ->35,14 | weapon Rune Crossbow | untilShot 3 | target TzKal-Zuk[zuk] | gate - | overhead Protect from Magic | Zek@20,21 TAGGED; TzKal-Zuk@22,8 TAGGED
t401 | 34,14 | 28..32|E|frz-18 | zukIn 8 | setIn 26 | zukHp 740 | chosen 35,14 | walk ->35,14 | weapon Rune Crossbow | untilShot 2 | target TzKal-Zuk[zuk] | gate - | overhead none | Zek@20,21 TAGGED; TzKal-Zuk@22,8 TAGGED
t402 | 35,14 | 29..33|E|frz-19 | zukIn 7 | setIn 25 | zukHp 740 | chosen 35,14 | walk - | weapon Rune Crossbow | untilShot 1 | target TzKal-Zuk[zuk] | gate ok | overhead none | Zek@20,21 TAGGED; TzKal-Zuk@22,8 TAGGED
t403 | 35,14 | 30..34|E|frz-20 | zukIn 6 | setIn 24 | zukHp 740 | chosen 36,14 | walk ->36,14 | weapon Rune Crossbow | untilShot 5 | target -[-] | gate - | overhead none | Zek@20,21 TAGGED; TzKal-Zuk@22,8 TAGGED
FIRED t403 | 35,14 | Rune Crossbow | TzKal-Zuk
t404 | 36,14 | 31..35|E|frz-21 | zukIn 5 | setIn 23 | zukHp 740 | chosen 36,14 | walk - | weapon Rune Crossbow | untilShot 4 | target TzKal-Zuk[zuk] | gate - | overhead Protect from Magic | Zek@20,21 TAGGED; TzKal-Zuk@22,8 TAGGED
t405 | 36,14 | 32..36|E|frz-22 | zukIn 4 | setIn 22 | zukHp 740 | chosen 36,14 | walk - | weapon Rune Crossbow | untilShot 3 | target TzKal-Zuk[zuk] | gate - | overhead none | Zek@20,21 TAGGED; TzKal-Zuk@22,8 TAGGED
t406 | 36,14 | 33..37|E|frz-23 | zukIn 3 | setIn 21 | zukHp 740 | chosen 36,14 | walk - | weapon Rune Crossbow | untilShot 2 | target TzKal-Zuk[zuk] | gate - | overhead none | Zek@20,21 TAGGED; TzKal-Zuk@22,8 TAGGED
t407 | 36,14 | 34..38|E|frz-24 | zukIn 2 | setIn 20 | zukHp 740 | chosen 36,14 | walk - | weapon Rune Crossbow | untilShot 1 | target TzKal-Zuk[zuk] | gate - | overhead none | Zek@20,21 TAGGED; TzKal-Zuk@22,8 TAGGED
t408 | 36,14 | 35..39|E|frz-25 | zukIn 1 | setIn 19 | zukHp 740 | chosen 36,14 | walk - | weapon Rune Crossbow | untilShot 1 | target TzKal-Zuk[zuk] | gate - | overhead Protect from Magic | Zek@20,21 TAGGED; TzKal-Zuk@22,8 TAGGED
t409 | 36,14 | 36..40|W|frz4 | zukIn 10 | setIn 18 | zukHp 740 | chosen 30,14 | walk ->30,14 | weapon Rune Crossbow | untilShot 1 | target -[-] | gate - | overhead none | Zek@20,21 TAGGED; TzKal-Zuk@22,8 TAGGED
t410 | 34,14 | 36..40|W|frz3 | zukIn 9 | setIn 17 | zukHp 740 | chosen 30,14 | walk ->30,14 | weapon Rune Crossbow | untilShot 1 | target TzKal-Zuk[zuk] | gate - | overhead none | Zek@20,21 TAGGED; TzKal-Zuk@22,8 TAGGED
t411 | 32,14 | 36..40|W|frz2 | zukIn 8 | setIn 16 | zukHp 740 | chosen 30,14 | walk ->30,14 | weapon Rune Crossbow | untilShot 1 | target TzKal-Zuk[zuk] | gate - | overhead none | Zek@20,21 TAGGED; TzKal-Zuk@22,8 TAGGED
t412 | 30,14 | 36..40|W|frz1 | zukIn 7 | setIn 15 | zukHp 740 | chosen 30,14 | walk - | weapon Rune Crossbow | untilShot 1 | target TzKal-Zuk[zuk] | gate ok | overhead Protect from Magic | Zek@20,21 TAGGED; TzKal-Zuk@22,8 TAGGED
t413 | 30,14 | 36..40|W|frz0 | zukIn 6 | setIn 14 | zukHp 740 | chosen 30,14 | walk - | weapon Rune Crossbow | untilShot 5 | target TzKal-Zuk[zuk] | gate ok | overhead none | Zek@20,21 TAGGED; TzKal-Zuk@22,8 TAGGED
FIRED t413 | 30,14 | Rune Crossbow | TzKal-Zuk
t414 | 30,14 | 35..39|W|frz-1 | zukIn 5 | setIn 13 | zukHp 740 | chosen 30,14 | walk - | weapon Rune Crossbow | untilShot 4 | target TzKal-Zuk[zuk] | gate ok | overhead none | Zek@20,21 TAGGED; TzKal-Zuk@22,8 TAGGED
t415 | 30,14 | 34..38|W|frz-2 | zukIn 4 | setIn 12 | zukHp 740 | chosen 30,14 | walk - | weapon Rune Crossbow | untilShot 3 | target TzKal-Zuk[zuk] | gate ok | overhead none | Zek@20,21 TAGGED; TzKal-Zuk@22,8 TAGGED
t416 | 30,14 | 33..37|W|frz-3 | zukIn 3 | setIn 11 | zukHp 740 | chosen 30,14 | walk - | weapon Rune Crossbow | untilShot 2 | target TzKal-Zuk[zuk] | gate ok | overhead Protect from Magic | Zek@20,21 TAGGED; TzKal-Zuk@22,8 TAGGED
t417 | 30,14 | 32..36|W|frz-4 | zukIn 2 | setIn 10 | zukHp 740 | chosen 30,14 | walk - | weapon Rune Crossbow | untilShot 1 | target TzKal-Zuk[zuk] | gate ok | overhead none | Zek@20,21 TAGGED; TzKal-Zuk@22,8 TAGGED
t418 | 30,14 | 31..35|W|frz-5 | zukIn 1 | setIn 9 | zukHp 740 | chosen 30,14 | walk - | weapon Rune Crossbow | untilShot 5 | target TzKal-Zuk[zuk] | gate ok | overhead none | Zek@20,21 TAGGED; TzKal-Zuk@22,8 TAGGED
FIRED t418 | 30,14 | Rune Crossbow | TzKal-Zuk
t419 | 30,14 | 30..34|W|frz-6 | zukIn 10 | setIn 8 | zukHp 740 | chosen 20,14 | walk ->20,14 | weapon Rune Crossbow | untilShot 4 | target -[-] | gate - | overhead none | Zek@20,21 TAGGED; TzKal-Zuk@22,8 TAGGED
t420 | 28,14 | 29..33|W|frz-7 | zukIn 9 | setIn 7 | zukHp 740 | chosen 20,14 | walk ->20,14 | weapon Rune Crossbow | untilShot 3 | target TzKal-Zuk[zuk] | gate ok | overhead Protect from Magic | Zek@20,21 TAGGED; TzKal-Zuk@22,8 TAGGED
t421 | 26,14 | 28..32|W|frz-8 | zukIn 8 | setIn 6 | zukHp 740 | chosen 20,14 | walk ->20,14 | weapon Rune Crossbow | untilShot 2 | target TzKal-Zuk[zuk] | gate ok | overhead none | Zek@20,21 TAGGED; TzKal-Zuk@22,8 TAGGED
t422 | 24,14 | 27..31|W|frz-9 | zukIn 7 | setIn 5 | zukHp 740 | chosen 20,14 | walk ->20,14 | weapon Rune Crossbow | untilShot 1 | target TzKal-Zuk[zuk] | gate ok | overhead none | Zek@20,21 TAGGED; TzKal-Zuk@22,8 TAGGED
t423 | 24,14 | 26..30|W|frz-10 | zukIn 6 | setIn 4 | zukHp 740 | chosen 20,14 | walk ->20,14 | weapon Rune Crossbow | untilShot 5 | target -[-] | gate - | overhead none | Zek@20,21 TAGGED; TzKal-Zuk@22,8 TAGGED
FIRED t423 | 24,14 | Rune Crossbow | TzKal-Zuk
t424 | 22,14 | 25..29|W|frz-11 | zukIn 5 | setIn 3 | zukHp 740 | chosen 22,14 | walk ->20,14 | weapon Rune Crossbow | untilShot 4 | target TzKal-Zuk[zuk] | gate ok | overhead Protect from Magic | Zek@20,21 TAGGED; TzKal-Zuk@22,8 TAGGED
t425 | 20,14 | 24..28|W|frz-12 | zukIn 4 | setIn 2 | zukHp 740 | chosen 22,14 | walk ->22,14 | weapon Rune Crossbow | untilShot 3 | target -[-] | gate - | overhead none | Zek@20,21 TAGGED; TzKal-Zuk@22,8 TAGGED
t426 | 22,14 | 23..27|W|frz-13 | zukIn 3 | setIn 1 | zukHp 719 | chosen 22,14 | walk - | weapon Rune Crossbow | untilShot 2 | target TzKal-Zuk[zuk] | gate ok | overhead none | Zek@20,21 TAGGED; TzKal-Zuk@22,8 TAGGED
t427 | 22,14 | 22..26|W|frz-14 | zukIn 2 | setIn 0 | zukHp 719 | chosen 22,14 | walk - | weapon Rune Crossbow | untilShot 1 | target TzKal-Zuk[zuk] | gate ok | overhead none | Zek@20,21 TAGGED; TzKal-Zuk@22,8 TAGGED; Zek@20,21 onShield; Xil@29,21 onShield
t428 | 22,14 | 21..25|W|frz-15 | zukIn 1 | setIn 349 | zukHp 719 | chosen 22,14 | walk - | weapon Rune Crossbow | untilShot 1 | target Jal-Zek[untagged-tag] | gate ok | overhead Protect from Magic | Zek@20,21 onShield; Xil@29,21 onShield; Zek@20,21 TAGGED; TzKal-Zuk@22,8 TAGGED
t429 | 22,14 | 20..24|W|frz-16 | zukIn 10 | setIn 348 | zukHp 719 | chosen 14,14 | walk ->14,14 | weapon Rune Crossbow | untilShot 5 | target -[-] | gate - | overhead none | Zek@20,21 onShield; Xil@29,21 onShield; Zek@20,21 TAGGED; TzKal-Zuk@22,8 TAGGED
FIRED t429 | 22,14 | Rune Crossbow | Jal-Zek
t430 | 20,14 | 19..23|W|frz-17 | zukIn 9 | setIn 347 | zukHp 719 | chosen 14,14 | walk ->14,14 | weapon Rune Crossbow | untilShot 4 | target Jal-Zek[untagged-tag] | gate ok | overhead none | Zek@20,21 onShield; Xil@29,21 onShield; Zek@20,21 TAGGED; TzKal-Zuk@22,8 TAGGED
t431 | 18,14 | 18..22|W|frz-18 | zukIn 8 | setIn 346 | zukHp 719 | chosen 14,14 | walk ->14,14 | weapon Rune Crossbow | untilShot 3 | target Jal-Zek[untagged-tag] | gate ok | overhead none | Zek@20,21 onShield; Xil@29,21 onShield; Zek@20,21 TAGGED; TzKal-Zuk@22,8 TAGGED
t432 | 16,14 | 17..21|W|frz-19 | zukIn 7 | setIn 345 | zukHp 719 | chosen 14,14 | walk ->14,14 | weapon Rune Crossbow | untilShot 2 | target TzKal-Zuk[zuk] | gate - | overhead Protect from Magic | Zek@20,21 TAGGED; Xil@29,21 onShield; Zek@20,21 TAGGED; TzKal-Zuk@22,8 TAGGED
t433 | 14,14 | 16..20|W|frz-20 | zukIn 6 | setIn 344 | zukHp 719 | chosen 14,14 | walk - | weapon Rune Crossbow | untilShot 1 | target TzKal-Zuk[zuk] | gate - | overhead none | Zek@20,21 TAGGED; Xil@29,21 onShield; Zek@20,21 TAGGED; TzKal-Zuk@22,8 TAGGED
t434 | 14,14 | 15..19|W|frz-21 | zukIn 5 | setIn 343 | zukHp 719 | chosen 14,14 | walk - | weapon Rune Crossbow | untilShot 1 | target TzKal-Zuk[zuk] | gate - | overhead Protect from Magic | Zek@20,21 TAGGED; Xil@29,21 onShield; Zek@20,21 TAGGED; TzKal-Zuk@22,8 TAGGED
t435 | 14,14 | 14..18|W|frz-22 | zukIn 4 | setIn 342 | zukHp 719 | chosen 14,14 | walk - | weapon Rune Crossbow | untilShot 1 | target TzKal-Zuk[zuk] | gate - | overhead none | Zek@20,21 TAGGED; Xil@29,21 onShield; Zek@20,21 TAGGED; TzKal-Zuk@22,8 TAGGED
t436 | 14,14 | 13..17|W|frz-23 | zukIn 3 | setIn 341 | zukHp 719 | chosen 14,14 | walk - | weapon Rune Crossbow | untilShot 1 | target TzKal-Zuk[zuk] | gate - | overhead Protect from Magic | Zek@20,21 TAGGED; Xil@29,21 onShield; Zek@20,21 TAGGED; TzKal-Zuk@22,8 TAGGED
t437 | 14,14 | 12..16|W|frz-24 | zukIn 2 | setIn 340 | zukHp 719 | chosen 14,14 | walk - | weapon Rune Crossbow | untilShot 1 | target TzKal-Zuk[zuk] | gate - | overhead none | Zek@20,21 TAGGED; Xil@29,21 onShield; Zek@20,21 TAGGED; TzKal-Zuk@22,8 TAGGED
t438 | 14,14 | 11..15|W|frz-25 | zukIn 1 | setIn 339 | zukHp 719 | chosen 14,14 | walk - | weapon Rune Crossbow | untilShot 1 | target TzKal-Zuk[zuk] | gate - | overhead Protect from Magic | Zek@20,21 TAGGED; Xil@29,21 onShield; Zek@20,21 TAGGED; TzKal-Zuk@22,8 TAGGED
t439 | 14,14 | 10..14|E|frz4 | zukIn 10 | setIn 338 | zukHp 719 | chosen 22,14 | walk ->22,14 | weapon Rune Crossbow | untilShot 1 | target -[-] | gate - | overhead none | Zek@20,21 TAGGED; Xil@29,21 onShield; Zek@20,21 TAGGED; TzKal-Zuk@22,8 TAGGED
t440 | 16,14 | 10..14|E|frz3 | zukIn 9 | setIn 337 | zukHp 719 | chosen 22,14 | walk ->22,14 | weapon Rune Crossbow | untilShot 1 | target TzKal-Zuk[zuk] | gate - | overhead Protect from Magic | Zek@20,21 TAGGED; Xil@29,21 onShield; Zek@20,21 TAGGED; TzKal-Zuk@22,8 TAGGED
t441 | 18,14 | 10..14|E|frz2 | zukIn 8 | setIn 336 | zukHp 719 | chosen 22,14 | walk ->22,14 | weapon Rune Crossbow | untilShot 1 | target TzKal-Zuk[zuk] | gate - | overhead none | Zek@20,21 TAGGED; Xil@29,21 onShield; Zek@20,21 TAGGED; TzKal-Zuk@22,8 TAGGED
t442 | 20,14 | 10..14|E|frz1 | zukIn 7 | setIn 335 | zukHp 719 | chosen 22,14 | walk ->22,14 | weapon Rune Crossbow | untilShot 1 | target TzKal-Zuk[zuk] | gate - | overhead Protect from Magic | Zek@20,21 TAGGED; Xil@29,21 onShield; Zek@20,21 TAGGED; TzKal-Zuk@22,8 TAGGED
t443 | 22,14 | 10..14|E|frz0 | zukIn 6 | setIn 334 | zukHp 719 | chosen 22,14 | walk - | weapon Rune Crossbow | untilShot 1 | target Jal-Xil[untagged-tag] | gate ok | overhead none | Zek@20,21 TAGGED; Xil@29,21 onShield; Zek@20,21 TAGGED; TzKal-Zuk@22,8 TAGGED
t444 | 22,14 | 11..15|E|frz-1 | zukIn 5 | setIn 333 | zukHp 719 | chosen 20,14 | walk ->20,14 | weapon Rune Crossbow | untilShot 5 | target -[-] | gate - | overhead Protect from Magic | Zek@20,21 TAGGED; Xil@29,21 onShield; Zek@20,21 TAGGED; TzKal-Zuk@22,8 TAGGED
FIRED t444 | 22,14 | Rune Crossbow | Jal-Xil
t445 | 20,14 | 12..16|E|frz-2 | zukIn 4 | setIn 332 | zukHp 719 | chosen 20,14 | walk - | weapon Rune Crossbow | untilShot 4 | target TzKal-Zuk[zuk] | gate - | overhead none | Zek@20,21 TAGGED; Xil@29,21 onShield; Zek@20,21 TAGGED; TzKal-Zuk@22,8 TAGGED
t446 | 20,14 | 13..17|E|frz-3 | zukIn 3 | setIn 331 | zukHp 719 | chosen 20,14 | walk - | weapon Rune Crossbow | untilShot 3 | target TzKal-Zuk[zuk] | gate - | overhead Protect from Magic | Zek@20,21 TAGGED; Xil@29,21 onShield; Zek@20,21 TAGGED; TzKal-Zuk@22,8 TAGGED
t447 | 20,14 | 14..18|E|frz-4 | zukIn 2 | setIn 330 | zukHp 719 | chosen 20,14 | walk - | weapon Rune Crossbow | untilShot 2 | target TzKal-Zuk[zuk] | gate ok | overhead none | Zek@20,21 TAGGED; Xil@29,21 TAGGED; Zek@20,21 TAGGED; TzKal-Zuk@22,8 TAGGED
t448 | 20,14 | 15..19|E|frz-5 | zukIn 1 | setIn 329 | zukHp 719 | chosen 20,14 | walk - | weapon Rune Crossbow | untilShot 1 | target TzKal-Zuk[zuk] | gate ok | overhead Protect from Magic | Zek@20,21 TAGGED; Xil@29,21 TAGGED; Zek@20,21 TAGGED; TzKal-Zuk@22,8 TAGGED
t449 | 20,14 | 16..20|E|frz-6 | zukIn 10 | setIn 328 | zukHp 719 | chosen 30,14 | walk ->30,14 | weapon Rune Crossbow | untilShot 5 | target -[-] | gate - | overhead Protect from Range | Zek@20,21 TAGGED; Xil@29,21 TAGGED; Zek@20,21 TAGGED; TzKal-Zuk@22,8 TAGGED
FIRED t449 | 20,14 | Rune Crossbow | TzKal-Zuk
t450 | 22,14 | 17..21|E|frz-7 | zukIn 9 | setIn 327 | zukHp 719 | chosen 30,14 | walk ->30,14 | weapon Rune Crossbow | untilShot 4 | target Jal-Xil[ranger-kill] | gate ok | overhead Protect from Magic | Zek@20,21 TAGGED; Xil@29,21 TAGGED; Zek@20,21 TAGGED; TzKal-Zuk@22,8 TAGGED
t451 | 24,14 | 18..22|E|frz-8 | zukIn 8 | setIn 326 | zukHp 719 | chosen 30,14 | walk ->30,14 | weapon Rune Crossbow | untilShot 3 | target Jal-Xil[ranger-kill] | gate ok | overhead none | Zek@20,21 TAGGED; Xil@29,21 TAGGED; Zek@20,21 TAGGED; TzKal-Zuk@22,8 TAGGED
t452 | 26,14 | 19..23|E|frz-9 | zukIn 7 | setIn 325 | zukHp 719 | chosen 30,14 | walk ->30,14 | weapon Rune Crossbow | untilShot 2 | target Jal-Xil[ranger-kill] | gate ok | overhead Protect from Magic | Zek@20,21 TAGGED; Xil@29,21 TAGGED; Zek@20,21 TAGGED; TzKal-Zuk@22,8 TAGGED
t453 | 28,14 | 20..24|E|frz-10 | zukIn 6 | setIn 324 | zukHp 719 | chosen 30,14 | walk ->30,14 | weapon Toxic Blowpipe | untilShot 1 | target Jal-Xil[ranger-kill] | gate ok | overhead Protect from Range | Zek@20,21 TAGGED; Xil@29,21 TAGGED; Zek@20,21 TAGGED; TzKal-Zuk@22,8 TAGGED
t454 | 28,14 | 21..25|E|frz-11 | zukIn 5 | setIn 323 | zukHp 719 | chosen 30,14 | walk ->30,14 | weapon Toxic Blowpipe | untilShot 2 | target -[-] | gate - | overhead Protect from Magic | Zek@20,21 TAGGED; Xil@29,21 TAGGED; Zek@20,21 TAGGED; TzKal-Zuk@22,8 TAGGED
FIRED t454 | 28,14 | Toxic Blowpipe | Jal-Xil
t455 | 30,14 | 22..26|E|frz-12 | zukIn 4 | setIn 322 | zukHp 719 | chosen 30,14 | walk - | weapon Toxic Blowpipe | untilShot 1 | target Jal-Xil[ranger-kill] | gate ok | overhead none | Zek@20,21 TAGGED; Xil@29,21 TAGGED; Zek@20,21 TAGGED; TzKal-Zuk@22,8 TAGGED
t456 | 30,14 | 23..27|E|frz-13 | zukIn 3 | setIn 321 | zukHp 719 | chosen 30,14 | walk - | weapon Toxic Blowpipe | untilShot 2 | target Jal-Xil[ranger-kill] | gate ok | overhead Protect from Magic | Zek@20,21 TAGGED; Xil@29,21 TAGGED; Zek@20,21 TAGGED; TzKal-Zuk@22,8 TAGGED
FIRED t456 | 30,14 | Toxic Blowpipe | Jal-Xil
t457 | 30,14 | 24..28|E|frz-14 | zukIn 2 | setIn 320 | zukHp 719 | chosen 30,14 | walk - | weapon Toxic Blowpipe | untilShot 1 | target Jal-Xil[ranger-kill] | gate ok | overhead Protect from Range | Zek@20,21 TAGGED; Xil@29,21 TAGGED; Zek@20,21 TAGGED; TzKal-Zuk@22,8 TAGGED
t458 | 30,14 | 25..29|E|frz-15 | zukIn 1 | setIn 319 | zukHp 719 | chosen 30,14 | walk - | weapon Toxic Blowpipe | untilShot 2 | target Jal-Xil[ranger-kill] | gate ok | overhead Protect from Magic | Zek@20,21 TAGGED; Xil@29,21 TAGGED; Zek@20,21 TAGGED; TzKal-Zuk@22,8 TAGGED
FIRED t458 | 30,14 | Toxic Blowpipe | Jal-Xil
t459 | 30,14 | 26..30|E|frz-16 | zukIn 10 | setIn 318 | zukHp 719 | chosen 36,14 | walk ->36,14 | weapon Toxic Blowpipe | untilShot 1 | target -[-] | gate - | overhead none | Zek@20,21 TAGGED; Xil@29,21 TAGGED; Zek@20,21 TAGGED; TzKal-Zuk@22,8 TAGGED
t460 | 32,14 | 27..31|E|frz-17 | zukIn 9 | setIn 317 | zukHp 719 | chosen 36,14 | walk ->36,14 | weapon Toxic Blowpipe | untilShot 1 | target Jal-Xil[ranger-kill] | gate ok | overhead Protect from Magic | Zek@20,21 TAGGED; Xil@29,21 TAGGED; Zek@20,21 TAGGED; TzKal-Zuk@22,8 TAGGED
t461 | 32,14 | 28..32|E|frz-18 | zukIn 8 | setIn 316 | zukHp 719 | chosen 36,14 | walk ->36,14 | weapon Toxic Blowpipe | untilShot 2 | target -[-] | gate - | overhead Protect from Range | Zek@20,21 TAGGED; Xil@29,21 TAGGED; Zek@20,21 TAGGED; TzKal-Zuk@22,8 TAGGED
FIRED t461 | 32,14 | Toxic Blowpipe | Jal-Xil
t462 | 34,14 | 29..33|E|frz-19 | zukIn 7 | setIn 315 | zukHp 719 | chosen 36,14 | walk ->36,14 | weapon Toxic Blowpipe | untilShot 1 | target Jal-Xil[ranger-kill] | gate ok | overhead Protect from Magic | Zek@20,21 TAGGED; Xil@29,21 TAGGED; Zek@20,21 TAGGED; TzKal-Zuk@22,8 TAGGED
t463 | 34,14 | 30..34|E|frz-20 | zukIn 6 | setIn 314 | zukHp 719 | chosen 36,14 | walk ->36,14 | weapon Toxic Blowpipe | untilShot 2 | target -[-] | gate - | overhead none | Zek@20,21 TAGGED; Xil@29,21 TAGGED; Zek@20,21 TAGGED; TzKal-Zuk@22,8 TAGGED
FIRED t463 | 34,14 | Toxic Blowpipe | Jal-Xil
t464 | 36,14 | 31..35|E|frz-21 | zukIn 5 | setIn 313 | zukHp 719 | chosen 36,14 | walk - | weapon Toxic Blowpipe | untilShot 1 | target Jal-Xil[ranger-kill] | gate ok | overhead Protect from Magic | Zek@20,21 TAGGED; Xil@29,21 TAGGED; Zek@20,21 TAGGED; TzKal-Zuk@22,8 TAGGED
t465 | 36,14 | 32..36|E|frz-22 | zukIn 4 | setIn 312 | zukHp 719 | chosen 36,14 | walk - | weapon Toxic Blowpipe | untilShot 2 | target Jal-Xil[ranger-kill] | gate ok | overhead Protect from Range | Zek@20,21 TAGGED; Xil@29,21 TAGGED; Zek@20,21 TAGGED; TzKal-Zuk@22,8 TAGGED
FIRED t465 | 36,14 | Toxic Blowpipe | Jal-Xil
t466 | 36,14 | 33..37|E|frz-23 | zukIn 3 | setIn 311 | zukHp 719 | chosen 36,14 | walk - | weapon Toxic Blowpipe | untilShot 1 | target Jal-Xil[ranger-kill] | gate ok | overhead Protect from Magic | Zek@20,21 TAGGED; Xil@29,21 TAGGED; Zek@20,21 TAGGED; TzKal-Zuk@22,8 TAGGED
t467 | 36,14 | 34..38|E|frz-24 | zukIn 2 | setIn 310 | zukHp 719 | chosen 36,14 | walk - | weapon Toxic Blowpipe | untilShot 2 | target Jal-Xil[ranger-kill] | gate ok | overhead none | Zek@20,21 TAGGED; Xil@29,21 TAGGED; Zek@20,21 TAGGED; TzKal-Zuk@22,8 TAGGED
FIRED t467 | 36,14 | Toxic Blowpipe | Jal-Xil
t468 | 36,14 | 35..39|E|frz-25 | zukIn 1 | setIn 309 | zukHp 719 | chosen 36,14 | walk - | weapon Toxic Blowpipe | untilShot 1 | target Jal-Xil[ranger-kill] | gate ok | overhead Protect from Magic | Zek@20,21 TAGGED; Xil@29,21 TAGGED; Zek@20,21 TAGGED; TzKal-Zuk@22,8 TAGGED
t469 | 36,14 | 36..40|W|frz4 | zukIn 10 | setIn 308 | zukHp 719 | chosen 30,14 | walk ->30,14 | weapon Toxic Blowpipe | untilShot 2 | target -[-] | gate - | overhead Protect from Range | Zek@20,21 TAGGED; Xil@29,21 TAGGED; Zek@20,21 TAGGED; TzKal-Zuk@22,8 TAGGED
FIRED t469 | 36,14 | Toxic Blowpipe | Jal-Xil
t470 | 34,14 | 36..40|W|frz3 | zukIn 9 | setIn 307 | zukHp 719 | chosen 30,14 | walk ->30,14 | weapon Toxic Blowpipe | untilShot 1 | target Jal-Xil[ranger-kill] | gate ok | overhead Protect from Magic | Zek@20,21 TAGGED; Xil@29,21 TAGGED; Zek@20,21 TAGGED; TzKal-Zuk@22,8 TAGGED
t471 | 34,14 | 36..40|W|frz2 | zukIn 8 | setIn 306 | zukHp 719 | chosen 30,14 | walk ->30,14 | weapon Toxic Blowpipe | untilShot 2 | target -[-] | gate - | overhead none | Zek@20,21 TAGGED; Xil@29,21 TAGGED; Zek@20,21 TAGGED; TzKal-Zuk@22,8 TAGGED
FIRED t471 | 34,14 | Toxic Blowpipe | Jal-Xil
t472 | 32,14 | 36..40|W|frz1 | zukIn 7 | setIn 305 | zukHp 719 | chosen 30,14 | walk ->30,14 | weapon Toxic Blowpipe | untilShot 1 | target Jal-Xil[ranger-kill] | gate ok | overhead Protect from Magic | Zek@20,21 TAGGED; Xil@29,21 TAGGED; Zek@20,21 TAGGED; TzKal-Zuk@22,8 TAGGED
t473 | 32,14 | 36..40|W|frz0 | zukIn 6 | setIn 304 | zukHp 719 | chosen 30,14 | walk ->30,14 | weapon Toxic Blowpipe | untilShot 2 | target -[-] | gate - | overhead Protect from Range | Zek@20,21 TAGGED; Xil@29,21 TAGGED; Zek@20,21 TAGGED; TzKal-Zuk@22,8 TAGGED
FIRED t473 | 32,14 | Toxic Blowpipe | Jal-Xil
t474 | 30,14 | 35..39|W|frz-1 | zukIn 5 | setIn 303 | zukHp 719 | chosen 30,14 | walk - | weapon Toxic Blowpipe | untilShot 1 | target Jal-Xil[ranger-kill] | gate ok | overhead Protect from Magic | Zek@20,21 TAGGED; Xil@29,21 TAGGED; Zek@20,21 TAGGED; TzKal-Zuk@22,8 TAGGED
t475 | 30,14 | 34..38|W|frz-2 | zukIn 4 | setIn 302 | zukHp 719 | chosen 30,14 | walk - | weapon Toxic Blowpipe | untilShot 2 | target Jal-Xil[ranger-kill] | gate ok | overhead none | Zek@20,21 TAGGED; Xil@29,21 TAGGED; Zek@20,21 TAGGED; TzKal-Zuk@22,8 TAGGED
FIRED t475 | 30,14 | Toxic Blowpipe | Jal-Xil
t476 | 30,14 | 33..37|W|frz-3 | zukIn 3 | setIn 301 | zukHp 719 | chosen 30,14 | walk - | weapon Toxic Blowpipe | untilShot 1 | target Jal-Xil[ranger-kill] | gate ok | overhead Protect from Magic | Zek@20,21 TAGGED; Xil@29,21 TAGGED; Zek@20,21 TAGGED; TzKal-Zuk@22,8 TAGGED
t477 | 30,14 | 32..36|W|frz-4 | zukIn 2 | setIn 300 | zukHp 719 | chosen 30,14 | walk - | weapon Toxic Blowpipe | untilShot 1 | target TzKal-Zuk[zuk] | gate ok | overhead Protect from Range | Zek@20,21 TAGGED; Zek@20,21 TAGGED; TzKal-Zuk@22,8 TAGGED
t478 | 30,14 | 31..35|W|frz-5 | zukIn 1 | setIn 299 | zukHp 719 | chosen 30,14 | walk - | weapon Rune Crossbow | untilShot 1 | target TzKal-Zuk[zuk] | gate ok | overhead Protect from Magic | Zek@20,21 TAGGED; Zek@20,21 TAGGED; TzKal-Zuk@22,8 TAGGED
t479 | 30,14 | 30..34|W|frz-6 | zukIn 10 | setIn 298 | zukHp 719 | chosen 20,14 | walk ->20,14 | weapon Rune Crossbow | untilShot 5 | target -[-] | gate - | overhead none | Zek@20,21 TAGGED; Zek@20,21 TAGGED; TzKal-Zuk@22,8 TAGGED
FIRED t479 | 30,14 | Rune Crossbow | TzKal-Zuk
t480 | 28,14 | 29..33|W|frz-7 | zukIn 9 | setIn 297 | zukHp 719 | chosen 20,14 | walk ->20,14 | weapon Rune Crossbow | untilShot 4 | target TzKal-Zuk[zuk] | gate ok | overhead Protect from Magic | Zek@20,21 TAGGED; Zek@20,21 TAGGED; TzKal-Zuk@22,8 TAGGED
t481 | 26,14 | 28..32|W|frz-8 | zukIn 8 | setIn 296 | zukHp 719 | chosen 20,14 | walk ->20,14 | weapon Rune Crossbow | untilShot 3 | target TzKal-Zuk[zuk] | gate ok | overhead none | Zek@20,21 TAGGED; Zek@20,21 TAGGED; TzKal-Zuk@22,8 TAGGED
t482 | 24,14 | 27..31|W|frz-9 | zukIn 7 | setIn 295 | zukHp 719 | chosen 20,14 | walk ->20,14 | weapon Rune Crossbow | untilShot 2 | target TzKal-Zuk[zuk] | gate ok | overhead Protect from Magic | Zek@20,21 TAGGED; Zek@20,21 TAGGED; TzKal-Zuk@22,8 TAGGED
t483 | 22,14 | 26..30|W|frz-10 | zukIn 6 | setIn 294 | zukHp 719 | chosen 20,14 | walk ->20,14 | weapon Rune Crossbow | untilShot 1 | target TzKal-Zuk[zuk] | gate ok | overhead none | Zek@20,21 TAGGED; Zek@20,21 TAGGED; TzKal-Zuk@22,8 TAGGED
t484 | 22,14 | 25..29|W|frz-11 | zukIn 5 | setIn 293 | zukHp 719 | chosen 20,14 | walk ->20,14 | weapon Rune Crossbow | untilShot 5 | target -[-] | gate - | overhead Protect from Magic | Zek@20,21 TAGGED; Zek@20,21 TAGGED; TzKal-Zuk@22,8 TAGGED
FIRED t484 | 22,14 | Rune Crossbow | TzKal-Zuk
t485 | 20,14 | 24..28|W|frz-12 | zukIn 4 | setIn 292 | zukHp 719 | chosen 20,14 | walk - | weapon Rune Crossbow | untilShot 4 | target TzKal-Zuk[zuk] | gate ok | overhead none | Zek@20,21 TAGGED; Zek@20,21 TAGGED; TzKal-Zuk@22,8 TAGGED
t486 | 20,14 | 23..27|W|frz-13 | zukIn 3 | setIn 291 | zukHp 719 | chosen 20,14 | walk - | weapon Rune Crossbow | untilShot 3 | target TzKal-Zuk[zuk] | gate ok | overhead Protect from Magic | Zek@20,21 TAGGED; Zek@20,21 TAGGED; TzKal-Zuk@22,8 TAGGED
t487 | 20,14 | 22..26|W|frz-14 | zukIn 2 | setIn 290 | zukHp 719 | chosen 20,14 | walk - | weapon Rune Crossbow | untilShot 2 | target TzKal-Zuk[zuk] | gate ok | overhead none | Zek@20,21 TAGGED; Zek@20,21 TAGGED; TzKal-Zuk@22,8 TAGGED
t488 | 20,14 | 21..25|W|frz-15 | zukIn 1 | setIn 289 | zukHp 719 | chosen 20,14 | walk - | weapon Rune Crossbow | untilShot 1 | target TzKal-Zuk[zuk] | gate ok | overhead Protect from Magic | Zek@20,21 TAGGED; Zek@20,21 TAGGED; TzKal-Zuk@22,8 TAGGED
t489 | 20,14 | 20..24|W|frz-16 | zukIn 10 | setIn 288 | zukHp 719 | chosen 14,14 | walk ->14,14 | weapon Rune Crossbow | untilShot 5 | target -[-] | gate - | overhead none | Zek@20,21 TAGGED; Zek@20,21 TAGGED; TzKal-Zuk@22,8 TAGGED
FIRED t489 | 20,14 | Rune Crossbow | TzKal-Zuk
t490 | 18,14 | 19..23|W|frz-17 | zukIn 9 | setIn 287 | zukHp 719 | chosen 14,14 | walk ->14,14 | weapon Rune Crossbow | untilShot 4 | target TzKal-Zuk[zuk] | gate - | overhead Protect from Magic | Zek@20,21 TAGGED; Zek@20,21 TAGGED; TzKal-Zuk@22,8 TAGGED
t491 | 16,14 | 18..22|W|frz-18 | zukIn 8 | setIn 286 | zukHp 719 | chosen 19,14 | walk ->19,14 | weapon Rune Crossbow | untilShot 3 | target -[-] | gate - | overhead none | Zek@20,21 TAGGED; Zek@20,21 TAGGED; TzKal-Zuk@22,8 TAGGED
t492 | 18,14 | 17..21|W|frz-19 | zukIn 7 | setIn 285 | zukHp 719 | chosen 15,14 | walk ->15,14 | weapon Rune Crossbow | untilShot 2 | target -[-] | gate - | overhead Protect from Magic | Zek@20,21 TAGGED; Zek@20,21 TAGGED; TzKal-Zuk@22,8 TAGGED
t493 | 16,14 | 16..20|W|frz-20 | zukIn 6 | setIn 284 | zukHp 719 | chosen 15,14 | walk ->15,14 | weapon Rune Crossbow | untilShot 1 | target TzKal-Zuk[zuk] | gate - | overhead none | Zek@20,21 TAGGED; Zek@20,21 TAGGED; TzKal-Zuk@22,8 TAGGED
t494 | 15,14 | 15..19|W|frz-21 | zukIn 5 | setIn 283 | zukHp 719 | chosen 15,14 | walk - | weapon Rune Crossbow | untilShot 1 | target TzKal-Zuk[zuk] | gate ok | overhead Protect from Magic | Zek@20,21 TAGGED; Zek@20,21 TAGGED; TzKal-Zuk@22,8 TAGGED
t495 | 15,14 | 14..18|W|frz-22 | zukIn 4 | setIn 282 | zukHp 719 | chosen 14,14 | walk ->14,14 | weapon Rune Crossbow | untilShot 5 | target -[-] | gate - | overhead none | Zek@20,21 TAGGED; Zek@20,21 TAGGED; TzKal-Zuk@22,8 TAGGED
FIRED t495 | 15,14 | Rune Crossbow | TzKal-Zuk
t496 | 14,14 | 13..17|W|frz-23 | zukIn 3 | setIn 281 | zukHp 719 | chosen 14,14 | walk - | weapon Rune Crossbow | untilShot 4 | target TzKal-Zuk[zuk] | gate - | overhead Protect from Magic | Zek@20,21 TAGGED; Zek@20,21 TAGGED; TzKal-Zuk@22,8 TAGGED
t497 | 14,14 | 12..16|W|frz-24 | zukIn 2 | setIn 280 | zukHp 719 | chosen 14,14 | walk - | weapon Rune Crossbow | untilShot 3 | target TzKal-Zuk[zuk] | gate - | overhead none | Zek@20,21 TAGGED; Zek@20,21 TAGGED; TzKal-Zuk@22,8 TAGGED
t498 | 14,14 | 11..15|W|frz-25 | zukIn 1 | setIn 279 | zukHp 710 | chosen 14,14 | walk - | weapon Rune Crossbow | untilShot 2 | target TzKal-Zuk[zuk] | gate - | overhead Protect from Magic | Zek@20,21 TAGGED; Zek@20,21 TAGGED; TzKal-Zuk@22,8 TAGGED
t499 | 14,14 | 10..14|E|frz4 | zukIn 10 | setIn 278 | zukHp 710 | chosen 20,14 | walk ->20,14 | weapon Rune Crossbow | untilShot 1 | target -[-] | gate - | overhead none | Zek@20,21 TAGGED; Zek@20,21 TAGGED; TzKal-Zuk@22,8 TAGGED
t500 | 16,14 | 10..14|E|frz3 | zukIn 9 | setIn 277 | zukHp 710 | chosen 20,14 | walk ->20,14 | weapon Rune Crossbow | untilShot 1 | target TzKal-Zuk[zuk] | gate - | overhead Protect from Magic | Zek@20,21 TAGGED; Zek@20,21 TAGGED; TzKal-Zuk@22,8 TAGGED
t501 | 18,14 | 10..14|E|frz2 | zukIn 8 | setIn 276 | zukHp 710 | chosen 20,14 | walk ->20,14 | weapon Rune Crossbow | untilShot 1 | target TzKal-Zuk[zuk] | gate - | overhead none | Zek@20,21 TAGGED; Zek@20,21 TAGGED; TzKal-Zuk@22,8 TAGGED
t502 | 20,14 | 10..14|E|frz1 | zukIn 7 | setIn 275 | zukHp 710 | chosen 20,14 | walk - | weapon Rune Crossbow | untilShot 1 | target TzKal-Zuk[zuk] | gate ok | overhead Protect from Magic | Zek@20,21 TAGGED; Zek@20,21 TAGGED; TzKal-Zuk@22,8 TAGGED
t503 | 20,14 | 10..14|E|frz0 | zukIn 6 | setIn 274 | zukHp 710 | chosen 20,14 | walk - | weapon Rune Crossbow | untilShot 5 | target TzKal-Zuk[zuk] | gate ok | overhead none | Zek@20,21 TAGGED; Zek@20,21 TAGGED; TzKal-Zuk@22,8 TAGGED
FIRED t503 | 20,14 | Rune Crossbow | TzKal-Zuk
t504 | 20,14 | 11..15|E|frz-1 | zukIn 5 | setIn 273 | zukHp 710 | chosen 20,14 | walk - | weapon Rune Crossbow | untilShot 4 | target TzKal-Zuk[zuk] | gate ok | overhead Protect from Magic | Zek@20,21 TAGGED; Zek@20,21 TAGGED; TzKal-Zuk@22,8 TAGGED
t505 | 20,14 | 12..16|E|frz-2 | zukIn 4 | setIn 272 | zukHp 710 | chosen 20,14 | walk - | weapon Rune Crossbow | untilShot 3 | target TzKal-Zuk[zuk] | gate ok | overhead none | Zek@20,21 TAGGED; Zek@20,21 TAGGED; TzKal-Zuk@22,8 TAGGED
t506 | 20,14 | 13..17|E|frz-3 | zukIn 3 | setIn 271 | zukHp 692 | chosen 20,14 | walk - | weapon Rune Crossbow | untilShot 2 | target TzKal-Zuk[zuk] | gate ok | overhead Protect from Magic | Zek@20,21 TAGGED; Zek@20,21 TAGGED; TzKal-Zuk@22,8 TAGGED
t507 | 20,14 | 14..18|E|frz-4 | zukIn 2 | setIn 270 | zukHp 692 | chosen 20,14 | walk - | weapon Rune Crossbow | untilShot 1 | target TzKal-Zuk[zuk] | gate ok | overhead none | Zek@20,21 TAGGED; Zek@20,21 TAGGED; TzKal-Zuk@22,8 TAGGED
t508 | 20,14 | 15..19|E|frz-5 | zukIn 1 | setIn 269 | zukHp 692 | chosen 20,14 | walk - | weapon Rune Crossbow | untilShot 5 | target TzKal-Zuk[zuk] | gate ok | overhead Protect from Magic | Zek@20,21 TAGGED; Zek@20,21 TAGGED; TzKal-Zuk@22,8 TAGGED
FIRED t508 | 20,14 | Rune Crossbow | TzKal-Zuk
t509 | 20,14 | 16..20|E|frz-6 | zukIn 10 | setIn 268 | zukHp 692 | chosen 30,14 | walk ->30,14 | weapon Rune Crossbow | untilShot 4 | target -[-] | gate - | overhead none | Zek@20,21 TAGGED; Zek@20,21 TAGGED; TzKal-Zuk@22,8 TAGGED
t510 | 22,14 | 17..21|E|frz-7 | zukIn 9 | setIn 267 | zukHp 692 | chosen 30,14 | walk ->30,14 | weapon Rune Crossbow | untilShot 3 | target TzKal-Zuk[zuk] | gate ok | overhead Protect from Magic | Zek@20,21 TAGGED; Zek@20,21 TAGGED; TzKal-Zuk@22,8 TAGGED
t511 | 24,14 | 18..22|E|frz-8 | zukIn 8 | setIn 266 | zukHp 688 | chosen 30,14 | walk ->30,14 | weapon Rune Crossbow | untilShot 2 | target TzKal-Zuk[zuk] | gate ok | overhead none | Zek@20,21 TAGGED; Zek@20,21 TAGGED; TzKal-Zuk@22,8 TAGGED
t512 | 26,14 | 19..23|E|frz-9 | zukIn 7 | setIn 265 | zukHp 688 | chosen 30,14 | walk ->30,14 | weapon Rune Crossbow | untilShot 1 | target TzKal-Zuk[zuk] | gate ok | overhead Protect from Magic | Zek@20,21 TAGGED; Zek@20,21 TAGGED; TzKal-Zuk@22,8 TAGGED
t513 | 26,14 | 20..24|E|frz-10 | zukIn 6 | setIn 264 | zukHp 688 | chosen 30,14 | walk ->30,14 | weapon Rune Crossbow | untilShot 5 | target -[-] | gate - | overhead none | Zek@20,21 TAGGED; Zek@20,21 TAGGED; TzKal-Zuk@22,8 TAGGED
FIRED t513 | 26,14 | Rune Crossbow | TzKal-Zuk
t514 | 28,14 | 21..25|E|frz-11 | zukIn 5 | setIn 263 | zukHp 688 | chosen 30,14 | walk ->30,14 | weapon Rune Crossbow | untilShot 4 | target TzKal-Zuk[zuk] | gate ok | overhead Protect from Magic | Zek@20,21 TAGGED; Zek@20,21 TAGGED; TzKal-Zuk@22,8 TAGGED
t515 | 30,14 | 22..26|E|frz-12 | zukIn 4 | setIn 262 | zukHp 688 | chosen 30,14 | walk - | weapon Rune Crossbow | untilShot 3 | target TzKal-Zuk[zuk] | gate ok | overhead none | Zek@20,21 TAGGED; Zek@20,21 TAGGED; TzKal-Zuk@22,8 TAGGED
t516 | 30,14 | 23..27|E|frz-13 | zukIn 3 | setIn 261 | zukHp 680 | chosen 30,14 | walk - | weapon Rune Crossbow | untilShot 2 | target TzKal-Zuk[zuk] | gate ok | overhead Protect from Magic | Zek@20,21 TAGGED; Zek@20,21 TAGGED; TzKal-Zuk@22,8 TAGGED
t517 | 30,14 | 24..28|E|frz-14 | zukIn 2 | setIn 260 | zukHp 680 | chosen 30,14 | walk - | weapon Rune Crossbow | untilShot 1 | target TzKal-Zuk[zuk] | gate ok | overhead none | Zek@20,21 TAGGED; Zek@20,21 TAGGED; TzKal-Zuk@22,8 TAGGED
t518 | 30,14 | 25..29|E|frz-15 | zukIn 1 | setIn 259 | zukHp 680 | chosen 30,14 | walk - | weapon Rune Crossbow | untilShot 5 | target TzKal-Zuk[zuk] | gate ok | overhead Protect from Magic | Zek@20,21 TAGGED; Zek@20,21 TAGGED; TzKal-Zuk@22,8 TAGGED
FIRED t518 | 30,14 | Rune Crossbow | TzKal-Zuk
t519 | 30,14 | 26..30|E|frz-16 | zukIn 10 | setIn 258 | zukHp 680 | chosen 35,14 | walk ->35,14 | weapon Rune Crossbow | untilShot 4 | target -[-] | gate - | overhead none | Zek@20,21 TAGGED; Zek@20,21 TAGGED; TzKal-Zuk@22,8 TAGGED
t520 | 32,14 | 27..31|E|frz-17 | zukIn 9 | setIn 257 | zukHp 680 | chosen 35,14 | walk ->35,14 | weapon Rune Crossbow | untilShot 3 | target TzKal-Zuk[zuk] | gate - | overhead Protect from Magic | Zek@20,21 TAGGED; Zek@20,21 TAGGED; TzKal-Zuk@22,8 TAGGED
t521 | 34,14 | 28..32|E|frz-18 | zukIn 8 | setIn 256 | zukHp 680 | chosen 35,14 | walk ->35,14 | weapon Rune Crossbow | untilShot 2 | target TzKal-Zuk[zuk] | gate - | overhead none | Zek@20,21 TAGGED; Zek@20,21 TAGGED; TzKal-Zuk@22,8 TAGGED
t522 | 35,14 | 29..33|E|frz-19 | zukIn 7 | setIn 255 | zukHp 680 | chosen 35,14 | walk - | weapon Rune Crossbow | untilShot 1 | target TzKal-Zuk[zuk] | gate ok | overhead Protect from Magic | Zek@20,21 TAGGED; Zek@20,21 TAGGED; TzKal-Zuk@22,8 TAGGED
t523 | 35,14 | 30..34|E|frz-20 | zukIn 6 | setIn 254 | zukHp 680 | chosen 36,14 | walk ->36,14 | weapon Rune Crossbow | untilShot 5 | target -[-] | gate - | overhead none | Zek@20,21 TAGGED; Zek@20,21 TAGGED; TzKal-Zuk@22,8 TAGGED
FIRED t523 | 35,14 | Rune Crossbow | TzKal-Zuk
t524 | 36,14 | 31..35|E|frz-21 | zukIn 5 | setIn 253 | zukHp 680 | chosen 36,14 | walk - | weapon Rune Crossbow | untilShot 4 | target TzKal-Zuk[zuk] | gate - | overhead Protect from Magic | Zek@20,21 TAGGED; Zek@20,21 TAGGED; TzKal-Zuk@22,8 TAGGED
t525 | 36,14 | 32..36|E|frz-22 | zukIn 4 | setIn 252 | zukHp 680 | chosen 36,14 | walk - | weapon Rune Crossbow | untilShot 3 | target TzKal-Zuk[zuk] | gate - | overhead none | Zek@20,21 TAGGED; Zek@20,21 TAGGED; TzKal-Zuk@22,8 TAGGED
t526 | 36,14 | 33..37|E|frz-23 | zukIn 3 | setIn 251 | zukHp 680 | chosen 36,14 | walk - | weapon Rune Crossbow | untilShot 2 | target TzKal-Zuk[zuk] | gate - | overhead Protect from Magic | Zek@20,21 TAGGED; Zek@20,21 TAGGED; TzKal-Zuk@22,8 TAGGED
t527 | 36,14 | 34..38|E|frz-24 | zukIn 2 | setIn 250 | zukHp 680 | chosen 36,14 | walk - | weapon Rune Crossbow | untilShot 1 | target TzKal-Zuk[zuk] | gate - | overhead none | Zek@20,21 TAGGED; Zek@20,21 TAGGED; TzKal-Zuk@22,8 TAGGED
t528 | 36,14 | 35..39|E|frz-25 | zukIn 1 | setIn 249 | zukHp 680 | chosen 36,14 | walk - | weapon Rune Crossbow | untilShot 1 | target TzKal-Zuk[zuk] | gate - | overhead Protect from Magic | Zek@20,21 TAGGED; Zek@20,21 TAGGED; TzKal-Zuk@22,8 TAGGED
t529 | 36,14 | 36..40|W|frz4 | zukIn 10 | setIn 248 | zukHp 680 | chosen 30,14 | walk ->30,14 | weapon Rune Crossbow | untilShot 1 | target -[-] | gate - | overhead none | Zek@20,21 TAGGED; Zek@20,21 TAGGED; TzKal-Zuk@22,8 TAGGED
t530 | 34,14 | 36..40|W|frz3 | zukIn 9 | setIn 247 | zukHp 680 | chosen 30,14 | walk ->30,14 | weapon Rune Crossbow | untilShot 1 | target TzKal-Zuk[zuk] | gate - | overhead Protect from Magic | Zek@20,21 TAGGED; Zek@20,21 TAGGED; TzKal-Zuk@22,8 TAGGED
t531 | 32,14 | 36..40|W|frz2 | zukIn 8 | setIn 246 | zukHp 680 | chosen 30,14 | walk ->30,14 | weapon Rune Crossbow | untilShot 1 | target TzKal-Zuk[zuk] | gate - | overhead none | Zek@20,21 TAGGED; Zek@20,21 TAGGED; TzKal-Zuk@22,8 TAGGED
t532 | 30,14 | 36..40|W|frz1 | zukIn 7 | setIn 245 | zukHp 680 | chosen 30,14 | walk - | weapon Rune Crossbow | untilShot 1 | target TzKal-Zuk[zuk] | gate ok | overhead Protect from Magic | Zek@20,21 TAGGED; Zek@20,21 TAGGED; TzKal-Zuk@22,8 TAGGED
t533 | 30,14 | 36..40|W|frz0 | zukIn 6 | setIn 244 | zukHp 680 | chosen 30,14 | walk - | weapon Rune Crossbow | untilShot 5 | target TzKal-Zuk[zuk] | gate ok | overhead none | Zek@20,21 TAGGED; Zek@20,21 TAGGED; TzKal-Zuk@22,8 TAGGED
FIRED t533 | 30,14 | Rune Crossbow | TzKal-Zuk
t534 | 30,14 | 35..39|W|frz-1 | zukIn 5 | setIn 243 | zukHp 680 | chosen 30,14 | walk - | weapon Rune Crossbow | untilShot 4 | target TzKal-Zuk[zuk] | gate ok | overhead Protect from Magic | Zek@20,21 TAGGED; Zek@20,21 TAGGED; TzKal-Zuk@22,8 TAGGED
t535 | 30,14 | 34..38|W|frz-2 | zukIn 4 | setIn 242 | zukHp 680 | chosen 30,14 | walk - | weapon Rune Crossbow | untilShot 3 | target TzKal-Zuk[zuk] | gate ok | overhead none | Zek@20,21 TAGGED; Zek@20,21 TAGGED; TzKal-Zuk@22,8 TAGGED
t536 | 30,14 | 33..37|W|frz-3 | zukIn 3 | setIn 241 | zukHp 669 | chosen 30,14 | walk - | weapon Rune Crossbow | untilShot 2 | target TzKal-Zuk[zuk] | gate ok | overhead Protect from Magic | Zek@20,21 TAGGED; Zek@20,21 TAGGED; TzKal-Zuk@22,8 TAGGED
t537 | 30,14 | 32..36|W|frz-4 | zukIn 2 | setIn 240 | zukHp 669 | chosen 30,14 | walk - | weapon Rune Crossbow | untilShot 1 | target TzKal-Zuk[zuk] | gate ok | overhead none | Zek@20,21 TAGGED; Zek@20,21 TAGGED; TzKal-Zuk@22,8 TAGGED
t538 | 30,14 | 31..35|W|frz-5 | zukIn 1 | setIn 239 | zukHp 669 | chosen 30,14 | walk - | weapon Rune Crossbow | untilShot 5 | target TzKal-Zuk[zuk] | gate ok | overhead Protect from Magic | Zek@20,21 TAGGED; Zek@20,21 TAGGED; TzKal-Zuk@22,8 TAGGED
FIRED t538 | 30,14 | Rune Crossbow | TzKal-Zuk
t539 | 30,14 | 30..34|W|frz-6 | zukIn 10 | setIn 238 | zukHp 669 | chosen 20,14 | walk ->20,14 | weapon Rune Crossbow | untilShot 4 | target -[-] | gate - | overhead none | Zek@20,21 TAGGED; Zek@20,21 TAGGED; TzKal-Zuk@22,8 TAGGED
t540 | 28,14 | 29..33|W|frz-7 | zukIn 9 | setIn 237 | zukHp 669 | chosen 20,14 | walk ->20,14 | weapon Rune Crossbow | untilShot 3 | target TzKal-Zuk[zuk] | gate ok | overhead Protect from Magic | Zek@20,21 TAGGED; Zek@20,21 TAGGED; TzKal-Zuk@22,8 TAGGED
t541 | 26,14 | 28..32|W|frz-8 | zukIn 8 | setIn 236 | zukHp 669 | chosen 20,14 | walk ->20,14 | weapon Rune Crossbow | untilShot 2 | target TzKal-Zuk[zuk] | gate ok | overhead none | Zek@20,21 TAGGED; Zek@20,21 TAGGED; TzKal-Zuk@22,8 TAGGED
t542 | 24,14 | 27..31|W|frz-9 | zukIn 7 | setIn 235 | zukHp 669 | chosen 20,14 | walk ->20,14 | weapon Rune Crossbow | untilShot 1 | target TzKal-Zuk[zuk] | gate ok | overhead Protect from Magic | Zek@20,21 TAGGED; Zek@20,21 TAGGED; TzKal-Zuk@22,8 TAGGED
t543 | 24,14 | 26..30|W|frz-10 | zukIn 6 | setIn 234 | zukHp 669 | chosen 20,14 | walk ->20,14 | weapon Rune Crossbow | untilShot 5 | target -[-] | gate - | overhead none | Zek@20,21 TAGGED; Zek@20,21 TAGGED; TzKal-Zuk@22,8 TAGGED
FIRED t543 | 24,14 | Rune Crossbow | TzKal-Zuk
t544 | 22,14 | 25..29|W|frz-11 | zukIn 5 | setIn 233 | zukHp 669 | chosen 20,14 | walk ->20,14 | weapon Rune Crossbow | untilShot 4 | target TzKal-Zuk[zuk] | gate ok | overhead Protect from Magic | Zek@20,21 TAGGED; Zek@20,21 TAGGED; TzKal-Zuk@22,8 TAGGED
t545 | 20,14 | 24..28|W|frz-12 | zukIn 4 | setIn 232 | zukHp 669 | chosen 20,14 | walk - | weapon Rune Crossbow | untilShot 3 | target TzKal-Zuk[zuk] | gate ok | overhead none | Zek@20,21 TAGGED; Zek@20,21 TAGGED; TzKal-Zuk@22,8 TAGGED
t546 | 20,14 | 23..27|W|frz-13 | zukIn 3 | setIn 231 | zukHp 669 | chosen 20,14 | walk - | weapon Rune Crossbow | untilShot 2 | target TzKal-Zuk[zuk] | gate ok | overhead Protect from Magic | Zek@20,21 TAGGED; Zek@20,21 TAGGED; TzKal-Zuk@22,8 TAGGED
t547 | 20,14 | 22..26|W|frz-14 | zukIn 2 | setIn 230 | zukHp 669 | chosen 20,14 | walk - | weapon Rune Crossbow | untilShot 1 | target TzKal-Zuk[zuk] | gate ok | overhead none | Zek@20,21 TAGGED; Zek@20,21 TAGGED; TzKal-Zuk@22,8 TAGGED
t548 | 20,14 | 21..25|W|frz-15 | zukIn 1 | setIn 229 | zukHp 669 | chosen 20,14 | walk - | weapon Rune Crossbow | untilShot 5 | target TzKal-Zuk[zuk] | gate ok | overhead Protect from Magic | Zek@20,21 TAGGED; Zek@20,21 TAGGED; TzKal-Zuk@22,8 TAGGED
FIRED t548 | 20,14 | Rune Crossbow | TzKal-Zuk
t549 | 20,14 | 20..24|W|frz-16 | zukIn 10 | setIn 228 | zukHp 669 | chosen 15,14 | walk ->15,14 | weapon Rune Crossbow | untilShot 4 | target -[-] | gate - | overhead none | Zek@20,21 TAGGED; Zek@20,21 TAGGED; TzKal-Zuk@22,8 TAGGED
t550 | 18,14 | 19..23|W|frz-17 | zukIn 9 | setIn 227 | zukHp 669 | chosen 15,14 | walk ->15,14 | weapon Rune Crossbow | untilShot 3 | target TzKal-Zuk[zuk] | gate - | overhead Protect from Magic | Zek@20,21 TAGGED; Zek@20,21 TAGGED; TzKal-Zuk@22,8 TAGGED
t551 | 16,14 | 18..22|W|frz-18 | zukIn 8 | setIn 226 | zukHp 669 | chosen 15,14 | walk ->15,14 | weapon Rune Crossbow | untilShot 2 | target TzKal-Zuk[zuk] | gate - | overhead none | Zek@20,21 TAGGED; Zek@20,21 TAGGED; TzKal-Zuk@22,8 TAGGED
t552 | 15,14 | 17..21|W|frz-19 | zukIn 7 | setIn 225 | zukHp 669 | chosen 15,14 | walk - | weapon Rune Crossbow | untilShot 1 | target TzKal-Zuk[zuk] | gate ok | overhead Protect from Magic | Zek@20,21 TAGGED; Zek@20,21 TAGGED; TzKal-Zuk@22,8 TAGGED
t553 | 15,14 | 16..20|W|frz-20 | zukIn 6 | setIn 224 | zukHp 669 | chosen 14,14 | walk ->14,14 | weapon Rune Crossbow | untilShot 5 | target -[-] | gate - | overhead none | Zek@20,21 TAGGED; Zek@20,21 TAGGED; TzKal-Zuk@22,8 TAGGED
FIRED t553 | 15,14 | Rune Crossbow | TzKal-Zuk
t554 | 14,14 | 15..19|W|frz-21 | zukIn 5 | setIn 223 | zukHp 669 | chosen 14,14 | walk - | weapon Rune Crossbow | untilShot 4 | target TzKal-Zuk[zuk] | gate - | overhead Protect from Magic | Zek@20,21 TAGGED; Zek@20,21 TAGGED; TzKal-Zuk@22,8 TAGGED
t555 | 14,14 | 14..18|W|frz-22 | zukIn 4 | setIn 222 | zukHp 669 | chosen 14,14 | walk - | weapon Rune Crossbow | untilShot 3 | target TzKal-Zuk[zuk] | gate - | overhead none | Zek@20,21 TAGGED; Zek@20,21 TAGGED; TzKal-Zuk@22,8 TAGGED
t556 | 14,14 | 13..17|W|frz-23 | zukIn 3 | setIn 221 | zukHp 658 | chosen 14,14 | walk - | weapon Rune Crossbow | untilShot 2 | target TzKal-Zuk[zuk] | gate - | overhead Protect from Magic | Zek@20,21 TAGGED; Zek@20,21 TAGGED; TzKal-Zuk@22,8 TAGGED
t557 | 14,14 | 12..16|W|frz-24 | zukIn 2 | setIn 220 | zukHp 658 | chosen 14,14 | walk - | weapon Rune Crossbow | untilShot 1 | target TzKal-Zuk[zuk] | gate - | overhead none | Zek@20,21 TAGGED; Zek@20,21 TAGGED; TzKal-Zuk@22,8 TAGGED
t558 | 14,14 | 11..15|W|frz-25 | zukIn 1 | setIn 219 | zukHp 658 | chosen 14,14 | walk - | weapon Rune Crossbow | untilShot 1 | target TzKal-Zuk[zuk] | gate - | overhead Protect from Magic | Zek@20,21 TAGGED; Zek@20,21 TAGGED; TzKal-Zuk@22,8 TAGGED
t559 | 14,14 | 10..14|E|frz4 | zukIn 10 | setIn 218 | zukHp 658 | chosen 20,14 | walk ->20,14 | weapon Rune Crossbow | untilShot 1 | target -[-] | gate - | overhead none | Zek@20,21 TAGGED; Zek@20,21 TAGGED; TzKal-Zuk@22,8 TAGGED
t560 | 16,14 | 10..14|E|frz3 | zukIn 9 | setIn 217 | zukHp 658 | chosen 20,14 | walk ->20,14 | weapon Rune Crossbow | untilShot 1 | target TzKal-Zuk[zuk] | gate - | overhead Protect from Magic | Zek@20,21 TAGGED; Zek@20,21 TAGGED; TzKal-Zuk@22,8 TAGGED
t561 | 18,14 | 10..14|E|frz2 | zukIn 8 | setIn 216 | zukHp 658 | chosen 20,14 | walk ->20,14 | weapon Rune Crossbow | untilShot 1 | target TzKal-Zuk[zuk] | gate - | overhead none | Zek@20,21 TAGGED; Zek@20,21 TAGGED; TzKal-Zuk@22,8 TAGGED
t562 | 20,14 | 10..14|E|frz1 | zukIn 7 | setIn 215 | zukHp 658 | chosen 20,14 | walk - | weapon Rune Crossbow | untilShot 1 | target TzKal-Zuk[zuk] | gate ok | overhead Protect from Magic | Zek@20,21 TAGGED; Zek@20,21 TAGGED; TzKal-Zuk@22,8 TAGGED
t563 | 20,14 | 10..14|E|frz0 | zukIn 6 | setIn 214 | zukHp 658 | chosen 20,14 | walk - | weapon Rune Crossbow | untilShot 5 | target TzKal-Zuk[zuk] | gate ok | overhead none | Zek@20,21 TAGGED; Zek@20,21 TAGGED; TzKal-Zuk@22,8 TAGGED
FIRED t563 | 20,14 | Rune Crossbow | TzKal-Zuk
t564 | 20,14 | 11..15|E|frz-1 | zukIn 5 | setIn 213 | zukHp 658 | chosen 20,14 | walk - | weapon Rune Crossbow | untilShot 4 | target TzKal-Zuk[zuk] | gate ok | overhead Protect from Magic | Zek@20,21 TAGGED; Zek@20,21 TAGGED; TzKal-Zuk@22,8 TAGGED
t565 | 20,14 | 12..16|E|frz-2 | zukIn 4 | setIn 212 | zukHp 658 | chosen 20,14 | walk - | weapon Rune Crossbow | untilShot 3 | target TzKal-Zuk[zuk] | gate ok | overhead none | Zek@20,21 TAGGED; Zek@20,21 TAGGED; TzKal-Zuk@22,8 TAGGED
t566 | 20,14 | 13..17|E|frz-3 | zukIn 3 | setIn 211 | zukHp 658 | chosen 20,14 | walk - | weapon Rune Crossbow | untilShot 2 | target TzKal-Zuk[zuk] | gate ok | overhead Protect from Magic | Zek@20,21 TAGGED; Zek@20,21 TAGGED; TzKal-Zuk@22,8 TAGGED
t567 | 20,14 | 14..18|E|frz-4 | zukIn 2 | setIn 210 | zukHp 658 | chosen 20,14 | walk - | weapon Rune Crossbow | untilShot 1 | target TzKal-Zuk[zuk] | gate ok | overhead none | Zek@20,21 TAGGED; Zek@20,21 TAGGED; TzKal-Zuk@22,8 TAGGED
t568 | 20,14 | 15..19|E|frz-5 | zukIn 1 | setIn 209 | zukHp 658 | chosen 20,14 | walk - | weapon Rune Crossbow | untilShot 5 | target TzKal-Zuk[zuk] | gate ok | overhead Protect from Magic | Zek@20,21 TAGGED; Zek@20,21 TAGGED; TzKal-Zuk@22,8 TAGGED
FIRED t568 | 20,14 | Rune Crossbow | TzKal-Zuk
t569 | 20,14 | 16..20|E|frz-6 | zukIn 10 | setIn 208 | zukHp 658 | chosen 30,14 | walk ->30,14 | weapon Rune Crossbow | untilShot 4 | target -[-] | gate - | overhead none | Zek@20,21 TAGGED; Zek@20,21 TAGGED; TzKal-Zuk@22,8 TAGGED
t570 | 22,14 | 17..21|E|frz-7 | zukIn 9 | setIn 207 | zukHp 658 | chosen 30,14 | walk ->30,14 | weapon Rune Crossbow | untilShot 3 | target TzKal-Zuk[zuk] | gate ok | overhead Protect from Magic | Zek@20,21 TAGGED; Zek@20,21 TAGGED; TzKal-Zuk@22,8 TAGGED
t571 | 24,14 | 18..22|E|frz-8 | zukIn 8 | setIn 206 | zukHp 658 | chosen 30,14 | walk ->30,14 | weapon Rune Crossbow | untilShot 2 | target TzKal-Zuk[zuk] | gate ok | overhead none | Zek@20,21 TAGGED; Zek@20,21 TAGGED; TzKal-Zuk@22,8 TAGGED
t572 | 26,14 | 19..23|E|frz-9 | zukIn 7 | setIn 205 | zukHp 658 | chosen 30,14 | walk ->30,14 | weapon Rune Crossbow | untilShot 1 | target TzKal-Zuk[zuk] | gate ok | overhead Protect from Magic | Zek@20,21 TAGGED; Zek@20,21 TAGGED; TzKal-Zuk@22,8 TAGGED
t573 | 26,14 | 20..24|E|frz-10 | zukIn 6 | setIn 204 | zukHp 658 | chosen 30,14 | walk ->30,14 | weapon Rune Crossbow | untilShot 5 | target -[-] | gate - | overhead none | Zek@20,21 TAGGED; Zek@20,21 TAGGED; TzKal-Zuk@22,8 TAGGED
FIRED t573 | 26,14 | Rune Crossbow | TzKal-Zuk
t574 | 28,14 | 21..25|E|frz-11 | zukIn 5 | setIn 203 | zukHp 658 | chosen 30,14 | walk ->30,14 | weapon Rune Crossbow | untilShot 4 | target TzKal-Zuk[zuk] | gate ok | overhead Protect from Magic | Zek@20,21 TAGGED; Zek@20,21 TAGGED; TzKal-Zuk@22,8 TAGGED
t575 | 30,14 | 22..26|E|frz-12 | zukIn 4 | setIn 202 | zukHp 658 | chosen 30,14 | walk - | weapon Rune Crossbow | untilShot 3 | target TzKal-Zuk[zuk] | gate ok | overhead none | Zek@20,21 TAGGED; Zek@20,21 TAGGED; TzKal-Zuk@22,8 TAGGED
t576 | 30,14 | 23..27|E|frz-13 | zukIn 3 | setIn 201 | zukHp 630 | chosen 30,14 | walk - | weapon Rune Crossbow | untilShot 2 | target TzKal-Zuk[zuk] | gate ok | overhead Protect from Magic | Zek@20,21 TAGGED; Zek@20,21 TAGGED; TzKal-Zuk@22,8 TAGGED
t577 | 30,14 | 24..28|E|frz-14 | zukIn 2 | setIn 200 | zukHp 630 | chosen 30,14 | walk - | weapon Rune Crossbow | untilShot 1 | target TzKal-Zuk[zuk] | gate ok | overhead none | Zek@20,21 TAGGED; Zek@20,21 TAGGED; TzKal-Zuk@22,8 TAGGED
t578 | 30,14 | 25..29|E|frz-15 | zukIn 1 | setIn 199 | zukHp 630 | chosen 30,14 | walk - | weapon Rune Crossbow | untilShot 5 | target TzKal-Zuk[zuk] | gate ok | overhead Protect from Magic | Zek@20,21 TAGGED; Zek@20,21 TAGGED; TzKal-Zuk@22,8 TAGGED
FIRED t578 | 30,14 | Rune Crossbow | TzKal-Zuk
t579 | 30,14 | 26..30|E|frz-16 | zukIn 10 | setIn 198 | zukHp 630 | chosen 35,14 | walk ->35,14 | weapon Rune Crossbow | untilShot 4 | target -[-] | gate - | overhead none | Zek@20,21 TAGGED; Zek@20,21 TAGGED; TzKal-Zuk@22,8 TAGGED
t580 | 32,14 | 27..31|E|frz-17 | zukIn 9 | setIn 197 | zukHp 630 | chosen 35,14 | walk ->35,14 | weapon Rune Crossbow | untilShot 3 | target TzKal-Zuk[zuk] | gate - | overhead Protect from Magic | Zek@20,21 TAGGED; Zek@20,21 TAGGED; TzKal-Zuk@22,8 TAGGED
t581 | 34,14 | 28..32|E|frz-18 | zukIn 8 | setIn 196 | zukHp 600 | chosen 35,14 | walk ->35,14 | weapon Rune Crossbow | untilShot 2 | target TzKal-Zuk[zuk] | gate - | overhead none | Zek@20,21 TAGGED; Zek@20,21 TAGGED; TzKal-Zuk@22,8 TAGGED
t582 | 35,14 | 29..33|E|frz-19 | zukIn 7 | setIn 195 | zukHp 600 | chosen 35,14 | walk - | weapon Rune Crossbow | untilShot 1 | target TzKal-Zuk[zuk] | gate ok | overhead Protect from Magic | Zek@20,21 TAGGED; Zek@20,21 TAGGED; TzKal-Zuk@22,8 TAGGED
t583 | 35,14 | 30..34|E|frz-20 | zukIn 6 | setIn 194 | zukHp 600 | chosen 36,14 | walk ->36,14 | weapon Rune Crossbow | untilShot 5 | target -[-] | gate - | overhead none | Zek@20,21 TAGGED; Zek@20,21 TAGGED; TzKal-Zuk@22,8 TAGGED
FIRED t583 | 35,14 | Rune Crossbow | TzKal-Zuk
t584 | 36,14 | 31..35|E|frz-21 | zukIn 5 | setIn 193 | zukHp 600 | chosen 36,14 | walk - | weapon Rune Crossbow | untilShot 4 | target TzKal-Zuk[zuk] | gate - | overhead Protect from Magic | Zek@20,21 TAGGED; Zek@20,21 TAGGED; TzKal-Zuk@22,8 TAGGED
t585 | 36,14 | 32..36|E|frz-22 | zukIn 4 | setIn 192 | zukHp 600 | chosen 36,14 | walk - | weapon Rune Crossbow | untilShot 3 | target TzKal-Zuk[zuk] | gate - | overhead none | Zek@20,21 TAGGED; Zek@20,21 TAGGED; TzKal-Zuk@22,8 TAGGED
t586 | 36,14 | 33..37|E|frz-23 | zukIn 3 | setIn 192P | zukHp 591 | chosen 36,14 | walk - | weapon Rune Crossbow | untilShot 2 | target TzKal-Zuk[zuk] | gate - | overhead Protect from Magic | Zek@20,21 TAGGED; Zek@20,21 TAGGED; TzKal-Zuk@22,8 TAGGED
t587 | 36,14 | 34..38|E|frz-24 | zukIn 2 | setIn 192P | zukHp 591 | chosen 36,14 | walk - | weapon Rune Crossbow | untilShot 1 | target TzKal-Zuk[zuk] | gate - | overhead none | Zek@20,21 TAGGED; Zek@20,21 TAGGED; TzKal-Zuk@22,8 TAGGED
t588 | 36,14 | 35..39|E|frz-25 | zukIn 1 | setIn 192P | zukHp 591 | chosen 36,14 | walk - | weapon Rune Crossbow | untilShot 1 | target TzKal-Zuk[zuk] | gate - | overhead Protect from Magic | Zek@20,21 TAGGED; Zek@20,21 TAGGED; TzKal-Zuk@22,8 TAGGED
t589 | 36,14 | 36..40|W|frz4 | zukIn 10 | setIn 192P | zukHp 591 | chosen 30,14 | walk ->30,14 | weapon Rune Crossbow | untilShot 1 | target -[-] | gate - | overhead none | Zek@20,21 TAGGED; Zek@20,21 TAGGED; TzKal-Zuk@22,8 TAGGED
t590 | 34,14 | 36..40|W|frz3 | zukIn 9 | setIn 192P | zukHp 591 | chosen 30,14 | walk ->30,14 | weapon Rune Crossbow | untilShot 1 | target TzKal-Zuk[zuk] | gate - | overhead Protect from Magic | Zek@20,21 TAGGED; Zek@20,21 TAGGED; TzKal-Zuk@22,8 TAGGED
t591 | 32,14 | 36..40|W|frz2 | zukIn 8 | setIn 192P | zukHp 591 | chosen 30,14 | walk ->30,14 | weapon Rune Crossbow | untilShot 1 | target TzKal-Zuk[zuk] | gate - | overhead none | Zek@20,21 TAGGED; Zek@20,21 TAGGED; TzKal-Zuk@22,8 TAGGED
t592 | 30,14 | 36..40|W|frz1 | zukIn 7 | setIn 192P | zukHp 591 | chosen 30,14 | walk - | weapon Rune Crossbow | untilShot 1 | target Jal-Zek[mager-kill] | gate ok | overhead Protect from Magic | Zek@20,21 TAGGED; Zek@20,21 TAGGED; TzKal-Zuk@22,8 TAGGED
t593 | 30,14 | 36..40|W|frz0 | zukIn 6 | setIn 192P | zukHp 591 | chosen 30,14 | walk - | weapon Rune Crossbow | untilShot 5 | target Jal-Zek[mager-kill] | gate ok | overhead none | Zek@20,21 TAGGED; Zek@20,21 TAGGED; TzKal-Zuk@22,8 TAGGED
FIRED t593 | 30,14 | Rune Crossbow | Jal-Zek
t594 | 30,14 | 35..39|W|frz-1 | zukIn 5 | setIn 192P | zukHp 591 | chosen 30,14 | walk - | weapon Rune Crossbow | untilShot 4 | target Jal-Zek[mager-kill] | gate ok | overhead Protect from Magic | Zek@20,21 TAGGED; Zek@20,21 TAGGED; TzKal-Zuk@22,8 TAGGED
t595 | 30,14 | 34..38|W|frz-2 | zukIn 4 | setIn 192P | zukHp 591 | chosen 30,14 | walk - | weapon Rune Crossbow | untilShot 3 | target Jal-Zek[mager-kill] | gate ok | overhead none | Zek@20,21 TAGGED; Zek@20,21 TAGGED; TzKal-Zuk@22,8 TAGGED
t596 | 30,14 | 33..37|W|frz-3 | zukIn 3 | setIn 192P | zukHp 591 | chosen 30,14 | walk - | weapon Rune Crossbow | untilShot 2 | target Jal-Zek[mager-kill] | gate ok | overhead Protect from Magic | Zek@20,21 TAGGED; Zek@20,21 TAGGED; TzKal-Zuk@22,8 TAGGED
t597 | 30,14 | 32..36|W|frz-4 | zukIn 2 | setIn 192P | zukHp 591 | chosen 30,14 | walk - | weapon Rune Crossbow | untilShot 1 | target Jal-Zek[mager-kill] | gate ok | overhead none | Zek@20,21 TAGGED; Zek@20,21 TAGGED; TzKal-Zuk@22,8 TAGGED
t598 | 30,14 | 31..35|W|frz-5 | zukIn 1 | setIn 192P | zukHp 591 | chosen 30,14 | walk - | weapon Rune Crossbow | untilShot 5 | target Jal-Zek[mager-kill] | gate ok | overhead Protect from Magic | Zek@20,21 TAGGED; Zek@20,21 TAGGED; TzKal-Zuk@22,8 TAGGED
FIRED t598 | 30,14 | Rune Crossbow | Jal-Zek
t599 | 30,14 | 30..34|W|frz-6 | zukIn 10 | setIn 192P | zukHp 591 | chosen 20,14 | walk ->20,14 | weapon Rune Crossbow | untilShot 4 | target -[-] | gate - | overhead none | Zek@20,21 TAGGED; Zek@20,21 TAGGED; TzKal-Zuk@22,8 TAGGED
t600 | 28,14 | 29..33|W|frz-7 | zukIn 9 | setIn 192P | zukHp 591 | chosen 20,14 | walk ->20,14 | weapon Rune Crossbow | untilShot 3 | target Jal-Zek[mager-kill] | gate ok | overhead Protect from Magic | Zek@20,21 TAGGED; Zek@20,21 TAGGED; TzKal-Zuk@22,8 TAGGED
t601 | 26,14 | 28..32|W|frz-8 | zukIn 8 | setIn 192P | zukHp 591 | chosen 20,14 | walk ->20,14 | weapon Rune Crossbow | untilShot 2 | target Jal-Zek[mager-kill] | gate ok | overhead none | Zek@20,21 TAGGED; Zek@20,21 TAGGED; TzKal-Zuk@22,8 TAGGED
t602 | 24,14 | 27..31|W|frz-9 | zukIn 7 | setIn 192P | zukHp 591 | chosen 20,14 | walk ->20,14 | weapon Toxic Blowpipe | untilShot 1 | target Jal-Zek[mager-kill] | gate ok | overhead Protect from Magic | Zek@20,21 TAGGED; Zek@20,21 TAGGED; TzKal-Zuk@22,8 TAGGED
t603 | 24,14 | 26..30|W|frz-10 | zukIn 6 | setIn 192P | zukHp 591 | chosen 20,14 | walk ->20,14 | weapon Toxic Blowpipe | untilShot 2 | target -[-] | gate - | overhead none | Zek@20,21 TAGGED; Zek@20,21 TAGGED; TzKal-Zuk@22,8 TAGGED
FIRED t603 | 24,14 | Toxic Blowpipe | Jal-Zek
t604 | 22,14 | 25..29|W|frz-11 | zukIn 5 | setIn 192P | zukHp 591 | chosen 20,14 | walk ->20,14 | weapon Toxic Blowpipe | untilShot 1 | target Jal-Zek[mager-kill] | gate ok | overhead Protect from Magic | Zek@20,21 TAGGED; Zek@20,21 TAGGED; TzKal-Zuk@22,8 TAGGED
t605 | 22,14 | 24..28|W|frz-12 | zukIn 4 | setIn 192P | zukHp 591 | chosen 20,14 | walk ->20,14 | weapon Toxic Blowpipe | untilShot 2 | target -[-] | gate - | overhead none | Zek@20,21 TAGGED; Zek@20,21 TAGGED; TzKal-Zuk@22,8 TAGGED
FIRED t605 | 22,14 | Toxic Blowpipe | Jal-Zek
t606 | 20,14 | 23..27|W|frz-13 | zukIn 3 | setIn 192P | zukHp 591 | chosen 20,14 | walk - | weapon Toxic Blowpipe | untilShot 1 | target Jal-Zek[mager-kill] | gate ok | overhead Protect from Magic | Zek@20,21 TAGGED; Zek@20,21 TAGGED; TzKal-Zuk@22,8 TAGGED
t607 | 20,14 | 22..26|W|frz-14 | zukIn 2 | setIn 192P | zukHp 591 | chosen 20,14 | walk - | weapon Toxic Blowpipe | untilShot 2 | target Jal-Zek[mager-kill] | gate ok | overhead none | Zek@20,21 TAGGED; Zek@20,21 TAGGED; TzKal-Zuk@22,8 TAGGED
FIRED t607 | 20,14 | Toxic Blowpipe | Jal-Zek
t608 | 20,14 | 21..25|W|frz-15 | zukIn 1 | setIn 192P | zukHp 591 | chosen 20,14 | walk - | weapon Toxic Blowpipe | untilShot 1 | target Jal-Zek[mager-kill] | gate ok | overhead Protect from Magic | Zek@20,21 TAGGED; Zek@20,21 TAGGED; TzKal-Zuk@22,8 TAGGED
t609 | 20,14 | 20..24|W|frz-16 | zukIn 10 | setIn 192P | zukHp 591 | chosen 14,14 | walk ->14,14 | weapon Toxic Blowpipe | untilShot 2 | target -[-] | gate - | overhead none | Zek@20,21 TAGGED; Zek@20,21 TAGGED; TzKal-Zuk@22,8 TAGGED
FIRED t609 | 20,14 | Toxic Blowpipe | Jal-Zek
t610 | 18,14 | 19..23|W|frz-17 | zukIn 9 | setIn 192P | zukHp 591 | chosen 14,14 | walk ->14,14 | weapon Toxic Blowpipe | untilShot 1 | target Jal-Zek[mager-kill] | gate ok | overhead Protect from Magic | Zek@20,21 TAGGED; Zek@20,21 TAGGED; TzKal-Zuk@22,8 TAGGED
t611 | 18,14 | 18..22|W|frz-18 | zukIn 8 | setIn 192P | zukHp 591 | chosen 14,14 | walk ->14,14 | weapon Toxic Blowpipe | untilShot 2 | target -[-] | gate - | overhead none | Zek@20,21 TAGGED; Zek@20,21 TAGGED; TzKal-Zuk@22,8 TAGGED
FIRED t611 | 18,14 | Toxic Blowpipe | Jal-Zek
t612 | 16,14 | 17..21|W|frz-19 | zukIn 7 | setIn 192P | zukHp 591 | chosen 14,14 | walk ->14,14 | weapon Toxic Blowpipe | untilShot 1 | target Jal-Zek[mager-kill] | gate ok | overhead Protect from Magic | Zek@20,21 TAGGED; Zek@20,21 TAGGED; TzKal-Zuk@22,8 TAGGED
t613 | 16,14 | 16..20|W|frz-20 | zukIn 6 | setIn 192P | zukHp 591 | chosen 14,14 | walk ->14,14 | weapon Toxic Blowpipe | untilShot 2 | target -[-] | gate - | overhead none | Zek@20,21 TAGGED; Zek@20,21 TAGGED; TzKal-Zuk@22,8 TAGGED
FIRED t613 | 16,14 | Toxic Blowpipe | Jal-Zek
t614 | 14,14 | 15..19|W|frz-21 | zukIn 5 | setIn 192P | zukHp 591 | chosen 14,14 | walk - | weapon Toxic Blowpipe | untilShot 1 | target Jal-Zek[mager-kill] | gate ok | overhead Protect from Magic | Zek@20,21 TAGGED; Zek@20,21 TAGGED; TzKal-Zuk@22,8 TAGGED
t615 | 14,14 | 14..18|W|frz-22 | zukIn 4 | setIn 192P | zukHp 591 | chosen 14,14 | walk - | weapon Rune Crossbow | untilShot 1 | target Jal-Zek[mager-kill] | gate ok | overhead none | Zek@20,21 TAGGED; Zek@20,21 TAGGED; TzKal-Zuk@22,8 TAGGED
t616 | 14,14 | 13..17|W|frz-23 | zukIn 3 | setIn 192P | zukHp 591 | chosen 14,14 | walk - | weapon Rune Crossbow | untilShot 5 | target Jal-Zek[mager-kill] | gate ok | overhead Protect from Magic | Zek@20,21 TAGGED; Zek@20,21 TAGGED; TzKal-Zuk@22,8 TAGGED
FIRED t616 | 14,14 | Rune Crossbow | Jal-Zek
t617 | 14,14 | 12..16|W|frz-24 | zukIn 2 | setIn 192P | zukHp 591 | chosen 14,14 | walk - | weapon Rune Crossbow | untilShot 4 | target Jal-Zek[mager-kill] | gate ok | overhead none | Zek@20,21 TAGGED; Zek@20,21 TAGGED; TzKal-Zuk@22,8 TAGGED
t618 | 14,14 | 11..15|W|frz-25 | zukIn 1 | setIn 192P | zukHp 591 | chosen 14,14 | walk - | weapon Rune Crossbow | untilShot 3 | target Jal-Zek[mager-kill] | gate ok | overhead Protect from Magic | Zek@20,21 TAGGED; Zek@20,21 TAGGED; TzKal-Zuk@22,8 TAGGED
t619 | 14,14 | 10..14|E|frz4 | zukIn 10 | setIn 192P | zukHp 591 | chosen 20,14 | walk ->20,14 | weapon Rune Crossbow | untilShot 2 | target -[-] | gate - | overhead none | Zek@20,21 TAGGED; Zek@20,21 TAGGED; TzKal-Zuk@22,8 TAGGED
t620 | 16,14 | 10..14|E|frz3 | zukIn 9 | setIn 192P | zukHp 591 | chosen 20,14 | walk ->20,14 | weapon Rune Crossbow | untilShot 1 | target Jal-Zek[mager-kill] | gate ok | overhead Protect from Magic | Zek@20,21 TAGGED; Zek@20,21 TAGGED; TzKal-Zuk@22,8 TAGGED
t621 | 16,14 | 10..14|E|frz2 | zukIn 8 | setIn 192P | zukHp 591 | chosen 20,14 | walk ->20,14 | weapon Rune Crossbow | untilShot 5 | target -[-] | gate - | overhead none | Zek@20,21 TAGGED; Zek@20,21 TAGGED; TzKal-Zuk@22,8 TAGGED
FIRED t621 | 16,14 | Rune Crossbow | Jal-Zek
t622 | 18,14 | 10..14|E|frz1 | zukIn 7 | setIn 192P | zukHp 591 | chosen 20,14 | walk ->20,14 | weapon Rune Crossbow | untilShot 4 | target Jal-Zek[mager-kill] | gate ok | overhead Protect from Magic | Zek@20,21 TAGGED; Zek@20,21 TAGGED; TzKal-Zuk@22,8 TAGGED
t623 | 20,14 | 10..14|E|frz0 | zukIn 6 | setIn 192P | zukHp 591 | chosen 20,14 | walk - | weapon Rune Crossbow | untilShot 3 | target Jal-Zek[mager-kill] | gate ok | overhead none | Zek@20,21 TAGGED; Zek@20,21 TAGGED; TzKal-Zuk@22,8 TAGGED
t624 | 20,14 | 11..15|E|frz-1 | zukIn 5 | setIn 192P | zukHp 591 | chosen 20,14 | walk - | weapon Rune Crossbow | untilShot 2 | target Jal-Zek[mager-kill] | gate ok | overhead Protect from Magic | Zek@20,21 TAGGED; Zek@20,21 TAGGED; TzKal-Zuk@22,8 TAGGED
t625 | 20,14 | 12..16|E|frz-2 | zukIn 4 | setIn 192P | zukHp 591 | chosen 20,14 | walk - | weapon Toxic Blowpipe | untilShot 1 | target Jal-Zek[mager-kill] | gate ok | overhead none | Zek@20,21 TAGGED; Zek@20,21 TAGGED; TzKal-Zuk@22,8 TAGGED
t626 | 20,14 | 13..17|E|frz-3 | zukIn 3 | setIn 192P | zukHp 591 | chosen 20,14 | walk - | weapon Toxic Blowpipe | untilShot 2 | target Jal-Zek[mager-kill] | gate ok | overhead Protect from Magic | Zek@20,21 TAGGED; Zek@20,21 TAGGED; TzKal-Zuk@22,8 TAGGED
FIRED t626 | 20,14 | Toxic Blowpipe | Jal-Zek
t627 | 20,14 | 14..18|E|frz-4 | zukIn 2 | setIn 192P | zukHp 591 | chosen 20,14 | walk - | weapon Toxic Blowpipe | untilShot 1 | target Jal-Zek[mager-kill] | gate ok | overhead none | Zek@20,21 TAGGED; Zek@20,21 TAGGED; TzKal-Zuk@22,8 TAGGED
t628 | 20,14 | 15..19|E|frz-5 | zukIn 1 | setIn 192P | zukHp 591 | chosen 20,14 | walk - | weapon Toxic Blowpipe | untilShot 2 | target Jal-Zek[mager-kill] | gate ok | overhead Protect from Magic | Zek@20,21 TAGGED; Zek@20,21 TAGGED; TzKal-Zuk@22,8 TAGGED
FIRED t628 | 20,14 | Toxic Blowpipe | Jal-Zek
t629 | 20,14 | 16..20|E|frz-6 | zukIn 10 | setIn 192P | zukHp 591 | chosen 30,14 | walk ->30,14 | weapon Toxic Blowpipe | untilShot 1 | target -[-] | gate - | overhead none | Zek@20,21 TAGGED; Zek@20,21 TAGGED; TzKal-Zuk@22,8 TAGGED
t630 | 22,14 | 17..21|E|frz-7 | zukIn 9 | setIn 192P | zukHp 591 | chosen 30,14 | walk ->30,14 | weapon Toxic Blowpipe | untilShot 1 | target Jal-Zek[mager-kill] | gate ok | overhead Protect from Magic | Zek@20,21 TAGGED; Zek@20,21 TAGGED; TzKal-Zuk@22,8 TAGGED
t631 | 22,14 | 18..22|E|frz-8 | zukIn 8 | setIn 192P | zukHp 591 | chosen 30,14 | walk ->30,14 | weapon Toxic Blowpipe | untilShot 2 | target -[-] | gate - | overhead none | Zek@20,21 TAGGED; Zek@20,21 TAGGED; TzKal-Zuk@22,8 TAGGED
FIRED t631 | 22,14 | Toxic Blowpipe | Jal-Zek
t632 | 24,14 | 19..23|E|frz-9 | zukIn 7 | setIn 192P | zukHp 591 | chosen 30,14 | walk ->30,14 | weapon Toxic Blowpipe | untilShot 1 | target Jal-Zek[mager-kill] | gate ok | overhead Protect from Magic | Zek@20,21 TAGGED; Zek@20,21 TAGGED; TzKal-Zuk@22,8 TAGGED
t633 | 24,14 | 20..24|E|frz-10 | zukIn 6 | setIn 192P | zukHp 591 | chosen 30,14 | walk ->30,14 | weapon Toxic Blowpipe | untilShot 2 | target -[-] | gate - | overhead none | Zek@20,21 TAGGED; Zek@20,21 TAGGED; TzKal-Zuk@22,8 TAGGED
FIRED t633 | 24,14 | Toxic Blowpipe | Jal-Zek
t634 | 26,14 | 21..25|E|frz-11 | zukIn 5 | setIn 192P | zukHp 591 | chosen 30,14 | walk ->30,14 | weapon Toxic Blowpipe | untilShot 1 | target Jal-Zek[mager-kill] | gate ok | overhead Protect from Magic | Zek@20,21 TAGGED; Zek@20,21 TAGGED; TzKal-Zuk@22,8 TAGGED
t635 | 26,14 | 22..26|E|frz-12 | zukIn 4 | setIn 192P | zukHp 591 | chosen 30,14 | walk ->30,14 | weapon Toxic Blowpipe | untilShot 2 | target -[-] | gate - | overhead none | Zek@20,21 TAGGED; Zek@20,21 TAGGED; TzKal-Zuk@22,8 TAGGED
FIRED t635 | 26,14 | Toxic Blowpipe | Jal-Zek
t636 | 28,14 | 23..27|E|frz-13 | zukIn 3 | setIn 192P | zukHp 591 | chosen 30,14 | walk ->30,14 | weapon Toxic Blowpipe | untilShot 1 | target Jal-Zek[mager-kill] | gate ok | overhead Protect from Magic | Zek@20,21 TAGGED; Zek@20,21 TAGGED; TzKal-Zuk@22,8 TAGGED
t637 | 28,14 | 24..28|E|frz-14 | zukIn 2 | setIn 192P | zukHp 591 | chosen 30,14 | walk ->30,14 | weapon Toxic Blowpipe | untilShot 2 | target -[-] | gate - | overhead none | Zek@20,21 TAGGED; Zek@20,21 TAGGED; TzKal-Zuk@22,8 TAGGED
FIRED t637 | 28,14 | Toxic Blowpipe | Jal-Zek
t638 | 30,14 | 25..29|E|frz-15 | zukIn 1 | setIn 192P | zukHp 591 | chosen 30,14 | walk - | weapon Toxic Blowpipe | untilShot 1 | target Jal-Zek[mager-kill] | gate ok | overhead Protect from Magic | Zek@20,21 TAGGED; Zek@20,21 TAGGED; TzKal-Zuk@22,8 TAGGED
t639 | 30,14 | 26..30|E|frz-16 | zukIn 10 | setIn 192P | zukHp 591 | chosen 36,14 | walk ->36,14 | weapon Rune Crossbow | untilShot 1 | target -[-] | gate - | overhead none | Zek@20,21 TAGGED; Zek@20,21 TAGGED; TzKal-Zuk@22,8 TAGGED
t640 | 32,14 | 27..31|E|frz-17 | zukIn 9 | setIn 192P | zukHp 591 | chosen 36,14 | walk ->36,14 | weapon Rune Crossbow | untilShot 1 | target TzKal-Zuk[zuk] | gate - | overhead Protect from Magic | Zek@20,21 TAGGED; Zek@20,21 TAGGED; TzKal-Zuk@22,8 TAGGED
t641 | 34,14 | 28..32|E|frz-18 | zukIn 8 | setIn 192P | zukHp 591 | chosen 36,14 | walk ->36,14 | weapon Rune Crossbow | untilShot 1 | target TzKal-Zuk[zuk] | gate - | overhead none | Zek@20,21 TAGGED; Zek@20,21 TAGGED; TzKal-Zuk@22,8 TAGGED
t642 | 36,14 | 29..33|E|frz-19 | zukIn 7 | setIn 192P | zukHp 591 | chosen 36,14 | walk - | weapon Rune Crossbow | untilShot 1 | target TzKal-Zuk[zuk] | gate - | overhead Protect from Magic | Zek@20,21 TAGGED; Zek@20,21 TAGGED; TzKal-Zuk@22,8 TAGGED
t643 | 36,14 | 30..34|E|frz-20 | zukIn 6 | setIn 192P | zukHp 591 | chosen 36,14 | walk - | weapon Rune Crossbow | untilShot 1 | target TzKal-Zuk[zuk] | gate - | overhead none | Zek@20,21 TAGGED; Zek@20,21 TAGGED; TzKal-Zuk@22,8 TAGGED
t644 | 36,14 | 31..35|E|frz-21 | zukIn 5 | setIn 192P | zukHp 591 | chosen 36,14 | walk - | weapon Rune Crossbow | untilShot 1 | target TzKal-Zuk[zuk] | gate - | overhead Protect from Magic | Zek@20,21 TAGGED; Zek@20,21 TAGGED; TzKal-Zuk@22,8 TAGGED
t645 | 36,14 | 32..36|E|frz-22 | zukIn 4 | setIn 192P | zukHp 591 | chosen 36,14 | walk - | weapon Rune Crossbow | untilShot 1 | target TzKal-Zuk[zuk] | gate - | overhead none | Zek@20,21 TAGGED; Zek@20,21 TAGGED; TzKal-Zuk@22,8 TAGGED
t646 | 36,14 | 33..37|E|frz-23 | zukIn 3 | setIn 192P | zukHp 591 | chosen 36,14 | walk - | weapon Rune Crossbow | untilShot 1 | target TzKal-Zuk[zuk] | gate - | overhead Protect from Magic | Zek@20,21 TAGGED; Zek@20,21 TAGGED; TzKal-Zuk@22,8 TAGGED
t647 | 36,14 | 34..38|E|frz-24 | zukIn 2 | setIn 192P | zukHp 591 | chosen 36,14 | walk - | weapon Rune Crossbow | untilShot 1 | target TzKal-Zuk[zuk] | gate - | overhead none | Zek@20,21 TAGGED; Zek@20,21 TAGGED; TzKal-Zuk@22,8 TAGGED
t648 | 36,14 | 35..39|E|frz-25 | zukIn 1 | setIn 192P | zukHp 591 | chosen 36,14 | walk - | weapon Rune Crossbow | untilShot 1 | target TzKal-Zuk[zuk] | gate - | overhead Protect from Magic | Zek@20,21 TAGGED; Zek@20,21 TAGGED; TzKal-Zuk@22,8 TAGGED
t649 | 36,14 | 36..40|W|frz4 | zukIn 10 | setIn 192P | zukHp 591 | chosen 30,14 | walk ->30,14 | weapon Rune Crossbow | untilShot 1 | target -[-] | gate - | overhead none | Zek@20,21 TAGGED; Zek@20,21 TAGGED; TzKal-Zuk@22,8 TAGGED
t650 | 34,14 | 36..40|W|frz3 | zukIn 9 | setIn 192P | zukHp 591 | chosen 30,14 | walk ->30,14 | weapon Rune Crossbow | untilShot 1 | target TzKal-Zuk[zuk] | gate - | overhead Protect from Magic | Zek@20,21 TAGGED; Zek@20,21 TAGGED; TzKal-Zuk@22,8 TAGGED
t651 | 32,14 | 36..40|W|frz2 | zukIn 8 | setIn 192P | zukHp 591 | chosen 30,14 | walk ->30,14 | weapon Rune Crossbow | untilShot 1 | target TzKal-Zuk[zuk] | gate - | overhead none | Zek@20,21 TAGGED; Zek@20,21 TAGGED; TzKal-Zuk@22,8 TAGGED
t652 | 30,14 | 36..40|W|frz1 | zukIn 7 | setIn 192P | zukHp 591 | chosen 30,14 | walk - | weapon Rune Crossbow | untilShot 1 | target Jal-Zek[mager-kill] | gate ok | overhead Protect from Magic | Zek@20,21 TAGGED; Zek@20,21 TAGGED; TzKal-Zuk@22,8 TAGGED
t653 | 30,14 | 36..40|W|frz0 | zukIn 6 | setIn 192P | zukHp 591 | chosen 30,14 | walk - | weapon Rune Crossbow | untilShot 5 | target Jal-Zek[mager-kill] | gate ok | overhead none | Zek@20,21 TAGGED; Zek@20,21 TAGGED; TzKal-Zuk@22,8 TAGGED
FIRED t653 | 30,14 | Rune Crossbow | Jal-Zek
t654 | 30,14 | 35..39|W|frz-1 | zukIn 5 | setIn 192P | zukHp 591 | chosen 30,14 | walk - | weapon Rune Crossbow | untilShot 4 | target Jal-Zek[mager-kill] | gate ok | overhead Protect from Magic | Zek@20,21 TAGGED; Zek@20,21 TAGGED; TzKal-Zuk@22,8 TAGGED
t655 | 30,14 | 34..38|W|frz-2 | zukIn 4 | setIn 192P | zukHp 591 | chosen 30,14 | walk - | weapon Rune Crossbow | untilShot 3 | target Jal-Zek[mager-kill] | gate ok | overhead none | Zek@20,21 TAGGED; Zek@20,21 TAGGED; TzKal-Zuk@22,8 TAGGED
t656 | 30,14 | 33..37|W|frz-3 | zukIn 3 | setIn 192P | zukHp 591 | chosen 30,14 | walk - | weapon Rune Crossbow | untilShot 2 | target Jal-Zek[mager-kill] | gate ok | overhead Protect from Magic | Zek@20,21 TAGGED; Zek@20,21 TAGGED; TzKal-Zuk@22,8 TAGGED
t657 | 30,14 | 32..36|W|frz-4 | zukIn 2 | setIn 192P | zukHp 591 | chosen 30,14 | walk - | weapon Rune Crossbow | untilShot 1 | target Jal-Zek[mager-kill] | gate ok | overhead none | Zek@20,21 TAGGED; Zek@20,21 TAGGED; TzKal-Zuk@22,8 TAGGED
t658 | 30,14 | 31..35|W|frz-5 | zukIn 1 | setIn 192P | zukHp 591 | chosen 30,14 | walk - | weapon Rune Crossbow | untilShot 5 | target Jal-Zek[mager-kill] | gate ok | overhead Protect from Magic | Zek@20,21 TAGGED; Zek@20,21 TAGGED; TzKal-Zuk@22,8 TAGGED
FIRED t658 | 30,14 | Rune Crossbow | Jal-Zek
t659 | 30,14 | 30..34|W|frz-6 | zukIn 10 | setIn 192P | zukHp 591 | chosen 20,14 | walk ->20,14 | weapon Rune Crossbow | untilShot 4 | target -[-] | gate - | overhead none | Zek@20,21 TAGGED; Zek@20,21 TAGGED; TzKal-Zuk@22,8 TAGGED
t660 | 28,14 | 29..33|W|frz-7 | zukIn 9 | setIn 192P | zukHp 591 | chosen 20,14 | walk ->20,14 | weapon Rune Crossbow | untilShot 3 | target Jal-Zek[mager-kill] | gate ok | overhead Protect from Magic | Zek@20,21 TAGGED; Zek@20,21 TAGGED; TzKal-Zuk@22,8 TAGGED
t661 | 26,14 | 28..32|W|frz-8 | zukIn 8 | setIn 192P | zukHp 591 | chosen 20,14 | walk ->20,14 | weapon Rune Crossbow | untilShot 2 | target Jal-Zek[mager-kill] | gate ok | overhead none | Zek@20,21 TAGGED; Zek@20,21 TAGGED; TzKal-Zuk@22,8 TAGGED
t662 | 24,14 | 27..31|W|frz-9 | zukIn 7 | setIn 192P | zukHp 591 | chosen 20,14 | walk ->20,14 | weapon Toxic Blowpipe | untilShot 1 | target Jal-Zek[mager-kill] | gate ok | overhead Protect from Magic | Zek@20,21 TAGGED; Zek@20,21 TAGGED; TzKal-Zuk@22,8 TAGGED
t663 | 24,14 | 26..30|W|frz-10 | zukIn 6 | setIn 192P | zukHp 591 | chosen 20,14 | walk ->20,14 | weapon Toxic Blowpipe | untilShot 2 | target -[-] | gate - | overhead none | Zek@20,21 TAGGED; Zek@20,21 TAGGED; TzKal-Zuk@22,8 TAGGED
FIRED t663 | 24,14 | Toxic Blowpipe | Jal-Zek
t664 | 22,14 | 25..29|W|frz-11 | zukIn 5 | setIn 192P | zukHp 591 | chosen 20,14 | walk ->20,14 | weapon Toxic Blowpipe | untilShot 1 | target Jal-Zek[mager-kill] | gate ok | overhead Protect from Magic | Zek@20,21 TAGGED; Zek@20,21 TAGGED; TzKal-Zuk@22,8 TAGGED
t665 | 22,14 | 24..28|W|frz-12 | zukIn 4 | setIn 192P | zukHp 591 | chosen 20,14 | walk ->20,14 | weapon Toxic Blowpipe | untilShot 2 | target -[-] | gate - | overhead none | Zek@20,21 TAGGED; Zek@20,21 TAGGED; TzKal-Zuk@22,8 TAGGED
FIRED t665 | 22,14 | Toxic Blowpipe | Jal-Zek
t666 | 20,14 | 23..27|W|frz-13 | zukIn 3 | setIn 192P | zukHp 591 | chosen 20,14 | walk - | weapon Toxic Blowpipe | untilShot 1 | target Jal-Zek[mager-kill] | gate ok | overhead Protect from Magic | Zek@20,21 TAGGED; Zek@20,21 TAGGED; TzKal-Zuk@22,8 TAGGED
t667 | 20,14 | 22..26|W|frz-14 | zukIn 2 | setIn 192P | zukHp 591 | chosen 20,14 | walk - | weapon Toxic Blowpipe | untilShot 2 | target Jal-Zek[mager-kill] | gate ok | overhead none | Zek@20,21 TAGGED; Zek@20,21 TAGGED; TzKal-Zuk@22,8 TAGGED
FIRED t667 | 20,14 | Toxic Blowpipe | Jal-Zek
t668 | 20,14 | 21..25|W|frz-15 | zukIn 1 | setIn 192P | zukHp 591 | chosen 20,14 | walk - | weapon Toxic Blowpipe | untilShot 1 | target Jal-Zek[mager-kill] | gate ok | overhead Protect from Magic | Zek@20,21 TAGGED; Zek@20,21 TAGGED; TzKal-Zuk@22,8 TAGGED
t669 | 20,14 | 20..24|W|frz-16 | zukIn 10 | setIn 192P | zukHp 591 | chosen 14,14 | walk ->14,14 | weapon Toxic Blowpipe | untilShot 2 | target -[-] | gate - | overhead none | Zek@20,21 TAGGED; Zek@20,21 TAGGED; TzKal-Zuk@22,8 TAGGED
FIRED t669 | 20,14 | Toxic Blowpipe | Jal-Zek
t670 | 18,14 | 19..23|W|frz-17 | zukIn 9 | setIn 192P | zukHp 591 | chosen 14,14 | walk ->14,14 | weapon Toxic Blowpipe | untilShot 1 | target Jal-Zek[mager-kill] | gate ok | overhead Protect from Magic | Zek@20,21 TAGGED; Zek@20,21 TAGGED; TzKal-Zuk@22,8 TAGGED
t671 | 18,14 | 18..22|W|frz-18 | zukIn 8 | setIn 192P | zukHp 591 | chosen 14,14 | walk ->14,14 | weapon Toxic Blowpipe | untilShot 2 | target -[-] | gate - | overhead none | Zek@20,21 TAGGED; Zek@20,21 TAGGED; TzKal-Zuk@22,8 TAGGED
FIRED t671 | 18,14 | Toxic Blowpipe | Jal-Zek
t672 | 16,14 | 17..21|W|frz-19 | zukIn 7 | setIn 192P | zukHp 591 | chosen 14,14 | walk ->14,14 | weapon Toxic Blowpipe | untilShot 1 | target Jal-Zek[mager-kill] | gate ok | overhead Protect from Magic | Zek@20,21 TAGGED; Zek@20,21 TAGGED; TzKal-Zuk@22,8 TAGGED
t673 | 16,14 | 16..20|W|frz-20 | zukIn 6 | setIn 192P | zukHp 591 | chosen 14,14 | walk ->14,14 | weapon Toxic Blowpipe | untilShot 2 | target -[-] | gate - | overhead none | Zek@20,21 TAGGED; Zek@20,21 TAGGED; TzKal-Zuk@22,8 TAGGED
FIRED t673 | 16,14 | Toxic Blowpipe | Jal-Zek
t674 | 14,14 | 15..19|W|frz-21 | zukIn 5 | setIn 192P | zukHp 591 | chosen 14,14 | walk - | weapon Toxic Blowpipe | untilShot 1 | target Jal-Zek[mager-kill] | gate ok | overhead Protect from Magic | Zek@20,21 TAGGED; Zek@20,21 TAGGED; TzKal-Zuk@22,8 TAGGED
t675 | 14,14 | 14..18|W|frz-22 | zukIn 4 | setIn 192P | zukHp 591 | chosen 14,14 | walk - | weapon Rune Crossbow | untilShot 1 | target Jal-Zek[mager-kill] | gate ok | overhead none | Zek@20,21 TAGGED; Zek@20,21 TAGGED; TzKal-Zuk@22,8 TAGGED
t676 | 14,14 | 13..17|W|frz-23 | zukIn 3 | setIn 192P | zukHp 591 | chosen 14,14 | walk - | weapon Rune Crossbow | untilShot 5 | target Jal-Zek[mager-kill] | gate ok | overhead Protect from Magic | Zek@20,21 TAGGED; Zek@20,21 TAGGED; TzKal-Zuk@22,8 TAGGED
FIRED t676 | 14,14 | Rune Crossbow | Jal-Zek
t677 | 14,14 | 12..16|W|frz-24 | zukIn 2 | setIn 192P | zukHp 591 | chosen 14,14 | walk - | weapon Rune Crossbow | untilShot 4 | target Jal-Zek[mager-kill] | gate ok | overhead none | Zek@20,21 TAGGED; Zek@20,21 TAGGED; TzKal-Zuk@22,8 TAGGED
t678 | 14,14 | 11..15|W|frz-25 | zukIn 1 | setIn 192P | zukHp 591 | chosen 14,14 | walk - | weapon Rune Crossbow | untilShot 3 | target Jal-Zek[mager-kill] | gate ok | overhead Protect from Magic | Zek@20,21 TAGGED; Zek@20,21 TAGGED; TzKal-Zuk@22,8 TAGGED
t679 | 14,14 | 10..14|E|frz4 | zukIn 10 | setIn 192P | zukHp 591 | chosen 20,14 | walk ->20,14 | weapon Rune Crossbow | untilShot 2 | target -[-] | gate - | overhead none | Zek@20,21 TAGGED; Zek@20,21 TAGGED; TzKal-Zuk@22,8 TAGGED
t680 | 16,14 | 10..14|E|frz3 | zukIn 9 | setIn 192P | zukHp 591 | chosen 20,14 | walk ->20,14 | weapon Rune Crossbow | untilShot 1 | target Jal-Zek[mager-kill] | gate ok | overhead Protect from Magic | Zek@20,21 TAGGED; Zek@20,21 TAGGED; TzKal-Zuk@22,8 TAGGED
t681 | 16,14 | 10..14|E|frz2 | zukIn 8 | setIn 192P | zukHp 591 | chosen 20,14 | walk ->20,14 | weapon Rune Crossbow | untilShot 5 | target -[-] | gate - | overhead none | Zek@20,21 TAGGED; Zek@20,21 TAGGED; TzKal-Zuk@22,8 TAGGED
FIRED t681 | 16,14 | Rune Crossbow | Jal-Zek
t682 | 18,14 | 10..14|E|frz1 | zukIn 7 | setIn 192P | zukHp 591 | chosen 20,14 | walk ->20,14 | weapon Rune Crossbow | untilShot 4 | target Jal-Zek[mager-kill] | gate ok | overhead Protect from Magic | Zek@20,21 TAGGED; Zek@20,21 TAGGED; TzKal-Zuk@22,8 TAGGED
t683 | 20,14 | 10..14|E|frz0 | zukIn 6 | setIn 192P | zukHp 591 | chosen 20,14 | walk - | weapon Rune Crossbow | untilShot 3 | target Jal-Zek[mager-kill] | gate ok | overhead none | Zek@20,21 TAGGED; Zek@20,21 TAGGED; TzKal-Zuk@22,8 TAGGED
t684 | 20,14 | 11..15|E|frz-1 | zukIn 5 | setIn 192P | zukHp 591 | chosen 20,14 | walk - | weapon Rune Crossbow | untilShot 2 | target Jal-Zek[mager-kill] | gate ok | overhead Protect from Magic | Zek@20,21 TAGGED; Zek@20,21 TAGGED; TzKal-Zuk@22,8 TAGGED
t685 | 20,14 | 12..16|E|frz-2 | zukIn 4 | setIn 192P | zukHp 591 | chosen 20,14 | walk - | weapon Toxic Blowpipe | untilShot 1 | target Jal-Zek[mager-kill] | gate ok | overhead none | Zek@20,21 TAGGED; Zek@20,21 TAGGED; TzKal-Zuk@22,8 TAGGED
t686 | 20,14 | 13..17|E|frz-3 | zukIn 3 | setIn 192P | zukHp 591 | chosen 20,14 | walk - | weapon Toxic Blowpipe | untilShot 2 | target Jal-Zek[mager-kill] | gate ok | overhead Protect from Magic | Zek@20,21 TAGGED; Zek@20,21 TAGGED; TzKal-Zuk@22,8 TAGGED
FIRED t686 | 20,14 | Toxic Blowpipe | Jal-Zek
t687 | 20,14 | 14..18|E|frz-4 | zukIn 2 | setIn 192P | zukHp 591 | chosen 20,14 | walk - | weapon Toxic Blowpipe | untilShot 1 | target Jal-Zek[mager-kill] | gate ok | overhead none | Zek@20,21 TAGGED; Zek@20,21 TAGGED; TzKal-Zuk@22,8 TAGGED
t688 | 20,14 | 15..19|E|frz-5 | zukIn 1 | setIn 192P | zukHp 591 | chosen 20,14 | walk - | weapon Toxic Blowpipe | untilShot 2 | target Jal-Zek[mager-kill] | gate ok | overhead Protect from Magic | Zek@20,21 TAGGED; Zek@20,21 TAGGED; TzKal-Zuk@22,8 TAGGED
FIRED t688 | 20,14 | Toxic Blowpipe | Jal-Zek
t689 | 20,14 | 16..20|E|frz-6 | zukIn 10 | setIn 192P | zukHp 591 | chosen 30,14 | walk ->30,14 | weapon Toxic Blowpipe | untilShot 1 | target -[-] | gate - | overhead none | Zek@20,21 TAGGED; Zek@20,21 TAGGED; TzKal-Zuk@22,8 TAGGED
t690 | 22,14 | 17..21|E|frz-7 | zukIn 9 | setIn 192P | zukHp 591 | chosen 30,14 | walk ->30,14 | weapon Toxic Blowpipe | untilShot 1 | target Jal-Zek[mager-kill] | gate ok | overhead Protect from Magic | Zek@20,21 TAGGED; Zek@20,21 TAGGED; TzKal-Zuk@22,8 TAGGED
t691 | 22,14 | 18..22|E|frz-8 | zukIn 8 | setIn 192P | zukHp 591 | chosen 30,14 | walk ->30,14 | weapon Toxic Blowpipe | untilShot 2 | target -[-] | gate - | overhead none | Zek@20,21 TAGGED; Zek@20,21 TAGGED; TzKal-Zuk@22,8 TAGGED
FIRED t691 | 22,14 | Toxic Blowpipe | Jal-Zek
t692 | 24,14 | 19..23|E|frz-9 | zukIn 7 | setIn 192P | zukHp 591 | chosen 30,14 | walk ->30,14 | weapon Toxic Blowpipe | untilShot 1 | target Jal-Zek[mager-kill] | gate ok | overhead Protect from Magic | Zek@20,21 TAGGED; Zek@20,21 TAGGED; TzKal-Zuk@22,8 TAGGED
t693 | 24,14 | 20..24|E|frz-10 | zukIn 6 | setIn 192P | zukHp 591 | chosen 30,14 | walk ->30,14 | weapon Toxic Blowpipe | untilShot 2 | target -[-] | gate - | overhead none | Zek@20,21 TAGGED; Zek@20,21 TAGGED; TzKal-Zuk@22,8 TAGGED
FIRED t693 | 24,14 | Toxic Blowpipe | Jal-Zek
t694 | 26,14 | 21..25|E|frz-11 | zukIn 5 | setIn 192P | zukHp 591 | chosen 30,14 | walk ->30,14 | weapon Toxic Blowpipe | untilShot 1 | target Jal-Zek[mager-kill] | gate ok | overhead Protect from Magic | Zek@20,21 TAGGED; Zek@20,21 TAGGED; TzKal-Zuk@22,8 TAGGED
t695 | 26,14 | 22..26|E|frz-12 | zukIn 4 | setIn 192P | zukHp 591 | chosen 30,14 | walk ->30,14 | weapon Toxic Blowpipe | untilShot 2 | target -[-] | gate - | overhead none | Zek@20,21 TAGGED; Zek@20,21 TAGGED; TzKal-Zuk@22,8 TAGGED
FIRED t695 | 26,14 | Toxic Blowpipe | Jal-Zek
t696 | 28,14 | 23..27|E|frz-13 | zukIn 3 | setIn 192P | zukHp 591 | chosen 30,14 | walk ->30,14 | weapon Toxic Blowpipe | untilShot 1 | target Jal-Zek[mager-kill] | gate ok | overhead Protect from Magic | Zek@20,21 TAGGED; Zek@20,21 TAGGED; TzKal-Zuk@22,8 TAGGED
t697 | 28,14 | 24..28|E|frz-14 | zukIn 2 | setIn 192P | zukHp 591 | chosen 30,14 | walk ->30,14 | weapon Toxic Blowpipe | untilShot 2 | target -[-] | gate - | overhead none | Zek@20,21 TAGGED; Zek@20,21 TAGGED; TzKal-Zuk@22,8 TAGGED
FIRED t697 | 28,14 | Toxic Blowpipe | Jal-Zek
t698 | 30,14 | 25..29|E|frz-15 | zukIn 1 | setIn 192P | zukHp 591 | chosen 30,14 | walk - | weapon Toxic Blowpipe | untilShot 1 | target Jal-Zek[mager-kill] | gate ok | overhead Protect from Magic | Zek@20,21 TAGGED; Zek@20,21 TAGGED; TzKal-Zuk@22,8 TAGGED
t699 | 30,14 | 26..30|E|frz-16 | zukIn 10 | setIn 192P | zukHp 591 | chosen 36,14 | walk ->36,14 | weapon Rune Crossbow | untilShot 1 | target -[-] | gate - | overhead none | Zek@20,21 TAGGED; Zek@20,21 TAGGED; TzKal-Zuk@22,8 TAGGED
t700 | 32,14 | 27..31|E|frz-17 | zukIn 9 | setIn 192P | zukHp 591 | chosen 36,14 | walk ->36,14 | weapon Rune Crossbow | untilShot 1 | target TzKal-Zuk[zuk] | gate - | overhead Protect from Magic | Zek@20,21 TAGGED; Zek@20,21 TAGGED; TzKal-Zuk@22,8 TAGGED
t701 | 34,14 | 28..32|E|frz-18 | zukIn 8 | setIn 192P | zukHp 591 | chosen 36,14 | walk ->36,14 | weapon Rune Crossbow | untilShot 1 | target TzKal-Zuk[zuk] | gate - | overhead none | Zek@20,21 TAGGED; Zek@20,21 TAGGED; TzKal-Zuk@22,8 TAGGED
t702 | 36,14 | 29..33|E|frz-19 | zukIn 7 | setIn 192P | zukHp 591 | chosen 36,14 | walk - | weapon Rune Crossbow | untilShot 1 | target TzKal-Zuk[zuk] | gate - | overhead Protect from Magic | Zek@20,21 TAGGED; Zek@20,21 TAGGED; TzKal-Zuk@22,8 TAGGED
t703 | 36,14 | 30..34|E|frz-20 | zukIn 6 | setIn 192P | zukHp 591 | chosen 36,14 | walk - | weapon Rune Crossbow | untilShot 1 | target TzKal-Zuk[zuk] | gate - | overhead none | Zek@20,21 TAGGED; Zek@20,21 TAGGED; TzKal-Zuk@22,8 TAGGED
t704 | 36,14 | 31..35|E|frz-21 | zukIn 5 | setIn 192P | zukHp 591 | chosen 36,14 | walk - | weapon Rune Crossbow | untilShot 1 | target TzKal-Zuk[zuk] | gate - | overhead Protect from Magic | Zek@20,21 TAGGED; Zek@20,21 TAGGED; TzKal-Zuk@22,8 TAGGED
t705 | 36,14 | 32..36|E|frz-22 | zukIn 4 | setIn 192P | zukHp 591 | chosen 36,14 | walk - | weapon Rune Crossbow | untilShot 1 | target TzKal-Zuk[zuk] | gate - | overhead none | Zek@20,21 TAGGED; Zek@20,21 TAGGED; TzKal-Zuk@22,8 TAGGED
t706 | 36,14 | 33..37|E|frz-23 | zukIn 3 | setIn 192P | zukHp 591 | chosen 36,14 | walk - | weapon Rune Crossbow | untilShot 1 | target TzKal-Zuk[zuk] | gate - | overhead Protect from Magic | Zek@20,21 TAGGED; Zek@20,21 TAGGED; TzKal-Zuk@22,8 TAGGED
t707 | 36,14 | 34..38|E|frz-24 | zukIn 2 | setIn 192P | zukHp 591 | chosen 36,14 | walk - | weapon Rune Crossbow | untilShot 1 | target TzKal-Zuk[zuk] | gate - | overhead none | Zek@20,21 TAGGED; Zek@20,21 TAGGED; TzKal-Zuk@22,8 TAGGED
t708 | 36,14 | 35..39|E|frz-25 | zukIn 1 | setIn 192P | zukHp 591 | chosen 36,14 | walk - | weapon Rune Crossbow | untilShot 1 | target TzKal-Zuk[zuk] | gate - | overhead Protect from Magic | Zek@20,21 TAGGED; Zek@20,21 TAGGED; TzKal-Zuk@22,8 TAGGED
t709 | 36,14 | 36..40|W|frz4 | zukIn 10 | setIn 192P | zukHp 591 | chosen 30,14 | walk ->30,14 | weapon Rune Crossbow | untilShot 1 | target -[-] | gate - | overhead none | Zek@20,21 TAGGED; Zek@20,21 TAGGED; TzKal-Zuk@22,8 TAGGED
t710 | 34,14 | 36..40|W|frz3 | zukIn 9 | setIn 192P | zukHp 591 | chosen 30,14 | walk ->30,14 | weapon Rune Crossbow | untilShot 1 | target TzKal-Zuk[zuk] | gate - | overhead Protect from Magic | Zek@20,21 TAGGED; Zek@20,21 TAGGED; TzKal-Zuk@22,8 TAGGED
t711 | 32,14 | 36..40|W|frz2 | zukIn 8 | setIn 192P | zukHp 591 | chosen 30,14 | walk ->30,14 | weapon Rune Crossbow | untilShot 1 | target TzKal-Zuk[zuk] | gate - | overhead none | Zek@20,21 TAGGED; Zek@20,21 TAGGED; TzKal-Zuk@22,8 TAGGED
t712 | 30,14 | 36..40|W|frz1 | zukIn 7 | setIn 192P | zukHp 591 | chosen 30,14 | walk - | weapon Rune Crossbow | untilShot 1 | target Jal-Zek[mager-kill] | gate ok | overhead Protect from Magic | Zek@20,21 TAGGED; Zek@20,21 TAGGED; TzKal-Zuk@22,8 TAGGED
t713 | 30,14 | 36..40|W|frz0 | zukIn 6 | setIn 192P | zukHp 591 | chosen 30,14 | walk - | weapon Rune Crossbow | untilShot 5 | target Jal-Zek[mager-kill] | gate ok | overhead none | Zek@20,21 TAGGED; Zek@20,21 TAGGED; TzKal-Zuk@22,8 TAGGED
FIRED t713 | 30,14 | Rune Crossbow | Jal-Zek
t714 | 30,14 | 35..39|W|frz-1 | zukIn 5 | setIn 192P | zukHp 591 | chosen 30,14 | walk - | weapon Rune Crossbow | untilShot 4 | target Jal-Zek[mager-kill] | gate ok | overhead Protect from Magic | Zek@20,21 TAGGED; Zek@20,21 TAGGED; TzKal-Zuk@22,8 TAGGED
t715 | 30,14 | 34..38|W|frz-2 | zukIn 4 | setIn 192P | zukHp 591 | chosen 30,14 | walk - | weapon Rune Crossbow | untilShot 3 | target Jal-Zek[mager-kill] | gate ok | overhead none | Zek@20,21 TAGGED; Zek@20,21 TAGGED; TzKal-Zuk@22,8 TAGGED
t716 | 30,14 | 33..37|W|frz-3 | zukIn 3 | setIn 192P | zukHp 591 | chosen 30,14 | walk - | weapon Rune Crossbow | untilShot 2 | target Jal-Zek[mager-kill] | gate ok | overhead Protect from Magic | Zek@20,21 TAGGED; Zek@20,21 TAGGED; TzKal-Zuk@22,8 TAGGED
t717 | 30,14 | 32..36|W|frz-4 | zukIn 2 | setIn 192P | zukHp 591 | chosen 30,14 | walk - | weapon Rune Crossbow | untilShot 1 | target Jal-Zek[mager-kill] | gate ok | overhead none | Zek@20,21 TAGGED; Zek@20,21 TAGGED; TzKal-Zuk@22,8 TAGGED
t718 | 30,14 | 31..35|W|frz-5 | zukIn 1 | setIn 192P | zukHp 591 | chosen 30,14 | walk - | weapon Rune Crossbow | untilShot 5 | target Jal-Zek[mager-kill] | gate ok | overhead Protect from Magic | Zek@20,21 TAGGED; Zek@20,21 TAGGED; TzKal-Zuk@22,8 TAGGED
FIRED t718 | 30,14 | Rune Crossbow | Jal-Zek
t719 | 30,14 | 30..34|W|frz-6 | zukIn 10 | setIn 192P | zukHp 591 | chosen 20,14 | walk ->20,14 | weapon Rune Crossbow | untilShot 4 | target -[-] | gate - | overhead none | Zek@20,21 TAGGED; Zek@20,21 TAGGED; TzKal-Zuk@22,8 TAGGED
t720 | 28,14 | 29..33|W|frz-7 | zukIn 9 | setIn 192P | zukHp 591 | chosen 20,14 | walk ->20,14 | weapon Rune Crossbow | untilShot 3 | target Jal-Zek[mager-kill] | gate ok | overhead Protect from Magic | Zek@20,21 TAGGED; Zek@20,21 TAGGED; TzKal-Zuk@22,8 TAGGED
t721 | 26,14 | 28..32|W|frz-8 | zukIn 8 | setIn 192P | zukHp 591 | chosen 20,14 | walk ->20,14 | weapon Rune Crossbow | untilShot 2 | target Jal-Zek[mager-kill] | gate ok | overhead none | Zek@20,21 TAGGED; Zek@20,21 TAGGED; TzKal-Zuk@22,8 TAGGED
t722 | 24,14 | 27..31|W|frz-9 | zukIn 7 | setIn 192P | zukHp 591 | chosen 20,14 | walk ->20,14 | weapon Toxic Blowpipe | untilShot 1 | target Jal-Zek[mager-kill] | gate ok | overhead Protect from Magic | Zek@20,21 TAGGED; Zek@20,21 TAGGED; TzKal-Zuk@22,8 TAGGED
t723 | 24,14 | 26..30|W|frz-10 | zukIn 6 | setIn 192P | zukHp 591 | chosen 20,14 | walk ->20,14 | weapon Toxic Blowpipe | untilShot 2 | target -[-] | gate - | overhead none | Zek@20,21 TAGGED; Zek@20,21 TAGGED; TzKal-Zuk@22,8 TAGGED
FIRED t723 | 24,14 | Toxic Blowpipe | Jal-Zek
t724 | 22,14 | 25..29|W|frz-11 | zukIn 5 | setIn 192P | zukHp 591 | chosen 20,14 | walk ->20,14 | weapon Toxic Blowpipe | untilShot 1 | target Jal-Zek[mager-kill] | gate ok | overhead Protect from Magic | Zek@20,21 TAGGED; Zek@20,21 TAGGED; TzKal-Zuk@22,8 TAGGED
t725 | 22,14 | 24..28|W|frz-12 | zukIn 4 | setIn 192P | zukHp 591 | chosen 20,14 | walk ->20,14 | weapon Toxic Blowpipe | untilShot 1 | target -[-] | gate - | overhead none | Zek@20,21 TAGGED; TzKal-Zuk@22,8 TAGGED
t726 | 20,14 | 23..27|W|frz-13 | zukIn 3 | setIn 192P | zukHp 591 | chosen 20,14 | walk - | weapon Toxic Blowpipe | untilShot 1 | target Jal-Zek[mager-kill] | gate ok | overhead none | Zek@20,21 TAGGED; TzKal-Zuk@22,8 TAGGED
t727 | 20,14 | 22..26|W|frz-14 | zukIn 2 | setIn 192P | zukHp 591 | chosen 20,14 | walk - | weapon Toxic Blowpipe | untilShot 2 | target Jal-Zek[mager-kill] | gate ok | overhead none | Zek@20,21 TAGGED; TzKal-Zuk@22,8 TAGGED
FIRED t727 | 20,14 | Toxic Blowpipe | Jal-Zek
t728 | 20,14 | 21..25|W|frz-15 | zukIn 1 | setIn 192P | zukHp 591 | chosen 20,14 | walk - | weapon Toxic Blowpipe | untilShot 1 | target Jal-Zek[mager-kill] | gate ok | overhead Protect from Magic | Zek@20,21 TAGGED; TzKal-Zuk@22,8 TAGGED
t729 | 20,14 | 20..24|W|frz-16 | zukIn 10 | setIn 192P | zukHp 591 | chosen 14,14 | walk ->14,14 | weapon Toxic Blowpipe | untilShot 2 | target -[-] | gate - | overhead none | Zek@20,21 TAGGED; TzKal-Zuk@22,8 TAGGED
FIRED t729 | 20,14 | Toxic Blowpipe | Jal-Zek
t730 | 18,14 | 19..23|W|frz-17 | zukIn 9 | setIn 192P | zukHp 591 | chosen 14,14 | walk ->14,14 | weapon Toxic Blowpipe | untilShot 1 | target Jal-Zek[mager-kill] | gate ok | overhead none | Zek@20,21 TAGGED; TzKal-Zuk@22,8 TAGGED
t731 | 18,14 | 18..22|W|frz-18 | zukIn 8 | setIn 192P | zukHp 591 | chosen 14,14 | walk ->14,14 | weapon Toxic Blowpipe | untilShot 2 | target -[-] | gate - | overhead none | Zek@20,21 TAGGED; TzKal-Zuk@22,8 TAGGED
FIRED t731 | 18,14 | Toxic Blowpipe | Jal-Zek
t732 | 16,14 | 17..21|W|frz-19 | zukIn 7 | setIn 192P | zukHp 591 | chosen 14,14 | walk ->14,14 | weapon Toxic Blowpipe | untilShot 1 | target Jal-Zek[mager-kill] | gate ok | overhead Protect from Magic | Zek@20,21 TAGGED; TzKal-Zuk@22,8 TAGGED
t733 | 16,14 | 16..20|W|frz-20 | zukIn 6 | setIn 192P | zukHp 591 | chosen 14,14 | walk ->14,14 | weapon Toxic Blowpipe | untilShot 2 | target -[-] | gate - | overhead none | Zek@20,21 TAGGED; TzKal-Zuk@22,8 TAGGED
FIRED t733 | 16,14 | Toxic Blowpipe | Jal-Zek
t734 | 14,14 | 15..19|W|frz-21 | zukIn 5 | setIn 192P | zukHp 591 | chosen 14,14 | walk - | weapon Toxic Blowpipe | untilShot 1 | target Jal-Zek[mager-kill] | gate ok | overhead none | Zek@20,21 TAGGED; TzKal-Zuk@22,8 TAGGED
t735 | 14,14 | 14..18|W|frz-22 | zukIn 4 | setIn 192P | zukHp 591 | chosen 14,14 | walk - | weapon Rune Crossbow | untilShot 1 | target Jal-Zek[mager-kill] | gate ok | overhead none | Zek@20,21 TAGGED; TzKal-Zuk@22,8 TAGGED
t736 | 14,14 | 13..17|W|frz-23 | zukIn 3 | setIn 192P | zukHp 591 | chosen 14,14 | walk - | weapon Rune Crossbow | untilShot 5 | target Jal-Zek[mager-kill] | gate ok | overhead Protect from Magic | Zek@20,21 TAGGED; TzKal-Zuk@22,8 TAGGED
FIRED t736 | 14,14 | Rune Crossbow | Jal-Zek
t737 | 14,14 | 12..16|W|frz-24 | zukIn 2 | setIn 192P | zukHp 591 | chosen 14,14 | walk - | weapon Rune Crossbow | untilShot 4 | target Jal-Zek[mager-kill] | gate ok | overhead none | Zek@20,21 TAGGED; TzKal-Zuk@22,8 TAGGED
t738 | 14,14 | 11..15|W|frz-25 | zukIn 1 | setIn 192P | zukHp 591 | chosen 14,14 | walk - | weapon Rune Crossbow | untilShot 3 | target Jal-Zek[mager-kill] | gate ok | overhead none | Zek@20,21 TAGGED; TzKal-Zuk@22,8 TAGGED
t739 | 14,14 | 10..14|E|frz4 | zukIn 10 | setIn 192P | zukHp 591 | chosen 20,14 | walk ->20,14 | weapon Rune Crossbow | untilShot 2 | target -[-] | gate - | overhead none | Zek@20,21 TAGGED; TzKal-Zuk@22,8 TAGGED
t740 | 16,14 | 10..14|E|frz3 | zukIn 9 | setIn 192P | zukHp 591 | chosen 20,14 | walk ->20,14 | weapon Rune Crossbow | untilShot 1 | target Jal-Zek[mager-kill] | gate ok | overhead Protect from Magic | Zek@20,21 TAGGED; TzKal-Zuk@22,8 TAGGED
t741 | 16,14 | 10..14|E|frz2 | zukIn 8 | setIn 192P | zukHp 591 | chosen 20,14 | walk ->20,14 | weapon Rune Crossbow | untilShot 5 | target -[-] | gate - | overhead none | Zek@20,21 TAGGED; TzKal-Zuk@22,8 TAGGED
FIRED t741 | 16,14 | Rune Crossbow | Jal-Zek
t742 | 18,14 | 10..14|E|frz1 | zukIn 7 | setIn 192P | zukHp 591 | chosen 20,14 | walk ->20,14 | weapon Rune Crossbow | untilShot 4 | target Jal-Zek[mager-kill] | gate ok | overhead none | Zek@20,21 TAGGED; TzKal-Zuk@22,8 TAGGED
t743 | 20,14 | 10..14|E|frz0 | zukIn 6 | setIn 192P | zukHp 591 | chosen 20,14 | walk - | weapon Rune Crossbow | untilShot 3 | target Jal-Zek[mager-kill] | gate ok | overhead none | Zek@20,21 TAGGED; TzKal-Zuk@22,8 TAGGED
t744 | 20,14 | 11..15|E|frz-1 | zukIn 5 | setIn 192P | zukHp 591 | chosen 20,14 | walk - | weapon Rune Crossbow | untilShot 2 | target Jal-Zek[mager-kill] | gate ok | overhead Protect from Magic | Zek@20,21 TAGGED; TzKal-Zuk@22,8 TAGGED
t745 | 20,14 | 12..16|E|frz-2 | zukIn 4 | setIn 192P | zukHp 591 | chosen 20,14 | walk - | weapon Toxic Blowpipe | untilShot 1 | target Jal-Zek[mager-kill] | gate ok | overhead none | Zek@20,21 TAGGED; TzKal-Zuk@22,8 TAGGED
t746 | 20,14 | 13..17|E|frz-3 | zukIn 3 | setIn 192P | zukHp 591 | chosen 20,14 | walk - | weapon Toxic Blowpipe | untilShot 2 | target Jal-Zek[mager-kill] | gate ok | overhead none | Zek@20,21 TAGGED; TzKal-Zuk@22,8 TAGGED
FIRED t746 | 20,14 | Toxic Blowpipe | Jal-Zek
t747 | 20,14 | 14..18|E|frz-4 | zukIn 2 | setIn 192P | zukHp 591 | chosen 20,14 | walk - | weapon Toxic Blowpipe | untilShot 1 | target Jal-Zek[mager-kill] | gate ok | overhead none | Zek@20,21 TAGGED; TzKal-Zuk@22,8 TAGGED
t748 | 20,14 | 15..19|E|frz-5 | zukIn 1 | setIn 192P | zukHp 591 | chosen 20,14 | walk - | weapon Toxic Blowpipe | untilShot 2 | target Jal-Zek[mager-kill] | gate ok | overhead Protect from Magic | Zek@20,21 TAGGED; TzKal-Zuk@22,8 TAGGED
FIRED t748 | 20,14 | Toxic Blowpipe | Jal-Zek
t749 | 20,14 | 16..20|E|frz-6 | zukIn 10 | setIn 192P | zukHp 591 | chosen 30,14 | walk ->30,14 | weapon Toxic Blowpipe | untilShot 1 | target -[-] | gate - | overhead none | Zek@20,21 TAGGED; TzKal-Zuk@22,8 TAGGED
t750 | 22,14 | 17..21|E|frz-7 | zukIn 9 | setIn 192P | zukHp 591 | chosen 30,14 | walk ->30,14 | weapon Toxic Blowpipe | untilShot 1 | target Jal-Zek[mager-kill] | gate ok | overhead none | Zek@20,21 TAGGED; TzKal-Zuk@22,8 TAGGED
t751 | 22,14 | 18..22|E|frz-8 | zukIn 8 | setIn 192P | zukHp 591 | chosen 30,14 | walk ->30,14 | weapon Toxic Blowpipe | untilShot 2 | target -[-] | gate - | overhead none | Zek@20,21 TAGGED; TzKal-Zuk@22,8 TAGGED
FIRED t751 | 22,14 | Toxic Blowpipe | Jal-Zek
t752 | 24,14 | 19..23|E|frz-9 | zukIn 7 | setIn 192P | zukHp 591 | chosen 30,14 | walk ->30,14 | weapon Toxic Blowpipe | untilShot 1 | target Jal-Zek[mager-kill] | gate ok | overhead Protect from Magic | Zek@20,21 TAGGED; TzKal-Zuk@22,8 TAGGED
t753 | 24,14 | 20..24|E|frz-10 | zukIn 6 | setIn 192P | zukHp 591 | chosen 30,14 | walk ->30,14 | weapon Toxic Blowpipe | untilShot 2 | target -[-] | gate - | overhead none | Zek@20,21 TAGGED; TzKal-Zuk@22,8 TAGGED
FIRED t753 | 24,14 | Toxic Blowpipe | Jal-Zek
t754 | 26,14 | 21..25|E|frz-11 | zukIn 5 | setIn 192P | zukHp 591 | chosen 30,14 | walk ->30,14 | weapon Toxic Blowpipe | untilShot 1 | target Jal-Zek[mager-kill] | gate ok | overhead none | Zek@20,21 TAGGED; TzKal-Zuk@22,8 TAGGED
t755 | 26,14 | 22..26|E|frz-12 | zukIn 4 | setIn 192P | zukHp 591 | chosen 30,14 | walk ->30,14 | weapon Toxic Blowpipe | untilShot 2 | target -[-] | gate - | overhead none | Zek@20,21 TAGGED; TzKal-Zuk@22,8 TAGGED
FIRED t755 | 26,14 | Toxic Blowpipe | Jal-Zek
t756 | 28,14 | 23..27|E|frz-13 | zukIn 3 | setIn 192P | zukHp 591 | chosen 30,14 | walk ->30,14 | weapon Toxic Blowpipe | untilShot 1 | target Jal-Zek[mager-kill] | gate ok | overhead Protect from Magic | Zek@20,21 TAGGED; TzKal-Zuk@22,8 TAGGED
t757 | 28,14 | 24..28|E|frz-14 | zukIn 2 | setIn 192P | zukHp 591 | chosen 30,14 | walk ->30,14 | weapon Toxic Blowpipe | untilShot 2 | target -[-] | gate - | overhead none | Zek@20,21 TAGGED; TzKal-Zuk@22,8 TAGGED
FIRED t757 | 28,14 | Toxic Blowpipe | Jal-Zek
t758 | 30,14 | 25..29|E|frz-15 | zukIn 1 | setIn 192P | zukHp 591 | chosen 30,14 | walk - | weapon Toxic Blowpipe | untilShot 1 | target Jal-Zek[mager-kill] | gate ok | overhead none | Zek@20,21 TAGGED; TzKal-Zuk@22,8 TAGGED
t759 | 30,14 | 26..30|E|frz-16 | zukIn 10 | setIn 192P | zukHp 591 | chosen 36,14 | walk ->36,14 | weapon Rune Crossbow | untilShot 1 | target -[-] | gate - | overhead none | Zek@20,21 TAGGED; TzKal-Zuk@22,8 TAGGED
t760 | 32,14 | 27..31|E|frz-17 | zukIn 9 | setIn 192P | zukHp 591 | chosen 36,14 | walk ->36,14 | weapon Rune Crossbow | untilShot 1 | target TzKal-Zuk[zuk] | gate - | overhead Protect from Magic | Zek@20,21 TAGGED; TzKal-Zuk@22,8 TAGGED
t761 | 34,14 | 28..32|E|frz-18 | zukIn 8 | setIn 192P | zukHp 591 | chosen 36,14 | walk ->36,14 | weapon Rune Crossbow | untilShot 1 | target TzKal-Zuk[zuk] | gate - | overhead none | Zek@20,21 TAGGED; TzKal-Zuk@22,8 TAGGED
t762 | 36,14 | 29..33|E|frz-19 | zukIn 7 | setIn 192P | zukHp 591 | chosen 36,14 | walk - | weapon Rune Crossbow | untilShot 1 | target TzKal-Zuk[zuk] | gate - | overhead none | Zek@20,21 TAGGED; TzKal-Zuk@22,8 TAGGED
t763 | 36,14 | 30..34|E|frz-20 | zukIn 6 | setIn 192P | zukHp 591 | chosen 36,14 | walk - | weapon Rune Crossbow | untilShot 1 | target TzKal-Zuk[zuk] | gate - | overhead none | Zek@20,21 TAGGED; TzKal-Zuk@22,8 TAGGED
t764 | 36,14 | 31..35|E|frz-21 | zukIn 5 | setIn 192P | zukHp 591 | chosen 36,14 | walk - | weapon Rune Crossbow | untilShot 1 | target TzKal-Zuk[zuk] | gate - | overhead Protect from Magic | Zek@20,21 TAGGED; TzKal-Zuk@22,8 TAGGED
t765 | 36,14 | 32..36|E|frz-22 | zukIn 4 | setIn 192P | zukHp 591 | chosen 36,14 | walk - | weapon Rune Crossbow | untilShot 1 | target TzKal-Zuk[zuk] | gate - | overhead none | Zek@20,21 TAGGED; TzKal-Zuk@22,8 TAGGED
t766 | 36,14 | 33..37|E|frz-23 | zukIn 3 | setIn 192P | zukHp 591 | chosen 36,14 | walk - | weapon Rune Crossbow | untilShot 1 | target TzKal-Zuk[zuk] | gate - | overhead none | Zek@20,21 TAGGED; TzKal-Zuk@22,8 TAGGED
t767 | 36,14 | 34..38|E|frz-24 | zukIn 2 | setIn 192P | zukHp 591 | chosen 36,14 | walk - | weapon Rune Crossbow | untilShot 1 | target TzKal-Zuk[zuk] | gate - | overhead none | Zek@20,21 TAGGED; TzKal-Zuk@22,8 TAGGED
t768 | 36,14 | 35..39|E|frz-25 | zukIn 1 | setIn 192P | zukHp 591 | chosen 36,14 | walk - | weapon Rune Crossbow | untilShot 1 | target TzKal-Zuk[zuk] | gate - | overhead Protect from Magic | Zek@20,21 TAGGED; TzKal-Zuk@22,8 TAGGED
t769 | 36,14 | 36..40|W|frz4 | zukIn 10 | setIn 192P | zukHp 591 | chosen 30,14 | walk ->30,14 | weapon Rune Crossbow | untilShot 1 | target -[-] | gate - | overhead none | Zek@20,21 TAGGED; TzKal-Zuk@22,8 TAGGED
t770 | 34,14 | 36..40|W|frz3 | zukIn 9 | setIn 192P | zukHp 591 | chosen 30,14 | walk ->30,14 | weapon Rune Crossbow | untilShot 1 | target TzKal-Zuk[zuk] | gate - | overhead none | Zek@20,21 TAGGED; TzKal-Zuk@22,8 TAGGED
t771 | 32,14 | 36..40|W|frz2 | zukIn 8 | setIn 192P | zukHp 591 | chosen 30,14 | walk ->30,14 | weapon Rune Crossbow | untilShot 1 | target TzKal-Zuk[zuk] | gate - | overhead none | Zek@20,21 TAGGED; TzKal-Zuk@22,8 TAGGED
t772 | 30,14 | 36..40|W|frz1 | zukIn 7 | setIn 192P | zukHp 591 | chosen 30,14 | walk - | weapon Rune Crossbow | untilShot 1 | target Jal-Zek[mager-kill] | gate ok | overhead Protect from Magic | Zek@20,21 TAGGED; TzKal-Zuk@22,8 TAGGED
t773 | 30,14 | 36..40|W|frz0 | zukIn 6 | setIn 192P | zukHp 591 | chosen 30,14 | walk - | weapon Rune Crossbow | untilShot 5 | target Jal-Zek[mager-kill] | gate ok | overhead none | Zek@20,21 TAGGED; TzKal-Zuk@22,8 TAGGED
FIRED t773 | 30,14 | Rune Crossbow | Jal-Zek
t774 | 30,14 | 35..39|W|frz-1 | zukIn 5 | setIn 192P | zukHp 591 | chosen 30,14 | walk - | weapon Rune Crossbow | untilShot 4 | target Jal-Zek[mager-kill] | gate ok | overhead none | Zek@20,21 TAGGED; TzKal-Zuk@22,8 TAGGED
t775 | 30,14 | 34..38|W|frz-2 | zukIn 4 | setIn 192P | zukHp 591 | chosen 30,14 | walk - | weapon Rune Crossbow | untilShot 3 | target Jal-Zek[mager-kill] | gate ok | overhead none | Zek@20,21 TAGGED; TzKal-Zuk@22,8 TAGGED
t776 | 30,14 | 33..37|W|frz-3 | zukIn 3 | setIn 192P | zukHp 591 | chosen 30,14 | walk - | weapon Rune Crossbow | untilShot 2 | target Jal-Zek[mager-kill] | gate ok | overhead Protect from Magic | Zek@20,21 TAGGED; TzKal-Zuk@22,8 TAGGED
t777 | 30,14 | 32..36|W|frz-4 | zukIn 2 | setIn 192P | zukHp 591 | chosen 30,14 | walk - | weapon Rune Crossbow | untilShot 1 | target Jal-Zek[mager-kill] | gate ok | overhead none | Zek@20,21 TAGGED; TzKal-Zuk@22,8 TAGGED
t778 | 30,14 | 31..35|W|frz-5 | zukIn 1 | setIn 192P | zukHp 591 | chosen 30,14 | walk - | weapon Rune Crossbow | untilShot 5 | target Jal-Zek[mager-kill] | gate ok | overhead none | Zek@20,21 TAGGED; TzKal-Zuk@22,8 TAGGED
FIRED t778 | 30,14 | Rune Crossbow | Jal-Zek
t779 | 30,14 | 30..34|W|frz-6 | zukIn 10 | setIn 192P | zukHp 591 | chosen 20,14 | walk ->20,14 | weapon Rune Crossbow | untilShot 4 | target -[-] | gate - | overhead none | Zek@20,21 TAGGED; TzKal-Zuk@22,8 TAGGED
t780 | 28,14 | 29..33|W|frz-7 | zukIn 9 | setIn 192P | zukHp 591 | chosen 20,14 | walk ->20,14 | weapon Rune Crossbow | untilShot 3 | target Jal-Zek[mager-kill] | gate ok | overhead Protect from Magic | Zek@20,21 TAGGED; TzKal-Zuk@22,8 TAGGED
t781 | 26,14 | 28..32|W|frz-8 | zukIn 8 | setIn 192P | zukHp 591 | chosen 20,14 | walk ->20,14 | weapon Rune Crossbow | untilShot 2 | target Jal-Zek[mager-kill] | gate ok | overhead none | Zek@20,21 TAGGED; TzKal-Zuk@22,8 TAGGED
t782 | 24,14 | 27..31|W|frz-9 | zukIn 7 | setIn 192P | zukHp 591 | chosen 20,14 | walk ->20,14 | weapon Toxic Blowpipe | untilShot 1 | target Jal-Zek[mager-kill] | gate ok | overhead none | Zek@20,21 TAGGED; TzKal-Zuk@22,8 TAGGED
t783 | 24,14 | 26..30|W|frz-10 | zukIn 6 | setIn 192P | zukHp 591 | chosen 20,14 | walk ->20,14 | weapon Toxic Blowpipe | untilShot 2 | target -[-] | gate - | overhead none | Zek@20,21 TAGGED; TzKal-Zuk@22,8 TAGGED
FIRED t783 | 24,14 | Toxic Blowpipe | Jal-Zek
t784 | 22,14 | 25..29|W|frz-11 | zukIn 5 | setIn 192P | zukHp 591 | chosen 20,14 | walk ->20,14 | weapon Toxic Blowpipe | untilShot 1 | target Jal-Zek[mager-kill] | gate ok | overhead Protect from Magic | Zek@20,21 TAGGED; TzKal-Zuk@22,8 TAGGED
t785 | 22,14 | 24..28|W|frz-12 | zukIn 4 | setIn 192P | zukHp 591 | chosen 20,14 | walk ->20,14 | weapon Toxic Blowpipe | untilShot 2 | target -[-] | gate - | overhead none | Zek@20,21 TAGGED; TzKal-Zuk@22,8 TAGGED
FIRED t785 | 22,14 | Toxic Blowpipe | Jal-Zek
t786 | 20,14 | 23..27|W|frz-13 | zukIn 3 | setIn 192P | zukHp 591 | chosen 20,14 | walk - | weapon Toxic Blowpipe | untilShot 1 | target Jal-Zek[mager-kill] | gate ok | overhead none | Zek@20,21 TAGGED; TzKal-Zuk@22,8 TAGGED
t787 | 20,14 | 22..26|W|frz-14 | zukIn 2 | setIn 192P | zukHp 591 | chosen 20,14 | walk - | weapon Toxic Blowpipe | untilShot 2 | target Jal-Zek[mager-kill] | gate ok | overhead none | Zek@20,21 TAGGED; TzKal-Zuk@22,8 TAGGED
FIRED t787 | 20,14 | Toxic Blowpipe | Jal-Zek
t788 | 20,14 | 21..25|W|frz-15 | zukIn 1 | setIn 192P | zukHp 591 | chosen 20,14 | walk - | weapon Toxic Blowpipe | untilShot 1 | target Jal-Zek[mager-kill] | gate ok | overhead Protect from Magic | Zek@20,21 TAGGED; TzKal-Zuk@22,8 TAGGED
t789 | 20,14 | 20..24|W|frz-16 | zukIn 10 | setIn 192P | zukHp 591 | chosen 14,14 | walk ->14,14 | weapon Toxic Blowpipe | untilShot 2 | target -[-] | gate - | overhead none | Zek@20,21 TAGGED; TzKal-Zuk@22,8 TAGGED
FIRED t789 | 20,14 | Toxic Blowpipe | Jal-Zek
t790 | 18,14 | 19..23|W|frz-17 | zukIn 9 | setIn 192P | zukHp 591 | chosen 14,14 | walk ->14,14 | weapon Toxic Blowpipe | untilShot 1 | target Jal-Zek[mager-kill] | gate ok | overhead none | Zek@20,21 TAGGED; TzKal-Zuk@22,8 TAGGED
t791 | 18,14 | 18..22|W|frz-18 | zukIn 8 | setIn 192P | zukHp 591 | chosen 14,14 | walk ->14,14 | weapon Toxic Blowpipe | untilShot 2 | target -[-] | gate - | overhead none | Zek@20,21 TAGGED; TzKal-Zuk@22,8 TAGGED
FIRED t791 | 18,14 | Toxic Blowpipe | Jal-Zek
t792 | 16,14 | 17..21|W|frz-19 | zukIn 7 | setIn 192P | zukHp 591 | chosen 14,14 | walk ->14,14 | weapon Toxic Blowpipe | untilShot 1 | target Jal-Zek[mager-kill] | gate ok | overhead Protect from Magic | Zek@20,21 TAGGED; TzKal-Zuk@22,8 TAGGED
t793 | 16,14 | 16..20|W|frz-20 | zukIn 6 | setIn 192P | zukHp 591 | chosen 14,14 | walk ->14,14 | weapon Toxic Blowpipe | untilShot 2 | target -[-] | gate - | overhead none | Zek@20,21 TAGGED; TzKal-Zuk@22,8 TAGGED
FIRED t793 | 16,14 | Toxic Blowpipe | Jal-Zek
t794 | 14,14 | 15..19|W|frz-21 | zukIn 5 | setIn 192P | zukHp 591 | chosen 14,14 | walk - | weapon Toxic Blowpipe | untilShot 1 | target Jal-Zek[mager-kill] | gate ok | overhead none | Zek@20,21 TAGGED; TzKal-Zuk@22,8 TAGGED
t795 | 14,14 | 14..18|W|frz-22 | zukIn 4 | setIn 192P | zukHp 591 | chosen 14,14 | walk - | weapon Rune Crossbow | untilShot 1 | target Jal-Zek[mager-kill] | gate ok | overhead none | Zek@20,21 TAGGED; TzKal-Zuk@22,8 TAGGED
t796 | 14,14 | 13..17|W|frz-23 | zukIn 3 | setIn 192P | zukHp 591 | chosen 14,14 | walk - | weapon Rune Crossbow | untilShot 5 | target Jal-Zek[mager-kill] | gate ok | overhead Protect from Magic | Zek@20,21 TAGGED; TzKal-Zuk@22,8 TAGGED
FIRED t796 | 14,14 | Rune Crossbow | Jal-Zek
t797 | 14,14 | 12..16|W|frz-24 | zukIn 2 | setIn 192P | zukHp 591 | chosen 14,14 | walk - | weapon Rune Crossbow | untilShot 4 | target Jal-Zek[mager-kill] | gate ok | overhead none | Zek@20,21 TAGGED; TzKal-Zuk@22,8 TAGGED
t798 | 14,14 | 11..15|W|frz-25 | zukIn 1 | setIn 192P | zukHp 591 | chosen 14,14 | walk - | weapon Rune Crossbow | untilShot 3 | target Jal-Zek[mager-kill] | gate ok | overhead none | Zek@20,21 TAGGED; TzKal-Zuk@22,8 TAGGED
t799 | 14,14 | 10..14|E|frz4 | zukIn 10 | setIn 192P | zukHp 591 | chosen 20,14 | walk ->20,14 | weapon Rune Crossbow | untilShot 2 | target -[-] | gate - | overhead none | Zek@20,21 TAGGED; TzKal-Zuk@22,8 TAGGED
t800 | 16,14 | 10..14|E|frz3 | zukIn 9 | setIn 192P | zukHp 591 | chosen 20,14 | walk ->20,14 | weapon Rune Crossbow | untilShot 1 | target Jal-Zek[mager-kill] | gate ok | overhead Protect from Magic | Zek@20,21 TAGGED; TzKal-Zuk@22,8 TAGGED
t801 | 16,14 | 10..14|E|frz2 | zukIn 8 | setIn 192P | zukHp 591 | chosen 20,14 | walk ->20,14 | weapon Rune Crossbow | untilShot 5 | target -[-] | gate - | overhead none | Zek@20,21 TAGGED; TzKal-Zuk@22,8 TAGGED
FIRED t801 | 16,14 | Rune Crossbow | Jal-Zek
t802 | 18,14 | 10..14|E|frz1 | zukIn 7 | setIn 192P | zukHp 591 | chosen 20,14 | walk ->20,14 | weapon Rune Crossbow | untilShot 4 | target Jal-Zek[mager-kill] | gate ok | overhead none | Zek@20,21 TAGGED; TzKal-Zuk@22,8 TAGGED
t803 | 20,14 | 10..14|E|frz0 | zukIn 6 | setIn 192P | zukHp 591 | chosen 20,14 | walk - | weapon Rune Crossbow | untilShot 3 | target Jal-Zek[mager-kill] | gate ok | overhead none | Zek@20,21 TAGGED; TzKal-Zuk@22,8 TAGGED
t804 | 20,14 | 11..15|E|frz-1 | zukIn 5 | setIn 192P | zukHp 591 | chosen 20,14 | walk - | weapon Rune Crossbow | untilShot 2 | target Jal-Zek[mager-kill] | gate ok | overhead Protect from Magic | Zek@20,21 TAGGED; TzKal-Zuk@22,8 TAGGED
t805 | 20,14 | 12..16|E|frz-2 | zukIn 4 | setIn 192P | zukHp 591 | chosen 20,14 | walk - | weapon Toxic Blowpipe | untilShot 1 | target Jal-Zek[mager-kill] | gate ok | overhead none | Zek@20,21 TAGGED; TzKal-Zuk@22,8 TAGGED
t806 | 20,14 | 13..17|E|frz-3 | zukIn 3 | setIn 192P | zukHp 591 | chosen 20,14 | walk - | weapon Toxic Blowpipe | untilShot 2 | target Jal-Zek[mager-kill] | gate ok | overhead none | Zek@20,21 TAGGED; TzKal-Zuk@22,8 TAGGED
FIRED t806 | 20,14 | Toxic Blowpipe | Jal-Zek
t807 | 20,14 | 14..18|E|frz-4 | zukIn 2 | setIn 192P | zukHp 591 | chosen 20,14 | walk - | weapon Toxic Blowpipe | untilShot 1 | target Jal-Zek[mager-kill] | gate ok | overhead none | Zek@20,21 TAGGED; TzKal-Zuk@22,8 TAGGED
t808 | 20,14 | 15..19|E|frz-5 | zukIn 1 | setIn 192P | zukHp 591 | chosen 20,14 | walk - | weapon Toxic Blowpipe | untilShot 2 | target Jal-Zek[mager-kill] | gate ok | overhead Protect from Magic | Zek@20,21 TAGGED; TzKal-Zuk@22,8 TAGGED
FIRED t808 | 20,14 | Toxic Blowpipe | Jal-Zek
t809 | 20,14 | 16..20|E|frz-6 | zukIn 10 | setIn 192P | zukHp 591 | chosen 30,14 | walk ->30,14 | weapon Toxic Blowpipe | untilShot 1 | target -[-] | gate - | overhead none | Zek@20,21 TAGGED; TzKal-Zuk@22,8 TAGGED
t810 | 22,14 | 17..21|E|frz-7 | zukIn 9 | setIn 192P | zukHp 591 | chosen 30,14 | walk ->30,14 | weapon Toxic Blowpipe | untilShot 1 | target Jal-Zek[mager-kill] | gate ok | overhead none | Zek@20,21 TAGGED; TzKal-Zuk@22,8 TAGGED
t811 | 22,14 | 18..22|E|frz-8 | zukIn 8 | setIn 192P | zukHp 591 | chosen 30,14 | walk ->30,14 | weapon Toxic Blowpipe | untilShot 2 | target -[-] | gate - | overhead none | Zek@20,21 TAGGED; TzKal-Zuk@22,8 TAGGED
FIRED t811 | 22,14 | Toxic Blowpipe | Jal-Zek
t812 | 24,14 | 19..23|E|frz-9 | zukIn 7 | setIn 192P | zukHp 591 | chosen 30,14 | walk ->30,14 | weapon Toxic Blowpipe | untilShot 1 | target Jal-Zek[mager-kill] | gate ok | overhead Protect from Magic | Zek@20,21 TAGGED; TzKal-Zuk@22,8 TAGGED
t813 | 24,14 | 20..24|E|frz-10 | zukIn 6 | setIn 192P | zukHp 591 | chosen 30,14 | walk ->30,14 | weapon Toxic Blowpipe | untilShot 2 | target -[-] | gate - | overhead none | Zek@20,21 TAGGED; TzKal-Zuk@22,8 TAGGED
FIRED t813 | 24,14 | Toxic Blowpipe | Jal-Zek
t814 | 26,14 | 21..25|E|frz-11 | zukIn 5 | setIn 192P | zukHp 591 | chosen 30,14 | walk ->30,14 | weapon Toxic Blowpipe | untilShot 1 | target Jal-Zek[mager-kill] | gate ok | overhead none | Zek@20,21 TAGGED; TzKal-Zuk@22,8 TAGGED
t815 | 26,14 | 22..26|E|frz-12 | zukIn 4 | setIn 192P | zukHp 591 | chosen 30,14 | walk ->30,14 | weapon Toxic Blowpipe | untilShot 2 | target -[-] | gate - | overhead none | Zek@20,21 TAGGED; TzKal-Zuk@22,8 TAGGED
FIRED t815 | 26,14 | Toxic Blowpipe | Jal-Zek
t816 | 28,14 | 23..27|E|frz-13 | zukIn 3 | setIn 192P | zukHp 591 | chosen 30,14 | walk ->30,14 | weapon Toxic Blowpipe | untilShot 1 | target Jal-Zek[mager-kill] | gate ok | overhead Protect from Magic | Zek@20,21 TAGGED; TzKal-Zuk@22,8 TAGGED
t817 | 28,14 | 24..28|E|frz-14 | zukIn 2 | setIn 192P | zukHp 591 | chosen 30,14 | walk ->30,14 | weapon Toxic Blowpipe | untilShot 2 | target -[-] | gate - | overhead none | Zek@20,21 TAGGED; TzKal-Zuk@22,8 TAGGED
FIRED t817 | 28,14 | Toxic Blowpipe | Jal-Zek
t818 | 30,14 | 25..29|E|frz-15 | zukIn 1 | setIn 192P | zukHp 591 | chosen 30,14 | walk - | weapon Toxic Blowpipe | untilShot 1 | target Jal-Zek[mager-kill] | gate ok | overhead none | Zek@20,21 TAGGED; TzKal-Zuk@22,8 TAGGED
t819 | 30,14 | 26..30|E|frz-16 | zukIn 10 | setIn 192P | zukHp 591 | chosen 36,14 | walk ->36,14 | weapon Rune Crossbow | untilShot 1 | target -[-] | gate - | overhead none | Zek@20,21 TAGGED; TzKal-Zuk@22,8 TAGGED
t820 | 32,14 | 27..31|E|frz-17 | zukIn 9 | setIn 192P | zukHp 591 | chosen 36,14 | walk ->36,14 | weapon Rune Crossbow | untilShot 1 | target TzKal-Zuk[zuk] | gate - | overhead Protect from Magic | Zek@20,21 TAGGED; TzKal-Zuk@22,8 TAGGED
t821 | 34,14 | 28..32|E|frz-18 | zukIn 8 | setIn 192P | zukHp 591 | chosen 36,14 | walk ->36,14 | weapon Rune Crossbow | untilShot 1 | target TzKal-Zuk[zuk] | gate - | overhead none | Zek@20,21 TAGGED; TzKal-Zuk@22,8 TAGGED
t822 | 36,14 | 29..33|E|frz-19 | zukIn 7 | setIn 192P | zukHp 591 | chosen 36,14 | walk - | weapon Rune Crossbow | untilShot 1 | target TzKal-Zuk[zuk] | gate - | overhead none | Zek@20,21 TAGGED; TzKal-Zuk@22,8 TAGGED
t823 | 36,14 | 30..34|E|frz-20 | zukIn 6 | setIn 192P | zukHp 591 | chosen 36,14 | walk - | weapon Rune Crossbow | untilShot 1 | target TzKal-Zuk[zuk] | gate - | overhead none | Zek@20,21 TAGGED; TzKal-Zuk@22,8 TAGGED
t824 | 36,14 | 31..35|E|frz-21 | zukIn 5 | setIn 192P | zukHp 591 | chosen 36,14 | walk - | weapon Rune Crossbow | untilShot 1 | target TzKal-Zuk[zuk] | gate - | overhead Protect from Magic | Zek@20,21 TAGGED; TzKal-Zuk@22,8 TAGGED
t825 | 36,14 | 32..36|E|frz-22 | zukIn 4 | setIn 192P | zukHp 591 | chosen 36,14 | walk - | weapon Rune Crossbow | untilShot 1 | target TzKal-Zuk[zuk] | gate - | overhead none | Zek@20,21 TAGGED; TzKal-Zuk@22,8 TAGGED
t826 | 36,14 | 33..37|E|frz-23 | zukIn 3 | setIn 192P | zukHp 591 | chosen 36,14 | walk - | weapon Rune Crossbow | untilShot 1 | target TzKal-Zuk[zuk] | gate - | overhead none | Zek@20,21 TAGGED; TzKal-Zuk@22,8 TAGGED
t827 | 36,14 | 34..38|E|frz-24 | zukIn 2 | setIn 192P | zukHp 591 | chosen 36,14 | walk - | weapon Rune Crossbow | untilShot 1 | target TzKal-Zuk[zuk] | gate - | overhead none | Zek@20,21 TAGGED; TzKal-Zuk@22,8 TAGGED
t828 | 36,14 | 35..39|E|frz-25 | zukIn 1 | setIn 192P | zukHp 591 | chosen 36,14 | walk - | weapon Rune Crossbow | untilShot 1 | target TzKal-Zuk[zuk] | gate - | overhead Protect from Magic | Zek@20,21 TAGGED; TzKal-Zuk@22,8 TAGGED
t829 | 36,14 | 36..40|W|frz4 | zukIn 10 | setIn 192P | zukHp 591 | chosen 30,14 | walk ->30,14 | weapon Rune Crossbow | untilShot 1 | target -[-] | gate - | overhead none | Zek@20,21 TAGGED; TzKal-Zuk@22,8 TAGGED
t830 | 34,14 | 36..40|W|frz3 | zukIn 9 | setIn 192P | zukHp 591 | chosen 30,14 | walk ->30,14 | weapon Rune Crossbow | untilShot 1 | target TzKal-Zuk[zuk] | gate - | overhead none | Zek@20,21 TAGGED; TzKal-Zuk@22,8 TAGGED
t831 | 32,14 | 36..40|W|frz2 | zukIn 8 | setIn 192P | zukHp 591 | chosen 30,14 | walk ->30,14 | weapon Rune Crossbow | untilShot 1 | target TzKal-Zuk[zuk] | gate - | overhead none | Zek@20,21 TAGGED; TzKal-Zuk@22,8 TAGGED
t832 | 30,14 | 36..40|W|frz1 | zukIn 7 | setIn 192P | zukHp 591 | chosen 30,14 | walk - | weapon Rune Crossbow | untilShot 1 | target Jal-Zek[mager-kill] | gate ok | overhead Protect from Magic | Zek@20,21 TAGGED; TzKal-Zuk@22,8 TAGGED
t833 | 30,14 | 36..40|W|frz0 | zukIn 6 | setIn 192P | zukHp 591 | chosen 30,14 | walk - | weapon Rune Crossbow | untilShot 5 | target Jal-Zek[mager-kill] | gate ok | overhead none | Zek@20,21 TAGGED; TzKal-Zuk@22,8 TAGGED
FIRED t833 | 30,14 | Rune Crossbow | Jal-Zek
t834 | 30,14 | 35..39|W|frz-1 | zukIn 5 | setIn 192P | zukHp 591 | chosen 30,14 | walk - | weapon Rune Crossbow | untilShot 4 | target Jal-Zek[mager-kill] | gate ok | overhead none | Zek@20,21 TAGGED; TzKal-Zuk@22,8 TAGGED
t835 | 30,14 | 34..38|W|frz-2 | zukIn 4 | setIn 192P | zukHp 591 | chosen 30,14 | walk - | weapon Rune Crossbow | untilShot 3 | target Jal-Zek[mager-kill] | gate ok | overhead none | Zek@20,21 TAGGED; TzKal-Zuk@22,8 TAGGED
t836 | 30,14 | 33..37|W|frz-3 | zukIn 3 | setIn 192P | zukHp 591 | chosen 30,14 | walk - | weapon Rune Crossbow | untilShot 2 | target Jal-Zek[mager-kill] | gate ok | overhead Protect from Magic | Zek@20,21 TAGGED; TzKal-Zuk@22,8 TAGGED
t837 | 30,14 | 32..36|W|frz-4 | zukIn 2 | setIn 192P | zukHp 591 | chosen 30,14 | walk - | weapon Rune Crossbow | untilShot 1 | target Jal-Zek[mager-kill] | gate ok | overhead none | Zek@20,21 TAGGED; TzKal-Zuk@22,8 TAGGED
t838 | 30,14 | 31..35|W|frz-5 | zukIn 1 | setIn 192P | zukHp 591 | chosen 30,14 | walk - | weapon Rune Crossbow | untilShot 5 | target Jal-Zek[mager-kill] | gate ok | overhead none | Zek@20,21 TAGGED; TzKal-Zuk@22,8 TAGGED
FIRED t838 | 30,14 | Rune Crossbow | Jal-Zek
t839 | 30,14 | 30..34|W|frz-6 | zukIn 10 | setIn 192P | zukHp 591 | chosen 20,14 | walk ->20,14 | weapon Rune Crossbow | untilShot 4 | target -[-] | gate - | overhead none | Zek@20,21 TAGGED; TzKal-Zuk@22,8 TAGGED
t840 | 28,14 | 29..33|W|frz-7 | zukIn 9 | setIn 192P | zukHp 591 | chosen 20,14 | walk ->20,14 | weapon Rune Crossbow | untilShot 3 | target Jal-Zek[mager-kill] | gate ok | overhead Protect from Magic | Zek@20,21 TAGGED; TzKal-Zuk@22,8 TAGGED
t841 | 26,14 | 28..32|W|frz-8 | zukIn 8 | setIn 192P | zukHp 591 | chosen 20,14 | walk ->20,14 | weapon Rune Crossbow | untilShot 2 | target TzKal-Zuk[zuk] | gate ok | overhead none | TzKal-Zuk@22,8 TAGGED
t842 | 24,14 | 27..31|W|frz-9 | zukIn 7 | setIn 192P | zukHp 591 | chosen 20,14 | walk ->20,14 | weapon Rune Crossbow | untilShot 1 | target TzKal-Zuk[zuk] | gate ok | overhead none | TzKal-Zuk@22,8 TAGGED
t843 | 24,14 | 26..30|W|frz-10 | zukIn 6 | setIn 192P | zukHp 591 | chosen 20,14 | walk ->20,14 | weapon Rune Crossbow | untilShot 5 | target -[-] | gate - | overhead none | TzKal-Zuk@22,8 TAGGED
FIRED t843 | 24,14 | Rune Crossbow | TzKal-Zuk
t844 | 22,14 | 25..29|W|frz-11 | zukIn 5 | setIn 192P | zukHp 591 | chosen 20,14 | walk ->20,14 | weapon Rune Crossbow | untilShot 4 | target TzKal-Zuk[zuk] | gate ok | overhead none | TzKal-Zuk@22,8 TAGGED
t845 | 20,14 | 24..28|W|frz-12 | zukIn 4 | setIn 192P | zukHp 591 | chosen 20,14 | walk - | weapon Rune Crossbow | untilShot 3 | target TzKal-Zuk[zuk] | gate ok | overhead none | TzKal-Zuk@22,8 TAGGED
t846 | 20,14 | 23..27|W|frz-13 | zukIn 3 | setIn 192P | zukHp 591 | chosen 20,14 | walk - | weapon Rune Crossbow | untilShot 2 | target TzKal-Zuk[zuk] | gate ok | overhead none | TzKal-Zuk@22,8 TAGGED
t847 | 20,14 | 22..26|W|frz-14 | zukIn 2 | setIn 192P | zukHp 591 | chosen 20,14 | walk - | weapon Rune Crossbow | untilShot 1 | target TzKal-Zuk[zuk] | gate ok | overhead none | TzKal-Zuk@22,8 TAGGED
t848 | 20,14 | 21..25|W|frz-15 | zukIn 1 | setIn 192P | zukHp 591 | chosen 20,14 | walk - | weapon Rune Crossbow | untilShot 5 | target TzKal-Zuk[zuk] | gate ok | overhead none | TzKal-Zuk@22,8 TAGGED
FIRED t848 | 20,14 | Rune Crossbow | TzKal-Zuk
t849 | 20,14 | 20..24|W|frz-16 | zukIn 10 | setIn 192P | zukHp 591 | chosen 15,14 | walk ->15,14 | weapon Rune Crossbow | untilShot 4 | target -[-] | gate - | overhead none | TzKal-Zuk@22,8 TAGGED
t850 | 18,14 | 19..23|W|frz-17 | zukIn 9 | setIn 192P | zukHp 591 | chosen 15,14 | walk ->15,14 | weapon Rune Crossbow | untilShot 3 | target TzKal-Zuk[zuk] | gate - | overhead none | TzKal-Zuk@22,8 TAGGED
t851 | 16,14 | 18..22|W|frz-18 | zukIn 8 | setIn 192P | zukHp 591 | chosen 15,14 | walk ->15,14 | weapon Rune Crossbow | untilShot 2 | target TzKal-Zuk[zuk] | gate - | overhead none | TzKal-Zuk@22,8 TAGGED
t852 | 15,14 | 17..21|W|frz-19 | zukIn 7 | setIn 192P | zukHp 591 | chosen 15,14 | walk - | weapon Rune Crossbow | untilShot 1 | target TzKal-Zuk[zuk] | gate ok | overhead none | TzKal-Zuk@22,8 TAGGED
t853 | 15,14 | 16..20|W|frz-20 | zukIn 6 | setIn 192P | zukHp 591 | chosen 14,14 | walk ->14,14 | weapon Rune Crossbow | untilShot 5 | target -[-] | gate - | overhead none | TzKal-Zuk@22,8 TAGGED
FIRED t853 | 15,14 | Rune Crossbow | TzKal-Zuk
t854 | 14,14 | 15..19|W|frz-21 | zukIn 5 | setIn 192P | zukHp 591 | chosen 14,14 | walk - | weapon Rune Crossbow | untilShot 4 | target TzKal-Zuk[zuk] | gate - | overhead none | TzKal-Zuk@22,8 TAGGED
t855 | 14,14 | 14..18|W|frz-22 | zukIn 4 | setIn 192P | zukHp 591 | chosen 14,14 | walk - | weapon Rune Crossbow | untilShot 3 | target TzKal-Zuk[zuk] | gate - | overhead none | TzKal-Zuk@22,8 TAGGED
t856 | 14,14 | 13..17|W|frz-23 | zukIn 3 | setIn 192P | zukHp 591 | chosen 14,14 | walk - | weapon Rune Crossbow | untilShot 2 | target TzKal-Zuk[zuk] | gate - | overhead none | TzKal-Zuk@22,8 TAGGED
t857 | 14,14 | 12..16|W|frz-24 | zukIn 2 | setIn 192P | zukHp 591 | chosen 14,14 | walk - | weapon Rune Crossbow | untilShot 1 | target TzKal-Zuk[zuk] | gate - | overhead none | TzKal-Zuk@22,8 TAGGED
t858 | 14,14 | 11..15|W|frz-25 | zukIn 1 | setIn 192P | zukHp 591 | chosen 14,14 | walk - | weapon Rune Crossbow | untilShot 1 | target TzKal-Zuk[zuk] | gate - | overhead none | TzKal-Zuk@22,8 TAGGED
t859 | 14,14 | 10..14|E|frz4 | zukIn 10 | setIn 192P | zukHp 591 | chosen 20,14 | walk ->20,14 | weapon Rune Crossbow | untilShot 1 | target -[-] | gate - | overhead none | TzKal-Zuk@22,8 TAGGED
t860 | 16,14 | 10..14|E|frz3 | zukIn 9 | setIn 192P | zukHp 591 | chosen 20,14 | walk ->20,14 | weapon Rune Crossbow | untilShot 1 | target TzKal-Zuk[zuk] | gate - | overhead none | TzKal-Zuk@22,8 TAGGED
t861 | 18,14 | 10..14|E|frz2 | zukIn 8 | setIn 192P | zukHp 591 | chosen 20,14 | walk ->20,14 | weapon Rune Crossbow | untilShot 1 | target TzKal-Zuk[zuk] | gate - | overhead none | TzKal-Zuk@22,8 TAGGED
t862 | 20,14 | 10..14|E|frz1 | zukIn 7 | setIn 192P | zukHp 591 | chosen 20,14 | walk - | weapon Rune Crossbow | untilShot 1 | target TzKal-Zuk[zuk] | gate ok | overhead none | TzKal-Zuk@22,8 TAGGED
t863 | 20,14 | 10..14|E|frz0 | zukIn 6 | setIn 192P | zukHp 591 | chosen 20,14 | walk - | weapon Rune Crossbow | untilShot 5 | target TzKal-Zuk[zuk] | gate ok | overhead none | TzKal-Zuk@22,8 TAGGED
FIRED t863 | 20,14 | Rune Crossbow | TzKal-Zuk
t864 | 20,14 | 11..15|E|frz-1 | zukIn 5 | setIn 192P | zukHp 591 | chosen 20,14 | walk - | weapon Rune Crossbow | untilShot 4 | target TzKal-Zuk[zuk] | gate ok | overhead none | TzKal-Zuk@22,8 TAGGED
t865 | 20,14 | 12..16|E|frz-2 | zukIn 4 | setIn 192P | zukHp 591 | chosen 20,14 | walk - | weapon Rune Crossbow | untilShot 3 | target TzKal-Zuk[zuk] | gate ok | overhead none | TzKal-Zuk@22,8 TAGGED
t866 | 20,14 | 13..17|E|frz-3 | zukIn 3 | setIn 192P | zukHp 591 | chosen 20,14 | walk - | weapon Rune Crossbow | untilShot 2 | target TzKal-Zuk[zuk] | gate ok | overhead none | TzKal-Zuk@22,8 TAGGED
t867 | 20,14 | 14..18|E|frz-4 | zukIn 2 | setIn 192P | zukHp 591 | chosen 20,14 | walk - | weapon Rune Crossbow | untilShot 1 | target TzKal-Zuk[zuk] | gate ok | overhead none | TzKal-Zuk@22,8 TAGGED
t868 | 20,14 | 15..19|E|frz-5 | zukIn 1 | setIn 192P | zukHp 591 | chosen 20,14 | walk - | weapon Rune Crossbow | untilShot 5 | target TzKal-Zuk[zuk] | gate ok | overhead none | TzKal-Zuk@22,8 TAGGED
FIRED t868 | 20,14 | Rune Crossbow | TzKal-Zuk
t869 | 20,14 | 16..20|E|frz-6 | zukIn 10 | setIn 192P | zukHp 591 | chosen 30,14 | walk ->30,14 | weapon Rune Crossbow | untilShot 4 | target -[-] | gate - | overhead none | TzKal-Zuk@22,8 TAGGED
t870 | 22,14 | 17..21|E|frz-7 | zukIn 9 | setIn 192P | zukHp 591 | chosen 30,14 | walk ->30,14 | weapon Rune Crossbow | untilShot 3 | target TzKal-Zuk[zuk] | gate ok | overhead none | TzKal-Zuk@22,8 TAGGED
t871 | 24,14 | 18..22|E|frz-8 | zukIn 8 | setIn 192P | zukHp 559 | chosen 30,14 | walk ->30,14 | weapon Rune Crossbow | untilShot 2 | target TzKal-Zuk[zuk] | gate ok | overhead none | TzKal-Zuk@22,8 TAGGED
t872 | 26,14 | 19..23|E|frz-9 | zukIn 7 | setIn 192P | zukHp 559 | chosen 30,14 | walk ->30,14 | weapon Rune Crossbow | untilShot 1 | target TzKal-Zuk[zuk] | gate ok | overhead none | TzKal-Zuk@22,8 TAGGED
t873 | 26,14 | 20..24|E|frz-10 | zukIn 6 | setIn 192P | zukHp 559 | chosen 30,14 | walk ->30,14 | weapon Rune Crossbow | untilShot 5 | target -[-] | gate - | overhead none | TzKal-Zuk@22,8 TAGGED
FIRED t873 | 26,14 | Rune Crossbow | TzKal-Zuk
t874 | 28,14 | 21..25|E|frz-11 | zukIn 5 | setIn 192P | zukHp 559 | chosen 30,14 | walk ->30,14 | weapon Rune Crossbow | untilShot 4 | target TzKal-Zuk[zuk] | gate ok | overhead none | TzKal-Zuk@22,8 TAGGED
t875 | 30,14 | 22..26|E|frz-12 | zukIn 4 | setIn 192P | zukHp 559 | chosen 30,14 | walk - | weapon Rune Crossbow | untilShot 3 | target TzKal-Zuk[zuk] | gate ok | overhead none | TzKal-Zuk@22,8 TAGGED
t876 | 30,14 | 23..27|E|frz-13 | zukIn 3 | setIn 192P | zukHp 559 | chosen 30,14 | walk - | weapon Rune Crossbow | untilShot 2 | target TzKal-Zuk[zuk] | gate ok | overhead none | TzKal-Zuk@22,8 TAGGED
t877 | 30,14 | 24..28|E|frz-14 | zukIn 2 | setIn 192P | zukHp 559 | chosen 30,14 | walk - | weapon Rune Crossbow | untilShot 1 | target TzKal-Zuk[zuk] | gate ok | overhead none | TzKal-Zuk@22,8 TAGGED
t878 | 30,14 | 25..29|E|frz-15 | zukIn 1 | setIn 192P | zukHp 559 | chosen 30,14 | walk - | weapon Rune Crossbow | untilShot 5 | target TzKal-Zuk[zuk] | gate ok | overhead none | TzKal-Zuk@22,8 TAGGED
FIRED t878 | 30,14 | Rune Crossbow | TzKal-Zuk
t879 | 30,14 | 26..30|E|frz-16 | zukIn 10 | setIn 192P | zukHp 559 | chosen 35,14 | walk ->35,14 | weapon Rune Crossbow | untilShot 4 | target -[-] | gate - | overhead none | TzKal-Zuk@22,8 TAGGED
t880 | 32,14 | 27..31|E|frz-17 | zukIn 9 | setIn 192P | zukHp 559 | chosen 35,14 | walk ->35,14 | weapon Rune Crossbow | untilShot 3 | target TzKal-Zuk[zuk] | gate - | overhead none | TzKal-Zuk@22,8 TAGGED
t881 | 34,14 | 28..32|E|frz-18 | zukIn 8 | setIn 192P | zukHp 559 | chosen 35,14 | walk ->35,14 | weapon Rune Crossbow | untilShot 2 | target TzKal-Zuk[zuk] | gate - | overhead none | TzKal-Zuk@22,8 TAGGED
t882 | 35,14 | 29..33|E|frz-19 | zukIn 7 | setIn 192P | zukHp 559 | chosen 35,14 | walk - | weapon Rune Crossbow | untilShot 1 | target TzKal-Zuk[zuk] | gate ok | overhead none | TzKal-Zuk@22,8 TAGGED
t883 | 35,14 | 30..34|E|frz-20 | zukIn 6 | setIn 192P | zukHp 559 | chosen 36,14 | walk ->36,14 | weapon Rune Crossbow | untilShot 5 | target -[-] | gate - | overhead none | TzKal-Zuk@22,8 TAGGED
FIRED t883 | 35,14 | Rune Crossbow | TzKal-Zuk
t884 | 36,14 | 31..35|E|frz-21 | zukIn 5 | setIn 192P | zukHp 559 | chosen 36,14 | walk - | weapon Rune Crossbow | untilShot 4 | target TzKal-Zuk[zuk] | gate - | overhead none | TzKal-Zuk@22,8 TAGGED
t885 | 36,14 | 32..36|E|frz-22 | zukIn 4 | setIn 192P | zukHp 559 | chosen 36,14 | walk - | weapon Rune Crossbow | untilShot 3 | target TzKal-Zuk[zuk] | gate - | overhead none | TzKal-Zuk@22,8 TAGGED
t886 | 36,14 | 33..37|E|frz-23 | zukIn 3 | setIn 192P | zukHp 559 | chosen 36,14 | walk - | weapon Rune Crossbow | untilShot 2 | target TzKal-Zuk[zuk] | gate - | overhead none | TzKal-Zuk@22,8 TAGGED
t887 | 36,14 | 34..38|E|frz-24 | zukIn 2 | setIn 192P | zukHp 559 | chosen 36,14 | walk - | weapon Rune Crossbow | untilShot 1 | target TzKal-Zuk[zuk] | gate - | overhead none | TzKal-Zuk@22,8 TAGGED
t888 | 36,14 | 35..39|E|frz-25 | zukIn 1 | setIn 192P | zukHp 559 | chosen 36,14 | walk - | weapon Rune Crossbow | untilShot 1 | target TzKal-Zuk[zuk] | gate - | overhead none | TzKal-Zuk@22,8 TAGGED
t889 | 36,14 | 36..40|W|frz4 | zukIn 10 | setIn 192P | zukHp 559 | chosen 30,14 | walk ->30,14 | weapon Rune Crossbow | untilShot 1 | target -[-] | gate - | overhead none | TzKal-Zuk@22,8 TAGGED
t890 | 34,14 | 36..40|W|frz3 | zukIn 9 | setIn 192P | zukHp 559 | chosen 30,14 | walk ->30,14 | weapon Rune Crossbow | untilShot 1 | target TzKal-Zuk[zuk] | gate - | overhead none | TzKal-Zuk@22,8 TAGGED
t891 | 32,14 | 36..40|W|frz2 | zukIn 8 | setIn 192P | zukHp 559 | chosen 30,14 | walk ->30,14 | weapon Rune Crossbow | untilShot 1 | target TzKal-Zuk[zuk] | gate - | overhead none | TzKal-Zuk@22,8 TAGGED
t892 | 30,14 | 36..40|W|frz1 | zukIn 7 | setIn 192P | zukHp 559 | chosen 30,14 | walk - | weapon Rune Crossbow | untilShot 1 | target TzKal-Zuk[zuk] | gate ok | overhead none | TzKal-Zuk@22,8 TAGGED
t893 | 30,14 | 36..40|W|frz0 | zukIn 6 | setIn 192P | zukHp 559 | chosen 30,14 | walk - | weapon Rune Crossbow | untilShot 5 | target TzKal-Zuk[zuk] | gate ok | overhead none | TzKal-Zuk@22,8 TAGGED
FIRED t893 | 30,14 | Rune Crossbow | TzKal-Zuk
t894 | 30,14 | 35..39|W|frz-1 | zukIn 5 | setIn 192P | zukHp 559 | chosen 30,14 | walk - | weapon Rune Crossbow | untilShot 4 | target TzKal-Zuk[zuk] | gate ok | overhead none | TzKal-Zuk@22,8 TAGGED
t895 | 30,14 | 34..38|W|frz-2 | zukIn 4 | setIn 192P | zukHp 559 | chosen 30,14 | walk - | weapon Rune Crossbow | untilShot 3 | target TzKal-Zuk[zuk] | gate ok | overhead none | TzKal-Zuk@22,8 TAGGED
t896 | 30,14 | 33..37|W|frz-3 | zukIn 3 | setIn 192P | zukHp 559 | chosen 30,14 | walk - | weapon Rune Crossbow | untilShot 2 | target TzKal-Zuk[zuk] | gate ok | overhead none | TzKal-Zuk@22,8 TAGGED
t897 | 30,14 | 32..36|W|frz-4 | zukIn 2 | setIn 192P | zukHp 559 | chosen 30,14 | walk - | weapon Rune Crossbow | untilShot 1 | target TzKal-Zuk[zuk] | gate ok | overhead none | TzKal-Zuk@22,8 TAGGED
t898 | 30,14 | 31..35|W|frz-5 | zukIn 1 | setIn 192P | zukHp 559 | chosen 30,14 | walk - | weapon Rune Crossbow | untilShot 5 | target TzKal-Zuk[zuk] | gate ok | overhead none | TzKal-Zuk@22,8 TAGGED
FIRED t898 | 30,14 | Rune Crossbow | TzKal-Zuk
t899 | 30,14 | 30..34|W|frz-6 | zukIn 10 | setIn 192P | zukHp 559 | chosen 20,14 | walk ->20,14 | weapon Rune Crossbow | untilShot 4 | target -[-] | gate - | overhead none | TzKal-Zuk@22,8 TAGGED
t900 | 28,14 | 29..33|W|frz-7 | zukIn 9 | setIn 192P | zukHp 559 | chosen 20,14 | walk ->20,14 | weapon Rune Crossbow | untilShot 3 | target TzKal-Zuk[zuk] | gate ok | overhead none | TzKal-Zuk@22,8 TAGGED
t901 | 26,14 | 28..32|W|frz-8 | zukIn 8 | setIn 192P | zukHp 559 | chosen 20,14 | walk ->20,14 | weapon Rune Crossbow | untilShot 2 | target TzKal-Zuk[zuk] | gate ok | overhead none | TzKal-Zuk@22,8 TAGGED
t902 | 24,14 | 27..31|W|frz-9 | zukIn 7 | setIn 192P | zukHp 559 | chosen 20,14 | walk ->20,14 | weapon Rune Crossbow | untilShot 1 | target TzKal-Zuk[zuk] | gate ok | overhead none | TzKal-Zuk@22,8 TAGGED
t903 | 24,14 | 26..30|W|frz-10 | zukIn 6 | setIn 192P | zukHp 559 | chosen 20,14 | walk ->20,14 | weapon Rune Crossbow | untilShot 5 | target -[-] | gate - | overhead none | TzKal-Zuk@22,8 TAGGED
FIRED t903 | 24,14 | Rune Crossbow | TzKal-Zuk
t904 | 22,14 | 25..29|W|frz-11 | zukIn 5 | setIn 192P | zukHp 559 | chosen 20,14 | walk ->20,14 | weapon Rune Crossbow | untilShot 4 | target TzKal-Zuk[zuk] | gate ok | overhead none | TzKal-Zuk@22,8 TAGGED
t905 | 20,14 | 24..28|W|frz-12 | zukIn 4 | setIn 192P | zukHp 559 | chosen 20,14 | walk - | weapon Rune Crossbow | untilShot 3 | target TzKal-Zuk[zuk] | gate ok | overhead none | TzKal-Zuk@22,8 TAGGED
t906 | 20,14 | 23..27|W|frz-13 | zukIn 3 | setIn 192P | zukHp 559 | chosen 20,14 | walk - | weapon Rune Crossbow | untilShot 2 | target TzKal-Zuk[zuk] | gate ok | overhead none | TzKal-Zuk@22,8 TAGGED
t907 | 20,14 | 22..26|W|frz-14 | zukIn 2 | setIn 192P | zukHp 559 | chosen 20,14 | walk - | weapon Rune Crossbow | untilShot 1 | target TzKal-Zuk[zuk] | gate ok | overhead none | TzKal-Zuk@22,8 TAGGED
t908 | 20,14 | 21..25|W|frz-15 | zukIn 1 | setIn 192P | zukHp 559 | chosen 20,14 | walk - | weapon Rune Crossbow | untilShot 5 | target TzKal-Zuk[zuk] | gate ok | overhead none | TzKal-Zuk@22,8 TAGGED
FIRED t908 | 20,14 | Rune Crossbow | TzKal-Zuk
t909 | 20,14 | 20..24|W|frz-16 | zukIn 10 | setIn 192P | zukHp 559 | chosen 15,14 | walk ->15,14 | weapon Rune Crossbow | untilShot 4 | target -[-] | gate - | overhead none | TzKal-Zuk@22,8 TAGGED
t910 | 18,14 | 19..23|W|frz-17 | zukIn 9 | setIn 192P | zukHp 559 | chosen 15,14 | walk ->15,14 | weapon Rune Crossbow | untilShot 3 | target TzKal-Zuk[zuk] | gate - | overhead none | TzKal-Zuk@22,8 TAGGED
t911 | 16,14 | 18..22|W|frz-18 | zukIn 8 | setIn 192P | zukHp 559 | chosen 15,14 | walk ->15,14 | weapon Rune Crossbow | untilShot 2 | target TzKal-Zuk[zuk] | gate - | overhead none | TzKal-Zuk@22,8 TAGGED
t912 | 15,14 | 17..21|W|frz-19 | zukIn 7 | setIn 192P | zukHp 559 | chosen 15,14 | walk - | weapon Rune Crossbow | untilShot 1 | target TzKal-Zuk[zuk] | gate ok | overhead none | TzKal-Zuk@22,8 TAGGED
t913 | 15,14 | 16..20|W|frz-20 | zukIn 6 | setIn 192P | zukHp 559 | chosen 14,14 | walk ->14,14 | weapon Rune Crossbow | untilShot 5 | target -[-] | gate - | overhead none | TzKal-Zuk@22,8 TAGGED
FIRED t913 | 15,14 | Rune Crossbow | TzKal-Zuk
t914 | 14,14 | 15..19|W|frz-21 | zukIn 5 | setIn 192P | zukHp 559 | chosen 14,14 | walk - | weapon Rune Crossbow | untilShot 4 | target TzKal-Zuk[zuk] | gate - | overhead none | TzKal-Zuk@22,8 TAGGED
t915 | 14,14 | 14..18|W|frz-22 | zukIn 4 | setIn 192P | zukHp 559 | chosen 14,14 | walk - | weapon Rune Crossbow | untilShot 3 | target TzKal-Zuk[zuk] | gate - | overhead none | TzKal-Zuk@22,8 TAGGED
t916 | 14,14 | 13..17|W|frz-23 | zukIn 3 | setIn 192P | zukHp 541 | chosen 14,14 | walk - | weapon Rune Crossbow | untilShot 2 | target TzKal-Zuk[zuk] | gate - | overhead none | TzKal-Zuk@22,8 TAGGED
t917 | 14,14 | 12..16|W|frz-24 | zukIn 2 | setIn 192P | zukHp 541 | chosen 14,14 | walk - | weapon Rune Crossbow | untilShot 1 | target TzKal-Zuk[zuk] | gate - | overhead none | TzKal-Zuk@22,8 TAGGED
t918 | 14,14 | 11..15|W|frz-25 | zukIn 1 | setIn 192P | zukHp 541 | chosen 14,14 | walk - | weapon Rune Crossbow | untilShot 1 | target TzKal-Zuk[zuk] | gate - | overhead none | TzKal-Zuk@22,8 TAGGED
t919 | 14,14 | 10..14|E|frz4 | zukIn 10 | setIn 192P | zukHp 541 | chosen 20,14 | walk ->20,14 | weapon Rune Crossbow | untilShot 1 | target -[-] | gate - | overhead none | TzKal-Zuk@22,8 TAGGED
t920 | 16,14 | 10..14|E|frz3 | zukIn 9 | setIn 192P | zukHp 541 | chosen 20,14 | walk ->20,14 | weapon Rune Crossbow | untilShot 1 | target TzKal-Zuk[zuk] | gate - | overhead none | TzKal-Zuk@22,8 TAGGED
t921 | 18,14 | 10..14|E|frz2 | zukIn 8 | setIn 192P | zukHp 541 | chosen 20,14 | walk ->20,14 | weapon Rune Crossbow | untilShot 1 | target TzKal-Zuk[zuk] | gate - | overhead none | TzKal-Zuk@22,8 TAGGED
t922 | 20,14 | 10..14|E|frz1 | zukIn 7 | setIn 192P | zukHp 541 | chosen 20,14 | walk - | weapon Rune Crossbow | untilShot 1 | target TzKal-Zuk[zuk] | gate ok | overhead none | TzKal-Zuk@22,8 TAGGED
t923 | 20,14 | 10..14|E|frz0 | zukIn 6 | setIn 192P | zukHp 541 | chosen 20,14 | walk - | weapon Rune Crossbow | untilShot 5 | target TzKal-Zuk[zuk] | gate ok | overhead none | TzKal-Zuk@22,8 TAGGED
FIRED t923 | 20,14 | Rune Crossbow | TzKal-Zuk
t924 | 20,14 | 11..15|E|frz-1 | zukIn 5 | setIn 192P | zukHp 541 | chosen 20,14 | walk - | weapon Rune Crossbow | untilShot 4 | target TzKal-Zuk[zuk] | gate ok | overhead none | TzKal-Zuk@22,8 TAGGED
t925 | 20,14 | 12..16|E|frz-2 | zukIn 4 | setIn 192P | zukHp 541 | chosen 20,14 | walk - | weapon Rune Crossbow | untilShot 3 | target TzKal-Zuk[zuk] | gate ok | overhead none | TzKal-Zuk@22,8 TAGGED
t926 | 20,14 | 13..17|E|frz-3 | zukIn 3 | setIn 192P | zukHp 524 | chosen 20,14 | walk - | weapon Rune Crossbow | untilShot 2 | target TzKal-Zuk[zuk] | gate ok | overhead none | TzKal-Zuk@22,8 TAGGED
t927 | 20,14 | 14..18|E|frz-4 | zukIn 2 | setIn 192P | zukHp 524 | chosen 20,14 | walk - | weapon Rune Crossbow | untilShot 1 | target TzKal-Zuk[zuk] | gate ok | overhead none | TzKal-Zuk@22,8 TAGGED
t928 | 20,14 | 15..19|E|frz-5 | zukIn 1 | setIn 192P | zukHp 524 | chosen 20,14 | walk - | weapon Rune Crossbow | untilShot 5 | target TzKal-Zuk[zuk] | gate ok | overhead none | TzKal-Zuk@22,8 TAGGED
FIRED t928 | 20,14 | Rune Crossbow | TzKal-Zuk
t929 | 20,14 | 16..20|E|frz-6 | zukIn 10 | setIn 192P | zukHp 524 | chosen 30,14 | walk ->30,14 | weapon Rune Crossbow | untilShot 4 | target -[-] | gate - | overhead none | TzKal-Zuk@22,8 TAGGED
t930 | 22,14 | 17..21|E|frz-7 | zukIn 9 | setIn 192P | zukHp 524 | chosen 30,14 | walk ->30,14 | weapon Rune Crossbow | untilShot 3 | target TzKal-Zuk[zuk] | gate ok | overhead none | TzKal-Zuk@22,8 TAGGED
t931 | 24,14 | 18..22|E|frz-8 | zukIn 8 | setIn 192P | zukHp 520 | chosen 30,14 | walk ->30,14 | weapon Rune Crossbow | untilShot 2 | target TzKal-Zuk[zuk] | gate ok | overhead none | TzKal-Zuk@22,8 TAGGED
t932 | 26,14 | 19..23|E|frz-9 | zukIn 7 | setIn 192P | zukHp 520 | chosen 30,14 | walk ->30,14 | weapon Rune Crossbow | untilShot 1 | target TzKal-Zuk[zuk] | gate ok | overhead none | TzKal-Zuk@22,8 TAGGED
t933 | 26,14 | 20..24|E|frz-10 | zukIn 6 | setIn 192P | zukHp 520 | chosen 30,14 | walk ->30,14 | weapon Rune Crossbow | untilShot 5 | target -[-] | gate - | overhead none | TzKal-Zuk@22,8 TAGGED
FIRED t933 | 26,14 | Rune Crossbow | TzKal-Zuk
t934 | 28,14 | 21..25|E|frz-11 | zukIn 5 | setIn 192P | zukHp 520 | chosen 30,14 | walk ->30,14 | weapon Rune Crossbow | untilShot 4 | target TzKal-Zuk[zuk] | gate ok | overhead none | TzKal-Zuk@22,8 TAGGED
t935 | 30,14 | 22..26|E|frz-12 | zukIn 4 | setIn 192P | zukHp 520 | chosen 30,14 | walk - | weapon Rune Crossbow | untilShot 3 | target TzKal-Zuk[zuk] | gate ok | overhead none | TzKal-Zuk@22,8 TAGGED
t936 | 30,14 | 23..27|E|frz-13 | zukIn 3 | setIn 192P | zukHp 520 | chosen 30,14 | walk - | weapon Rune Crossbow | untilShot 2 | target TzKal-Zuk[zuk] | gate ok | overhead none | TzKal-Zuk@22,8 TAGGED
t937 | 30,14 | 24..28|E|frz-14 | zukIn 2 | setIn 192P | zukHp 520 | chosen 30,14 | walk - | weapon Rune Crossbow | untilShot 1 | target TzKal-Zuk[zuk] | gate ok | overhead none | TzKal-Zuk@22,8 TAGGED
t938 | 30,14 | 25..29|E|frz-15 | zukIn 1 | setIn 192P | zukHp 520 | chosen 30,14 | walk - | weapon Rune Crossbow | untilShot 5 | target TzKal-Zuk[zuk] | gate ok | overhead none | TzKal-Zuk@22,8 TAGGED
FIRED t938 | 30,14 | Rune Crossbow | TzKal-Zuk
t939 | 30,14 | 26..30|E|frz-16 | zukIn 10 | setIn 192P | zukHp 520 | chosen 35,14 | walk ->35,14 | weapon Rune Crossbow | untilShot 4 | target -[-] | gate - | overhead none | TzKal-Zuk@22,8 TAGGED
t940 | 32,14 | 27..31|E|frz-17 | zukIn 9 | setIn 192P | zukHp 520 | chosen 35,14 | walk ->35,14 | weapon Rune Crossbow | untilShot 3 | target TzKal-Zuk[zuk] | gate - | overhead none | TzKal-Zuk@22,8 TAGGED
t941 | 34,14 | 28..32|E|frz-18 | zukIn 8 | setIn 192P | zukHp 518 | chosen 35,14 | walk ->35,14 | weapon Rune Crossbow | untilShot 2 | target TzKal-Zuk[zuk] | gate - | overhead none | TzKal-Zuk@22,8 TAGGED
t942 | 35,14 | 29..33|E|frz-19 | zukIn 7 | setIn 192P | zukHp 518 | chosen 35,14 | walk - | weapon Rune Crossbow | untilShot 1 | target TzKal-Zuk[zuk] | gate ok | overhead none | TzKal-Zuk@22,8 TAGGED
t943 | 35,14 | 30..34|E|frz-20 | zukIn 6 | setIn 192P | zukHp 518 | chosen 36,14 | walk ->36,14 | weapon Rune Crossbow | untilShot 5 | target -[-] | gate - | overhead none | TzKal-Zuk@22,8 TAGGED
FIRED t943 | 35,14 | Rune Crossbow | TzKal-Zuk
t944 | 36,14 | 31..35|E|frz-21 | zukIn 5 | setIn 192P | zukHp 518 | chosen 36,14 | walk - | weapon Rune Crossbow | untilShot 4 | target TzKal-Zuk[zuk] | gate - | overhead none | TzKal-Zuk@22,8 TAGGED
t945 | 36,14 | 32..36|E|frz-22 | zukIn 4 | setIn 192P | zukHp 518 | chosen 36,14 | walk - | weapon Rune Crossbow | untilShot 3 | target TzKal-Zuk[zuk] | gate - | overhead none | TzKal-Zuk@22,8 TAGGED
t946 | 36,14 | 33..37|E|frz-23 | zukIn 3 | setIn 192P | zukHp 508 | chosen 36,14 | walk - | weapon Rune Crossbow | untilShot 2 | target TzKal-Zuk[zuk] | gate - | overhead none | TzKal-Zuk@22,8 TAGGED
t947 | 36,14 | 34..38|E|frz-24 | zukIn 2 | setIn 192P | zukHp 508 | chosen 36,14 | walk - | weapon Rune Crossbow | untilShot 1 | target TzKal-Zuk[zuk] | gate - | overhead none | TzKal-Zuk@22,8 TAGGED
t948 | 36,14 | 35..39|E|frz-25 | zukIn 1 | setIn 192P | zukHp 508 | chosen 36,14 | walk - | weapon Rune Crossbow | untilShot 1 | target TzKal-Zuk[zuk] | gate - | overhead none | TzKal-Zuk@22,8 TAGGED
t949 | 36,14 | 36..40|W|frz4 | zukIn 10 | setIn 192P | zukHp 508 | chosen 30,14 | walk ->30,14 | weapon Rune Crossbow | untilShot 1 | target -[-] | gate - | overhead none | TzKal-Zuk@22,8 TAGGED
t950 | 34,14 | 36..40|W|frz3 | zukIn 9 | setIn 192P | zukHp 508 | chosen 30,14 | walk ->30,14 | weapon Rune Crossbow | untilShot 1 | target TzKal-Zuk[zuk] | gate - | overhead none | TzKal-Zuk@22,8 TAGGED
t951 | 32,14 | 36..40|W|frz2 | zukIn 8 | setIn 192P | zukHp 508 | chosen 30,14 | walk ->30,14 | weapon Rune Crossbow | untilShot 1 | target TzKal-Zuk[zuk] | gate - | overhead none | TzKal-Zuk@22,8 TAGGED
t952 | 30,14 | 36..40|W|frz1 | zukIn 7 | setIn 192P | zukHp 508 | chosen 30,14 | walk - | weapon Rune Crossbow | untilShot 1 | target TzKal-Zuk[zuk] | gate ok | overhead none | TzKal-Zuk@22,8 TAGGED
t953 | 30,14 | 36..40|W|frz0 | zukIn 6 | setIn 192P | zukHp 508 | chosen 30,14 | walk - | weapon Rune Crossbow | untilShot 5 | target TzKal-Zuk[zuk] | gate ok | overhead none | TzKal-Zuk@22,8 TAGGED
FIRED t953 | 30,14 | Rune Crossbow | TzKal-Zuk
t954 | 30,14 | 35..39|W|frz-1 | zukIn 5 | setIn 192P | zukHp 508 | chosen 30,14 | walk - | weapon Rune Crossbow | untilShot 4 | target TzKal-Zuk[zuk] | gate ok | overhead none | TzKal-Zuk@22,8 TAGGED
t955 | 30,14 | 34..38|W|frz-2 | zukIn 4 | setIn 192P | zukHp 508 | chosen 30,14 | walk - | weapon Rune Crossbow | untilShot 3 | target TzKal-Zuk[zuk] | gate ok | overhead none | TzKal-Zuk@22,8 TAGGED
t956 | 30,14 | 33..37|W|frz-3 | zukIn 3 | setIn 192P | zukHp 496 | chosen 30,14 | walk - | weapon Rune Crossbow | untilShot 2 | target TzKal-Zuk[zuk] | gate ok | overhead none | TzKal-Zuk@22,8 TAGGED
t957 | 30,14 | 32..36|W|frz-4 | zukIn 2 | setIn 192P | zukHp 496 | chosen 30,14 | walk - | weapon Rune Crossbow | untilShot 1 | target TzKal-Zuk[zuk] | gate ok | overhead none | TzKal-Zuk@22,8 TAGGED
t958 | 30,14 | 31..35|W|frz-5 | zukIn 1 | setIn 192P | zukHp 496 | chosen 30,14 | walk - | weapon Rune Crossbow | untilShot 5 | target TzKal-Zuk[zuk] | gate ok | overhead none | TzKal-Zuk@22,8 TAGGED
FIRED t958 | 30,14 | Rune Crossbow | TzKal-Zuk
t959 | 30,14 | 30..34|W|frz-6 | zukIn 10 | setIn 192P | zukHp 496 | chosen 20,14 | walk ->20,14 | weapon Rune Crossbow | untilShot 4 | target -[-] | gate - | overhead none | TzKal-Zuk@22,8 TAGGED
t960 | 28,14 | 29..33|W|frz-7 | zukIn 9 | setIn 192P | zukHp 496 | chosen 20,14 | walk ->20,14 | weapon Rune Crossbow | untilShot 3 | target TzKal-Zuk[zuk] | gate ok | overhead none | TzKal-Zuk@22,8 TAGGED
t961 | 26,14 | 28..32|W|frz-8 | zukIn 8 | setIn 192P | zukHp 496 | chosen 20,14 | walk ->20,14 | weapon Rune Crossbow | untilShot 2 | target TzKal-Zuk[zuk] | gate ok | overhead none | TzKal-Zuk@22,8 TAGGED
t962 | 24,14 | 27..31|W|frz-9 | zukIn 7 | setIn 192P | zukHp 496 | chosen 20,14 | walk ->20,14 | weapon Rune Crossbow | untilShot 1 | target TzKal-Zuk[zuk] | gate ok | overhead none | TzKal-Zuk@22,8 TAGGED
t963 | 24,14 | 26..30|W|frz-10 | zukIn 6 | setIn 192P | zukHp 496 | chosen 20,14 | walk ->20,14 | weapon Rune Crossbow | untilShot 5 | target -[-] | gate - | overhead none | TzKal-Zuk@22,8 TAGGED
FIRED t963 | 24,14 | Rune Crossbow | TzKal-Zuk
t964 | 22,14 | 25..29|W|frz-11 | zukIn 5 | setIn 192P | zukHp 496 | chosen 20,14 | walk ->20,14 | weapon Rune Crossbow | untilShot 4 | target TzKal-Zuk[zuk] | gate ok | overhead none | TzKal-Zuk@22,8 TAGGED
t965 | 20,14 | 24..28|W|frz-12 | zukIn 4 | setIn 192P | zukHp 496 | chosen 20,14 | walk - | weapon Rune Crossbow | untilShot 3 | target TzKal-Zuk[zuk] | gate ok | overhead none | TzKal-Zuk@22,8 TAGGED
t966 | 20,14 | 23..27|W|frz-13 | zukIn 3 | setIn 192P | zukHp 494 | chosen 20,14 | walk - | weapon Rune Crossbow | untilShot 2 | target TzKal-Zuk[zuk] | gate ok | overhead none | TzKal-Zuk@22,8 TAGGED
t967 | 20,14 | 22..26|W|frz-14 | zukIn 2 | setIn 192P | zukHp 494 | chosen 20,14 | walk - | weapon Rune Crossbow | untilShot 1 | target TzKal-Zuk[zuk] | gate ok | overhead none | TzKal-Zuk@22,8 TAGGED
t968 | 20,14 | 21..25|W|frz-15 | zukIn 1 | setIn 192P | zukHp 494 | chosen 20,14 | walk - | weapon Rune Crossbow | untilShot 5 | target TzKal-Zuk[zuk] | gate ok | overhead none | TzKal-Zuk@22,8 TAGGED
FIRED t968 | 20,14 | Rune Crossbow | TzKal-Zuk
t969 | 20,14 | 20..24|W|frz-16 | zukIn 10 | setIn 192P | zukHp 494 | chosen 15,14 | walk ->15,14 | weapon Rune Crossbow | untilShot 4 | target -[-] | gate - | overhead none | TzKal-Zuk@22,8 TAGGED
t970 | 18,14 | 19..23|W|frz-17 | zukIn 9 | setIn 192P | zukHp 494 | chosen 15,14 | walk ->15,14 | weapon Rune Crossbow | untilShot 3 | target TzKal-Zuk[zuk] | gate - | overhead none | TzKal-Zuk@22,8 TAGGED
t971 | 16,14 | 18..22|W|frz-18 | zukIn 8 | setIn 192P | zukHp 494 | chosen 15,14 | walk ->15,14 | weapon Rune Crossbow | untilShot 2 | target TzKal-Zuk[zuk] | gate - | overhead none | TzKal-Zuk@22,8 TAGGED
t972 | 15,14 | 17..21|W|frz-19 | zukIn 7 | setIn 192P | zukHp 494 | chosen 15,14 | walk - | weapon Rune Crossbow | untilShot 1 | target TzKal-Zuk[zuk] | gate ok | overhead none | TzKal-Zuk@22,8 TAGGED
t973 | 15,14 | 16..20|W|frz-20 | zukIn 6 | setIn 192P | zukHp 494 | chosen 14,14 | walk ->14,14 | weapon Rune Crossbow | untilShot 5 | target -[-] | gate - | overhead none | TzKal-Zuk@22,8 TAGGED
FIRED t973 | 15,14 | Rune Crossbow | TzKal-Zuk
t974 | 14,14 | 15..19|W|frz-21 | zukIn 5 | setIn 192P | zukHp 494 | chosen 14,14 | walk - | weapon Rune Crossbow | untilShot 4 | target TzKal-Zuk[zuk] | gate - | overhead none | TzKal-Zuk@22,8 TAGGED
t975 | 14,14 | 14..18|W|frz-22 | zukIn 4 | setIn 192P | zukHp 494 | chosen 14,14 | walk - | weapon Rune Crossbow | untilShot 3 | target TzKal-Zuk[zuk] | gate - | overhead none | TzKal-Zuk@22,8 TAGGED
t976 | 14,14 | 13..17|W|frz-23 | zukIn 3 | setIn 192P | zukHp 488 | chosen 14,14 | walk - | weapon Rune Crossbow | untilShot 2 | target TzKal-Zuk[zuk] | gate - | overhead none | TzKal-Zuk@22,8 TAGGED
t977 | 14,14 | 12..16|W|frz-24 | zukIn 2 | setIn 192P | zukHp 488 | chosen 14,14 | walk - | weapon Rune Crossbow | untilShot 1 | target TzKal-Zuk[zuk] | gate - | overhead none | TzKal-Zuk@22,8 TAGGED
t978 | 14,14 | 11..15|W|frz-25 | zukIn 1 | setIn 192P | zukHp 488 | chosen 14,14 | walk - | weapon Rune Crossbow | untilShot 1 | target TzKal-Zuk[zuk] | gate - | overhead none | TzKal-Zuk@22,8 TAGGED
t979 | 14,14 | 10..14|E|frz4 | zukIn 10 | setIn 192P | zukHp 488 | chosen 20,14 | walk ->20,14 | weapon Rune Crossbow | untilShot 1 | target -[-] | gate - | overhead none | TzKal-Zuk@22,8 TAGGED
t980 | 16,14 | 10..14|E|frz3 | zukIn 9 | setIn 192P | zukHp 488 | chosen 20,14 | walk ->20,14 | weapon Rune Crossbow | untilShot 1 | target TzKal-Zuk[zuk] | gate - | overhead none | TzKal-Zuk@22,8 TAGGED
t981 | 18,14 | 10..14|E|frz2 | zukIn 8 | setIn 192P | zukHp 488 | chosen 20,14 | walk ->20,14 | weapon Rune Crossbow | untilShot 1 | target TzKal-Zuk[zuk] | gate - | overhead none | TzKal-Zuk@22,8 TAGGED
t982 | 20,14 | 10..14|E|frz1 | zukIn 7 | setIn 192P | zukHp 488 | chosen 20,14 | walk - | weapon Rune Crossbow | untilShot 1 | target TzKal-Zuk[zuk] | gate ok | overhead none | TzKal-Zuk@22,8 TAGGED
t983 | 20,14 | 10..14|E|frz0 | zukIn 6 | setIn 192P | zukHp 488 | chosen 20,14 | walk - | weapon Rune Crossbow | untilShot 5 | target TzKal-Zuk[zuk] | gate ok | overhead none | TzKal-Zuk@22,8 TAGGED
FIRED t983 | 20,14 | Rune Crossbow | TzKal-Zuk
t984 | 20,14 | 11..15|E|frz-1 | zukIn 5 | setIn 192P | zukHp 488 | chosen 20,14 | walk - | weapon Rune Crossbow | untilShot 4 | target TzKal-Zuk[zuk] | gate ok | overhead none | TzKal-Zuk@22,8 TAGGED
t985 | 20,14 | 12..16|E|frz-2 | zukIn 4 | setIn 192P | zukHp 488 | chosen 20,14 | walk - | weapon Rune Crossbow | untilShot 3 | target TzKal-Zuk[zuk] | gate ok | overhead none | TzKal-Zuk@22,8 TAGGED
t986 | 20,14 | 13..17|E|frz-3 | zukIn 3 | setIn 192P | zukHp 488 | chosen 20,14 | walk - | weapon Rune Crossbow | untilShot 2 | target TzKal-Zuk[zuk] | gate ok | overhead none | TzKal-Zuk@22,8 TAGGED
t987 | 20,14 | 14..18|E|frz-4 | zukIn 2 | setIn 192P | zukHp 488 | chosen 20,14 | walk - | weapon Rune Crossbow | untilShot 1 | target TzKal-Zuk[zuk] | gate ok | overhead none | TzKal-Zuk@22,8 TAGGED
t988 | 20,14 | 15..19|E|frz-5 | zukIn 1 | setIn 192P | zukHp 488 | chosen 20,14 | walk - | weapon Rune Crossbow | untilShot 5 | target TzKal-Zuk[zuk] | gate ok | overhead none | TzKal-Zuk@22,8 TAGGED
FIRED t988 | 20,14 | Rune Crossbow | TzKal-Zuk
t989 | 20,14 | 16..20|E|frz-6 | zukIn 10 | setIn 192P | zukHp 488 | chosen 30,14 | walk ->30,14 | weapon Rune Crossbow | untilShot 4 | target -[-] | gate - | overhead none | TzKal-Zuk@22,8 TAGGED
t990 | 22,14 | 17..21|E|frz-7 | zukIn 9 | setIn 192P | zukHp 488 | chosen 30,14 | walk ->30,14 | weapon Rune Crossbow | untilShot 3 | target TzKal-Zuk[zuk] | gate ok | overhead none | TzKal-Zuk@22,8 TAGGED
t991 | 24,14 | 18..22|E|frz-8 | zukIn 8 | setIn 192P | zukHp 488 | chosen 30,14 | walk ->30,14 | weapon Rune Crossbow | untilShot 2 | target TzKal-Zuk[zuk] | gate ok | overhead none | TzKal-Zuk@22,8 TAGGED
t992 | 26,14 | 19..23|E|frz-9 | zukIn 7 | setIn 192P | zukHp 488 | chosen 30,14 | walk ->30,14 | weapon Rune Crossbow | untilShot 1 | target TzKal-Zuk[zuk] | gate ok | overhead none | TzKal-Zuk@22,8 TAGGED
t993 | 26,14 | 20..24|E|frz-10 | zukIn 6 | setIn 192P | zukHp 488 | chosen 30,14 | walk ->30,14 | weapon Rune Crossbow | untilShot 5 | target -[-] | gate - | overhead none | TzKal-Zuk@22,8 TAGGED
FIRED t993 | 26,14 | Rune Crossbow | TzKal-Zuk
t994 | 28,14 | 21..25|E|frz-11 | zukIn 5 | setIn 192P | zukHp 488 | chosen 30,14 | walk ->30,14 | weapon Rune Crossbow | untilShot 4 | target TzKal-Zuk[zuk] | gate ok | overhead none | TzKal-Zuk@22,8 TAGGED
t995 | 30,14 | 22..26|E|frz-12 | zukIn 4 | setIn 192P | zukHp 488 | chosen 30,14 | walk - | weapon Rune Crossbow | untilShot 3 | target TzKal-Zuk[zuk] | gate ok | overhead none | TzKal-Zuk@22,8 TAGGED
t996 | 30,14 | 23..27|E|frz-13 | zukIn 3 | setIn 192P | zukHp 488 | chosen 30,14 | walk - | weapon Rune Crossbow | untilShot 2 | target TzKal-Zuk[zuk] | gate ok | overhead none | TzKal-Zuk@22,8 TAGGED
t997 | 30,14 | 24..28|E|frz-14 | zukIn 2 | setIn 192P | zukHp 488 | chosen 30,14 | walk - | weapon Rune Crossbow | untilShot 1 | target TzKal-Zuk[zuk] | gate ok | overhead none | TzKal-Zuk@22,8 TAGGED
t998 | 30,14 | 25..29|E|frz-15 | zukIn 1 | setIn 192P | zukHp 488 | chosen 30,14 | walk - | weapon Rune Crossbow | untilShot 5 | target TzKal-Zuk[zuk] | gate ok | overhead none | TzKal-Zuk@22,8 TAGGED
FIRED t998 | 30,14 | Rune Crossbow | TzKal-Zuk
t999 | 30,14 | 26..30|E|frz-16 | zukIn 10 | setIn 192P | zukHp 488 | chosen 35,14 | walk ->35,14 | weapon Rune Crossbow | untilShot 4 | target -[-] | gate - | overhead none | TzKal-Zuk@22,8 TAGGED
t1000 | 32,14 | 27..31|E|frz-17 | zukIn 9 | setIn 192P | zukHp 488 | chosen 35,14 | walk ->35,14 | weapon Rune Crossbow | untilShot 3 | target TzKal-Zuk[zuk] | gate - | overhead none | TzKal-Zuk@22,8 TAGGED
t1001 | 34,14 | 28..32|E|frz-18 | zukIn 8 | setIn 192P | zukHp 488 | chosen 35,14 | walk ->35,14 | weapon Rune Crossbow | untilShot 2 | target TzKal-Zuk[zuk] | gate - | overhead none | TzKal-Zuk@22,8 TAGGED
t1002 | 35,14 | 29..33|E|frz-19 | zukIn 7 | setIn 192P | zukHp 488 | chosen 35,14 | walk - | weapon Rune Crossbow | untilShot 1 | target TzKal-Zuk[zuk] | gate ok | overhead none | TzKal-Zuk@22,8 TAGGED
t1003 | 35,14 | 30..34|E|frz-20 | zukIn 6 | setIn 192P | zukHp 488 | chosen 36,14 | walk ->36,14 | weapon Rune Crossbow | untilShot 5 | target -[-] | gate - | overhead none | TzKal-Zuk@22,8 TAGGED
FIRED t1003 | 35,14 | Rune Crossbow | TzKal-Zuk
t1004 | 36,14 | 31..35|E|frz-21 | zukIn 5 | setIn 192P | zukHp 488 | chosen 36,14 | walk - | weapon Rune Crossbow | untilShot 4 | target TzKal-Zuk[zuk] | gate - | overhead none | TzKal-Zuk@22,8 TAGGED
t1005 | 36,14 | 32..36|E|frz-22 | zukIn 4 | setIn 192P | zukHp 488 | chosen 36,14 | walk - | weapon Rune Crossbow | untilShot 3 | target TzKal-Zuk[zuk] | gate - | overhead none | TzKal-Zuk@22,8 TAGGED
t1006 | 36,14 | 33..37|E|frz-23 | zukIn 3 | setIn 192P | zukHp 488 | chosen 36,14 | walk - | weapon Rune Crossbow | untilShot 2 | target TzKal-Zuk[zuk] | gate - | overhead none | TzKal-Zuk@22,8 TAGGED
t1007 | 36,14 | 34..38|E|frz-24 | zukIn 2 | setIn 192P | zukHp 488 | chosen 36,14 | walk - | weapon Rune Crossbow | untilShot 1 | target TzKal-Zuk[zuk] | gate - | overhead none | TzKal-Zuk@22,8 TAGGED
t1008 | 36,14 | 35..39|E|frz-25 | zukIn 1 | setIn 192P | zukHp 488 | chosen 36,14 | walk - | weapon Rune Crossbow | untilShot 1 | target TzKal-Zuk[zuk] | gate - | overhead none | TzKal-Zuk@22,8 TAGGED
t1009 | 36,14 | 36..40|W|frz4 | zukIn 10 | setIn 192P | zukHp 488 | chosen 30,14 | walk ->30,14 | weapon Rune Crossbow | untilShot 1 | target -[-] | gate - | overhead none | TzKal-Zuk@22,8 TAGGED
t1010 | 34,14 | 36..40|W|frz3 | zukIn 9 | setIn 192P | zukHp 488 | chosen 30,14 | walk ->30,14 | weapon Rune Crossbow | untilShot 1 | target TzKal-Zuk[zuk] | gate - | overhead none | TzKal-Zuk@22,8 TAGGED
t1011 | 32,14 | 36..40|W|frz2 | zukIn 8 | setIn 192P | zukHp 488 | chosen 30,14 | walk ->30,14 | weapon Rune Crossbow | untilShot 1 | target TzKal-Zuk[zuk] | gate - | overhead none | TzKal-Zuk@22,8 TAGGED
t1012 | 30,14 | 36..40|W|frz1 | zukIn 7 | setIn 192P | zukHp 488 | chosen 30,14 | walk - | weapon Rune Crossbow | untilShot 1 | target TzKal-Zuk[zuk] | gate ok | overhead none | TzKal-Zuk@22,8 TAGGED
t1013 | 30,14 | 36..40|W|frz0 | zukIn 6 | setIn 192P | zukHp 488 | chosen 30,14 | walk - | weapon Rune Crossbow | untilShot 5 | target TzKal-Zuk[zuk] | gate ok | overhead none | TzKal-Zuk@22,8 TAGGED
FIRED t1013 | 30,14 | Rune Crossbow | TzKal-Zuk
t1014 | 30,14 | 35..39|W|frz-1 | zukIn 5 | setIn 192P | zukHp 488 | chosen 30,14 | walk - | weapon Rune Crossbow | untilShot 4 | target TzKal-Zuk[zuk] | gate ok | overhead none | TzKal-Zuk@22,8 TAGGED
t1015 | 30,14 | 34..38|W|frz-2 | zukIn 4 | setIn 192P | zukHp 488 | chosen 30,14 | walk - | weapon Rune Crossbow | untilShot 3 | target TzKal-Zuk[zuk] | gate ok | overhead none | TzKal-Zuk@22,8 TAGGED
t1016 | 30,14 | 33..37|W|frz-3 | zukIn 3 | setIn 192P | zukHp 488 | chosen 30,14 | walk - | weapon Rune Crossbow | untilShot 2 | target TzKal-Zuk[zuk] | gate ok | overhead none | TzKal-Zuk@22,8 TAGGED
t1017 | 30,14 | 32..36|W|frz-4 | zukIn 2 | setIn 192P | zukHp 488 | chosen 30,14 | walk - | weapon Rune Crossbow | untilShot 1 | target TzKal-Zuk[zuk] | gate ok | overhead none | TzKal-Zuk@22,8 TAGGED
t1018 | 30,14 | 31..35|W|frz-5 | zukIn 1 | setIn 192P | zukHp 488 | chosen 30,14 | walk - | weapon Rune Crossbow | untilShot 5 | target TzKal-Zuk[zuk] | gate ok | overhead none | TzKal-Zuk@22,8 TAGGED
FIRED t1018 | 30,14 | Rune Crossbow | TzKal-Zuk
t1019 | 30,14 | 30..34|W|frz-6 | zukIn 10 | setIn 192P | zukHp 488 | chosen 20,14 | walk ->20,14 | weapon Rune Crossbow | untilShot 4 | target -[-] | gate - | overhead none | TzKal-Zuk@22,8 TAGGED
t1020 | 28,14 | 29..33|W|frz-7 | zukIn 9 | setIn 192P | zukHp 488 | chosen 20,14 | walk ->20,14 | weapon Rune Crossbow | untilShot 3 | target TzKal-Zuk[zuk] | gate ok | overhead none | TzKal-Zuk@22,8 TAGGED
t1021 | 26,14 | 28..32|W|frz-8 | zukIn 8 | setIn 192P | zukHp 486 | chosen 20,14 | walk ->20,14 | weapon Rune Crossbow | untilShot 2 | target TzKal-Zuk[zuk] | gate ok | overhead none | TzKal-Zuk@22,8 TAGGED
t1022 | 24,14 | 27..31|W|frz-9 | zukIn 7 | setIn 192P | zukHp 486 | chosen 20,14 | walk ->20,14 | weapon Rune Crossbow | untilShot 1 | target TzKal-Zuk[zuk] | gate ok | overhead none | TzKal-Zuk@22,8 TAGGED
t1023 | 24,14 | 26..30|W|frz-10 | zukIn 6 | setIn 192P | zukHp 486 | chosen 20,14 | walk ->20,14 | weapon Rune Crossbow | untilShot 5 | target -[-] | gate - | overhead none | TzKal-Zuk@22,8 TAGGED
FIRED t1023 | 24,14 | Rune Crossbow | TzKal-Zuk
t1024 | 22,14 | 25..29|W|frz-11 | zukIn 5 | setIn 192P | zukHp 486 | chosen 20,14 | walk ->20,14 | weapon Rune Crossbow | untilShot 4 | target TzKal-Zuk[zuk] | gate ok | overhead none | TzKal-Zuk@22,8 TAGGED
t1025 | 20,14 | 24..28|W|frz-12 | zukIn 4 | setIn 192P | zukHp 486 | chosen 20,14 | walk - | weapon Rune Crossbow | untilShot 3 | target TzKal-Zuk[zuk] | gate ok | overhead none | TzKal-Zuk@22,8 TAGGED
t1026 | 20,14 | 23..27|W|frz-13 | zukIn 3 | setIn 192P | zukHp 485 | chosen 20,14 | walk - | weapon Rune Crossbow | untilShot 2 | target TzKal-Zuk[zuk] | gate ok | overhead none | TzKal-Zuk@22,8 TAGGED
t1027 | 20,14 | 22..26|W|frz-14 | zukIn 2 | setIn 192P | zukHp 485 | chosen 20,14 | walk - | weapon Rune Crossbow | untilShot 1 | target TzKal-Zuk[zuk] | gate ok | overhead none | TzKal-Zuk@22,8 TAGGED
t1028 | 20,14 | 21..25|W|frz-15 | zukIn 1 | setIn 192P | zukHp 485 | chosen 20,14 | walk - | weapon Rune Crossbow | untilShot 5 | target TzKal-Zuk[zuk] | gate ok | overhead none | TzKal-Zuk@22,8 TAGGED
FIRED t1028 | 20,14 | Rune Crossbow | TzKal-Zuk
t1029 | 20,14 | 20..24|W|frz-16 | zukIn 10 | setIn 192P | zukHp 485 | chosen 15,14 | walk ->15,14 | weapon Rune Crossbow | untilShot 4 | target -[-] | gate - | overhead none | TzKal-Zuk@22,8 TAGGED
t1030 | 18,14 | 19..23|W|frz-17 | zukIn 9 | setIn 192P | zukHp 485 | chosen 15,14 | walk ->15,14 | weapon Rune Crossbow | untilShot 3 | target TzKal-Zuk[zuk] | gate - | overhead none | TzKal-Zuk@22,8 TAGGED
t1031 | 16,14 | 18..22|W|frz-18 | zukIn 8 | setIn 192P | zukHp 485 | chosen 15,14 | walk ->15,14 | weapon Rune Crossbow | untilShot 2 | target TzKal-Zuk[zuk] | gate - | overhead none | TzKal-Zuk@22,8 TAGGED
t1032 | 15,14 | 17..21|W|frz-19 | zukIn 7 | setIn 192P | zukHp 485 | chosen 15,14 | walk - | weapon Rune Crossbow | untilShot 1 | target TzKal-Zuk[zuk] | gate ok | overhead none | TzKal-Zuk@22,8 TAGGED
t1033 | 15,14 | 16..20|W|frz-20 | zukIn 6 | setIn 192P | zukHp 485 | chosen 14,14 | walk ->14,14 | weapon Rune Crossbow | untilShot 5 | target -[-] | gate - | overhead none | TzKal-Zuk@22,8 TAGGED
FIRED t1033 | 15,14 | Rune Crossbow | TzKal-Zuk
t1034 | 14,14 | 15..19|W|frz-21 | zukIn 5 | setIn 192P | zukHp 485 | chosen 14,14 | walk - | weapon Rune Crossbow | untilShot 4 | target TzKal-Zuk[zuk] | gate - | overhead none | TzKal-Zuk@22,8 TAGGED
t1035 | 14,14 | 14..18|W|frz-22 | zukIn 4 | setIn 192P | zukHp 485 | chosen 14,14 | walk - | weapon Rune Crossbow | untilShot 3 | target TzKal-Zuk[zuk] | gate - | overhead none | TzKal-Zuk@22,8 TAGGED
t1036 | 14,14 | 13..17|W|frz-23 | zukIn 3 | setIn 367 | zukHp 466 | chosen 14,14 | walk - | weapon Rune Crossbow | untilShot 2 | target TzKal-Zuk[zuk] | gate - | overhead none | TzKal-Zuk@22,8 TAGGED; JalTok-Jad@24,25 onShield
t1037 | 14,14 | 12..16|W|frz-24 | zukIn 2 | setIn 366 | zukHp 466 | chosen 14,14 | walk - | weapon Rune Crossbow | untilShot 1 | target TzKal-Zuk[zuk] | gate - | overhead none | JalTok-Jad@24,25 onShield; TzKal-Zuk@22,8 TAGGED
t1038 | 14,14 | 11..15|W|frz-25 | zukIn 1 | setIn 365 | zukHp 466 | chosen 14,14 | walk - | weapon Rune Crossbow | untilShot 1 | target TzKal-Zuk[zuk] | gate - | overhead none | JalTok-Jad@24,25 onShield; TzKal-Zuk@22,8 TAGGED
t1039 | 14,14 | 10..14|E|frz4 | zukIn 10 | setIn 364 | zukHp 466 | chosen 20,14 | walk ->20,14 | weapon Rune Crossbow | untilShot 1 | target -[-] | gate - | overhead none | JalTok-Jad@24,25 onShield; TzKal-Zuk@22,8 TAGGED
t1040 | 16,14 | 10..14|E|frz3 | zukIn 9 | setIn 363 | zukHp 466 | chosen 20,14 | walk ->20,14 | weapon Rune Crossbow | untilShot 1 | target TzKal-Zuk[zuk] | gate - | overhead none | JalTok-Jad@24,25 onShield; TzKal-Zuk@22,8 TAGGED
t1041 | 18,14 | 10..14|E|frz2 | zukIn 8 | setIn 362 | zukHp 466 | chosen 20,14 | walk ->20,14 | weapon Rune Crossbow | untilShot 1 | target JalTok-Jad[untagged-tag] | gate ok | overhead none | JalTok-Jad@24,25 onShield; TzKal-Zuk@22,8 TAGGED
t1042 | 18,14 | 10..14|E|frz1 | zukIn 7 | setIn 361 | zukHp 466 | chosen 20,14 | walk ->20,14 | weapon Rune Crossbow | untilShot 5 | target -[-] | gate - | overhead none | JalTok-Jad@24,25 onShield; TzKal-Zuk@22,8 TAGGED
FIRED t1042 | 18,14 | Rune Crossbow | JalTok-Jad
t1043 | 20,14 | 10..14|E|frz0 | zukIn 6 | setIn 360 | zukHp 466 | chosen 20,14 | walk - | weapon Rune Crossbow | untilShot 4 | target JalTok-Jad[untagged-tag] | gate ok | overhead none | JalTok-Jad@24,25 onShield; TzKal-Zuk@22,8 TAGGED
t1044 | 20,14 | 11..15|E|frz-1 | zukIn 5 | setIn 359 | zukHp 466 | chosen 20,14 | walk - | weapon Rune Crossbow | untilShot 3 | target JalTok-Jad[untagged-tag] | gate ok | overhead none | JalTok-Jad@24,25 onShield; TzKal-Zuk@22,8 TAGGED
t1045 | 20,14 | 12..16|E|frz-2 | zukIn 4 | setIn 358 | zukHp 466 | chosen 20,14 | walk - | weapon Rune Crossbow | untilShot 2 | target TzKal-Zuk[zuk] | gate ok | overhead none | JalTok-Jad@24,25 TAGGED; TzKal-Zuk@22,8 TAGGED
t1046 | 20,14 | 13..17|E|frz-3 | zukIn 3 | setIn 357 | zukHp 466 | chosen 20,14 | walk - | weapon Rune Crossbow | untilShot 1 | target TzKal-Zuk[zuk] | gate ok | overhead Protect from Magic | JalTok-Jad@24,25 TAGGED; TzKal-Zuk@22,8 TAGGED
t1047 | 20,14 | 14..18|E|frz-4 | zukIn 2 | setIn 356 | zukHp 466 | chosen 20,14 | walk - | weapon Rune Crossbow | untilShot 5 | target TzKal-Zuk[zuk] | gate ok | overhead none | JalTok-Jad@24,25 TAGGED; TzKal-Zuk@22,8 TAGGED
FIRED t1047 | 20,14 | Rune Crossbow | TzKal-Zuk
t1048 | 20,14 | 15..19|E|frz-5 | zukIn 1 | setIn 355 | zukHp 466 | chosen 20,14 | walk - | weapon Rune Crossbow | untilShot 4 | target TzKal-Zuk[zuk] | gate ok | overhead none | JalTok-Jad@24,25 TAGGED; TzKal-Zuk@22,8 TAGGED
t1049 | 20,14 | 16..20|E|frz-6 | zukIn 10 | setIn 354 | zukHp 466 | chosen 30,14 | walk ->30,14 | weapon Rune Crossbow | untilShot 3 | target -[-] | gate - | overhead none | JalTok-Jad@24,25 TAGGED; TzKal-Zuk@22,8 TAGGED
t1050 | 22,14 | 17..21|E|frz-7 | zukIn 9 | setIn 353 | zukHp 442 | chosen 30,14 | walk ->30,14 | weapon Rune Crossbow | untilShot 2 | target TzKal-Zuk[zuk] | gate ok | overhead none | JalTok-Jad@24,25 TAGGED; TzKal-Zuk@22,8 TAGGED
t1051 | 24,14 | 18..22|E|frz-8 | zukIn 8 | setIn 352 | zukHp 442 | chosen 30,14 | walk ->30,14 | weapon Rune Crossbow | untilShot 1 | target TzKal-Zuk[zuk] | gate ok | overhead none | JalTok-Jad@24,25 TAGGED; TzKal-Zuk@22,8 TAGGED
t1052 | 24,14 | 19..23|E|frz-9 | zukIn 7 | setIn 351 | zukHp 442 | chosen 30,14 | walk ->30,14 | weapon Rune Crossbow | untilShot 5 | target -[-] | gate - | overhead none | JalTok-Jad@24,25 TAGGED; TzKal-Zuk@22,8 TAGGED
FIRED t1052 | 24,14 | Rune Crossbow | TzKal-Zuk
t1053 | 26,14 | 20..24|E|frz-10 | zukIn 6 | setIn 350 | zukHp 442 | chosen 30,14 | walk ->30,14 | weapon Rune Crossbow | untilShot 4 | target TzKal-Zuk[zuk] | gate ok | overhead none | JalTok-Jad@24,25 TAGGED; TzKal-Zuk@22,8 TAGGED
t1054 | 28,14 | 21..25|E|frz-11 | zukIn 5 | setIn 349 | zukHp 442 | chosen 30,14 | walk ->30,14 | weapon Rune Crossbow | untilShot 3 | target TzKal-Zuk[zuk] | gate ok | overhead Protect from Range | JalTok-Jad@24,25 TAGGED; TzKal-Zuk@22,8 TAGGED
t1055 | 30,14 | 22..26|E|frz-12 | zukIn 4 | setIn 348 | zukHp 422 | chosen 30,14 | walk - | weapon Rune Crossbow | untilShot 2 | target TzKal-Zuk[zuk] | gate ok | overhead none | JalTok-Jad@24,25 TAGGED; TzKal-Zuk@22,8 TAGGED
t1056 | 30,14 | 23..27|E|frz-13 | zukIn 3 | setIn 347 | zukHp 422 | chosen 30,14 | walk - | weapon Rune Crossbow | untilShot 1 | target TzKal-Zuk[zuk] | gate ok | overhead none | JalTok-Jad@24,25 TAGGED; TzKal-Zuk@22,8 TAGGED
t1057 | 30,14 | 24..28|E|frz-14 | zukIn 2 | setIn 346 | zukHp 422 | chosen 30,14 | walk - | weapon Rune Crossbow | untilShot 5 | target TzKal-Zuk[zuk] | gate ok | overhead none | JalTok-Jad@24,25 TAGGED; TzKal-Zuk@22,8 TAGGED
FIRED t1057 | 30,14 | Rune Crossbow | TzKal-Zuk
t1058 | 30,14 | 25..29|E|frz-15 | zukIn 1 | setIn 345 | zukHp 422 | chosen 30,14 | walk - | weapon Rune Crossbow | untilShot 4 | target TzKal-Zuk[zuk] | gate ok | overhead none | JalTok-Jad@24,25 TAGGED; TzKal-Zuk@22,8 TAGGED
t1059 | 30,14 | 26..30|E|frz-16 | zukIn 10 | setIn 344 | zukHp 422 | chosen 35,14 | walk ->35,14 | weapon Rune Crossbow | untilShot 3 | target -[-] | gate - | overhead none | JalTok-Jad@24,25 TAGGED; TzKal-Zuk@22,8 TAGGED
t1060 | 32,14 | 27..31|E|frz-17 | zukIn 9 | setIn 343 | zukHp 422 | chosen 35,14 | walk ->35,14 | weapon Rune Crossbow | untilShot 2 | target TzKal-Zuk[zuk] | gate - | overhead none | JalTok-Jad@24,25 TAGGED; TzKal-Zuk@22,8 TAGGED
t1061 | 34,14 | 28..32|E|frz-18 | zukIn 8 | setIn 342 | zukHp 422 | chosen 35,14 | walk ->35,14 | weapon Rune Crossbow | untilShot 1 | target TzKal-Zuk[zuk] | gate - | overhead none | JalTok-Jad@24,25 TAGGED; TzKal-Zuk@22,8 TAGGED
t1062 | 35,14 | 29..33|E|frz-19 | zukIn 7 | setIn 341 | zukHp 422 | chosen 35,14 | walk - | weapon Rune Crossbow | untilShot 1 | target TzKal-Zuk[zuk] | gate ok | overhead Protect from Range | JalTok-Jad@24,25 TAGGED; TzKal-Zuk@22,8 TAGGED
t1063 | 35,14 | 30..34|E|frz-20 | zukIn 6 | setIn 340 | zukHp 422 | chosen 36,14 | walk ->36,14 | weapon Rune Crossbow | untilShot 5 | target -[-] | gate - | overhead none | JalTok-Jad@24,25 TAGGED; TzKal-Zuk@22,8 TAGGED
FIRED t1063 | 35,14 | Rune Crossbow | TzKal-Zuk
t1064 | 36,14 | 31..35|E|frz-21 | zukIn 5 | setIn 339 | zukHp 422 | chosen 36,14 | walk - | weapon Rune Crossbow | untilShot 4 | target TzKal-Zuk[zuk] | gate - | overhead none | JalTok-Jad@24,25 TAGGED; TzKal-Zuk@22,8 TAGGED
t1065 | 36,14 | 32..36|E|frz-22 | zukIn 4 | setIn 338 | zukHp 422 | chosen 36,14 | walk - | weapon Rune Crossbow | untilShot 3 | target TzKal-Zuk[zuk] | gate - | overhead none | JalTok-Jad@24,25 TAGGED; TzKal-Zuk@22,8 TAGGED
t1066 | 36,14 | 33..37|E|frz-23 | zukIn 3 | setIn 337 | zukHp 422 | chosen 36,14 | walk - | weapon Rune Crossbow | untilShot 2 | target TzKal-Zuk[zuk] | gate - | overhead none | JalTok-Jad@24,25 TAGGED; TzKal-Zuk@22,8 TAGGED
t1067 | 36,14 | 34..38|E|frz-24 | zukIn 2 | setIn 336 | zukHp 422 | chosen 36,14 | walk - | weapon Rune Crossbow | untilShot 1 | target TzKal-Zuk[zuk] | gate - | overhead none | JalTok-Jad@24,25 TAGGED; TzKal-Zuk@22,8 TAGGED
t1068 | 36,14 | 35..39|E|frz-25 | zukIn 1 | setIn 335 | zukHp 422 | chosen 36,14 | walk - | weapon Rune Crossbow | untilShot 1 | target TzKal-Zuk[zuk] | gate - | overhead none | JalTok-Jad@24,25 TAGGED; TzKal-Zuk@22,8 TAGGED
t1069 | 36,14 | 36..40|W|frz4 | zukIn 10 | setIn 334 | zukHp 422 | chosen 30,14 | walk ->30,14 | weapon Rune Crossbow | untilShot 1 | target -[-] | gate - | overhead none | JalTok-Jad@24,25 TAGGED; TzKal-Zuk@22,8 TAGGED
t1070 | 34,14 | 36..40|W|frz3 | zukIn 9 | setIn 333 | zukHp 422 | chosen 30,14 | walk ->30,14 | weapon Rune Crossbow | untilShot 1 | target TzKal-Zuk[zuk] | gate - | overhead Protect from Range | JalTok-Jad@24,25 TAGGED; TzKal-Zuk@22,8 TAGGED
t1071 | 32,14 | 36..40|W|frz2 | zukIn 8 | setIn 332 | zukHp 422 | chosen 30,14 | walk ->30,14 | weapon Rune Crossbow | untilShot 1 | target TzKal-Zuk[zuk] | gate - | overhead none | JalTok-Jad@24,25 TAGGED; TzKal-Zuk@22,8 TAGGED
t1072 | 30,14 | 36..40|W|frz1 | zukIn 7 | setIn 331 | zukHp 422 | chosen 30,14 | walk - | weapon Rune Crossbow | untilShot 1 | target TzKal-Zuk[zuk] | gate ok | overhead none | JalTok-Jad@24,25 TAGGED; TzKal-Zuk@22,8 TAGGED
t1073 | 30,14 | 36..40|W|frz0 | zukIn 6 | setIn 330 | zukHp 422 | chosen 30,14 | walk - | weapon Rune Crossbow | untilShot 5 | target TzKal-Zuk[zuk] | gate ok | overhead none | JalTok-Jad@24,25 TAGGED; TzKal-Zuk@22,8 TAGGED
FIRED t1073 | 30,14 | Rune Crossbow | TzKal-Zuk
t1074 | 30,14 | 35..39|W|frz-1 | zukIn 5 | setIn 329 | zukHp 422 | chosen 30,14 | walk - | weapon Rune Crossbow | untilShot 4 | target TzKal-Zuk[zuk] | gate ok | overhead none | JalTok-Jad@24,25 TAGGED; TzKal-Zuk@22,8 TAGGED
t1075 | 30,14 | 34..38|W|frz-2 | zukIn 4 | setIn 328 | zukHp 422 | chosen 30,14 | walk - | weapon Rune Crossbow | untilShot 3 | target TzKal-Zuk[zuk] | gate ok | overhead none | JalTok-Jad@24,25 TAGGED; TzKal-Zuk@22,8 TAGGED
t1076 | 30,14 | 33..37|W|frz-3 | zukIn 3 | setIn 327 | zukHp 422 | chosen 30,14 | walk - | weapon Rune Crossbow | untilShot 2 | target TzKal-Zuk[zuk] | gate ok | overhead none | JalTok-Jad@24,25 TAGGED; TzKal-Zuk@22,8 TAGGED
t1077 | 30,14 | 32..36|W|frz-4 | zukIn 2 | setIn 326 | zukHp 422 | chosen 30,14 | walk - | weapon Rune Crossbow | untilShot 1 | target TzKal-Zuk[zuk] | gate ok | overhead none | JalTok-Jad@24,25 TAGGED; TzKal-Zuk@22,8 TAGGED
t1078 | 30,14 | 31..35|W|frz-5 | zukIn 1 | setIn 325 | zukHp 422 | chosen 30,14 | walk - | weapon Rune Crossbow | untilShot 5 | target TzKal-Zuk[zuk] | gate ok | overhead Protect from Magic | JalTok-Jad@24,25 TAGGED; TzKal-Zuk@22,8 TAGGED
FIRED t1078 | 30,14 | Rune Crossbow | TzKal-Zuk
t1079 | 30,14 | 30..34|W|frz-6 | zukIn 10 | setIn 324 | zukHp 422 | chosen 20,14 | walk ->20,14 | weapon Rune Crossbow | untilShot 4 | target -[-] | gate - | overhead none | JalTok-Jad@24,25 TAGGED; TzKal-Zuk@22,8 TAGGED
t1080 | 28,14 | 29..33|W|frz-7 | zukIn 9 | setIn 323 | zukHp 422 | chosen 20,14 | walk ->20,14 | weapon Rune Crossbow | untilShot 3 | target TzKal-Zuk[zuk] | gate ok | overhead none | JalTok-Jad@24,25 TAGGED; TzKal-Zuk@22,8 TAGGED
t1081 | 26,14 | 28..32|W|frz-8 | zukIn 8 | setIn 322 | zukHp 421 | chosen 20,14 | walk ->20,14 | weapon Rune Crossbow | untilShot 2 | target TzKal-Zuk[zuk] | gate ok | overhead none | JalTok-Jad@24,25 TAGGED; TzKal-Zuk@22,8 TAGGED
t1082 | 24,14 | 27..31|W|frz-9 | zukIn 7 | setIn 321 | zukHp 421 | chosen 20,14 | walk ->20,14 | weapon Rune Crossbow | untilShot 1 | target TzKal-Zuk[zuk] | gate ok | overhead none | JalTok-Jad@24,25 TAGGED; TzKal-Zuk@22,8 TAGGED
t1083 | 24,14 | 26..30|W|frz-10 | zukIn 6 | setIn 320 | zukHp 421 | chosen 20,14 | walk ->20,14 | weapon Rune Crossbow | untilShot 5 | target -[-] | gate - | overhead none | JalTok-Jad@24,25 TAGGED; TzKal-Zuk@22,8 TAGGED
FIRED t1083 | 24,14 | Rune Crossbow | TzKal-Zuk
t1084 | 22,14 | 25..29|W|frz-11 | zukIn 5 | setIn 319 | zukHp 421 | chosen 20,14 | walk ->20,14 | weapon Rune Crossbow | untilShot 4 | target TzKal-Zuk[zuk] | gate ok | overhead none | JalTok-Jad@24,25 TAGGED; TzKal-Zuk@22,8 TAGGED
t1085 | 20,14 | 24..28|W|frz-12 | zukIn 4 | setIn 318 | zukHp 421 | chosen 20,14 | walk - | weapon Rune Crossbow | untilShot 3 | target TzKal-Zuk[zuk] | gate ok | overhead none | JalTok-Jad@24,25 TAGGED; TzKal-Zuk@22,8 TAGGED
t1086 | 20,14 | 23..27|W|frz-13 | zukIn 3 | setIn 317 | zukHp 421 | chosen 20,14 | walk - | weapon Rune Crossbow | untilShot 2 | target TzKal-Zuk[zuk] | gate ok | overhead Protect from Range | JalTok-Jad@24,25 TAGGED; TzKal-Zuk@22,8 TAGGED
t1087 | 20,14 | 22..26|W|frz-14 | zukIn 2 | setIn 316 | zukHp 421 | chosen 20,14 | walk - | weapon Rune Crossbow | untilShot 1 | target TzKal-Zuk[zuk] | gate ok | overhead none | JalTok-Jad@24,25 TAGGED; TzKal-Zuk@22,8 TAGGED
t1088 | 20,14 | 21..25|W|frz-15 | zukIn 1 | setIn 315 | zukHp 421 | chosen 20,14 | walk - | weapon Rune Crossbow | untilShot 5 | target TzKal-Zuk[zuk] | gate ok | overhead none | JalTok-Jad@24,25 TAGGED; TzKal-Zuk@22,8 TAGGED
FIRED t1088 | 20,14 | Rune Crossbow | TzKal-Zuk
t1089 | 20,14 | 20..24|W|frz-16 | zukIn 10 | setIn 314 | zukHp 421 | chosen 15,14 | walk ->15,14 | weapon Rune Crossbow | untilShot 4 | target -[-] | gate - | overhead none | JalTok-Jad@24,25 TAGGED; TzKal-Zuk@22,8 TAGGED
t1090 | 18,14 | 19..23|W|frz-17 | zukIn 9 | setIn 313 | zukHp 421 | chosen 15,14 | walk ->15,14 | weapon Rune Crossbow | untilShot 3 | target TzKal-Zuk[zuk] | gate - | overhead none | JalTok-Jad@24,25 TAGGED; TzKal-Zuk@22,8 TAGGED
t1091 | 16,14 | 18..22|W|frz-18 | zukIn 8 | setIn 312 | zukHp 397 | chosen 15,14 | walk ->15,14 | weapon Rune Crossbow | untilShot 2 | target TzKal-Zuk[zuk] | gate - | overhead none | JalTok-Jad@24,25 TAGGED; TzKal-Zuk@22,8 TAGGED
t1092 | 15,14 | 17..21|W|frz-19 | zukIn 7 | setIn 311 | zukHp 397 | chosen 15,14 | walk - | weapon Rune Crossbow | untilShot 1 | target TzKal-Zuk[zuk] | gate ok | overhead none | JalTok-Jad@24,25 TAGGED; TzKal-Zuk@22,8 TAGGED
t1093 | 15,14 | 16..20|W|frz-20 | zukIn 6 | setIn 310 | zukHp 397 | chosen 14,14 | walk ->14,14 | weapon Rune Crossbow | untilShot 5 | target -[-] | gate - | overhead none | JalTok-Jad@24,25 TAGGED; TzKal-Zuk@22,8 TAGGED
FIRED t1093 | 15,14 | Rune Crossbow | TzKal-Zuk
t1094 | 14,14 | 15..19|W|frz-21 | zukIn 5 | setIn 309 | zukHp 397 | chosen 14,14 | walk - | weapon Rune Crossbow | untilShot 4 | target TzKal-Zuk[zuk] | gate - | overhead Protect from Range | JalTok-Jad@24,25 TAGGED; TzKal-Zuk@22,8 TAGGED
t1095 | 14,14 | 14..18|W|frz-22 | zukIn 4 | setIn 308 | zukHp 397 | chosen 14,14 | walk - | weapon Rune Crossbow | untilShot 3 | target TzKal-Zuk[zuk] | gate - | overhead none | JalTok-Jad@24,25 TAGGED; TzKal-Zuk@22,8 TAGGED
t1096 | 14,14 | 13..17|W|frz-23 | zukIn 3 | setIn 307 | zukHp 370 | chosen 14,14 | walk - | weapon Rune Crossbow | untilShot 2 | target TzKal-Zuk[zuk] | gate - | overhead none | JalTok-Jad@24,25 TAGGED; TzKal-Zuk@22,8 TAGGED
t1097 | 14,14 | 12..16|W|frz-24 | zukIn 2 | setIn 306 | zukHp 370 | chosen 14,14 | walk - | weapon Rune Crossbow | untilShot 1 | target TzKal-Zuk[zuk] | gate - | overhead none | JalTok-Jad@24,25 TAGGED; TzKal-Zuk@22,8 TAGGED
t1098 | 14,14 | 11..15|W|frz-25 | zukIn 1 | setIn 305 | zukHp 370 | chosen 14,14 | walk - | weapon Rune Crossbow | untilShot 1 | target TzKal-Zuk[zuk] | gate - | overhead none | JalTok-Jad@24,25 TAGGED; TzKal-Zuk@22,8 TAGGED
t1099 | 14,14 | 10..14|E|frz4 | zukIn 10 | setIn 304 | zukHp 370 | chosen 20,14 | walk ->20,14 | weapon Rune Crossbow | untilShot 1 | target -[-] | gate - | overhead none | JalTok-Jad@24,25 TAGGED; TzKal-Zuk@22,8 TAGGED
t1100 | 16,14 | 10..14|E|frz3 | zukIn 9 | setIn 303 | zukHp 370 | chosen 20,14 | walk ->20,14 | weapon Rune Crossbow | untilShot 1 | target TzKal-Zuk[zuk] | gate - | overhead none | JalTok-Jad@24,25 TAGGED; TzKal-Zuk@22,8 TAGGED
t1101 | 18,14 | 10..14|E|frz2 | zukIn 8 | setIn 302 | zukHp 370 | chosen 20,14 | walk ->20,14 | weapon Rune Crossbow | untilShot 1 | target TzKal-Zuk[zuk] | gate - | overhead none | JalTok-Jad@24,25 TAGGED; TzKal-Zuk@22,8 TAGGED
t1102 | 20,14 | 10..14|E|frz1 | zukIn 7 | setIn 301 | zukHp 370 | chosen 20,14 | walk - | weapon Rune Crossbow | untilShot 1 | target TzKal-Zuk[zuk] | gate ok | overhead Protect from Magic | JalTok-Jad@24,25 TAGGED; TzKal-Zuk@22,8 TAGGED
t1103 | 20,14 | 10..14|E|frz0 | zukIn 6 | setIn 300 | zukHp 370 | chosen 20,14 | walk - | weapon Rune Crossbow | untilShot 5 | target TzKal-Zuk[zuk] | gate ok | overhead none | JalTok-Jad@24,25 TAGGED; TzKal-Zuk@22,8 TAGGED
FIRED t1103 | 20,14 | Rune Crossbow | TzKal-Zuk
t1104 | 20,14 | 11..15|E|frz-1 | zukIn 5 | setIn 299 | zukHp 370 | chosen 20,14 | walk - | weapon Rune Crossbow | untilShot 4 | target TzKal-Zuk[zuk] | gate ok | overhead none | JalTok-Jad@24,25 TAGGED; TzKal-Zuk@22,8 TAGGED
t1105 | 20,14 | 12..16|E|frz-2 | zukIn 4 | setIn 298 | zukHp 370 | chosen 20,14 | walk - | weapon Rune Crossbow | untilShot 3 | target TzKal-Zuk[zuk] | gate ok | overhead none | JalTok-Jad@24,25 TAGGED; TzKal-Zuk@22,8 TAGGED
t1106 | 20,14 | 13..17|E|frz-3 | zukIn 3 | setIn 297 | zukHp 345 | chosen 20,14 | walk - | weapon Rune Crossbow | untilShot 2 | target TzKal-Zuk[zuk] | gate ok | overhead none | JalTok-Jad@24,25 TAGGED; TzKal-Zuk@22,8 TAGGED
t1107 | 20,14 | 14..18|E|frz-4 | zukIn 2 | setIn 296 | zukHp 345 | chosen 20,14 | walk - | weapon Rune Crossbow | untilShot 1 | target TzKal-Zuk[zuk] | gate ok | overhead none | JalTok-Jad@24,25 TAGGED; TzKal-Zuk@22,8 TAGGED
t1108 | 20,14 | 15..19|E|frz-5 | zukIn 1 | setIn 295 | zukHp 345 | chosen 20,14 | walk - | weapon Rune Crossbow | untilShot 5 | target TzKal-Zuk[zuk] | gate ok | overhead none | JalTok-Jad@24,25 TAGGED; TzKal-Zuk@22,8 TAGGED
FIRED t1108 | 20,14 | Rune Crossbow | TzKal-Zuk
t1109 | 20,14 | 16..20|E|frz-6 | zukIn 10 | setIn 294 | zukHp 345 | chosen 30,14 | walk ->30,14 | weapon Rune Crossbow | untilShot 4 | target -[-] | gate - | overhead none | JalTok-Jad@24,25 TAGGED; TzKal-Zuk@22,8 TAGGED
t1110 | 22,14 | 17..21|E|frz-7 | zukIn 9 | setIn 293 | zukHp 345 | chosen 30,14 | walk ->30,14 | weapon Rune Crossbow | untilShot 3 | target TzKal-Zuk[zuk] | gate ok | overhead Protect from Magic | JalTok-Jad@24,25 TAGGED; TzKal-Zuk@22,8 TAGGED
t1111 | 24,14 | 18..22|E|frz-8 | zukIn 8 | setIn 292 | zukHp 345 | chosen 30,14 | walk ->30,14 | weapon Rune Crossbow | untilShot 2 | target TzKal-Zuk[zuk] | gate ok | overhead none | JalTok-Jad@24,25 TAGGED; TzKal-Zuk@22,8 TAGGED
t1112 | 26,14 | 19..23|E|frz-9 | zukIn 7 | setIn 291 | zukHp 345 | chosen 30,14 | walk ->30,14 | weapon Rune Crossbow | untilShot 1 | target TzKal-Zuk[zuk] | gate ok | overhead none | JalTok-Jad@24,25 TAGGED; TzKal-Zuk@22,8 TAGGED
t1113 | 26,14 | 20..24|E|frz-10 | zukIn 6 | setIn 290 | zukHp 345 | chosen 30,14 | walk ->30,14 | weapon Rune Crossbow | untilShot 5 | target -[-] | gate - | overhead none | JalTok-Jad@24,25 TAGGED; TzKal-Zuk@22,8 TAGGED
FIRED t1113 | 26,14 | Rune Crossbow | TzKal-Zuk
t1114 | 28,14 | 21..25|E|frz-11 | zukIn 5 | setIn 289 | zukHp 345 | chosen 30,14 | walk ->30,14 | weapon Rune Crossbow | untilShot 4 | target TzKal-Zuk[zuk] | gate ok | overhead none | JalTok-Jad@24,25 TAGGED; TzKal-Zuk@22,8 TAGGED
t1115 | 30,14 | 22..26|E|frz-12 | zukIn 4 | setIn 288 | zukHp 345 | chosen 30,14 | walk - | weapon Rune Crossbow | untilShot 3 | target TzKal-Zuk[zuk] | gate ok | overhead none | JalTok-Jad@24,25 TAGGED; TzKal-Zuk@22,8 TAGGED
t1116 | 30,14 | 23..27|E|frz-13 | zukIn 3 | setIn 287 | zukHp 345 | chosen 30,14 | walk - | weapon Rune Crossbow | untilShot 2 | target TzKal-Zuk[zuk] | gate ok | overhead none | JalTok-Jad@24,25 TAGGED; TzKal-Zuk@22,8 TAGGED
t1117 | 30,14 | 24..28|E|frz-14 | zukIn 2 | setIn 286 | zukHp 345 | chosen 30,14 | walk - | weapon Rune Crossbow | untilShot 1 | target TzKal-Zuk[zuk] | gate ok | overhead none | JalTok-Jad@24,25 TAGGED; TzKal-Zuk@22,8 TAGGED
t1118 | 30,14 | 25..29|E|frz-15 | zukIn 1 | setIn 285 | zukHp 345 | chosen 30,14 | walk - | weapon Rune Crossbow | untilShot 5 | target TzKal-Zuk[zuk] | gate ok | overhead Protect from Magic | JalTok-Jad@24,25 TAGGED; TzKal-Zuk@22,8 TAGGED
FIRED t1118 | 30,14 | Rune Crossbow | TzKal-Zuk
t1119 | 30,14 | 26..30|E|frz-16 | zukIn 10 | setIn 284 | zukHp 345 | chosen 35,14 | walk ->35,14 | weapon Rune Crossbow | untilShot 4 | target -[-] | gate - | overhead none | JalTok-Jad@24,25 TAGGED; TzKal-Zuk@22,8 TAGGED
t1120 | 32,14 | 27..31|E|frz-17 | zukIn 9 | setIn 283 | zukHp 345 | chosen 35,14 | walk ->35,14 | weapon Rune Crossbow | untilShot 3 | target TzKal-Zuk[zuk] | gate - | overhead none | JalTok-Jad@24,25 TAGGED; TzKal-Zuk@22,8 TAGGED
t1121 | 34,14 | 28..32|E|frz-18 | zukIn 8 | setIn 282 | zukHp 337 | chosen 35,14 | walk ->35,14 | weapon Rune Crossbow | untilShot 2 | target TzKal-Zuk[zuk] | gate - | overhead none | JalTok-Jad@24,25 TAGGED; TzKal-Zuk@22,8 TAGGED
t1122 | 35,14 | 29..33|E|frz-19 | zukIn 7 | setIn 281 | zukHp 337 | chosen 35,14 | walk - | weapon Rune Crossbow | untilShot 1 | target TzKal-Zuk[zuk] | gate ok | overhead none | JalTok-Jad@24,25 TAGGED; TzKal-Zuk@22,8 TAGGED
t1123 | 35,14 | 30..34|E|frz-20 | zukIn 6 | setIn 280 | zukHp 337 | chosen 36,14 | walk ->36,14 | weapon Rune Crossbow | untilShot 5 | target -[-] | gate - | overhead none | JalTok-Jad@24,25 TAGGED; TzKal-Zuk@22,8 TAGGED
FIRED t1123 | 35,14 | Rune Crossbow | TzKal-Zuk
t1124 | 36,14 | 31..35|E|frz-21 | zukIn 5 | setIn 279 | zukHp 337 | chosen 36,14 | walk - | weapon Rune Crossbow | untilShot 4 | target TzKal-Zuk[zuk] | gate - | overhead none | JalTok-Jad@24,25 TAGGED; TzKal-Zuk@22,8 TAGGED
t1125 | 36,14 | 32..36|E|frz-22 | zukIn 4 | setIn 278 | zukHp 337 | chosen 36,14 | walk - | weapon Rune Crossbow | untilShot 3 | target TzKal-Zuk[zuk] | gate - | overhead none | JalTok-Jad@24,25 TAGGED; TzKal-Zuk@22,8 TAGGED
t1126 | 36,14 | 33..37|E|frz-23 | zukIn 3 | setIn 277 | zukHp 337 | chosen 36,14 | walk - | weapon Rune Crossbow | untilShot 2 | target TzKal-Zuk[zuk] | gate - | overhead Protect from Magic | JalTok-Jad@24,25 TAGGED; TzKal-Zuk@22,8 TAGGED
t1127 | 36,14 | 34..38|E|frz-24 | zukIn 2 | setIn 276 | zukHp 337 | chosen 36,14 | walk - | weapon Rune Crossbow | untilShot 1 | target TzKal-Zuk[zuk] | gate - | overhead none | JalTok-Jad@24,25 TAGGED; TzKal-Zuk@22,8 TAGGED
t1128 | 36,14 | 35..39|E|frz-25 | zukIn 1 | setIn 275 | zukHp 337 | chosen 36,14 | walk - | weapon Rune Crossbow | untilShot 1 | target TzKal-Zuk[zuk] | gate - | overhead none | JalTok-Jad@24,25 TAGGED; TzKal-Zuk@22,8 TAGGED
t1129 | 36,14 | 36..40|W|frz4 | zukIn 10 | setIn 274 | zukHp 337 | chosen 30,14 | walk ->30,14 | weapon Rune Crossbow | untilShot 1 | target -[-] | gate - | overhead none | JalTok-Jad@24,25 TAGGED; TzKal-Zuk@22,8 TAGGED
t1130 | 34,14 | 36..40|W|frz3 | zukIn 9 | setIn 273 | zukHp 337 | chosen 30,14 | walk ->30,14 | weapon Rune Crossbow | untilShot 1 | target TzKal-Zuk[zuk] | gate - | overhead none | JalTok-Jad@24,25 TAGGED; TzKal-Zuk@22,8 TAGGED
t1131 | 32,14 | 36..40|W|frz2 | zukIn 8 | setIn 272 | zukHp 337 | chosen 30,14 | walk ->30,14 | weapon Rune Crossbow | untilShot 1 | target TzKal-Zuk[zuk] | gate - | overhead none | JalTok-Jad@24,25 TAGGED; TzKal-Zuk@22,8 TAGGED
t1132 | 30,14 | 36..40|W|frz1 | zukIn 7 | setIn 271 | zukHp 337 | chosen 30,14 | walk - | weapon Rune Crossbow | untilShot 1 | target TzKal-Zuk[zuk] | gate ok | overhead none | JalTok-Jad@24,25 TAGGED; TzKal-Zuk@22,8 TAGGED
t1133 | 30,14 | 36..40|W|frz0 | zukIn 6 | setIn 270 | zukHp 337 | chosen 30,14 | walk - | weapon Rune Crossbow | untilShot 5 | target TzKal-Zuk[zuk] | gate ok | overhead none | JalTok-Jad@24,25 TAGGED; TzKal-Zuk@22,8 TAGGED
FIRED t1133 | 30,14 | Rune Crossbow | TzKal-Zuk
t1134 | 30,14 | 35..39|W|frz-1 | zukIn 5 | setIn 269 | zukHp 337 | chosen 30,14 | walk - | weapon Rune Crossbow | untilShot 4 | target TzKal-Zuk[zuk] | gate ok | overhead Protect from Range | JalTok-Jad@24,25 TAGGED; TzKal-Zuk@22,8 TAGGED
t1135 | 30,14 | 34..38|W|frz-2 | zukIn 4 | setIn 268 | zukHp 337 | chosen 30,14 | walk - | weapon Rune Crossbow | untilShot 3 | target TzKal-Zuk[zuk] | gate ok | overhead none | JalTok-Jad@24,25 TAGGED; TzKal-Zuk@22,8 TAGGED
t1136 | 30,14 | 33..37|W|frz-3 | zukIn 3 | setIn 267 | zukHp 337 | chosen 30,14 | walk - | weapon Rune Crossbow | untilShot 2 | target TzKal-Zuk[zuk] | gate ok | overhead none | JalTok-Jad@24,25 TAGGED; TzKal-Zuk@22,8 TAGGED
t1137 | 30,14 | 32..36|W|frz-4 | zukIn 2 | setIn 266 | zukHp 337 | chosen 30,14 | walk - | weapon Rune Crossbow | untilShot 1 | target TzKal-Zuk[zuk] | gate ok | overhead none | JalTok-Jad@24,25 TAGGED; TzKal-Zuk@22,8 TAGGED
t1138 | 30,14 | 31..35|W|frz-5 | zukIn 1 | setIn 265 | zukHp 337 | chosen 30,14 | walk - | weapon Rune Crossbow | untilShot 5 | target TzKal-Zuk[zuk] | gate ok | overhead none | JalTok-Jad@24,25 TAGGED; TzKal-Zuk@22,8 TAGGED
FIRED t1138 | 30,14 | Rune Crossbow | TzKal-Zuk
t1139 | 30,14 | 30..34|W|frz-6 | zukIn 10 | setIn 264 | zukHp 337 | chosen 20,14 | walk ->20,14 | weapon Rune Crossbow | untilShot 4 | target -[-] | gate - | overhead none | JalTok-Jad@24,25 TAGGED; TzKal-Zuk@22,8 TAGGED
t1140 | 28,14 | 29..33|W|frz-7 | zukIn 9 | setIn 263 | zukHp 337 | chosen 20,14 | walk ->20,14 | weapon Rune Crossbow | untilShot 3 | target TzKal-Zuk[zuk] | gate ok | overhead none | JalTok-Jad@24,25 TAGGED; TzKal-Zuk@22,8 TAGGED
t1141 | 26,14 | 28..32|W|frz-8 | zukIn 8 | setIn 262 | zukHp 332 | chosen 20,14 | walk ->20,14 | weapon Rune Crossbow | untilShot 2 | target TzKal-Zuk[zuk] | gate ok | overhead none | JalTok-Jad@24,25 TAGGED; TzKal-Zuk@22,8 TAGGED
t1142 | 24,14 | 27..31|W|frz-9 | zukIn 7 | setIn 261 | zukHp 332 | chosen 20,14 | walk ->20,14 | weapon Rune Crossbow | untilShot 1 | target TzKal-Zuk[zuk] | gate ok | overhead Protect from Magic | JalTok-Jad@24,25 TAGGED; TzKal-Zuk@22,8 TAGGED
t1143 | 24,14 | 26..30|W|frz-10 | zukIn 6 | setIn 260 | zukHp 332 | chosen 20,14 | walk ->20,14 | weapon Rune Crossbow | untilShot 5 | target -[-] | gate - | overhead none | JalTok-Jad@24,25 TAGGED; TzKal-Zuk@22,8 TAGGED
FIRED t1143 | 24,14 | Rune Crossbow | TzKal-Zuk
t1144 | 22,14 | 25..29|W|frz-11 | zukIn 5 | setIn 259 | zukHp 332 | chosen 20,14 | walk ->20,14 | weapon Rune Crossbow | untilShot 4 | target TzKal-Zuk[zuk] | gate ok | overhead none | JalTok-Jad@24,25 TAGGED; TzKal-Zuk@22,8 TAGGED
t1145 | 20,14 | 24..28|W|frz-12 | zukIn 4 | setIn 258 | zukHp 332 | chosen 20,14 | walk - | weapon Rune Crossbow | untilShot 3 | target TzKal-Zuk[zuk] | gate ok | overhead none | JalTok-Jad@24,25 TAGGED; TzKal-Zuk@22,8 TAGGED
t1146 | 20,14 | 23..27|W|frz-13 | zukIn 3 | setIn 257 | zukHp 309 | chosen 20,14 | walk - | weapon Rune Crossbow | untilShot 2 | target TzKal-Zuk[zuk] | gate ok | overhead none | JalTok-Jad@24,25 TAGGED; TzKal-Zuk@22,8 TAGGED
t1147 | 20,14 | 22..26|W|frz-14 | zukIn 2 | setIn 256 | zukHp 309 | chosen 20,14 | walk - | weapon Rune Crossbow | untilShot 1 | target TzKal-Zuk[zuk] | gate ok | overhead none | JalTok-Jad@24,25 TAGGED; TzKal-Zuk@22,8 TAGGED
t1148 | 20,14 | 21..25|W|frz-15 | zukIn 1 | setIn 255 | zukHp 309 | chosen 20,14 | walk - | weapon Rune Crossbow | untilShot 5 | target TzKal-Zuk[zuk] | gate ok | overhead none | JalTok-Jad@24,25 TAGGED; TzKal-Zuk@22,8 TAGGED
FIRED t1148 | 20,14 | Rune Crossbow | TzKal-Zuk
t1149 | 20,14 | 20..24|W|frz-16 | zukIn 10 | setIn 254 | zukHp 309 | chosen 15,14 | walk ->15,14 | weapon Rune Crossbow | untilShot 4 | target -[-] | gate - | overhead none | JalTok-Jad@24,25 TAGGED; TzKal-Zuk@22,8 TAGGED
t1150 | 18,14 | 19..23|W|frz-17 | zukIn 9 | setIn 253 | zukHp 309 | chosen 15,14 | walk ->15,14 | weapon Rune Crossbow | untilShot 3 | target TzKal-Zuk[zuk] | gate - | overhead Protect from Magic | JalTok-Jad@24,25 TAGGED; TzKal-Zuk@22,8 TAGGED
t1151 | 16,14 | 18..22|W|frz-18 | zukIn 8 | setIn 252 | zukHp 289 | chosen 15,14 | walk ->15,14 | weapon Rune Crossbow | untilShot 2 | target TzKal-Zuk[zuk] | gate - | overhead none | JalTok-Jad@24,25 TAGGED; TzKal-Zuk@22,8 TAGGED
t1152 | 15,14 | 17..21|W|frz-19 | zukIn 7 | setIn 251 | zukHp 289 | chosen 15,14 | walk - | weapon Rune Crossbow | untilShot 1 | target TzKal-Zuk[zuk] | gate ok | overhead none | JalTok-Jad@24,25 TAGGED; TzKal-Zuk@22,8 TAGGED
t1153 | 15,14 | 16..20|W|frz-20 | zukIn 6 | setIn 250 | zukHp 289 | chosen 14,14 | walk ->14,14 | weapon Rune Crossbow | untilShot 5 | target -[-] | gate - | overhead none | JalTok-Jad@24,25 TAGGED; TzKal-Zuk@22,8 TAGGED
FIRED t1153 | 15,14 | Rune Crossbow | TzKal-Zuk
t1154 | 14,14 | 15..19|W|frz-21 | zukIn 5 | setIn 249 | zukHp 289 | chosen 14,14 | walk - | weapon Rune Crossbow | untilShot 4 | target TzKal-Zuk[zuk] | gate - | overhead none | JalTok-Jad@24,25 TAGGED; TzKal-Zuk@22,8 TAGGED
t1155 | 14,14 | 14..18|W|frz-22 | zukIn 4 | setIn 248 | zukHp 289 | chosen 14,14 | walk - | weapon Rune Crossbow | untilShot 3 | target TzKal-Zuk[zuk] | gate - | overhead none | JalTok-Jad@24,25 TAGGED; TzKal-Zuk@22,8 TAGGED
t1156 | 14,14 | 13..17|W|frz-23 | zukIn 3 | setIn 247 | zukHp 275 | chosen 14,14 | walk - | weapon Rune Crossbow | untilShot 2 | target TzKal-Zuk[zuk] | gate - | overhead none | JalTok-Jad@24,25 TAGGED; TzKal-Zuk@22,8 TAGGED
t1157 | 14,14 | 12..16|W|frz-24 | zukIn 2 | setIn 246 | zukHp 275 | chosen 14,14 | walk - | weapon Rune Crossbow | untilShot 1 | target TzKal-Zuk[zuk] | gate - | overhead none | JalTok-Jad@24,25 TAGGED; TzKal-Zuk@22,8 TAGGED
t1158 | 14,14 | 11..15|W|frz-25 | zukIn 1 | setIn 245 | zukHp 275 | chosen 14,14 | walk - | weapon Rune Crossbow | untilShot 1 | target TzKal-Zuk[zuk] | gate - | overhead Protect from Range | JalTok-Jad@24,25 TAGGED; TzKal-Zuk@22,8 TAGGED
t1159 | 14,14 | 10..14|E|frz4 | zukIn 10 | setIn 244 | zukHp 275 | chosen 20,14 | walk ->20,14 | weapon Rune Crossbow | untilShot 1 | target -[-] | gate - | overhead none | JalTok-Jad@24,25 TAGGED; TzKal-Zuk@22,8 TAGGED
t1160 | 16,14 | 10..14|E|frz3 | zukIn 9 | setIn 243 | zukHp 275 | chosen 20,14 | walk ->20,14 | weapon Rune Crossbow | untilShot 1 | target TzKal-Zuk[zuk] | gate - | overhead none | JalTok-Jad@24,25 TAGGED; TzKal-Zuk@22,8 TAGGED
t1161 | 18,14 | 10..14|E|frz2 | zukIn 8 | setIn 242 | zukHp 275 | chosen 20,14 | walk ->20,14 | weapon Rune Crossbow | untilShot 1 | target TzKal-Zuk[zuk] | gate - | overhead none | JalTok-Jad@24,25 TAGGED; TzKal-Zuk@22,8 TAGGED
t1162 | 20,14 | 10..14|E|frz1 | zukIn 7 | setIn 241 | zukHp 275 | chosen 20,14 | walk - | weapon Rune Crossbow | untilShot 1 | target TzKal-Zuk[zuk] | gate ok | overhead none | JalTok-Jad@24,25 TAGGED; TzKal-Zuk@22,8 TAGGED
t1163 | 20,14 | 10..14|E|frz0 | zukIn 6 | setIn 240 | zukHp 275 | chosen 20,14 | walk - | weapon Rune Crossbow | untilShot 5 | target TzKal-Zuk[zuk] | gate ok | overhead none | JalTok-Jad@24,25 TAGGED; TzKal-Zuk@22,8 TAGGED
FIRED t1163 | 20,14 | Rune Crossbow | TzKal-Zuk
t1164 | 20,14 | 11..15|E|frz-1 | zukIn 5 | setIn 239 | zukHp 275 | chosen 20,14 | walk - | weapon Rune Crossbow | untilShot 4 | target TzKal-Zuk[zuk] | gate ok | overhead none | JalTok-Jad@24,25 TAGGED; TzKal-Zuk@22,8 TAGGED
t1165 | 20,14 | 12..16|E|frz-2 | zukIn 4 | setIn 238 | zukHp 275 | chosen 20,14 | walk - | weapon Rune Crossbow | untilShot 3 | target TzKal-Zuk[zuk] | gate ok | overhead none | JalTok-Jad@24,25 TAGGED; TzKal-Zuk@22,8 TAGGED
t1166 | 20,14 | 13..17|E|frz-3 | zukIn 3 | setIn 237 | zukHp 275 | chosen 20,14 | walk - | weapon Rune Crossbow | untilShot 2 | target TzKal-Zuk[zuk] | gate ok | overhead Protect from Magic | JalTok-Jad@24,25 TAGGED; TzKal-Zuk@22,8 TAGGED
t1167 | 20,14 | 14..18|E|frz-4 | zukIn 2 | setIn 236 | zukHp 275 | chosen 20,14 | walk - | weapon Rune Crossbow | untilShot 1 | target TzKal-Zuk[zuk] | gate ok | overhead none | JalTok-Jad@24,25 TAGGED; TzKal-Zuk@22,8 TAGGED
t1168 | 20,14 | 15..19|E|frz-5 | zukIn 1 | setIn 235 | zukHp 275 | chosen 20,14 | walk - | weapon Rune Crossbow | untilShot 5 | target TzKal-Zuk[zuk] | gate ok | overhead none | JalTok-Jad@24,25 TAGGED; TzKal-Zuk@22,8 TAGGED
FIRED t1168 | 20,14 | Rune Crossbow | TzKal-Zuk
t1169 | 20,14 | 16..20|E|frz-6 | zukIn 10 | setIn 234 | zukHp 275 | chosen 30,14 | walk ->30,14 | weapon Rune Crossbow | untilShot 4 | target -[-] | gate - | overhead none | JalTok-Jad@24,25 TAGGED; TzKal-Zuk@22,8 TAGGED
t1170 | 22,14 | 17..21|E|frz-7 | zukIn 9 | setIn 233 | zukHp 275 | chosen 30,14 | walk ->30,14 | weapon Rune Crossbow | untilShot 3 | target TzKal-Zuk[zuk] | gate ok | overhead none | JalTok-Jad@24,25 TAGGED; TzKal-Zuk@22,8 TAGGED
t1171 | 24,14 | 18..22|E|frz-8 | zukIn 8 | setIn 232 | zukHp 243 | chosen 30,14 | walk ->30,14 | weapon Rune Crossbow | untilShot 2 | target TzKal-Zuk[zuk] | gate ok | overhead none | JalTok-Jad@24,25 TAGGED; TzKal-Zuk@22,8 TAGGED
t1172 | 26,14 | 19..23|E|frz-9 | zukIn 7 | setIn 231 | zukHp 243 | chosen 30,14 | walk ->30,14 | weapon Rune Crossbow | untilShot 1 | target TzKal-Zuk[zuk] | gate ok | overhead none | JalTok-Jad@24,25 TAGGED; TzKal-Zuk@22,8 TAGGED
t1173 | 26,14 | 20..24|E|frz-10 | zukIn 6 | setIn 230 | zukHp 243 | chosen 30,14 | walk ->30,14 | weapon Rune Crossbow | untilShot 5 | target -[-] | gate - | overhead none | JalTok-Jad@24,25 TAGGED; TzKal-Zuk@22,8 TAGGED
FIRED t1173 | 26,14 | Rune Crossbow | TzKal-Zuk
t1174 | 28,14 | 21..25|E|frz-11 | zukIn 5 | setIn 229 | zukHp 243 | chosen 30,14 | walk ->30,14 | weapon Rune Crossbow | untilShot 4 | target TzKal-Zuk[zuk] | gate ok | overhead Protect from Magic | JalTok-Jad@24,25 TAGGED; TzKal-Zuk@22,8 TAGGED
t1175 | 30,14 | 22..26|E|frz-12 | zukIn 4 | setIn 228 | zukHp 243 | chosen 30,14 | walk - | weapon Rune Crossbow | untilShot 3 | target TzKal-Zuk[zuk] | gate ok | overhead none | JalTok-Jad@24,25 TAGGED; TzKal-Zuk@22,8 TAGGED
t1176 | 30,14 | 23..27|E|frz-13 | zukIn 3 | setIn 227 | zukHp 216 | chosen 30,14 | walk - | weapon Rune Crossbow | untilShot 2 | target TzKal-Zuk[zuk] | gate ok | overhead none | JalTok-Jad@24,25 TAGGED; TzKal-Zuk@22,8 TAGGED; MejJak@16,9 untagged; MejJak@20,9 untagged; MejJak@30,9 untagged; MejJak@34,9 untagged
t1177 | 30,14 | 24..28|E|frz-14 | zukIn 2 | setIn 226 | zukHp 216 | chosen 30,14 | walk - | weapon Rune Crossbow | untilShot 1 | target Jal-MejJak[untagged-tag] | gate ok | overhead none | MejJak@16,9 untagged; MejJak@20,9 untagged; MejJak@30,9 untagged; MejJak@34,9 untagged; JalTok-Jad@24,25 TAGGED; TzKal-Zuk@22,8 TAGGED
t1178 | 30,14 | 25..29|E|frz-15 | zukIn 1 | setIn 225 | zukHp 216 | chosen 30,14 | walk - | weapon Rune Crossbow | untilShot 5 | target Jal-MejJak[untagged-tag] | gate ok | overhead none | MejJak@16,9 untagged; MejJak@20,9 untagged; MejJak@30,9 untagged; MejJak@34,9 untagged; JalTok-Jad@24,25 TAGGED; TzKal-Zuk@22,8 TAGGED
FIRED t1178 | 30,14 | Rune Crossbow | Jal-MejJak
t1179 | 30,14 | 26..30|E|frz-16 | zukIn 7 | setIn 224 | zukHp 216 | chosen 37,14 | walk ->37,14 | weapon Rune Crossbow | untilShot 4 | target -[-] | gate - | overhead none | MejJak@16,9 untagged; MejJak@20,9 untagged; MejJak@30,9 untagged; MejJak@34,9 untagged; JalTok-Jad@24,25 TAGGED; TzKal-Zuk@22,8 TAGGED
t1180 | 32,14 | 27..31|E|frz-17 | zukIn 6 | setIn 223 | zukHp 216 | chosen 37,14 | walk ->37,14 | weapon Rune Crossbow | untilShot 3 | target Jal-MejJak[untagged-tag] | gate ok | overhead none | MejJak@16,9 untagged; MejJak@20,9 untagged; MejJak@30,9 untagged; MejJak@34,9 untagged; JalTok-Jad@24,25 TAGGED; TzKal-Zuk@22,8 TAGGED
t1181 | 34,14 | 28..32|E|frz-18 | zukIn 5 | setIn 222 | zukHp 257 | chosen 34,14 | walk ->37,14 | weapon Rune Crossbow | untilShot 2 | target Jal-MejJak[untagged-tag] | gate ok | overhead none | MejJak@16,9 untagged; MejJak@20,9 untagged; MejJak@30,9 TAGGED; MejJak@34,9 untagged; JalTok-Jad@24,25 TAGGED; TzKal-Zuk@22,8 TAGGED
t1182 | 36,14 | 29..33|E|frz-19 | zukIn 4 | setIn 221 | zukHp 257 | chosen 36,14 | walk ->37,14 | weapon Toxic Blowpipe | untilShot 1 | target Jal-MejJak[untagged-tag] | gate ok | overhead Protect from Magic | MejJak@16,9 untagged; MejJak@20,9 untagged; MejJak@30,9 TAGGED; MejJak@34,9 untagged; JalTok-Jad@24,25 TAGGED; TzKal-Zuk@22,8 TAGGED
t1183 | 36,14 | 30..34|E|frz-20 | zukIn 3 | setIn 220 | zukHp 257 | chosen 36,14 | walk - | weapon Toxic Blowpipe | untilShot 2 | target Jal-MejJak[untagged-tag] | gate ok | overhead none | MejJak@16,9 untagged; MejJak@20,9 untagged; MejJak@30,9 TAGGED; MejJak@34,9 untagged; JalTok-Jad@24,25 TAGGED; TzKal-Zuk@22,8 TAGGED
FIRED t1183 | 36,14 | Toxic Blowpipe | Jal-MejJak
t1184 | 36,14 | 31..35|E|frz-21 | zukIn 2 | setIn 219 | zukHp 292 | chosen 36,14 | walk - | weapon Toxic Blowpipe | untilShot 1 | target Jal-MejJak[untagged-tag] | gate ok | overhead none | MejJak@16,9 untagged; MejJak@20,9 untagged; MejJak@30,9 TAGGED; MejJak@34,9 untagged; JalTok-Jad@24,25 TAGGED; TzKal-Zuk@22,8 TAGGED
t1185 | 36,14 | 32..36|E|frz-22 | zukIn 1 | setIn 218 | zukHp 292 | chosen 36,14 | walk - | weapon Toxic Blowpipe | untilShot 1 | target Jal-MejJak[healer] | gate ok | overhead none | MejJak@16,9 untagged; MejJak@20,9 untagged; MejJak@30,9 TAGGED; MejJak@34,9 TAGGED; JalTok-Jad@24,25 TAGGED; TzKal-Zuk@22,8 TAGGED
t1186 | 36,14 | 33..37|E|frz-23 | zukIn 7 | setIn 217 | zukHp 292 | chosen 36,14 | walk - | weapon Toxic Blowpipe | untilShot 1 | target Jal-MejJak[healer] | gate ok | overhead none | MejJak@16,9 untagged; MejJak@20,9 untagged; MejJak@30,9 TAGGED; MejJak@34,9 TAGGED; JalTok-Jad@24,25 TAGGED; TzKal-Zuk@22,8 TAGGED
t1187 | 36,14 | 34..38|E|frz-24 | zukIn 6 | setIn 216 | zukHp 348 | chosen 39,14 | walk ->39,14 | weapon Toxic Blowpipe | untilShot 2 | target -[-] | gate - | overhead none | MejJak@16,9 untagged; MejJak@20,9 untagged; MejJak@30,9 TAGGED; MejJak@34,9 TAGGED; JalTok-Jad@24,25 TAGGED; TzKal-Zuk@22,8 TAGGED
FIRED t1187 | 36,14 | Toxic Blowpipe | Jal-MejJak
t1188 | 38,14 | 35..39|E|frz-25 | zukIn 5 | setIn 215 | zukHp 348 | chosen 38,14 | walk ->39,14 | weapon Toxic Blowpipe | untilShot 1 | target Jal-MejJak[healer] | gate ok | overhead none | MejJak@16,9 untagged; MejJak@20,9 untagged; MejJak@30,9 TAGGED; MejJak@34,9 TAGGED; JalTok-Jad@24,25 TAGGED; TzKal-Zuk@22,8 TAGGED
t1189 | 38,14 | 36..40|W|frz4 | zukIn 4 | setIn 214 | zukHp 348 | chosen 38,14 | walk - | weapon Toxic Blowpipe | untilShot 2 | target Jal-MejJak[healer] | gate ok | overhead none | MejJak@16,9 untagged; MejJak@20,9 untagged; MejJak@30,9 TAGGED; MejJak@34,9 TAGGED; JalTok-Jad@24,25 TAGGED; TzKal-Zuk@22,8 TAGGED
FIRED t1189 | 38,14 | Toxic Blowpipe | Jal-MejJak
t1190 | 38,14 | 36..40|W|frz3 | zukIn 3 | setIn 213 | zukHp 366 | chosen 36,14 | walk ->36,14 | weapon Toxic Blowpipe | untilShot 1 | target -[-] | gate - | overhead Protect from Magic | MejJak@16,9 untagged; MejJak@20,9 untagged; MejJak@30,9 TAGGED; MejJak@34,9 TAGGED; JalTok-Jad@24,25 TAGGED; TzKal-Zuk@22,8 TAGGED
t1191 | 36,14 | 36..40|W|frz2 | zukIn 2 | setIn 212 | zukHp 366 | chosen 36,14 | walk - | weapon Toxic Blowpipe | untilShot 1 | target Jal-MejJak[healer] | gate ok | overhead none | MejJak@16,9 untagged; MejJak@20,9 untagged; MejJak@30,9 TAGGED; MejJak@34,9 TAGGED; JalTok-Jad@24,25 TAGGED; TzKal-Zuk@22,8 TAGGED
t1192 | 36,14 | 36..40|W|frz1 | zukIn 1 | setIn 211 | zukHp 366 | chosen 36,14 | walk - | weapon Toxic Blowpipe | untilShot 2 | target Jal-MejJak[healer] | gate ok | overhead none | MejJak@16,9 untagged; MejJak@20,9 untagged; MejJak@30,9 TAGGED; MejJak@34,9 TAGGED; JalTok-Jad@24,25 TAGGED; TzKal-Zuk@22,8 TAGGED
FIRED t1192 | 36,14 | Toxic Blowpipe | Jal-MejJak
t1193 | 36,14 | 36..40|W|frz0 | zukIn 7 | setIn 210 | zukHp 401 | chosen 30,14 | walk ->30,14 | weapon Toxic Blowpipe | untilShot 1 | target -[-] | gate - | overhead none | MejJak@16,9 untagged; MejJak@20,9 untagged; MejJak@30,9 TAGGED; MejJak@34,9 TAGGED; JalTok-Jad@24,25 TAGGED; TzKal-Zuk@22,8 TAGGED
t1194 | 34,14 | 35..39|W|frz-1 | zukIn 6 | setIn 209 | zukHp 401 | chosen 30,14 | walk ->30,14 | weapon Toxic Blowpipe | untilShot 1 | target Jal-MejJak[healer] | gate ok | overhead none | MejJak@16,9 untagged; MejJak@20,9 untagged; MejJak@30,9 TAGGED; MejJak@34,9 TAGGED; JalTok-Jad@24,25 TAGGED; TzKal-Zuk@22,8 TAGGED
t1195 | 34,14 | 34..38|W|frz-2 | zukIn 5 | setIn 208 | zukHp 401 | chosen 29,14 | walk ->29,14 | weapon Toxic Blowpipe | untilShot 2 | target -[-] | gate - | overhead none | MejJak@16,9 untagged; MejJak@20,9 untagged; MejJak@30,9 TAGGED; MejJak@34,9 TAGGED; JalTok-Jad@24,25 TAGGED; TzKal-Zuk@22,8 TAGGED
FIRED t1195 | 34,14 | Toxic Blowpipe | Jal-MejJak
t1196 | 32,14 | 33..37|W|frz-3 | zukIn 4 | setIn 207 | zukHp 439 | chosen 29,14 | walk ->29,14 | weapon Toxic Blowpipe | untilShot 1 | target Jal-MejJak[healer] | gate ok | overhead none | MejJak@16,9 untagged; MejJak@20,9 untagged; MejJak@30,9 TAGGED; MejJak@34,9 TAGGED; JalTok-Jad@24,25 TAGGED; TzKal-Zuk@22,8 TAGGED
t1197 | 32,14 | 32..36|W|frz-4 | zukIn 3 | setIn 206 | zukHp 439 | chosen 29,14 | walk ->29,14 | weapon Toxic Blowpipe | untilShot 2 | target -[-] | gate - | overhead none | MejJak@16,9 untagged; MejJak@20,9 untagged; MejJak@30,9 TAGGED; MejJak@34,9 TAGGED; JalTok-Jad@24,25 TAGGED; TzKal-Zuk@22,8 TAGGED
FIRED t1197 | 32,14 | Toxic Blowpipe | Jal-MejJak
t1198 | 30,14 | 31..35|W|frz-5 | zukIn 2 | setIn 205 | zukHp 439 | chosen 29,14 | walk ->29,14 | weapon Toxic Blowpipe | untilShot 1 | target Jal-MejJak[healer] | gate ok | overhead Protect from Magic | MejJak@16,9 untagged; MejJak@20,9 untagged; MejJak@30,9 TAGGED; MejJak@34,9 TAGGED; JalTok-Jad@24,25 TAGGED; TzKal-Zuk@22,8 TAGGED
t1199 | 30,14 | 30..34|W|frz-6 | zukIn 1 | setIn 204 | zukHp 482 | chosen 30,14 | walk - | weapon Toxic Blowpipe | untilShot 2 | target Jal-MejJak[healer] | gate ok | overhead none | MejJak@16,9 untagged; MejJak@20,9 untagged; MejJak@30,9 TAGGED; MejJak@34,9 TAGGED; JalTok-Jad@24,25 TAGGED; TzKal-Zuk@22,8 TAGGED
FIRED t1199 | 30,14 | Toxic Blowpipe | Jal-MejJak
t1200 | 30,14 | 29..33|W|frz-7 | zukIn 7 | setIn 203 | zukHp 482 | chosen 22,14 | walk ->22,14 | weapon Toxic Blowpipe | untilShot 1 | target -[-] | gate - | overhead none | MejJak@16,9 untagged; MejJak@20,9 untagged; MejJak@30,9 TAGGED; MejJak@34,9 TAGGED; JalTok-Jad@24,25 TAGGED; TzKal-Zuk@22,8 TAGGED
t1201 | 28,14 | 28..32|W|frz-8 | zukIn 6 | setIn 202 | zukHp 482 | chosen 22,14 | walk ->22,14 | weapon Toxic Blowpipe | untilShot 1 | target Jal-MejJak[healer] | gate ok | overhead none | MejJak@16,9 untagged; MejJak@20,9 untagged; MejJak@30,9 TAGGED; MejJak@34,9 TAGGED; JalTok-Jad@24,25 TAGGED; TzKal-Zuk@22,8 TAGGED
t1202 | 28,14 | 27..31|W|frz-9 | zukIn 5 | setIn 201 | zukHp 506 | chosen 22,14 | walk ->22,14 | weapon Toxic Blowpipe | untilShot 2 | target -[-] | gate - | overhead none | MejJak@16,9 untagged; MejJak@20,9 untagged; MejJak@30,9 TAGGED; MejJak@34,9 TAGGED; JalTok-Jad@24,25 TAGGED; TzKal-Zuk@22,8 TAGGED
FIRED t1202 | 28,14 | Toxic Blowpipe | Jal-MejJak
t1203 | 26,14 | 26..30|W|frz-10 | zukIn 4 | setIn 200 | zukHp 506 | chosen 22,14 | walk ->22,14 | weapon Toxic Blowpipe | untilShot 1 | target Jal-MejJak[healer] | gate ok | overhead none | MejJak@16,9 untagged; MejJak@20,9 untagged; MejJak@30,9 TAGGED; MejJak@34,9 TAGGED; JalTok-Jad@24,25 TAGGED; TzKal-Zuk@22,8 TAGGED
t1204 | 26,14 | 25..29|W|frz-11 | zukIn 3 | setIn 199 | zukHp 506 | chosen 22,14 | walk ->22,14 | weapon Toxic Blowpipe | untilShot 2 | target -[-] | gate - | overhead none | MejJak@16,9 untagged; MejJak@20,9 untagged; MejJak@30,9 TAGGED; MejJak@34,9 TAGGED; JalTok-Jad@24,25 TAGGED; TzKal-Zuk@22,8 TAGGED
FIRED t1204 | 26,14 | Toxic Blowpipe | Jal-MejJak
t1205 | 24,14 | 24..28|W|frz-12 | zukIn 2 | setIn 198 | zukHp 522 | chosen 22,14 | walk ->22,14 | weapon Toxic Blowpipe | untilShot 1 | target Jal-MejJak[untagged-tag] | gate ok | overhead none | MejJak@16,9 untagged; MejJak@20,9 untagged; MejJak@30,9 TAGGED; MejJak@34,9 TAGGED; JalTok-Jad@24,25 TAGGED; TzKal-Zuk@22,8 TAGGED
t1206 | 24,14 | 23..27|W|frz-13 | zukIn 1 | setIn 197 | zukHp 522 | chosen 24,14 | walk - | weapon Toxic Blowpipe | untilShot 2 | target Jal-MejJak[untagged-tag] | gate ok | overhead Protect from Magic | MejJak@16,9 untagged; MejJak@20,9 untagged; MejJak@30,9 TAGGED; MejJak@34,9 TAGGED; JalTok-Jad@24,25 TAGGED; TzKal-Zuk@22,8 TAGGED
FIRED t1206 | 24,14 | Toxic Blowpipe | Jal-MejJak
t1207 | 24,14 | 22..26|W|frz-14 | zukIn 7 | setIn 196 | zukHp 522 | chosen 15,14 | walk ->15,14 | weapon Toxic Blowpipe | untilShot 1 | target -[-] | gate - | overhead none | MejJak@16,9 untagged; MejJak@20,9 untagged; MejJak@30,9 TAGGED; MejJak@34,9 TAGGED; JalTok-Jad@24,25 TAGGED; TzKal-Zuk@22,8 TAGGED
t1208 | 22,14 | 21..25|W|frz-15 | zukIn 6 | setIn 195 | zukHp 549 | chosen 15,14 | walk ->15,14 | weapon Toxic Blowpipe | untilShot 1 | target Jal-MejJak[healer] | gate ok | overhead none | MejJak@16,9 untagged; MejJak@20,9 TAGGED; MejJak@30,9 TAGGED; MejJak@34,9 TAGGED; JalTok-Jad@24,25 TAGGED; TzKal-Zuk@22,8 TAGGED
t1209 | 22,14 | 20..24|W|frz-16 | zukIn 5 | setIn 194 | zukHp 549 | chosen 15,14 | walk ->15,14 | weapon Toxic Blowpipe | untilShot 1 | target -[-] | gate - | overhead none | MejJak@16,9 untagged; MejJak@20,9 TAGGED; MejJak@30,9 TAGGED; MejJak@34,9 TAGGED; JalTok-Jad@24,25 TAGGED; TzKal-Zuk@22,8 TAGGED
t1210 | 20,14 | 19..23|W|frz-17 | zukIn 4 | setIn 193 | zukHp 549 | chosen 15,14 | walk ->15,14 | weapon Toxic Blowpipe | untilShot 1 | target Jal-MejJak[untagged-tag] | gate ok | overhead none | MejJak@16,9 untagged; MejJak@20,9 TAGGED; MejJak@30,9 TAGGED; MejJak@34,9 TAGGED; JalTok-Jad@24,25 TAGGED; TzKal-Zuk@22,8 TAGGED
t1211 | 20,14 | 18..22|W|frz-18 | zukIn 3 | setIn 192 | zukHp 552 | chosen 16,14 | walk ->16,14 | weapon Toxic Blowpipe | untilShot 2 | target -[-] | gate - | overhead none | MejJak@16,9 untagged; MejJak@20,9 TAGGED; MejJak@30,9 TAGGED; MejJak@34,9 TAGGED; JalTok-Jad@24,25 TAGGED; TzKal-Zuk@22,8 TAGGED
FIRED t1211 | 20,14 | Toxic Blowpipe | Jal-MejJak
t1212 | 18,14 | 17..21|W|frz-19 | zukIn 2 | setIn 191 | zukHp 552 | chosen 16,14 | walk ->16,14 | weapon Toxic Blowpipe | untilShot 1 | target Jal-MejJak[untagged-tag] | gate ok | overhead none | MejJak@16,9 untagged; MejJak@20,9 TAGGED; MejJak@30,9 TAGGED; MejJak@34,9 TAGGED; JalTok-Jad@24,25 TAGGED; TzKal-Zuk@22,8 TAGGED
t1213 | 18,14 | 16..20|W|frz-20 | zukIn 1 | setIn 190 | zukHp 552 | chosen 18,14 | walk - | weapon Toxic Blowpipe | untilShot 1 | target Jal-MejJak[healer] | gate ok | overhead none | MejJak@16,9 TAGGED; MejJak@20,9 TAGGED; MejJak@30,9 TAGGED; MejJak@34,9 TAGGED; JalTok-Jad@24,25 TAGGED; TzKal-Zuk@22,8 TAGGED
t1214 | 18,14 | 15..19|W|frz-21 | zukIn 7 | setIn 189 | zukHp 569 | chosen 14,14 | walk ->14,14 | weapon Toxic Blowpipe | untilShot 1 | target -[-] | gate - | overhead Protect from Range | MejJak@16,9 TAGGED; MejJak@20,9 TAGGED; MejJak@30,9 TAGGED; MejJak@34,9 TAGGED; JalTok-Jad@24,25 TAGGED; TzKal-Zuk@22,8 TAGGED
t1215 | 16,14 | 14..18|W|frz-22 | zukIn 6 | setIn 188 | zukHp 569 | chosen 14,14 | walk ->14,14 | weapon Toxic Blowpipe | untilShot 1 | target Jal-MejJak[healer] | gate ok | overhead none | MejJak@16,9 TAGGED; MejJak@20,9 TAGGED; MejJak@30,9 TAGGED; MejJak@34,9 TAGGED; JalTok-Jad@24,25 TAGGED; TzKal-Zuk@22,8 TAGGED
t1216 | 16,14 | 13..17|W|frz-23 | zukIn 5 | setIn 187 | zukHp 569 | chosen 13,14 | walk ->13,14 | weapon Toxic Blowpipe | untilShot 2 | target -[-] | gate - | overhead none | MejJak@16,9 TAGGED; MejJak@20,9 TAGGED; MejJak@30,9 TAGGED; MejJak@34,9 TAGGED; JalTok-Jad@24,25 TAGGED; TzKal-Zuk@22,8 TAGGED
FIRED t1216 | 16,14 | Toxic Blowpipe | Jal-MejJak
t1217 | 14,14 | 12..16|W|frz-24 | zukIn 4 | setIn 186 | zukHp 569 | chosen 13,14 | walk ->13,14 | weapon Toxic Blowpipe | untilShot 1 | target Jal-MejJak[healer] | gate ok | overhead none | MejJak@16,9 TAGGED; MejJak@20,9 TAGGED; MejJak@30,9 TAGGED; MejJak@34,9 TAGGED; JalTok-Jad@24,25 TAGGED; TzKal-Zuk@22,8 TAGGED
t1218 | 14,14 | 11..15|W|frz-25 | zukIn 3 | setIn 185 | zukHp 569 | chosen 11,14 | walk ->11,14 | weapon Toxic Blowpipe | untilShot 2 | target -[-] | gate - | overhead none | MejJak@16,9 TAGGED; MejJak@20,9 TAGGED; MejJak@30,9 TAGGED; MejJak@34,9 TAGGED; JalTok-Jad@24,25 TAGGED; TzKal-Zuk@22,8 TAGGED
FIRED t1218 | 14,14 | Toxic Blowpipe | Jal-MejJak
t1219 | 12,14 | 10..14|E|frz4 | zukIn 2 | setIn 184 | zukHp 569 | chosen 13,14 | walk ->13,14 | weapon Toxic Blowpipe | untilShot 1 | target -[-] | gate - | overhead none | MejJak@16,9 TAGGED; MejJak@20,9 TAGGED; MejJak@30,9 TAGGED; MejJak@34,9 TAGGED; JalTok-Jad@24,25 TAGGED; TzKal-Zuk@22,8 TAGGED
t1220 | 13,14 | 10..14|E|frz3 | zukIn 1 | setIn 183 | zukHp 569 | chosen 13,14 | walk - | weapon Toxic Blowpipe | untilShot 1 | target Jal-MejJak[healer] | gate ok | overhead none | MejJak@16,9 TAGGED; MejJak@20,9 TAGGED; MejJak@30,9 TAGGED; MejJak@34,9 TAGGED; JalTok-Jad@24,25 TAGGED; TzKal-Zuk@22,8 TAGGED
t1221 | 13,14 | 10..14|E|frz2 | zukIn 7 | setIn 182 | zukHp 569 | chosen 19,14 | walk ->19,14 | weapon Toxic Blowpipe | untilShot 2 | target -[-] | gate - | overhead none | MejJak@16,9 TAGGED; MejJak@20,9 TAGGED; MejJak@30,9 TAGGED; MejJak@34,9 TAGGED; JalTok-Jad@24,25 TAGGED; TzKal-Zuk@22,8 TAGGED
FIRED t1221 | 13,14 | Toxic Blowpipe | Jal-MejJak
t1222 | 15,14 | 10..14|E|frz1 | zukIn 6 | setIn 181 | zukHp 569 | chosen 19,14 | walk ->19,14 | weapon Toxic Blowpipe | untilShot 1 | target Jal-MejJak[healer] | gate ok | overhead Protect from Range | MejJak@16,9 TAGGED; MejJak@20,9 TAGGED; MejJak@30,9 TAGGED; MejJak@34,9 TAGGED; JalTok-Jad@24,25 TAGGED; TzKal-Zuk@22,8 TAGGED
t1223 | 15,14 | 10..14|E|frz0 | zukIn 5 | setIn 180 | zukHp 569 | chosen 19,14 | walk ->19,14 | weapon Toxic Blowpipe | untilShot 2 | target -[-] | gate - | overhead none | MejJak@16,9 TAGGED; MejJak@20,9 TAGGED; MejJak@30,9 TAGGED; MejJak@34,9 TAGGED; JalTok-Jad@24,25 TAGGED; TzKal-Zuk@22,8 TAGGED
FIRED t1223 | 15,14 | Toxic Blowpipe | Jal-MejJak
t1224 | 17,14 | 11..15|E|frz-1 | zukIn 4 | setIn 179 | zukHp 569 | chosen 18,14 | walk ->18,14 | weapon Toxic Blowpipe | untilShot 1 | target -[-] | gate - | overhead none | MejJak@16,9 TAGGED; MejJak@20,9 TAGGED; MejJak@30,9 TAGGED; MejJak@34,9 TAGGED; JalTok-Jad@24,25 TAGGED; TzKal-Zuk@22,8 TAGGED
t1225 | 18,14 | 12..16|E|frz-2 | zukIn 3 | setIn 178 | zukHp 569 | chosen 18,14 | walk - | weapon Toxic Blowpipe | untilShot 1 | target Jal-MejJak[healer] | gate ok | overhead none | MejJak@16,9 TAGGED; MejJak@20,9 TAGGED; MejJak@30,9 TAGGED; MejJak@34,9 TAGGED; JalTok-Jad@24,25 TAGGED; TzKal-Zuk@22,8 TAGGED
t1226 | 18,14 | 13..17|E|frz-3 | zukIn 2 | setIn 177 | zukHp 569 | chosen 18,14 | walk - | weapon Toxic Blowpipe | untilShot 2 | target Jal-MejJak[healer] | gate ok | overhead none | MejJak@16,9 TAGGED; MejJak@20,9 TAGGED; MejJak@30,9 TAGGED; MejJak@34,9 TAGGED; JalTok-Jad@24,25 TAGGED; TzKal-Zuk@22,8 TAGGED
FIRED t1226 | 18,14 | Toxic Blowpipe | Jal-MejJak
t1227 | 18,14 | 14..18|E|frz-4 | zukIn 1 | setIn 176 | zukHp 569 | chosen 18,14 | walk - | weapon Toxic Blowpipe | untilShot 1 | target Jal-MejJak[healer] | gate ok | overhead none | MejJak@16,9 TAGGED; MejJak@20,9 TAGGED; MejJak@30,9 TAGGED; MejJak@34,9 TAGGED; JalTok-Jad@24,25 TAGGED; TzKal-Zuk@22,8 TAGGED
t1228 | 18,14 | 15..19|E|frz-5 | zukIn 7 | setIn 175 | zukHp 569 | chosen 26,14 | walk ->26,14 | weapon Toxic Blowpipe | untilShot 2 | target -[-] | gate - | overhead none | MejJak@16,9 TAGGED; MejJak@20,9 TAGGED; MejJak@30,9 TAGGED; MejJak@34,9 TAGGED; JalTok-Jad@24,25 TAGGED; TzKal-Zuk@22,8 TAGGED
FIRED t1228 | 18,14 | Toxic Blowpipe | Jal-MejJak
t1229 | 20,14 | 16..20|E|frz-6 | zukIn 6 | setIn 174 | zukHp 569 | chosen 26,14 | walk ->26,14 | weapon Toxic Blowpipe | untilShot 1 | target Jal-MejJak[healer] | gate ok | overhead none | MejJak@16,9 TAGGED; MejJak@20,9 TAGGED; MejJak@30,9 TAGGED; MejJak@34,9 TAGGED; JalTok-Jad@24,25 TAGGED; TzKal-Zuk@22,8 TAGGED
t1230 | 20,14 | 17..21|E|frz-7 | zukIn 5 | setIn 173 | zukHp 569 | chosen 26,14 | walk ->26,14 | weapon Toxic Blowpipe | untilShot 2 | target -[-] | gate - | overhead Protect from Magic | MejJak@16,9 TAGGED; MejJak@20,9 TAGGED; MejJak@30,9 TAGGED; MejJak@34,9 TAGGED; JalTok-Jad@24,25 TAGGED; TzKal-Zuk@22,8 TAGGED
FIRED t1230 | 20,14 | Toxic Blowpipe | Jal-MejJak
t1231 | 22,14 | 18..22|E|frz-8 | zukIn 4 | setIn 172 | zukHp 569 | chosen 26,14 | walk ->26,14 | weapon Toxic Blowpipe | untilShot 1 | target Jal-MejJak[healer] | gate ok | overhead none | MejJak@16,9 TAGGED; MejJak@20,9 TAGGED; MejJak@30,9 TAGGED; MejJak@34,9 TAGGED; JalTok-Jad@24,25 TAGGED; TzKal-Zuk@22,8 TAGGED
t1232 | 22,14 | 19..23|E|frz-9 | zukIn 3 | setIn 171 | zukHp 569 | chosen 26,14 | walk ->26,14 | weapon Toxic Blowpipe | untilShot 2 | target -[-] | gate - | overhead none | MejJak@16,9 TAGGED; MejJak@20,9 TAGGED; MejJak@30,9 TAGGED; MejJak@34,9 TAGGED; JalTok-Jad@24,25 TAGGED; TzKal-Zuk@22,8 TAGGED
FIRED t1232 | 22,14 | Toxic Blowpipe | Jal-MejJak
t1233 | 24,14 | 20..24|E|frz-10 | zukIn 2 | setIn 170 | zukHp 569 | chosen 26,14 | walk ->26,14 | weapon Toxic Blowpipe | untilShot 1 | target -[-] | gate - | overhead none | MejJak@16,9 TAGGED; MejJak@20,9 TAGGED; MejJak@30,9 TAGGED; MejJak@34,9 TAGGED; JalTok-Jad@24,25 TAGGED; TzKal-Zuk@22,8 TAGGED
t1234 | 26,14 | 21..25|E|frz-11 | zukIn 1 | setIn 169 | zukHp 569 | chosen 26,14 | walk - | weapon Toxic Blowpipe | untilShot 1 | target Jal-MejJak[healer] | gate ok | overhead none | MejJak@16,9 TAGGED; MejJak@20,9 TAGGED; MejJak@30,9 TAGGED; MejJak@34,9 TAGGED; JalTok-Jad@24,25 TAGGED; TzKal-Zuk@22,8 TAGGED
t1235 | 26,14 | 22..26|E|frz-12 | zukIn 7 | setIn 168 | zukHp 569 | chosen 33,14 | walk ->33,14 | weapon Toxic Blowpipe | untilShot 2 | target -[-] | gate - | overhead none | MejJak@16,9 TAGGED; MejJak@20,9 TAGGED; MejJak@30,9 TAGGED; MejJak@34,9 TAGGED; JalTok-Jad@24,25 TAGGED; TzKal-Zuk@22,8 TAGGED
FIRED t1235 | 26,14 | Toxic Blowpipe | Jal-MejJak
t1236 | 28,14 | 23..27|E|frz-13 | zukIn 6 | setIn 167 | zukHp 569 | chosen 32,14 | walk ->32,14 | weapon Toxic Blowpipe | untilShot 1 | target -[-] | gate - | overhead none | MejJak@16,9 TAGGED; MejJak@20,9 TAGGED; MejJak@30,9 TAGGED; MejJak@34,9 TAGGED; JalTok-Jad@24,25 TAGGED; TzKal-Zuk@22,8 TAGGED
t1237 | 30,14 | 24..28|E|frz-14 | zukIn 5 | setIn 166 | zukHp 569 | chosen 33,14 | walk ->33,14 | weapon Toxic Blowpipe | untilShot 1 | target -[-] | gate - | overhead none | MejJak@16,9 TAGGED; MejJak@20,9 TAGGED; MejJak@34,9 TAGGED; JalTok-Jad@24,25 TAGGED; TzKal-Zuk@22,8 TAGGED
t1238 | 32,14 | 25..29|E|frz-15 | zukIn 4 | setIn 165 | zukHp 569 | chosen 32,14 | walk ->33,14 | weapon Toxic Blowpipe | untilShot 1 | target Jal-MejJak[healer] | gate ok | overhead Protect from Magic | MejJak@16,9 TAGGED; MejJak@20,9 TAGGED; MejJak@34,9 TAGGED; JalTok-Jad@24,25 TAGGED; TzKal-Zuk@22,8 TAGGED
t1239 | 32,14 | 26..30|E|frz-16 | zukIn 3 | setIn 164 | zukHp 569 | chosen 32,14 | walk - | weapon Toxic Blowpipe | untilShot 2 | target Jal-MejJak[healer] | gate ok | overhead none | MejJak@16,9 TAGGED; MejJak@20,9 TAGGED; MejJak@34,9 TAGGED; JalTok-Jad@24,25 TAGGED; TzKal-Zuk@22,8 TAGGED
FIRED t1239 | 32,14 | Toxic Blowpipe | Jal-MejJak
t1240 | 32,14 | 27..31|E|frz-17 | zukIn 2 | setIn 163 | zukHp 569 | chosen 32,14 | walk - | weapon Toxic Blowpipe | untilShot 1 | target Jal-MejJak[healer] | gate ok | overhead none | MejJak@16,9 TAGGED; MejJak@20,9 TAGGED; MejJak@34,9 TAGGED; JalTok-Jad@24,25 TAGGED; TzKal-Zuk@22,8 TAGGED
t1241 | 32,14 | 28..32|E|frz-18 | zukIn 1 | setIn 162 | zukHp 569 | chosen 32,14 | walk - | weapon Toxic Blowpipe | untilShot 2 | target Jal-MejJak[healer] | gate ok | overhead none | MejJak@16,9 TAGGED; MejJak@20,9 TAGGED; MejJak@34,9 TAGGED; JalTok-Jad@24,25 TAGGED; TzKal-Zuk@22,8 TAGGED
FIRED t1241 | 32,14 | Toxic Blowpipe | Jal-MejJak
t1242 | 32,14 | 29..33|E|frz-19 | zukIn 7 | setIn 161 | zukHp 569 | chosen 36,14 | walk ->36,14 | weapon Toxic Blowpipe | untilShot 1 | target -[-] | gate - | overhead none | MejJak@16,9 TAGGED; MejJak@20,9 TAGGED; MejJak@34,9 TAGGED; JalTok-Jad@24,25 TAGGED; TzKal-Zuk@22,8 TAGGED
t1243 | 34,14 | 30..34|E|frz-20 | zukIn 6 | setIn 160 | zukHp 569 | chosen 36,14 | walk ->36,14 | weapon Toxic Blowpipe | untilShot 1 | target Jal-MejJak[healer] | gate ok | overhead none | MejJak@16,9 TAGGED; MejJak@20,9 TAGGED; MejJak@34,9 TAGGED; JalTok-Jad@24,25 TAGGED; TzKal-Zuk@22,8 TAGGED
t1244 | 34,14 | 31..35|E|frz-21 | zukIn 5 | setIn 159 | zukHp 569 | chosen 37,14 | walk ->37,14 | weapon Toxic Blowpipe | untilShot 2 | target -[-] | gate - | overhead none | MejJak@16,9 TAGGED; MejJak@20,9 TAGGED; MejJak@34,9 TAGGED; JalTok-Jad@24,25 TAGGED; TzKal-Zuk@22,8 TAGGED
FIRED t1244 | 34,14 | Toxic Blowpipe | Jal-MejJak
t1245 | 36,14 | 32..36|E|frz-22 | zukIn 4 | setIn 158 | zukHp 569 | chosen 36,14 | walk ->37,14 | weapon Toxic Blowpipe | untilShot 1 | target Jal-MejJak[healer] | gate ok | overhead none | MejJak@16,9 TAGGED; MejJak@20,9 TAGGED; MejJak@34,9 TAGGED; JalTok-Jad@24,25 TAGGED; TzKal-Zuk@22,8 TAGGED
t1246 | 36,14 | 33..37|E|frz-23 | zukIn 3 | setIn 157 | zukHp 569 | chosen 36,14 | walk - | weapon Toxic Blowpipe | untilShot 1 | target TzKal-Zuk[zuk] | gate - | overhead Protect from Range | MejJak@16,9 TAGGED; MejJak@20,9 TAGGED; JalTok-Jad@24,25 TAGGED; TzKal-Zuk@22,8 TAGGED
t1247 | 36,14 | 34..38|E|frz-24 | zukIn 2 | setIn 156 | zukHp 569 | chosen 36,14 | walk - | weapon Toxic Blowpipe | untilShot 1 | target TzKal-Zuk[zuk] | gate - | overhead none | MejJak@16,9 TAGGED; MejJak@20,9 TAGGED; JalTok-Jad@24,25 TAGGED; TzKal-Zuk@22,8 TAGGED
t1248 | 36,14 | 35..39|E|frz-25 | zukIn 1 | setIn 155 | zukHp 569 | chosen 36,14 | walk - | weapon Toxic Blowpipe | untilShot 1 | target TzKal-Zuk[zuk] | gate - | overhead none | MejJak@16,9 TAGGED; MejJak@20,9 TAGGED; JalTok-Jad@24,25 TAGGED; TzKal-Zuk@22,8 TAGGED
t1249 | 36,14 | 36..40|W|frz4 | zukIn 7 | setIn 154 | zukHp 569 | chosen 33,14 | walk ->33,14 | weapon Toxic Blowpipe | untilShot 1 | target -[-] | gate - | overhead none | MejJak@16,9 TAGGED; MejJak@20,9 TAGGED; JalTok-Jad@24,25 TAGGED; TzKal-Zuk@22,8 TAGGED
t1250 | 34,14 | 36..40|W|frz3 | zukIn 6 | setIn 153 | zukHp 569 | chosen 33,14 | walk ->33,14 | weapon Toxic Blowpipe | untilShot 1 | target TzKal-Zuk[zuk] | gate - | overhead none | MejJak@16,9 TAGGED; MejJak@20,9 TAGGED; JalTok-Jad@24,25 TAGGED; TzKal-Zuk@22,8 TAGGED
t1251 | 33,14 | 36..40|W|frz2 | zukIn 5 | setIn 152 | zukHp 569 | chosen 33,14 | walk - | weapon Toxic Blowpipe | untilShot 1 | target TzKal-Zuk[zuk] | gate - | overhead none | MejJak@16,9 TAGGED; MejJak@20,9 TAGGED; JalTok-Jad@24,25 TAGGED; TzKal-Zuk@22,8 TAGGED
t1252 | 33,14 | 36..40|W|frz1 | zukIn 4 | setIn 151 | zukHp 569 | chosen 33,14 | walk - | weapon Toxic Blowpipe | untilShot 1 | target TzKal-Zuk[zuk] | gate - | overhead none | MejJak@16,9 TAGGED; MejJak@20,9 TAGGED; JalTok-Jad@24,25 TAGGED; TzKal-Zuk@22,8 TAGGED
t1253 | 33,14 | 36..40|W|frz0 | zukIn 3 | setIn 150 | zukHp 569 | chosen 33,14 | walk - | weapon Toxic Blowpipe | untilShot 1 | target TzKal-Zuk[zuk] | gate - | overhead none | MejJak@16,9 TAGGED; MejJak@20,9 TAGGED; JalTok-Jad@24,25 TAGGED; TzKal-Zuk@22,8 TAGGED
t1254 | 33,14 | 35..39|W|frz-1 | zukIn 2 | setIn 149 | zukHp 569 | chosen 33,14 | walk - | weapon Toxic Blowpipe | untilShot 1 | target TzKal-Zuk[zuk] | gate - | overhead Protect from Magic | MejJak@16,9 TAGGED; MejJak@20,9 TAGGED; JalTok-Jad@24,25 TAGGED; TzKal-Zuk@22,8 TAGGED
t1255 | 33,14 | 34..38|W|frz-2 | zukIn 1 | setIn 148 | zukHp 569 | chosen 33,14 | walk - | weapon Toxic Blowpipe | untilShot 1 | target TzKal-Zuk[zuk] | gate - | overhead none | MejJak@16,9 TAGGED; MejJak@20,9 TAGGED; JalTok-Jad@24,25 TAGGED; TzKal-Zuk@22,8 TAGGED
t1256 | 33,14 | 33..37|W|frz-3 | zukIn 7 | setIn 147 | zukHp 569 | chosen 26,14 | walk ->26,14 | weapon Toxic Blowpipe | untilShot 1 | target -[-] | gate - | overhead none | MejJak@16,9 TAGGED; MejJak@20,9 TAGGED; JalTok-Jad@24,25 TAGGED; TzKal-Zuk@22,8 TAGGED
t1257 | 31,14 | 32..36|W|frz-4 | zukIn 6 | setIn 146 | zukHp 569 | chosen 26,14 | walk ->26,14 | weapon Toxic Blowpipe | untilShot 1 | target TzKal-Zuk[zuk] | gate - | overhead none | MejJak@16,9 TAGGED; MejJak@20,9 TAGGED; JalTok-Jad@24,25 TAGGED; TzKal-Zuk@22,8 TAGGED
t1258 | 29,14 | 31..35|W|frz-5 | zukIn 5 | setIn 145 | zukHp 569 | chosen 26,14 | walk ->26,14 | weapon Toxic Blowpipe | untilShot 1 | target TzKal-Zuk[zuk] | gate - | overhead none | MejJak@16,9 TAGGED; MejJak@20,9 TAGGED; JalTok-Jad@24,25 TAGGED; TzKal-Zuk@22,8 TAGGED
t1259 | 27,14 | 30..34|W|frz-6 | zukIn 4 | setIn 144 | zukHp 569 | chosen 26,14 | walk ->26,14 | weapon Toxic Blowpipe | untilShot 1 | target TzKal-Zuk[zuk] | gate - | overhead none | MejJak@16,9 TAGGED; MejJak@20,9 TAGGED; JalTok-Jad@24,25 TAGGED; TzKal-Zuk@22,8 TAGGED
t1260 | 26,14 | 29..33|W|frz-7 | zukIn 3 | setIn 143 | zukHp 569 | chosen 26,14 | walk - | weapon Toxic Blowpipe | untilShot 1 | target TzKal-Zuk[zuk] | gate - | overhead none | MejJak@16,9 TAGGED; MejJak@20,9 TAGGED; JalTok-Jad@24,25 TAGGED; TzKal-Zuk@22,8 TAGGED
t1261 | 26,14 | 28..32|W|frz-8 | zukIn 2 | setIn 142 | zukHp 569 | chosen 26,14 | walk - | weapon Toxic Blowpipe | untilShot 1 | target TzKal-Zuk[zuk] | gate - | overhead none | MejJak@16,9 TAGGED; MejJak@20,9 TAGGED; JalTok-Jad@24,25 TAGGED; TzKal-Zuk@22,8 TAGGED
t1262 | 26,14 | 27..31|W|frz-9 | zukIn 1 | setIn 141 | zukHp 569 | chosen 26,14 | walk - | weapon Toxic Blowpipe | untilShot 1 | target TzKal-Zuk[zuk] | gate - | overhead Protect from Range | MejJak@16,9 TAGGED; MejJak@20,9 TAGGED; JalTok-Jad@24,25 TAGGED; TzKal-Zuk@22,8 TAGGED
t1263 | 26,14 | 26..30|W|frz-10 | zukIn 7 | setIn 140 | zukHp 569 | chosen 20,14 | walk ->20,14 | weapon Toxic Blowpipe | untilShot 1 | target -[-] | gate - | overhead none | MejJak@16,9 TAGGED; MejJak@20,9 TAGGED; JalTok-Jad@24,25 TAGGED; TzKal-Zuk@22,8 TAGGED
t1264 | 24,14 | 25..29|W|frz-11 | zukIn 6 | setIn 139 | zukHp 569 | chosen 19,14 | walk ->19,14 | weapon Toxic Blowpipe | untilShot 1 | target -[-] | gate - | overhead none | MejJak@16,9 TAGGED; MejJak@20,9 TAGGED; JalTok-Jad@24,25 TAGGED; TzKal-Zuk@22,8 TAGGED
t1265 | 22,14 | 24..28|W|frz-12 | zukIn 5 | setIn 138 | zukHp 569 | chosen 19,14 | walk ->19,14 | weapon Toxic Blowpipe | untilShot 1 | target Jal-MejJak[healer] | gate ok | overhead none | MejJak@16,9 TAGGED; MejJak@20,9 TAGGED; JalTok-Jad@24,25 TAGGED; TzKal-Zuk@22,8 TAGGED
t1266 | 22,14 | 23..27|W|frz-13 | zukIn 4 | setIn 137 | zukHp 569 | chosen 19,14 | walk ->19,14 | weapon Toxic Blowpipe | untilShot 2 | target -[-] | gate - | overhead none | MejJak@16,9 TAGGED; MejJak@20,9 TAGGED; JalTok-Jad@24,25 TAGGED; TzKal-Zuk@22,8 TAGGED
FIRED t1266 | 22,14 | Toxic Blowpipe | Jal-MejJak
t1267 | 20,14 | 22..26|W|frz-14 | zukIn 3 | setIn 136 | zukHp 569 | chosen 19,14 | walk ->19,14 | weapon Toxic Blowpipe | untilShot 1 | target Jal-MejJak[healer] | gate ok | overhead none | MejJak@16,9 TAGGED; MejJak@20,9 TAGGED; JalTok-Jad@24,25 TAGGED; TzKal-Zuk@22,8 TAGGED
t1268 | 20,14 | 21..25|W|frz-15 | zukIn 2 | setIn 135 | zukHp 569 | chosen 20,14 | walk - | weapon Toxic Blowpipe | untilShot 2 | target Jal-MejJak[healer] | gate ok | overhead none | MejJak@16,9 TAGGED; MejJak@20,9 TAGGED; JalTok-Jad@24,25 TAGGED; TzKal-Zuk@22,8 TAGGED
FIRED t1268 | 20,14 | Toxic Blowpipe | Jal-MejJak
t1269 | 20,14 | 20..24|W|frz-16 | zukIn 1 | setIn 134 | zukHp 569 | chosen 20,14 | walk - | weapon Toxic Blowpipe | untilShot 1 | target Jal-MejJak[healer] | gate ok | overhead none | MejJak@16,9 TAGGED; MejJak@20,9 TAGGED; JalTok-Jad@24,25 TAGGED; TzKal-Zuk@22,8 TAGGED
t1270 | 20,14 | 19..23|W|frz-17 | zukIn 7 | setIn 133 | zukHp 569 | chosen 15,14 | walk ->15,14 | weapon Toxic Blowpipe | untilShot 2 | target -[-] | gate - | overhead Protect from Range | MejJak@16,9 TAGGED; MejJak@20,9 TAGGED; JalTok-Jad@24,25 TAGGED; TzKal-Zuk@22,8 TAGGED
FIRED t1270 | 20,14 | Toxic Blowpipe | Jal-MejJak
t1271 | 18,14 | 18..22|W|frz-18 | zukIn 6 | setIn 132 | zukHp 569 | chosen 15,14 | walk ->15,14 | weapon Toxic Blowpipe | untilShot 1 | target -[-] | gate - | overhead none | MejJak@16,9 TAGGED; MejJak@20,9 TAGGED; JalTok-Jad@24,25 TAGGED; TzKal-Zuk@22,8 TAGGED
t1272 | 16,14 | 17..21|W|frz-19 | zukIn 5 | setIn 131 | zukHp 569 | chosen 15,14 | walk ->15,14 | weapon Toxic Blowpipe | untilShot 1 | target Jal-MejJak[healer] | gate ok | overhead none | MejJak@20,9 TAGGED; JalTok-Jad@24,25 TAGGED; TzKal-Zuk@22,8 TAGGED
t1273 | 16,14 | 16..20|W|frz-20 | zukIn 4 | setIn 130 | zukHp 569 | chosen 15,14 | walk ->15,14 | weapon Toxic Blowpipe | untilShot 2 | target -[-] | gate - | overhead none | MejJak@20,9 TAGGED; JalTok-Jad@24,25 TAGGED; TzKal-Zuk@22,8 TAGGED
FIRED t1273 | 16,14 | Toxic Blowpipe | Jal-MejJak
t1274 | 15,14 | 15..19|W|frz-21 | zukIn 3 | setIn 129 | zukHp 569 | chosen 15,14 | walk - | weapon Toxic Blowpipe | untilShot 1 | target Jal-MejJak[healer] | gate ok | overhead none | MejJak@20,9 TAGGED; JalTok-Jad@24,25 TAGGED; TzKal-Zuk@22,8 TAGGED
t1275 | 15,14 | 14..18|W|frz-22 | zukIn 2 | setIn 128 | zukHp 569 | chosen 15,14 | walk - | weapon Toxic Blowpipe | untilShot 2 | target Jal-MejJak[healer] | gate ok | overhead none | MejJak@20,9 TAGGED; JalTok-Jad@24,25 TAGGED; TzKal-Zuk@22,8 TAGGED
FIRED t1275 | 15,14 | Toxic Blowpipe | Jal-MejJak
t1276 | 15,14 | 13..17|W|frz-23 | zukIn 1 | setIn 127 | zukHp 569 | chosen 15,14 | walk - | weapon Toxic Blowpipe | untilShot 1 | target Jal-MejJak[healer] | gate ok | overhead none | MejJak@20,9 TAGGED; JalTok-Jad@24,25 TAGGED; TzKal-Zuk@22,8 TAGGED
t1277 | 15,14 | 12..16|W|frz-24 | zukIn 7 | setIn 126 | zukHp 569 | chosen 15,14 | walk - | weapon Toxic Blowpipe | untilShot 2 | target Jal-MejJak[healer] | gate ok | overhead none | MejJak@20,9 TAGGED; JalTok-Jad@24,25 TAGGED; TzKal-Zuk@22,8 TAGGED
FIRED t1277 | 15,14 | Toxic Blowpipe | Jal-MejJak
t1278 | 15,14 | 11..15|W|frz-25 | zukIn 6 | setIn 125 | zukHp 569 | chosen 15,14 | walk - | weapon Toxic Blowpipe | untilShot 1 | target Jal-MejJak[healer] | gate ok | overhead Protect from Magic | MejJak@20,9 TAGGED; JalTok-Jad@24,25 TAGGED; TzKal-Zuk@22,8 TAGGED
t1279 | 15,14 | 10..14|E|frz4 | zukIn 5 | setIn 124 | zukHp 569 | chosen 15,14 | walk - | weapon Toxic Blowpipe | untilShot 2 | target Jal-MejJak[healer] | gate ok | overhead none | MejJak@20,9 TAGGED; JalTok-Jad@24,25 TAGGED; TzKal-Zuk@22,8 TAGGED
FIRED t1279 | 15,14 | Toxic Blowpipe | Jal-MejJak
t1280 | 15,14 | 10..14|E|frz3 | zukIn 4 | setIn 123 | zukHp 569 | chosen 15,14 | walk - | weapon Toxic Blowpipe | untilShot 1 | target Jal-MejJak[healer] | gate ok | overhead none | MejJak@20,9 TAGGED; JalTok-Jad@24,25 TAGGED; TzKal-Zuk@22,8 TAGGED
t1281 | 15,14 | 10..14|E|frz2 | zukIn 3 | setIn 122 | zukHp 569 | chosen 15,14 | walk - | weapon Toxic Blowpipe | untilShot 2 | target -[-] | gate - | overhead none | MejJak@20,9 TAGGED; JalTok-Jad@24,25 TAGGED; TzKal-Zuk@22,8 TAGGED
FIRED t1281 | 15,14 | Toxic Blowpipe | Jal-MejJak
t1282 | 15,14 | 10..14|E|frz1 | zukIn 2 | setIn 121 | zukHp 569 | chosen 15,14 | walk - | weapon Toxic Blowpipe | untilShot 1 | target Jal-MejJak[healer] | gate ok | overhead none | MejJak@20,9 TAGGED; JalTok-Jad@24,25 TAGGED; TzKal-Zuk@22,8 TAGGED
t1283 | 15,14 | 10..14|E|frz0 | zukIn 1 | setIn 120 | zukHp 569 | chosen 15,14 | walk - | weapon Toxic Blowpipe | untilShot 2 | target Jal-MejJak[healer] | gate ok | overhead none | MejJak@20,9 TAGGED; JalTok-Jad@24,25 TAGGED; TzKal-Zuk@22,8 TAGGED
FIRED t1283 | 15,14 | Toxic Blowpipe | Jal-MejJak
t1284 | 15,14 | 11..15|E|frz-1 | zukIn 7 | setIn 119 | zukHp 569 | chosen 22,14 | walk ->22,14 | weapon Toxic Blowpipe | untilShot 1 | target -[-] | gate - | overhead none | MejJak@20,9 TAGGED; JalTok-Jad@24,25 TAGGED; TzKal-Zuk@22,8 TAGGED
t1285 | 17,14 | 12..16|E|frz-2 | zukIn 6 | setIn 118 | zukHp 569 | chosen 22,14 | walk ->22,14 | weapon Toxic Blowpipe | untilShot 1 | target Jal-MejJak[healer] | gate ok | overhead none | MejJak@20,9 TAGGED; JalTok-Jad@24,25 TAGGED; TzKal-Zuk@22,8 TAGGED
t1286 | 17,14 | 13..17|E|frz-3 | zukIn 5 | setIn 117 | zukHp 569 | chosen 22,14 | walk ->22,14 | weapon Toxic Blowpipe | untilShot 2 | target -[-] | gate - | overhead Protect from Range | MejJak@20,9 TAGGED; JalTok-Jad@24,25 TAGGED; TzKal-Zuk@22,8 TAGGED
FIRED t1286 | 17,14 | Toxic Blowpipe | Jal-MejJak
t1287 | 19,14 | 14..18|E|frz-4 | zukIn 4 | setIn 116 | zukHp 569 | chosen 22,14 | walk ->22,14 | weapon Toxic Blowpipe | untilShot 1 | target -[-] | gate - | overhead none | MejJak@20,9 TAGGED; JalTok-Jad@24,25 TAGGED; TzKal-Zuk@22,8 TAGGED
t1288 | 21,14 | 15..19|E|frz-5 | zukIn 3 | setIn 115 | zukHp 569 | chosen 22,14 | walk ->22,14 | weapon Toxic Blowpipe | untilShot 1 | target TzKal-Zuk[zuk] | gate ok | overhead none | JalTok-Jad@24,25 TAGGED; TzKal-Zuk@22,8 TAGGED
t1289 | 22,14 | 16..20|E|frz-6 | zukIn 2 | setIn 114 | zukHp 569 | chosen 22,14 | walk - | weapon Rune Crossbow | untilShot 1 | target TzKal-Zuk[zuk] | gate ok | overhead none | JalTok-Jad@24,25 TAGGED; TzKal-Zuk@22,8 TAGGED
t1290 | 22,14 | 17..21|E|frz-7 | zukIn 1 | setIn 113 | zukHp 569 | chosen 22,14 | walk - | weapon Rune Crossbow | untilShot 5 | target TzKal-Zuk[zuk] | gate ok | overhead none | JalTok-Jad@24,25 TAGGED; TzKal-Zuk@22,8 TAGGED
FIRED t1290 | 22,14 | Rune Crossbow | TzKal-Zuk
t1291 | 22,14 | 18..22|E|frz-8 | zukIn 7 | setIn 112 | zukHp 569 | chosen 29,14 | walk ->29,14 | weapon Rune Crossbow | untilShot 4 | target -[-] | gate - | overhead none | JalTok-Jad@24,25 TAGGED; TzKal-Zuk@22,8 TAGGED
t1292 | 24,14 | 19..23|E|frz-9 | zukIn 6 | setIn 111 | zukHp 569 | chosen 29,14 | walk ->29,14 | weapon Rune Crossbow | untilShot 3 | target TzKal-Zuk[zuk] | gate ok | overhead none | JalTok-Jad@24,25 TAGGED; TzKal-Zuk@22,8 TAGGED
t1293 | 26,14 | 20..24|E|frz-10 | zukIn 5 | setIn 110 | zukHp 569 | chosen 29,14 | walk ->29,14 | weapon Rune Crossbow | untilShot 2 | target TzKal-Zuk[zuk] | gate ok | overhead none | JalTok-Jad@24,25 TAGGED; TzKal-Zuk@22,8 TAGGED
t1294 | 28,14 | 21..25|E|frz-11 | zukIn 4 | setIn 109 | zukHp 569 | chosen 29,14 | walk ->29,14 | weapon Rune Crossbow | untilShot 1 | target TzKal-Zuk[zuk] | gate ok | overhead Protect from Magic | JalTok-Jad@24,25 TAGGED; TzKal-Zuk@22,8 TAGGED
t1295 | 28,14 | 22..26|E|frz-12 | zukIn 3 | setIn 108 | zukHp 569 | chosen 29,14 | walk ->29,14 | weapon Rune Crossbow | untilShot 5 | target -[-] | gate - | overhead none | JalTok-Jad@24,25 TAGGED; TzKal-Zuk@22,8 TAGGED
FIRED t1295 | 28,14 | Rune Crossbow | TzKal-Zuk
t1296 | 29,14 | 23..27|E|frz-13 | zukIn 2 | setIn 107 | zukHp 569 | chosen 29,14 | walk - | weapon Rune Crossbow | untilShot 4 | target TzKal-Zuk[zuk] | gate ok | overhead none | JalTok-Jad@24,25 TAGGED; TzKal-Zuk@22,8 TAGGED
t1297 | 29,14 | 24..28|E|frz-14 | zukIn 1 | setIn 106 | zukHp 569 | chosen 29,14 | walk - | weapon Rune Crossbow | untilShot 3 | target TzKal-Zuk[zuk] | gate ok | overhead none | JalTok-Jad@24,25 TAGGED; TzKal-Zuk@22,8 TAGGED
t1298 | 29,14 | 25..29|E|frz-15 | zukIn 7 | setIn 105 | zukHp 569 | chosen 35,14 | walk ->35,14 | weapon Rune Crossbow | untilShot 2 | target -[-] | gate - | overhead none | JalTok-Jad@24,25 TAGGED; TzKal-Zuk@22,8 TAGGED
t1299 | 31,14 | 26..30|E|frz-16 | zukIn 6 | setIn 104 | zukHp 569 | chosen 35,14 | walk ->35,14 | weapon Rune Crossbow | untilShot 1 | target TzKal-Zuk[zuk] | gate ok | overhead none | JalTok-Jad@24,25 TAGGED; TzKal-Zuk@22,8 TAGGED
t1300 | 31,14 | 27..31|E|frz-17 | zukIn 5 | setIn 103 | zukHp 569 | chosen 35,14 | walk ->35,14 | weapon Rune Crossbow | untilShot 5 | target -[-] | gate - | overhead none | JalTok-Jad@24,25 TAGGED; TzKal-Zuk@22,8 TAGGED
FIRED t1300 | 31,14 | Rune Crossbow | TzKal-Zuk
t1301 | 33,14 | 28..32|E|frz-18 | zukIn 4 | setIn 102 | zukHp 569 | chosen 35,14 | walk ->35,14 | weapon Rune Crossbow | untilShot 4 | target TzKal-Zuk[zuk] | gate - | overhead none | JalTok-Jad@24,25 TAGGED; TzKal-Zuk@22,8 TAGGED
t1302 | 35,14 | 29..33|E|frz-19 | zukIn 3 | setIn 101 | zukHp 569 | chosen 35,14 | walk - | weapon Rune Crossbow | untilShot 3 | target TzKal-Zuk[zuk] | gate ok | overhead Protect from Range | JalTok-Jad@24,25 TAGGED; TzKal-Zuk@22,8 TAGGED
t1303 | 35,14 | 30..34|E|frz-20 | zukIn 2 | setIn 100 | zukHp 569 | chosen 35,14 | walk - | weapon Rune Crossbow | untilShot 2 | target TzKal-Zuk[zuk] | gate ok | overhead none | JalTok-Jad@24,25 TAGGED; TzKal-Zuk@22,8 TAGGED
t1304 | 35,14 | 31..35|E|frz-21 | zukIn 1 | setIn 99 | zukHp 569 | chosen 35,14 | walk - | weapon Rune Crossbow | untilShot 1 | target TzKal-Zuk[zuk] | gate ok | overhead none | JalTok-Jad@24,25 TAGGED; TzKal-Zuk@22,8 TAGGED
t1305 | 35,14 | 32..36|E|frz-22 | zukIn 7 | setIn 98 | zukHp 569 | chosen 36,14 | walk ->36,14 | weapon Rune Crossbow | untilShot 5 | target -[-] | gate - | overhead none | JalTok-Jad@24,25 TAGGED; TzKal-Zuk@22,8 TAGGED
FIRED t1305 | 35,14 | Rune Crossbow | TzKal-Zuk
t1306 | 36,14 | 33..37|E|frz-23 | zukIn 6 | setIn 97 | zukHp 569 | chosen 36,14 | walk - | weapon Rune Crossbow | untilShot 4 | target TzKal-Zuk[zuk] | gate - | overhead none | JalTok-Jad@24,25 TAGGED; TzKal-Zuk@22,8 TAGGED
t1307 | 36,14 | 34..38|E|frz-24 | zukIn 5 | setIn 96 | zukHp 569 | chosen 36,14 | walk - | weapon Rune Crossbow | untilShot 3 | target TzKal-Zuk[zuk] | gate - | overhead none | JalTok-Jad@24,25 TAGGED; TzKal-Zuk@22,8 TAGGED
t1308 | 36,14 | 35..39|E|frz-25 | zukIn 4 | setIn 95 | zukHp 566 | chosen 36,14 | walk - | weapon Rune Crossbow | untilShot 2 | target TzKal-Zuk[zuk] | gate - | overhead none | JalTok-Jad@24,25 TAGGED; TzKal-Zuk@22,8 TAGGED
t1309 | 36,14 | 36..40|W|frz4 | zukIn 3 | setIn 94 | zukHp 566 | chosen 36,14 | walk - | weapon Rune Crossbow | untilShot 1 | target TzKal-Zuk[zuk] | gate - | overhead none | JalTok-Jad@24,25 TAGGED; TzKal-Zuk@22,8 TAGGED
t1310 | 36,14 | 36..40|W|frz3 | zukIn 2 | setIn 93 | zukHp 566 | chosen 36,14 | walk - | weapon Rune Crossbow | untilShot 1 | target TzKal-Zuk[zuk] | gate - | overhead Protect from Magic | JalTok-Jad@24,25 TAGGED; TzKal-Zuk@22,8 TAGGED
t1311 | 36,14 | 36..40|W|frz2 | zukIn 1 | setIn 92 | zukHp 566 | chosen 36,14 | walk - | weapon Rune Crossbow | untilShot 1 | target TzKal-Zuk[zuk] | gate - | overhead none | JalTok-Jad@24,25 TAGGED; TzKal-Zuk@22,8 TAGGED
t1312 | 36,14 | 36..40|W|frz1 | zukIn 7 | setIn 91 | zukHp 566 | chosen 30,14 | walk ->30,14 | weapon Rune Crossbow | untilShot 1 | target -[-] | gate - | overhead none | JalTok-Jad@24,25 TAGGED; TzKal-Zuk@22,8 TAGGED
t1313 | 34,14 | 36..40|W|frz0 | zukIn 6 | setIn 90 | zukHp 566 | chosen 30,14 | walk ->30,14 | weapon Rune Crossbow | untilShot 1 | target TzKal-Zuk[zuk] | gate - | overhead none | JalTok-Jad@24,25 TAGGED; TzKal-Zuk@22,8 TAGGED
t1314 | 32,14 | 35..39|W|frz-1 | zukIn 5 | setIn 89 | zukHp 566 | chosen 30,14 | walk ->30,14 | weapon Rune Crossbow | untilShot 1 | target TzKal-Zuk[zuk] | gate - | overhead none | JalTok-Jad@24,25 TAGGED; TzKal-Zuk@22,8 TAGGED
t1315 | 30,14 | 34..38|W|frz-2 | zukIn 4 | setIn 88 | zukHp 566 | chosen 30,14 | walk - | weapon Rune Crossbow | untilShot 1 | target TzKal-Zuk[zuk] | gate ok | overhead none | JalTok-Jad@24,25 TAGGED; TzKal-Zuk@22,8 TAGGED
t1316 | 30,14 | 33..37|W|frz-3 | zukIn 3 | setIn 87 | zukHp 566 | chosen 30,14 | walk - | weapon Rune Crossbow | untilShot 5 | target TzKal-Zuk[zuk] | gate ok | overhead none | JalTok-Jad@24,25 TAGGED; TzKal-Zuk@22,8 TAGGED
FIRED t1316 | 30,14 | Rune Crossbow | TzKal-Zuk
t1317 | 30,14 | 32..36|W|frz-4 | zukIn 2 | setIn 86 | zukHp 566 | chosen 30,14 | walk - | weapon Rune Crossbow | untilShot 4 | target TzKal-Zuk[zuk] | gate ok | overhead none | JalTok-Jad@24,25 TAGGED; TzKal-Zuk@22,8 TAGGED
t1318 | 30,14 | 31..35|W|frz-5 | zukIn 1 | setIn 85 | zukHp 566 | chosen 30,14 | walk - | weapon Rune Crossbow | untilShot 3 | target TzKal-Zuk[zuk] | gate ok | overhead Protect from Range | JalTok-Jad@24,25 TAGGED; TzKal-Zuk@22,8 TAGGED
t1319 | 30,14 | 30..34|W|frz-6 | zukIn 7 | setIn 84 | zukHp 535 | chosen 23,14 | walk ->23,14 | weapon Rune Crossbow | untilShot 2 | target -[-] | gate - | overhead none | JalTok-Jad@24,25 TAGGED; TzKal-Zuk@22,8 TAGGED
t1320 | 28,14 | 29..33|W|frz-7 | zukIn 6 | setIn 83 | zukHp 535 | chosen 23,14 | walk ->23,14 | weapon Rune Crossbow | untilShot 1 | target TzKal-Zuk[zuk] | gate ok | overhead none | JalTok-Jad@24,25 TAGGED; TzKal-Zuk@22,8 TAGGED
t1321 | 28,14 | 28..32|W|frz-8 | zukIn 5 | setIn 82 | zukHp 535 | chosen 23,14 | walk ->23,14 | weapon Rune Crossbow | untilShot 5 | target -[-] | gate - | overhead none | JalTok-Jad@24,25 TAGGED; TzKal-Zuk@22,8 TAGGED
FIRED t1321 | 28,14 | Rune Crossbow | TzKal-Zuk
t1322 | 26,14 | 27..31|W|frz-9 | zukIn 4 | setIn 81 | zukHp 535 | chosen 23,14 | walk ->23,14 | weapon Rune Crossbow | untilShot 4 | target TzKal-Zuk[zuk] | gate ok | overhead none | JalTok-Jad@24,25 TAGGED; TzKal-Zuk@22,8 TAGGED
t1323 | 24,14 | 26..30|W|frz-10 | zukIn 3 | setIn 80 | zukHp 535 | chosen 23,14 | walk ->23,14 | weapon Rune Crossbow | untilShot 3 | target TzKal-Zuk[zuk] | gate ok | overhead none | JalTok-Jad@24,25 TAGGED; TzKal-Zuk@22,8 TAGGED
t1324 | 23,14 | 25..29|W|frz-11 | zukIn 2 | setIn 79 | zukHp 535 | chosen 23,14 | walk - | weapon Rune Crossbow | untilShot 2 | target TzKal-Zuk[zuk] | gate ok | overhead none | JalTok-Jad@24,25 TAGGED; TzKal-Zuk@22,8 TAGGED
t1325 | 23,14 | 24..28|W|frz-12 | zukIn 1 | setIn 78 | zukHp 535 | chosen 23,14 | walk - | weapon Rune Crossbow | untilShot 1 | target TzKal-Zuk[zuk] | gate ok | overhead none | JalTok-Jad@24,25 TAGGED; TzKal-Zuk@22,8 TAGGED
t1326 | 23,14 | 23..27|W|frz-13 | zukIn 7 | setIn 77 | zukHp 535 | chosen 19,14 | walk ->19,14 | weapon Rune Crossbow | untilShot 5 | target -[-] | gate - | overhead Protect from Magic | JalTok-Jad@24,25 TAGGED; TzKal-Zuk@22,8 TAGGED
FIRED t1326 | 23,14 | Rune Crossbow | TzKal-Zuk
t1327 | 21,14 | 22..26|W|frz-14 | zukIn 6 | setIn 76 | zukHp 535 | chosen 19,14 | walk ->19,14 | weapon Rune Crossbow | untilShot 4 | target TzKal-Zuk[zuk] | gate ok | overhead none | JalTok-Jad@24,25 TAGGED; TzKal-Zuk@22,8 TAGGED
t1328 | 19,14 | 21..25|W|frz-15 | zukIn 5 | setIn 75 | zukHp 535 | chosen 19,14 | walk - | weapon Rune Crossbow | untilShot 3 | target TzKal-Zuk[zuk] | gate ok | overhead none | JalTok-Jad@24,25 TAGGED; TzKal-Zuk@22,8 TAGGED
t1329 | 19,14 | 20..24|W|frz-16 | zukIn 4 | setIn 74 | zukHp 535 | chosen 19,14 | walk - | weapon Rune Crossbow | untilShot 2 | target TzKal-Zuk[zuk] | gate ok | overhead none | JalTok-Jad@24,25 TAGGED; TzKal-Zuk@22,8 TAGGED
t1330 | 19,14 | 19..23|W|frz-17 | zukIn 3 | setIn 73 | zukHp 535 | chosen 19,14 | walk - | weapon Rune Crossbow | untilShot 1 | target TzKal-Zuk[zuk] | gate ok | overhead none | JalTok-Jad@24,25 TAGGED; TzKal-Zuk@22,8 TAGGED
t1331 | 19,14 | 18..22|W|frz-18 | zukIn 2 | setIn 72 | zukHp 535 | chosen 19,14 | walk - | weapon Rune Crossbow | untilShot 5 | target TzKal-Zuk[zuk] | gate ok | overhead none | JalTok-Jad@24,25 TAGGED; TzKal-Zuk@22,8 TAGGED
FIRED t1331 | 19,14 | Rune Crossbow | TzKal-Zuk
t1332 | 19,14 | 17..21|W|frz-19 | zukIn 1 | setIn 71 | zukHp 535 | chosen 19,14 | walk - | weapon Rune Crossbow | untilShot 4 | target TzKal-Zuk[zuk] | gate ok | overhead none | JalTok-Jad@24,25 TAGGED; TzKal-Zuk@22,8 TAGGED
t1333 | 19,14 | 16..20|W|frz-20 | zukIn 7 | setIn 70 | zukHp 535 | chosen 15,14 | walk ->15,14 | weapon Rune Crossbow | untilShot 3 | target -[-] | gate - | overhead none | JalTok-Jad@24,25 TAGGED; TzKal-Zuk@22,8 TAGGED
t1334 | 17,14 | 15..19|W|frz-21 | zukIn 6 | setIn 69 | zukHp 535 | chosen 15,14 | walk ->15,14 | weapon Rune Crossbow | untilShot 2 | target TzKal-Zuk[zuk] | gate - | overhead Protect from Magic | JalTok-Jad@24,25 TAGGED; TzKal-Zuk@22,8 TAGGED
t1335 | 15,14 | 14..18|W|frz-22 | zukIn 5 | setIn 68 | zukHp 535 | chosen 15,14 | walk - | weapon Rune Crossbow | untilShot 1 | target TzKal-Zuk[zuk] | gate ok | overhead none | JalTok-Jad@24,25 TAGGED; TzKal-Zuk@22,8 TAGGED
t1336 | 15,14 | 13..17|W|frz-23 | zukIn 4 | setIn 67 | zukHp 535 | chosen 14,14 | walk ->14,14 | weapon Rune Crossbow | untilShot 5 | target -[-] | gate - | overhead none | JalTok-Jad@24,25 TAGGED; TzKal-Zuk@22,8 TAGGED
FIRED t1336 | 15,14 | Rune Crossbow | TzKal-Zuk
t1337 | 14,14 | 12..16|W|frz-24 | zukIn 3 | setIn 66 | zukHp 535 | chosen 14,14 | walk - | weapon Rune Crossbow | untilShot 4 | target TzKal-Zuk[zuk] | gate - | overhead none | JalTok-Jad@24,25 TAGGED; TzKal-Zuk@22,8 TAGGED
t1338 | 14,14 | 11..15|W|frz-25 | zukIn 2 | setIn 65 | zukHp 535 | chosen 14,14 | walk - | weapon Rune Crossbow | untilShot 3 | target TzKal-Zuk[zuk] | gate - | overhead none | JalTok-Jad@24,25 TAGGED; TzKal-Zuk@22,8 TAGGED
t1339 | 14,14 | 10..14|E|frz4 | zukIn 1 | setIn 64 | zukHp 516 | chosen 14,14 | walk - | weapon Rune Crossbow | untilShot 2 | target TzKal-Zuk[zuk] | gate - | overhead none | JalTok-Jad@24,25 TAGGED; TzKal-Zuk@22,8 TAGGED
t1340 | 14,14 | 10..14|E|frz3 | zukIn 7 | setIn 63 | zukHp 516 | chosen 15,14 | walk ->15,14 | weapon Rune Crossbow | untilShot 1 | target -[-] | gate - | overhead none | JalTok-Jad@24,25 TAGGED; TzKal-Zuk@22,8 TAGGED
t1341 | 15,14 | 10..14|E|frz2 | zukIn 6 | setIn 62 | zukHp 516 | chosen 15,14 | walk - | weapon Rune Crossbow | untilShot 1 | target TzKal-Zuk[zuk] | gate ok | overhead none | JalTok-Jad@24,25 TAGGED; TzKal-Zuk@22,8 TAGGED
t1342 | 15,14 | 10..14|E|frz1 | zukIn 5 | setIn 61 | zukHp 516 | chosen 15,14 | walk - | weapon Rune Crossbow | untilShot 5 | target TzKal-Zuk[zuk] | gate ok | overhead Protect from Range | JalTok-Jad@24,25 TAGGED; TzKal-Zuk@22,8 TAGGED
FIRED t1342 | 15,14 | Rune Crossbow | TzKal-Zuk
t1343 | 15,14 | 10..14|E|frz0 | zukIn 4 | setIn 60 | zukHp 516 | chosen 15,14 | walk - | weapon Rune Crossbow | untilShot 4 | target TzKal-Zuk[zuk] | gate ok | overhead none | JalTok-Jad@24,25 TAGGED; TzKal-Zuk@22,8 TAGGED
t1344 | 15,14 | 11..15|E|frz-1 | zukIn 3 | setIn 59 | zukHp 516 | chosen 15,14 | walk - | weapon Rune Crossbow | untilShot 3 | target TzKal-Zuk[zuk] | gate ok | overhead none | JalTok-Jad@24,25 TAGGED; TzKal-Zuk@22,8 TAGGED
t1345 | 15,14 | 12..16|E|frz-2 | zukIn 2 | setIn 58 | zukHp 499 | chosen 15,14 | walk - | weapon Rune Crossbow | untilShot 2 | target TzKal-Zuk[zuk] | gate ok | overhead none | JalTok-Jad@24,25 TAGGED; TzKal-Zuk@22,8 TAGGED
t1346 | 15,14 | 13..17|E|frz-3 | zukIn 1 | setIn 57 | zukHp 499 | chosen 15,14 | walk - | weapon Rune Crossbow | untilShot 1 | target TzKal-Zuk[zuk] | gate ok | overhead none | JalTok-Jad@24,25 TAGGED; TzKal-Zuk@22,8 TAGGED
t1347 | 15,14 | 14..18|E|frz-4 | zukIn 7 | setIn 56 | zukHp 499 | chosen 25,14 | walk ->25,14 | weapon Rune Crossbow | untilShot 5 | target -[-] | gate - | overhead none | JalTok-Jad@24,25 TAGGED; TzKal-Zuk@22,8 TAGGED
FIRED t1347 | 15,14 | Rune Crossbow | TzKal-Zuk
t1348 | 17,14 | 15..19|E|frz-5 | zukIn 6 | setIn 55 | zukHp 499 | chosen 25,14 | walk ->25,14 | weapon Rune Crossbow | untilShot 4 | target TzKal-Zuk[zuk] | gate - | overhead none | JalTok-Jad@24,25 TAGGED; TzKal-Zuk@22,8 TAGGED
t1349 | 19,14 | 16..20|E|frz-6 | zukIn 5 | setIn 54 | zukHp 499 | chosen 25,14 | walk ->25,14 | weapon Rune Crossbow | untilShot 3 | target TzKal-Zuk[zuk] | gate ok | overhead none | JalTok-Jad@24,25 TAGGED; TzKal-Zuk@22,8 TAGGED
t1350 | 21,14 | 17..21|E|frz-7 | zukIn 4 | setIn 53 | zukHp 499 | chosen 25,14 | walk ->25,14 | weapon Rune Crossbow | untilShot 2 | target TzKal-Zuk[zuk] | gate ok | overhead Protect from Range | JalTok-Jad@24,25 TAGGED; TzKal-Zuk@22,8 TAGGED
t1351 | 23,14 | 18..22|E|frz-8 | zukIn 3 | setIn 52 | zukHp 499 | chosen 25,14 | walk ->25,14 | weapon Rune Crossbow | untilShot 1 | target TzKal-Zuk[zuk] | gate ok | overhead none | JalTok-Jad@24,25 TAGGED; TzKal-Zuk@22,8 TAGGED
t1352 | 23,14 | 19..23|E|frz-9 | zukIn 2 | setIn 51 | zukHp 499 | chosen 25,14 | walk ->25,14 | weapon Rune Crossbow | untilShot 5 | target -[-] | gate - | overhead none | JalTok-Jad@24,25 TAGGED; TzKal-Zuk@22,8 TAGGED
FIRED t1352 | 23,14 | Rune Crossbow | TzKal-Zuk
t1353 | 25,14 | 20..24|E|frz-10 | zukIn 1 | setIn 50 | zukHp 499 | chosen 25,14 | walk - | weapon Rune Crossbow | untilShot 4 | target TzKal-Zuk[zuk] | gate ok | overhead none | JalTok-Jad@24,25 TAGGED; TzKal-Zuk@22,8 TAGGED
t1354 | 25,14 | 21..25|E|frz-11 | zukIn 7 | setIn 49 | zukHp 499 | chosen 31,14 | walk ->31,14 | weapon Rune Crossbow | untilShot 3 | target -[-] | gate - | overhead none | JalTok-Jad@24,25 TAGGED; TzKal-Zuk@22,8 TAGGED
t1355 | 27,14 | 22..26|E|frz-12 | zukIn 6 | setIn 48 | zukHp 499 | chosen 31,14 | walk ->31,14 | weapon Rune Crossbow | untilShot 2 | target TzKal-Zuk[zuk] | gate ok | overhead none | JalTok-Jad@24,25 TAGGED; TzKal-Zuk@22,8 TAGGED
t1356 | 29,14 | 23..27|E|frz-13 | zukIn 5 | setIn 47 | zukHp 499 | chosen 31,14 | walk ->31,14 | weapon Rune Crossbow | untilShot 1 | target TzKal-Zuk[zuk] | gate ok | overhead none | JalTok-Jad@24,25 TAGGED; TzKal-Zuk@22,8 TAGGED
t1357 | 29,14 | 24..28|E|frz-14 | zukIn 4 | setIn 46 | zukHp 499 | chosen 31,14 | walk ->31,14 | weapon Rune Crossbow | untilShot 5 | target -[-] | gate - | overhead none | JalTok-Jad@24,25 TAGGED; TzKal-Zuk@22,8 TAGGED
FIRED t1357 | 29,14 | Rune Crossbow | TzKal-Zuk
t1358 | 31,14 | 25..29|E|frz-15 | zukIn 3 | setIn 45 | zukHp 499 | chosen 31,14 | walk - | weapon Rune Crossbow | untilShot 4 | target TzKal-Zuk[zuk] | gate ok | overhead Protect from Range | JalTok-Jad@24,25 TAGGED; TzKal-Zuk@22,8 TAGGED
t1359 | 31,14 | 26..30|E|frz-16 | zukIn 2 | setIn 44 | zukHp 499 | chosen 31,14 | walk - | weapon Rune Crossbow | untilShot 3 | target TzKal-Zuk[zuk] | gate ok | overhead none | JalTok-Jad@24,25 TAGGED; TzKal-Zuk@22,8 TAGGED
t1360 | 31,14 | 27..31|E|frz-17 | zukIn 1 | setIn 43 | zukHp 499 | chosen 31,14 | walk - | weapon Rune Crossbow | untilShot 2 | target TzKal-Zuk[zuk] | gate ok | overhead none | JalTok-Jad@24,25 TAGGED; TzKal-Zuk@22,8 TAGGED
t1361 | 31,14 | 28..32|E|frz-18 | zukIn 7 | setIn 42 | zukHp 499 | chosen 31,14 | walk - | weapon Rune Crossbow | untilShot 1 | target TzKal-Zuk[zuk] | gate ok | overhead none | JalTok-Jad@24,25 TAGGED; TzKal-Zuk@22,8 TAGGED
t1362 | 31,14 | 29..33|E|frz-19 | zukIn 6 | setIn 41 | zukHp 499 | chosen 36,14 | walk ->36,14 | weapon Rune Crossbow | untilShot 5 | target -[-] | gate - | overhead none | JalTok-Jad@24,25 TAGGED; TzKal-Zuk@22,8 TAGGED
FIRED t1362 | 31,14 | Rune Crossbow | TzKal-Zuk
t1363 | 33,14 | 30..34|E|frz-20 | zukIn 5 | setIn 40 | zukHp 499 | chosen 36,14 | walk ->36,14 | weapon Rune Crossbow | untilShot 4 | target TzKal-Zuk[zuk] | gate - | overhead none | JalTok-Jad@24,25 TAGGED; TzKal-Zuk@22,8 TAGGED
t1364 | 35,14 | 31..35|E|frz-21 | zukIn 4 | setIn 39 | zukHp 499 | chosen 36,14 | walk ->36,14 | weapon Rune Crossbow | untilShot 3 | target TzKal-Zuk[zuk] | gate ok | overhead none | JalTok-Jad@24,25 TAGGED; TzKal-Zuk@22,8 TAGGED
t1365 | 36,14 | 32..36|E|frz-22 | zukIn 3 | setIn 38 | zukHp 470 | chosen 36,14 | walk - | weapon Rune Crossbow | untilShot 2 | target TzKal-Zuk[zuk] | gate - | overhead none | JalTok-Jad@24,25 TAGGED; TzKal-Zuk@22,8 TAGGED
t1366 | 36,14 | 33..37|E|frz-23 | zukIn 2 | setIn 37 | zukHp 470 | chosen 36,14 | walk - | weapon Rune Crossbow | untilShot 1 | target TzKal-Zuk[zuk] | gate - | overhead Protect from Magic | JalTok-Jad@24,25 TAGGED; TzKal-Zuk@22,8 TAGGED
t1367 | 36,14 | 34..38|E|frz-24 | zukIn 1 | setIn 36 | zukHp 470 | chosen 36,14 | walk - | weapon Rune Crossbow | untilShot 1 | target TzKal-Zuk[zuk] | gate - | overhead none | JalTok-Jad@24,25 TAGGED; TzKal-Zuk@22,8 TAGGED
t1368 | 36,14 | 35..39|E|frz-25 | zukIn 7 | setIn 35 | zukHp 470 | chosen 35,14 | walk ->35,14 | weapon Rune Crossbow | untilShot 1 | target -[-] | gate - | overhead none | JalTok-Jad@24,25 TAGGED; TzKal-Zuk@22,8 TAGGED
t1369 | 35,14 | 36..40|W|frz4 | zukIn 6 | setIn 34 | zukHp 470 | chosen 35,14 | walk - | weapon Rune Crossbow | untilShot 1 | target TzKal-Zuk[zuk] | gate ok | overhead none | JalTok-Jad@24,25 TAGGED; TzKal-Zuk@22,8 TAGGED
t1370 | 35,14 | 36..40|W|frz3 | zukIn 5 | setIn 33 | zukHp 470 | chosen 35,14 | walk - | weapon Rune Crossbow | untilShot 5 | target TzKal-Zuk[zuk] | gate ok | overhead none | JalTok-Jad@24,25 TAGGED; TzKal-Zuk@22,8 TAGGED
FIRED t1370 | 35,14 | Rune Crossbow | TzKal-Zuk
t1371 | 35,14 | 36..40|W|frz2 | zukIn 4 | setIn 32 | zukHp 470 | chosen 35,14 | walk - | weapon Rune Crossbow | untilShot 4 | target TzKal-Zuk[zuk] | gate ok | overhead none | JalTok-Jad@24,25 TAGGED; TzKal-Zuk@22,8 TAGGED
t1372 | 35,14 | 36..40|W|frz1 | zukIn 3 | setIn 31 | zukHp 470 | chosen 35,14 | walk - | weapon Rune Crossbow | untilShot 3 | target TzKal-Zuk[zuk] | gate ok | overhead none | JalTok-Jad@24,25 TAGGED; TzKal-Zuk@22,8 TAGGED
t1373 | 35,14 | 36..40|W|frz0 | zukIn 2 | setIn 30 | zukHp 443 | chosen 35,14 | walk - | weapon Rune Crossbow | untilShot 2 | target TzKal-Zuk[zuk] | gate ok | overhead none | JalTok-Jad@24,25 TAGGED; TzKal-Zuk@22,8 TAGGED
t1374 | 35,14 | 35..39|W|frz-1 | zukIn 1 | setIn 29 | zukHp 443 | chosen 35,14 | walk - | weapon Rune Crossbow | untilShot 1 | target TzKal-Zuk[zuk] | gate ok | overhead Protect from Range | JalTok-Jad@24,25 TAGGED; TzKal-Zuk@22,8 TAGGED
t1375 | 35,14 | 34..38|W|frz-2 | zukIn 7 | setIn 28 | zukHp 443 | chosen 27,14 | walk ->27,14 | weapon Rune Crossbow | untilShot 5 | target -[-] | gate - | overhead none | JalTok-Jad@24,25 TAGGED; TzKal-Zuk@22,8 TAGGED
FIRED t1375 | 35,14 | Rune Crossbow | TzKal-Zuk
t1376 | 33,14 | 33..37|W|frz-3 | zukIn 6 | setIn 27 | zukHp 443 | chosen 27,14 | walk ->27,14 | weapon Rune Crossbow | untilShot 4 | target TzKal-Zuk[zuk] | gate - | overhead none | JalTok-Jad@24,25 TAGGED; TzKal-Zuk@22,8 TAGGED
t1377 | 31,14 | 32..36|W|frz-4 | zukIn 5 | setIn 26 | zukHp 443 | chosen 27,14 | walk ->27,14 | weapon Rune Crossbow | untilShot 3 | target TzKal-Zuk[zuk] | gate ok | overhead none | JalTok-Jad@24,25 TAGGED; TzKal-Zuk@22,8 TAGGED
t1378 | 29,14 | 31..35|W|frz-5 | zukIn 4 | setIn 25 | zukHp 418 | chosen 27,14 | walk ->27,14 | weapon Rune Crossbow | untilShot 2 | target TzKal-Zuk[zuk] | gate ok | overhead none | JalTok-Jad@24,25 TAGGED; TzKal-Zuk@22,8 TAGGED
t1379 | 27,14 | 30..34|W|frz-6 | zukIn 3 | setIn 24 | zukHp 418 | chosen 27,14 | walk - | weapon Rune Crossbow | untilShot 1 | target TzKal-Zuk[zuk] | gate ok | overhead none | JalTok-Jad@24,25 TAGGED; TzKal-Zuk@22,8 TAGGED
t1380 | 27,14 | 29..33|W|frz-7 | zukIn 2 | setIn 23 | zukHp 418 | chosen 27,14 | walk - | weapon Rune Crossbow | untilShot 5 | target TzKal-Zuk[zuk] | gate ok | overhead none | JalTok-Jad@24,25 TAGGED; TzKal-Zuk@22,8 TAGGED
FIRED t1380 | 27,14 | Rune Crossbow | TzKal-Zuk
t1381 | 27,14 | 28..32|W|frz-8 | zukIn 1 | setIn 22 | zukHp 418 | chosen 27,14 | walk - | weapon Rune Crossbow | untilShot 4 | target TzKal-Zuk[zuk] | gate ok | overhead none | JalTok-Jad@24,25 TAGGED; TzKal-Zuk@22,8 TAGGED
t1382 | 27,14 | 27..31|W|frz-9 | zukIn 7 | setIn 21 | zukHp 418 | chosen 20,14 | walk ->20,14 | weapon Rune Crossbow | untilShot 3 | target -[-] | gate - | overhead Protect from Magic | JalTok-Jad@24,25 TAGGED; TzKal-Zuk@22,8 TAGGED
t1383 | 25,14 | 26..30|W|frz-10 | zukIn 6 | setIn 20 | zukHp 418 | chosen 20,14 | walk ->20,14 | weapon Rune Crossbow | untilShot 2 | target TzKal-Zuk[zuk] | gate ok | overhead none | JalTok-Jad@24,25 TAGGED; TzKal-Zuk@22,8 TAGGED
t1384 | 23,14 | 25..29|W|frz-11 | zukIn 5 | setIn 19 | zukHp 418 | chosen 20,14 | walk ->20,14 | weapon Rune Crossbow | untilShot 1 | target TzKal-Zuk[zuk] | gate ok | overhead none | JalTok-Jad@24,25 TAGGED; TzKal-Zuk@22,8 TAGGED
t1385 | 23,14 | 24..28|W|frz-12 | zukIn 4 | setIn 18 | zukHp 418 | chosen 20,14 | walk ->20,14 | weapon Rune Crossbow | untilShot 5 | target -[-] | gate - | overhead none | JalTok-Jad@24,25 TAGGED; TzKal-Zuk@22,8 TAGGED
FIRED t1385 | 23,14 | Rune Crossbow | TzKal-Zuk
t1386 | 21,14 | 23..27|W|frz-13 | zukIn 3 | setIn 17 | zukHp 418 | chosen 20,14 | walk ->20,14 | weapon Rune Crossbow | untilShot 4 | target TzKal-Zuk[zuk] | gate ok | overhead none | JalTok-Jad@24,25 TAGGED; TzKal-Zuk@22,8 TAGGED
t1387 | 20,14 | 22..26|W|frz-14 | zukIn 2 | setIn 16 | zukHp 418 | chosen 20,14 | walk - | weapon Rune Crossbow | untilShot 3 | target TzKal-Zuk[zuk] | gate ok | overhead none | JalTok-Jad@24,25 TAGGED; TzKal-Zuk@22,8 TAGGED
t1388 | 20,14 | 21..25|W|frz-15 | zukIn 1 | setIn 15 | zukHp 398 | chosen 20,14 | walk - | weapon Rune Crossbow | untilShot 2 | target TzKal-Zuk[zuk] | gate ok | overhead none | JalTok-Jad@24,25 TAGGED; TzKal-Zuk@22,8 TAGGED
t1389 | 20,14 | 20..24|W|frz-16 | zukIn 7 | setIn 14 | zukHp 398 | chosen 15,14 | walk ->15,14 | weapon Rune Crossbow | untilShot 1 | target -[-] | gate - | overhead none | JalTok-Jad@24,25 TAGGED; TzKal-Zuk@22,8 TAGGED
t1390 | 18,14 | 19..23|W|frz-17 | zukIn 6 | setIn 13 | zukHp 398 | chosen 15,14 | walk ->15,14 | weapon Rune Crossbow | untilShot 1 | target TzKal-Zuk[zuk] | gate - | overhead Protect from Magic | JalTok-Jad@24,25 TAGGED; TzKal-Zuk@22,8 TAGGED
t1391 | 16,14 | 18..22|W|frz-18 | zukIn 5 | setIn 12 | zukHp 398 | chosen 15,14 | walk ->15,14 | weapon Rune Crossbow | untilShot 1 | target TzKal-Zuk[zuk] | gate - | overhead none | JalTok-Jad@24,25 TAGGED; TzKal-Zuk@22,8 TAGGED
t1392 | 15,14 | 17..21|W|frz-19 | zukIn 4 | setIn 11 | zukHp 398 | chosen 15,14 | walk - | weapon Rune Crossbow | untilShot 1 | target TzKal-Zuk[zuk] | gate ok | overhead none | JalTok-Jad@24,25 TAGGED; TzKal-Zuk@22,8 TAGGED
t1393 | 15,14 | 16..20|W|frz-20 | zukIn 3 | setIn 10 | zukHp 398 | chosen 15,14 | walk - | weapon Rune Crossbow | untilShot 5 | target TzKal-Zuk[zuk] | gate ok | overhead none | JalTok-Jad@24,25 TAGGED; TzKal-Zuk@22,8 TAGGED
FIRED t1393 | 15,14 | Rune Crossbow | TzKal-Zuk
t1394 | 15,14 | 15..19|W|frz-21 | zukIn 2 | setIn 9 | zukHp 398 | chosen 15,14 | walk - | weapon Rune Crossbow | untilShot 4 | target TzKal-Zuk[zuk] | gate ok | overhead none | JalTok-Jad@24,25 TAGGED; TzKal-Zuk@22,8 TAGGED
t1395 | 15,14 | 14..18|W|frz-22 | zukIn 1 | setIn 8 | zukHp 398 | chosen 15,14 | walk - | weapon Rune Crossbow | untilShot 3 | target TzKal-Zuk[zuk] | gate ok | overhead none | JalTok-Jad@24,25 TAGGED; TzKal-Zuk@22,8 TAGGED
t1396 | 15,14 | 13..17|W|frz-23 | zukIn 7 | setIn 7 | zukHp 398 | chosen 14,14 | walk ->14,14 | weapon Rune Crossbow | untilShot 2 | target -[-] | gate - | overhead none | JalTok-Jad@24,25 TAGGED; TzKal-Zuk@22,8 TAGGED
t1397 | 14,14 | 12..16|W|frz-24 | zukIn 6 | setIn 6 | zukHp 398 | chosen 15,14 | walk ->15,14 | weapon Rune Crossbow | untilShot 1 | target -[-] | gate - | overhead none | JalTok-Jad@24,25 TAGGED; TzKal-Zuk@22,8 TAGGED
t1398 | 15,14 | 11..15|W|frz-25 | zukIn 5 | setIn 5 | zukHp 398 | chosen 15,14 | walk - | weapon Rune Crossbow | untilShot 1 | target TzKal-Zuk[zuk] | gate ok | overhead Protect from Magic | JalTok-Jad@24,25 TAGGED; TzKal-Zuk@22,8 TAGGED
t1399 | 15,14 | 10..14|E|frz4 | zukIn 4 | setIn 4 | zukHp 398 | chosen 14,14 | walk ->14,14 | weapon Rune Crossbow | untilShot 5 | target -[-] | gate - | overhead none | JalTok-Jad@24,25 TAGGED; TzKal-Zuk@22,8 TAGGED
FIRED t1399 | 15,14 | Rune Crossbow | TzKal-Zuk
t1400 | 14,14 | 10..14|E|frz3 | zukIn 3 | setIn 3 | zukHp 398 | chosen 14,14 | walk - | weapon Rune Crossbow | untilShot 4 | target TzKal-Zuk[zuk] | gate - | overhead none | JalTok-Jad@24,25 TAGGED; TzKal-Zuk@22,8 TAGGED
t1401 | 14,14 | 10..14|E|frz2 | zukIn 2 | setIn 2 | zukHp 398 | chosen 14,14 | walk - | weapon Rune Crossbow | untilShot 3 | target TzKal-Zuk[zuk] | gate - | overhead none | JalTok-Jad@24,25 TAGGED; TzKal-Zuk@22,8 TAGGED
t1402 | 14,14 | 10..14|E|frz1 | zukIn 1 | setIn 1 | zukHp 398 | chosen 14,14 | walk - | weapon Rune Crossbow | untilShot 2 | target TzKal-Zuk[zuk] | gate - | overhead none | JalTok-Jad@24,25 TAGGED; TzKal-Zuk@22,8 TAGGED; Zek@20,21 onShield; Xil@29,21 onShield
t1403 | 14,14 | 10..14|E|frz0 | zukIn 7 | setIn 349 | zukHp 398 | chosen 21,14 | walk ->21,14 | weapon Rune Crossbow | untilShot 1 | target -[-] | gate - | overhead none | Zek@20,21 onShield; Xil@29,21 onShield; JalTok-Jad@24,25 TAGGED; TzKal-Zuk@22,8 TAGGED
t1404 | 16,14 | 11..15|E|frz-1 | zukIn 6 | setIn 348 | zukHp 398 | chosen 21,14 | walk ->21,14 | weapon Rune Crossbow | untilShot 1 | target Jal-Zek[held] | gate HELD: magic would share tick +10 with unknown | overhead none | Zek@20,21 onShield; Xil@29,21 onShield; JalTok-Jad@24,25 TAGGED; TzKal-Zuk@22,8 TAGGED
t1405 | 18,14 | 12..16|E|frz-2 | zukIn 5 | setIn 347 | zukHp 398 | chosen 21,14 | walk ->21,14 | weapon Rune Crossbow | untilShot 1 | target Jal-Zek[held] | gate HELD: tag would land on its opening attack | overhead none | Zek@20,21 onShield; Xil@29,21 onShield; JalTok-Jad@24,25 TAGGED; TzKal-Zuk@22,8 TAGGED
t1406 | 20,14 | 13..17|E|frz-3 | zukIn 4 | setIn 346 | zukHp 398 | chosen 21,14 | walk ->21,14 | weapon Rune Crossbow | untilShot 1 | target Jal-Zek[untagged-tag] | gate ok | overhead Protect from Range | Zek@20,21 onShield; Xil@29,21 onShield; JalTok-Jad@24,25 TAGGED; TzKal-Zuk@22,8 TAGGED
t1407 | 20,14 | 14..18|E|frz-4 | zukIn 3 | setIn 345 | zukHp 398 | chosen 21,14 | walk ->21,14 | weapon Rune Crossbow | untilShot 5 | target -[-] | gate - | overhead none | Zek@20,21 onShield; Xil@29,21 onShield; JalTok-Jad@24,25 TAGGED; TzKal-Zuk@22,8 TAGGED
FIRED t1407 | 20,14 | Rune Crossbow | Jal-Zek
t1408 | 21,14 | 15..19|E|frz-5 | zukIn 2 | setIn 344 | zukHp 398 | chosen 21,14 | walk - | weapon Rune Crossbow | untilShot 4 | target Jal-Zek[untagged-tag] | gate ok | overhead none | Zek@20,21 onShield; Xil@29,21 onShield; JalTok-Jad@24,25 TAGGED; TzKal-Zuk@22,8 TAGGED
t1409 | 21,14 | 16..20|E|frz-6 | zukIn 1 | setIn 343 | zukHp 398 | chosen 21,14 | walk - | weapon Rune Crossbow | untilShot 3 | target Jal-Zek[untagged-tag] | gate ok | overhead none | Zek@20,21 onShield; Xil@29,21 onShield; JalTok-Jad@24,25 TAGGED; TzKal-Zuk@22,8 TAGGED
t1410 | 21,14 | 17..21|E|frz-7 | zukIn 7 | setIn 342 | zukHp 398 | chosen 28,14 | walk ->28,14 | weapon Rune Crossbow | untilShot 2 | target -[-] | gate - | overhead none | Zek@20,21 TAGGED; Xil@29,21 onShield; JalTok-Jad@24,25 TAGGED; TzKal-Zuk@22,8 TAGGED
t1411 | 23,14 | 18..22|E|frz-8 | zukIn 6 | setIn 341 | zukHp 398 | chosen 28,14 | walk ->28,14 | weapon Rune Crossbow | untilShot 1 | target Jal-Xil[held] | gate HELD: range would share tick +6 with magic | overhead none | Zek@20,21 TAGGED; Xil@29,21 onShield; JalTok-Jad@24,25 TAGGED; TzKal-Zuk@22,8 TAGGED
t1412 | 25,14 | 19..23|E|frz-9 | zukIn 5 | setIn 340 | zukHp 398 | chosen 28,14 | walk ->28,14 | weapon Rune Crossbow | untilShot 1 | target Jal-Xil[untagged-tag] | gate ok | overhead none | Zek@20,21 TAGGED; Xil@29,21 onShield; JalTok-Jad@24,25 TAGGED; TzKal-Zuk@22,8 TAGGED
t1413 | 25,14 | 20..24|E|frz-10 | zukIn 4 | setIn 339 | zukHp 398 | chosen 28,14 | walk ->28,14 | weapon Rune Crossbow | untilShot 5 | target -[-] | gate - | overhead Protect from Magic | Zek@20,21 TAGGED; Xil@29,21 onShield; JalTok-Jad@24,25 TAGGED; TzKal-Zuk@22,8 TAGGED
FIRED t1413 | 25,14 | Rune Crossbow | Jal-Xil
t1414 | 27,14 | 21..25|E|frz-11 | zukIn 3 | setIn 338 | zukHp 398 | chosen 28,14 | walk ->28,14 | weapon Rune Crossbow | untilShot 4 | target Jal-Xil[untagged-tag] | gate ok | overhead Protect from Magic | Zek@20,21 TAGGED; Xil@29,21 onShield; JalTok-Jad@24,25 TAGGED; TzKal-Zuk@22,8 TAGGED
t1415 | 28,14 | 22..26|E|frz-12 | zukIn 2 | setIn 337 | zukHp 398 | chosen 28,14 | walk - | weapon Rune Crossbow | untilShot 3 | target Jal-Xil[untagged-tag] | gate ok | overhead none | Zek@20,21 TAGGED; Xil@29,21 onShield; JalTok-Jad@24,25 TAGGED; TzKal-Zuk@22,8 TAGGED
t1416 | 28,14 | 23..27|E|frz-13 | zukIn 1 | setIn 336 | zukHp 398 | chosen 28,14 | walk - | weapon Rune Crossbow | untilShot 2 | target Jal-Xil[ranger-kill] | gate ok | overhead none | Zek@20,21 TAGGED; Xil@29,21 TAGGED; JalTok-Jad@24,25 TAGGED; TzKal-Zuk@22,8 TAGGED
t1417 | 28,14 | 24..28|E|frz-14 | zukIn 7 | setIn 335 | zukHp 398 | chosen 35,14 | walk ->35,14 | weapon Toxic Blowpipe | untilShot 1 | target -[-] | gate - | overhead Protect from Magic | Zek@20,21 TAGGED; Xil@29,21 TAGGED; JalTok-Jad@24,25 TAGGED; TzKal-Zuk@22,8 TAGGED
t1418 | 30,14 | 25..29|E|frz-15 | zukIn 6 | setIn 334 | zukHp 398 | chosen 35,14 | walk ->35,14 | weapon Toxic Blowpipe | untilShot 1 | target Jal-Xil[ranger-kill] | gate ok | overhead none | Zek@20,21 TAGGED; Xil@29,21 TAGGED; JalTok-Jad@24,25 TAGGED; TzKal-Zuk@22,8 TAGGED
t1419 | 30,14 | 26..30|E|frz-16 | zukIn 5 | setIn 333 | zukHp 398 | chosen 35,14 | walk ->35,14 | weapon Toxic Blowpipe | untilShot 2 | target -[-] | gate - | overhead Protect from Range | Zek@20,21 TAGGED; Xil@29,21 TAGGED; JalTok-Jad@24,25 TAGGED; TzKal-Zuk@22,8 TAGGED
FIRED t1419 | 30,14 | Toxic Blowpipe | Jal-Xil
t1420 | 32,14 | 27..31|E|frz-17 | zukIn 4 | setIn 332 | zukHp 398 | chosen 35,14 | walk ->35,14 | weapon Toxic Blowpipe | untilShot 1 | target Jal-Xil[ranger-kill] | gate ok | overhead none | Zek@20,21 TAGGED; Xil@29,21 TAGGED; JalTok-Jad@24,25 TAGGED; TzKal-Zuk@22,8 TAGGED
t1421 | 32,14 | 28..32|E|frz-18 | zukIn 3 | setIn 331 | zukHp 398 | chosen 35,14 | walk ->35,14 | weapon Toxic Blowpipe | untilShot 2 | target -[-] | gate - | overhead Protect from Magic | Zek@20,21 TAGGED; Xil@29,21 TAGGED; JalTok-Jad@24,25 TAGGED; TzKal-Zuk@22,8 TAGGED
FIRED t1421 | 32,14 | Toxic Blowpipe | Jal-Xil
t1422 | 34,14 | 29..33|E|frz-19 | zukIn 2 | setIn 330 | zukHp 398 | chosen 35,14 | walk ->35,14 | weapon Toxic Blowpipe | untilShot 1 | target Jal-Xil[ranger-kill] | gate ok | overhead Protect from Range | Zek@20,21 TAGGED; Xil@29,21 TAGGED; JalTok-Jad@24,25 TAGGED; TzKal-Zuk@22,8 TAGGED
t1423 | 34,14 | 30..34|E|frz-20 | zukIn 1 | setIn 329 | zukHp 398 | chosen 34,14 | walk - | weapon Toxic Blowpipe | untilShot 2 | target Jal-Xil[ranger-kill] | gate ok | overhead Protect from Range | Zek@20,21 TAGGED; Xil@29,21 TAGGED; JalTok-Jad@24,25 TAGGED; TzKal-Zuk@22,8 TAGGED
FIRED t1423 | 34,14 | Toxic Blowpipe | Jal-Xil
t1424 | 34,14 | 31..35|E|frz-21 | zukIn 7 | setIn 328 | zukHp 398 | chosen 36,14 | walk ->36,14 | weapon Toxic Blowpipe | untilShot 1 | target -[-] | gate - | overhead none | Zek@20,21 TAGGED; Xil@29,21 TAGGED; JalTok-Jad@24,25 TAGGED; TzKal-Zuk@22,8 TAGGED
t1425 | 36,14 | 32..36|E|frz-22 | zukIn 6 | setIn 327 | zukHp 398 | chosen 36,14 | walk - | weapon Toxic Blowpipe | untilShot 1 | target Jal-Xil[ranger-kill] | gate ok | overhead Protect from Magic | Zek@20,21 TAGGED; Xil@29,21 TAGGED; JalTok-Jad@24,25 TAGGED; TzKal-Zuk@22,8 TAGGED
t1426 | 36,14 | 33..37|E|frz-23 | zukIn 5 | setIn 326 | zukHp 398 | chosen 36,14 | walk - | weapon Toxic Blowpipe | untilShot 2 | target Jal-Xil[ranger-kill] | gate ok | overhead none | Zek@20,21 TAGGED; Xil@29,21 TAGGED; JalTok-Jad@24,25 TAGGED; TzKal-Zuk@22,8 TAGGED
FIRED t1426 | 36,14 | Toxic Blowpipe | Jal-Xil
t1427 | 36,14 | 34..38|E|frz-24 | zukIn 4 | setIn 325 | zukHp 398 | chosen 36,14 | walk - | weapon Toxic Blowpipe | untilShot 1 | target Jal-Xil[ranger-kill] | gate ok | overhead Protect from Range | Zek@20,21 TAGGED; Xil@29,21 TAGGED; JalTok-Jad@24,25 TAGGED; TzKal-Zuk@22,8 TAGGED
t1428 | 36,14 | 35..39|E|frz-25 | zukIn 3 | setIn 324 | zukHp 398 | chosen 36,14 | walk - | weapon Toxic Blowpipe | untilShot 2 | target Jal-Xil[ranger-kill] | gate ok | overhead none | Zek@20,21 TAGGED; Xil@29,21 TAGGED; JalTok-Jad@24,25 TAGGED; TzKal-Zuk@22,8 TAGGED
FIRED t1428 | 36,14 | Toxic Blowpipe | Jal-Xil
t1429 | 36,14 | 36..40|W|frz4 | zukIn 2 | setIn 323 | zukHp 398 | chosen 36,14 | walk - | weapon Toxic Blowpipe | untilShot 1 | target Jal-Xil[ranger-kill] | gate ok | overhead Protect from Magic | Zek@20,21 TAGGED; Xil@29,21 TAGGED; JalTok-Jad@24,25 TAGGED; TzKal-Zuk@22,8 TAGGED
t1430 | 36,14 | 36..40|W|frz3 | zukIn 1 | setIn 322 | zukHp 398 | chosen 36,14 | walk - | weapon Toxic Blowpipe | untilShot 2 | target Jal-Xil[ranger-kill] | gate ok | overhead Protect from Range | Zek@20,21 TAGGED; Xil@29,21 TAGGED; JalTok-Jad@24,25 TAGGED; TzKal-Zuk@22,8 TAGGED
FIRED t1430 | 36,14 | Toxic Blowpipe | Jal-Xil
t1431 | 36,14 | 36..40|W|frz2 | zukIn 7 | setIn 321 | zukHp 398 | chosen 31,14 | walk ->31,14 | weapon Toxic Blowpipe | untilShot 1 | target -[-] | gate - | overhead Protect from Range | Zek@20,21 TAGGED; Xil@29,21 TAGGED; JalTok-Jad@24,25 TAGGED; TzKal-Zuk@22,8 TAGGED
t1432 | 34,14 | 36..40|W|frz1 | zukIn 6 | setIn 320 | zukHp 398 | chosen 31,14 | walk ->31,14 | weapon Toxic Blowpipe | untilShot 1 | target Jal-Xil[ranger-kill] | gate ok | overhead none | Zek@20,21 TAGGED; Xil@29,21 TAGGED; JalTok-Jad@24,25 TAGGED; TzKal-Zuk@22,8 TAGGED
t1433 | 34,14 | 36..40|W|frz0 | zukIn 5 | setIn 319 | zukHp 398 | chosen 31,14 | walk ->31,14 | weapon Toxic Blowpipe | untilShot 2 | target -[-] | gate - | overhead Protect from Magic | Zek@20,21 TAGGED; Xil@29,21 TAGGED; JalTok-Jad@24,25 TAGGED; TzKal-Zuk@22,8 TAGGED
FIRED t1433 | 34,14 | Toxic Blowpipe | Jal-Xil
t1434 | 32,14 | 35..39|W|frz-1 | zukIn 4 | setIn 318 | zukHp 398 | chosen 31,14 | walk ->31,14 | weapon Toxic Blowpipe | untilShot 1 | target Jal-Xil[ranger-kill] | gate ok | overhead none | Zek@20,21 TAGGED; Xil@29,21 TAGGED; JalTok-Jad@24,25 TAGGED; TzKal-Zuk@22,8 TAGGED
t1435 | 32,14 | 34..38|W|frz-2 | zukIn 3 | setIn 317 | zukHp 398 | chosen 31,14 | walk ->31,14 | weapon Toxic Blowpipe | untilShot 2 | target -[-] | gate - | overhead Protect from Range | Zek@20,21 TAGGED; Xil@29,21 TAGGED; JalTok-Jad@24,25 TAGGED; TzKal-Zuk@22,8 TAGGED
FIRED t1435 | 32,14 | Toxic Blowpipe | Jal-Xil
t1436 | 31,14 | 33..37|W|frz-3 | zukIn 2 | setIn 316 | zukHp 398 | chosen 31,14 | walk - | weapon Toxic Blowpipe | untilShot 1 | target Jal-Xil[ranger-kill] | gate ok | overhead none | Zek@20,21 TAGGED; Xil@29,21 TAGGED; JalTok-Jad@24,25 TAGGED; TzKal-Zuk@22,8 TAGGED
t1437 | 31,14 | 32..36|W|frz-4 | zukIn 1 | setIn 315 | zukHp 398 | chosen 31,14 | walk - | weapon Toxic Blowpipe | untilShot 2 | target Jal-Xil[ranger-kill] | gate ok | overhead Protect from Magic | Zek@20,21 TAGGED; Xil@29,21 TAGGED; JalTok-Jad@24,25 TAGGED; TzKal-Zuk@22,8 TAGGED
FIRED t1437 | 31,14 | Toxic Blowpipe | Jal-Xil
t1438 | 31,14 | 31..35|W|frz-5 | zukIn 7 | setIn 314 | zukHp 398 | chosen 24,14 | walk ->24,14 | weapon Toxic Blowpipe | untilShot 1 | target -[-] | gate - | overhead Protect from Magic | Zek@20,21 TAGGED; Xil@29,21 TAGGED; JalTok-Jad@24,25 TAGGED; TzKal-Zuk@22,8 TAGGED
t1439 | 29,14 | 30..34|W|frz-6 | zukIn 6 | setIn 313 | zukHp 398 | chosen 24,14 | walk ->24,14 | weapon Toxic Blowpipe | untilShot 1 | target Jal-Xil[ranger-kill] | gate ok | overhead Protect from Range | Zek@20,21 TAGGED; Xil@29,21 TAGGED; JalTok-Jad@24,25 TAGGED; TzKal-Zuk@22,8 TAGGED
t1440 | 29,14 | 29..33|W|frz-7 | zukIn 5 | setIn 312 | zukHp 398 | chosen 24,14 | walk ->24,14 | weapon Toxic Blowpipe | untilShot 2 | target -[-] | gate - | overhead none | Zek@20,21 TAGGED; Xil@29,21 TAGGED; JalTok-Jad@24,25 TAGGED; TzKal-Zuk@22,8 TAGGED
FIRED t1440 | 29,14 | Toxic Blowpipe | Jal-Xil
t1441 | 27,14 | 28..32|W|frz-8 | zukIn 4 | setIn 311 | zukHp 398 | chosen 24,14 | walk ->24,14 | weapon Toxic Blowpipe | untilShot 1 | target Jal-Xil[ranger-kill] | gate ok | overhead Protect from Magic | Zek@20,21 TAGGED; Xil@29,21 TAGGED; JalTok-Jad@24,25 TAGGED; TzKal-Zuk@22,8 TAGGED
t1442 | 27,14 | 27..31|W|frz-9 | zukIn 3 | setIn 310 | zukHp 398 | chosen 24,14 | walk ->24,14 | weapon Toxic Blowpipe | untilShot 2 | target -[-] | gate - | overhead none | Zek@20,21 TAGGED; Xil@29,21 TAGGED; JalTok-Jad@24,25 TAGGED; TzKal-Zuk@22,8 TAGGED
FIRED t1442 | 27,14 | Toxic Blowpipe | Jal-Xil
t1443 | 25,14 | 26..30|W|frz-10 | zukIn 2 | setIn 309 | zukHp 398 | chosen 24,14 | walk ->24,14 | weapon Toxic Blowpipe | untilShot 1 | target Jal-Xil[ranger-kill] | gate ok | overhead Protect from Range | Zek@20,21 TAGGED; Xil@29,21 TAGGED; JalTok-Jad@24,25 TAGGED; TzKal-Zuk@22,8 TAGGED
t1444 | 25,14 | 25..29|W|frz-11 | zukIn 1 | setIn 308 | zukHp 398 | chosen 25,14 | walk - | weapon Toxic Blowpipe | untilShot 1 | target Jal-Zek[mager-kill] | gate ok | overhead none | Zek@20,21 TAGGED; JalTok-Jad@24,25 TAGGED; TzKal-Zuk@22,8 TAGGED
t1445 | 25,14 | 24..28|W|frz-12 | zukIn 7 | setIn 307 | zukHp 398 | chosen 17,14 | walk ->17,14 | weapon Toxic Blowpipe | untilShot 2 | target -[-] | gate - | overhead Protect from Magic | Zek@20,21 TAGGED; JalTok-Jad@24,25 TAGGED; TzKal-Zuk@22,8 TAGGED
FIRED t1445 | 25,14 | Toxic Blowpipe | Jal-Zek
t1446 | 23,14 | 23..27|W|frz-13 | zukIn 6 | setIn 306 | zukHp 398 | chosen 17,14 | walk ->17,14 | weapon Toxic Blowpipe | untilShot 1 | target Jal-Zek[mager-kill] | gate ok | overhead Protect from Range | Zek@20,21 TAGGED; JalTok-Jad@24,25 TAGGED; TzKal-Zuk@22,8 TAGGED
t1447 | 23,14 | 22..26|W|frz-14 | zukIn 5 | setIn 305 | zukHp 398 | chosen 17,14 | walk ->17,14 | weapon Toxic Blowpipe | untilShot 2 | target -[-] | gate - | overhead none | Zek@20,21 TAGGED; JalTok-Jad@24,25 TAGGED; TzKal-Zuk@22,8 TAGGED
FIRED t1447 | 23,14 | Toxic Blowpipe | Jal-Zek
t1448 | 21,14 | 21..25|W|frz-15 | zukIn 4 | setIn 304 | zukHp 398 | chosen 17,14 | walk ->17,14 | weapon Toxic Blowpipe | untilShot 1 | target Jal-Zek[mager-kill] | gate ok | overhead none | Zek@20,21 TAGGED; JalTok-Jad@24,25 TAGGED; TzKal-Zuk@22,8 TAGGED
t1449 | 21,14 | 20..24|W|frz-16 | zukIn 3 | setIn 303 | zukHp 398 | chosen 17,14 | walk ->17,14 | weapon Toxic Blowpipe | untilShot 2 | target -[-] | gate - | overhead Protect from Magic | Zek@20,21 TAGGED; JalTok-Jad@24,25 TAGGED; TzKal-Zuk@22,8 TAGGED
FIRED t1449 | 21,14 | Toxic Blowpipe | Jal-Zek
t1450 | 19,14 | 19..23|W|frz-17 | zukIn 2 | setIn 302 | zukHp 398 | chosen 17,14 | walk ->17,14 | weapon Toxic Blowpipe | untilShot 1 | target Jal-Zek[mager-kill] | gate ok | overhead none | Zek@20,21 TAGGED; JalTok-Jad@24,25 TAGGED; TzKal-Zuk@22,8 TAGGED
t1451 | 19,14 | 18..22|W|frz-18 | zukIn 1 | setIn 301 | zukHp 398 | chosen 19,14 | walk - | weapon Toxic Blowpipe | untilShot 2 | target Jal-Zek[mager-kill] | gate ok | overhead none | Zek@20,21 TAGGED; JalTok-Jad@24,25 TAGGED; TzKal-Zuk@22,8 TAGGED
FIRED t1451 | 19,14 | Toxic Blowpipe | Jal-Zek
t1452 | 19,14 | 17..21|W|frz-19 | zukIn 7 | setIn 300 | zukHp 398 | chosen 14,14 | walk ->14,14 | weapon Toxic Blowpipe | untilShot 1 | target -[-] | gate - | overhead none | Zek@20,21 TAGGED; JalTok-Jad@24,25 TAGGED; TzKal-Zuk@22,8 TAGGED
t1453 | 17,14 | 16..20|W|frz-20 | zukIn 6 | setIn 299 | zukHp 398 | chosen 14,14 | walk ->14,14 | weapon Toxic Blowpipe | untilShot 1 | target Jal-Zek[mager-kill] | gate ok | overhead Protect from Magic | Zek@20,21 TAGGED; JalTok-Jad@24,25 TAGGED; TzKal-Zuk@22,8 TAGGED
t1454 | 17,14 | 15..19|W|frz-21 | zukIn 5 | setIn 298 | zukHp 398 | chosen 14,14 | walk ->14,14 | weapon Toxic Blowpipe | untilShot 2 | target -[-] | gate - | overhead Protect from Range | Zek@20,21 TAGGED; JalTok-Jad@24,25 TAGGED; TzKal-Zuk@22,8 TAGGED
FIRED t1454 | 17,14 | Toxic Blowpipe | Jal-Zek
t1455 | 15,14 | 14..18|W|frz-22 | zukIn 4 | setIn 297 | zukHp 398 | chosen 14,14 | walk ->14,14 | weapon Toxic Blowpipe | untilShot 1 | target Jal-Zek[mager-kill] | gate ok | overhead none | Zek@20,21 TAGGED; JalTok-Jad@24,25 TAGGED; TzKal-Zuk@22,8 TAGGED
t1456 | 15,14 | 13..17|W|frz-23 | zukIn 3 | setIn 296 | zukHp 398 | chosen 14,14 | walk ->14,14 | weapon Toxic Blowpipe | untilShot 2 | target -[-] | gate - | overhead none | Zek@20,21 TAGGED; JalTok-Jad@24,25 TAGGED; TzKal-Zuk@22,8 TAGGED
FIRED t1456 | 15,14 | Toxic Blowpipe | Jal-Zek
t1457 | 14,14 | 12..16|W|frz-24 | zukIn 2 | setIn 295 | zukHp 398 | chosen 14,14 | walk - | weapon Toxic Blowpipe | untilShot 1 | target Jal-Zek[mager-kill] | gate ok | overhead Protect from Magic | Zek@20,21 TAGGED; JalTok-Jad@24,25 TAGGED; TzKal-Zuk@22,8 TAGGED
t1458 | 14,14 | 11..15|W|frz-25 | zukIn 1 | setIn 294 | zukHp 398 | chosen 14,14 | walk - | weapon Rune Crossbow | untilShot 1 | target Jal-Zek[mager-kill] | gate ok | overhead none | Zek@20,21 TAGGED; JalTok-Jad@24,25 TAGGED; TzKal-Zuk@22,8 TAGGED
t1459 | 14,14 | 10..14|E|frz4 | zukIn 7 | setIn 293 | zukHp 398 | chosen 17,14 | walk ->17,14 | weapon Rune Crossbow | untilShot 5 | target -[-] | gate - | overhead none | Zek@20,21 TAGGED; JalTok-Jad@24,25 TAGGED; TzKal-Zuk@22,8 TAGGED
FIRED t1459 | 14,14 | Rune Crossbow | Jal-Zek
t1460 | 16,14 | 10..14|E|frz3 | zukIn 6 | setIn 292 | zukHp 398 | chosen 17,14 | walk ->17,14 | weapon Rune Crossbow | untilShot 4 | target Jal-Zek[mager-kill] | gate ok | overhead none | Zek@20,21 TAGGED; JalTok-Jad@24,25 TAGGED; TzKal-Zuk@22,8 TAGGED
t1461 | 17,14 | 10..14|E|frz2 | zukIn 5 | setIn 291 | zukHp 398 | chosen 17,14 | walk - | weapon Rune Crossbow | untilShot 3 | target Jal-Zek[mager-kill] | gate ok | overhead Protect from Magic | Zek@20,21 TAGGED; JalTok-Jad@24,25 TAGGED; TzKal-Zuk@22,8 TAGGED
t1462 | 17,14 | 10..14|E|frz1 | zukIn 4 | setIn 290 | zukHp 398 | chosen 17,14 | walk - | weapon Rune Crossbow | untilShot 2 | target Jal-Zek[mager-kill] | gate ok | overhead Protect from Range | Zek@20,21 TAGGED; JalTok-Jad@24,25 TAGGED; TzKal-Zuk@22,8 TAGGED
t1463 | 17,14 | 10..14|E|frz0 | zukIn 3 | setIn 289 | zukHp 398 | chosen 17,14 | walk - | weapon Toxic Blowpipe | untilShot 1 | target Jal-Zek[mager-kill] | gate ok | overhead none | Zek@20,21 TAGGED; JalTok-Jad@24,25 TAGGED; TzKal-Zuk@22,8 TAGGED
t1464 | 17,14 | 11..15|E|frz-1 | zukIn 2 | setIn 288 | zukHp 398 | chosen 17,14 | walk - | weapon Toxic Blowpipe | untilShot 2 | target Jal-Zek[mager-kill] | gate ok | overhead none | Zek@20,21 TAGGED; JalTok-Jad@24,25 TAGGED; TzKal-Zuk@22,8 TAGGED
FIRED t1464 | 17,14 | Toxic Blowpipe | Jal-Zek
t1465 | 17,14 | 12..16|E|frz-2 | zukIn 1 | setIn 287 | zukHp 398 | chosen 17,14 | walk - | weapon Toxic Blowpipe | untilShot 1 | target Jal-Zek[mager-kill] | gate ok | overhead Protect from Magic | Zek@20,21 TAGGED; JalTok-Jad@24,25 TAGGED; TzKal-Zuk@22,8 TAGGED
t1466 | 17,14 | 13..17|E|frz-3 | zukIn 7 | setIn 286 | zukHp 398 | chosen 24,14 | walk ->24,14 | weapon Toxic Blowpipe | untilShot 2 | target -[-] | gate - | overhead none | Zek@20,21 TAGGED; JalTok-Jad@24,25 TAGGED; TzKal-Zuk@22,8 TAGGED
FIRED t1466 | 17,14 | Toxic Blowpipe | Jal-Zek
t1467 | 19,14 | 14..18|E|frz-4 | zukIn 6 | setIn 285 | zukHp 398 | chosen 24,14 | walk ->24,14 | weapon Toxic Blowpipe | untilShot 1 | target Jal-Zek[mager-kill] | gate ok | overhead none | Zek@20,21 TAGGED; JalTok-Jad@24,25 TAGGED; TzKal-Zuk@22,8 TAGGED
t1468 | 19,14 | 15..19|E|frz-5 | zukIn 5 | setIn 284 | zukHp 398 | chosen 24,14 | walk ->24,14 | weapon Toxic Blowpipe | untilShot 2 | target -[-] | gate - | overhead none | Zek@20,21 TAGGED; JalTok-Jad@24,25 TAGGED; TzKal-Zuk@22,8 TAGGED
FIRED t1468 | 19,14 | Toxic Blowpipe | Jal-Zek
t1469 | 21,14 | 16..20|E|frz-6 | zukIn 4 | setIn 283 | zukHp 398 | chosen 24,14 | walk ->24,14 | weapon Toxic Blowpipe | untilShot 1 | target Jal-Zek[mager-kill] | gate ok | overhead Protect from Magic | Zek@20,21 TAGGED; JalTok-Jad@24,25 TAGGED; TzKal-Zuk@22,8 TAGGED
t1470 | 21,14 | 17..21|E|frz-7 | zukIn 3 | setIn 282 | zukHp 398 | chosen 24,14 | walk ->24,14 | weapon Toxic Blowpipe | untilShot 2 | target -[-] | gate - | overhead Protect from Range | Zek@20,21 TAGGED; JalTok-Jad@24,25 TAGGED; TzKal-Zuk@22,8 TAGGED
FIRED t1470 | 21,14 | Toxic Blowpipe | Jal-Zek
t1471 | 23,14 | 18..22|E|frz-8 | zukIn 2 | setIn 281 | zukHp 398 | chosen 24,14 | walk ->24,14 | weapon Toxic Blowpipe | untilShot 1 | target Jal-Zek[mager-kill] | gate ok | overhead none | Zek@20,21 TAGGED; JalTok-Jad@24,25 TAGGED; TzKal-Zuk@22,8 TAGGED
t1472 | 23,14 | 19..23|E|frz-9 | zukIn 1 | setIn 280 | zukHp 398 | chosen 23,14 | walk - | weapon Toxic Blowpipe | untilShot 2 | target Jal-Zek[mager-kill] | gate ok | overhead none | Zek@20,21 TAGGED; JalTok-Jad@24,25 TAGGED; TzKal-Zuk@22,8 TAGGED
FIRED t1472 | 23,14 | Toxic Blowpipe | Jal-Zek
t1473 | 23,14 | 20..24|E|frz-10 | zukIn 7 | setIn 279 | zukHp 398 | chosen 31,14 | walk ->31,14 | weapon Toxic Blowpipe | untilShot 1 | target -[-] | gate - | overhead Protect from Magic | Zek@20,21 TAGGED; JalTok-Jad@24,25 TAGGED; TzKal-Zuk@22,8 TAGGED
t1474 | 25,14 | 21..25|E|frz-11 | zukIn 6 | setIn 278 | zukHp 398 | chosen 31,14 | walk ->31,14 | weapon Toxic Blowpipe | untilShot 1 | target Jal-Zek[mager-kill] | gate ok | overhead none | Zek@20,21 TAGGED; JalTok-Jad@24,25 TAGGED; TzKal-Zuk@22,8 TAGGED
t1475 | 25,14 | 22..26|E|frz-12 | zukIn 5 | setIn 277 | zukHp 398 | chosen 31,14 | walk ->31,14 | weapon Toxic Blowpipe | untilShot 2 | target -[-] | gate - | overhead none | Zek@20,21 TAGGED; JalTok-Jad@24,25 TAGGED; TzKal-Zuk@22,8 TAGGED
FIRED t1475 | 25,14 | Toxic Blowpipe | Jal-Zek
t1476 | 27,14 | 23..27|E|frz-13 | zukIn 4 | setIn 276 | zukHp 398 | chosen 31,14 | walk ->31,14 | weapon Toxic Blowpipe | untilShot 1 | target Jal-Zek[mager-kill] | gate ok | overhead none | Zek@20,21 TAGGED; JalTok-Jad@24,25 TAGGED; TzKal-Zuk@22,8 TAGGED
t1477 | 27,14 | 24..28|E|frz-14 | zukIn 3 | setIn 275 | zukHp 398 | chosen 31,14 | walk ->31,14 | weapon Toxic Blowpipe | untilShot 2 | target -[-] | gate - | overhead Protect from Magic | Zek@20,21 TAGGED; JalTok-Jad@24,25 TAGGED; TzKal-Zuk@22,8 TAGGED
FIRED t1477 | 27,14 | Toxic Blowpipe | Jal-Zek
t1478 | 29,14 | 25..29|E|frz-15 | zukIn 2 | setIn 274 | zukHp 398 | chosen 31,14 | walk ->31,14 | weapon Toxic Blowpipe | untilShot 1 | target Jal-Zek[mager-kill] | gate ok | overhead Protect from Range | Zek@20,21 TAGGED; JalTok-Jad@24,25 TAGGED; TzKal-Zuk@22,8 TAGGED
t1479 | 31,14 | 26..30|E|frz-16 | zukIn 1 | setIn 273 | zukHp 398 | chosen 31,14 | walk - | weapon Rune Crossbow | untilShot 1 | target TzKal-Zuk[zuk] | gate - | overhead none | Zek@20,21 TAGGED; JalTok-Jad@24,25 TAGGED; TzKal-Zuk@22,8 TAGGED
t1480 | 31,14 | 27..31|E|frz-17 | zukIn 7 | setIn 272 | zukHp 398 | chosen 35,14 | walk ->35,14 | weapon Rune Crossbow | untilShot 1 | target -[-] | gate - | overhead none | Zek@20,21 TAGGED; JalTok-Jad@24,25 TAGGED; TzKal-Zuk@22,8 TAGGED
t1481 | 33,14 | 28..32|E|frz-18 | zukIn 6 | setIn 271 | zukHp 398 | chosen 35,14 | walk ->35,14 | weapon Rune Crossbow | untilShot 1 | target TzKal-Zuk[zuk] | gate - | overhead Protect from Magic | Zek@20,21 TAGGED; JalTok-Jad@24,25 TAGGED; TzKal-Zuk@22,8 TAGGED
t1482 | 35,14 | 29..33|E|frz-19 | zukIn 5 | setIn 270 | zukHp 398 | chosen 35,14 | walk - | weapon Rune Crossbow | untilShot 1 | target TzKal-Zuk[zuk] | gate - | overhead none | Zek@20,21 TAGGED; JalTok-Jad@24,25 TAGGED; TzKal-Zuk@22,8 TAGGED
t1483 | 35,14 | 30..34|E|frz-20 | zukIn 4 | setIn 269 | zukHp 398 | chosen 35,14 | walk - | weapon Rune Crossbow | untilShot 1 | target TzKal-Zuk[zuk] | gate - | overhead none | Zek@20,21 TAGGED; JalTok-Jad@24,25 TAGGED; TzKal-Zuk@22,8 TAGGED
t1484 | 35,14 | 31..35|E|frz-21 | zukIn 3 | setIn 268 | zukHp 398 | chosen 35,14 | walk - | weapon Rune Crossbow | untilShot 1 | target TzKal-Zuk[zuk] | gate - | overhead none | Zek@20,21 TAGGED; JalTok-Jad@24,25 TAGGED; TzKal-Zuk@22,8 TAGGED
t1485 | 35,14 | 32..36|E|frz-22 | zukIn 2 | setIn 267 | zukHp 398 | chosen 35,14 | walk - | weapon Rune Crossbow | untilShot 1 | target TzKal-Zuk[zuk] | gate - | overhead Protect from Magic | Zek@20,21 TAGGED; JalTok-Jad@24,25 TAGGED; TzKal-Zuk@22,8 TAGGED
t1486 | 35,14 | 33..37|E|frz-23 | zukIn 1 | setIn 266 | zukHp 398 | chosen 35,14 | walk - | weapon Rune Crossbow | untilShot 1 | target TzKal-Zuk[zuk] | gate - | overhead Protect from Magic | Zek@20,21 TAGGED; JalTok-Jad@24,25 TAGGED; TzKal-Zuk@22,8 TAGGED
t1487 | 35,14 | 34..38|E|frz-24 | zukIn 7 | setIn 265 | zukHp 398 | chosen 35,14 | walk - | weapon Rune Crossbow | untilShot 1 | target TzKal-Zuk[zuk] | gate - | overhead none | Zek@20,21 TAGGED; JalTok-Jad@24,25 TAGGED; TzKal-Zuk@22,8 TAGGED
t1488 | 35,14 | 35..39|E|frz-25 | zukIn 6 | setIn 264 | zukHp 398 | chosen 35,14 | walk - | weapon Rune Crossbow | untilShot 1 | target TzKal-Zuk[zuk] | gate - | overhead none | Zek@20,21 TAGGED; JalTok-Jad@24,25 TAGGED; TzKal-Zuk@22,8 TAGGED
t1489 | 35,14 | 36..40|W|frz4 | zukIn 5 | setIn 263 | zukHp 398 | chosen 35,14 | walk - | weapon Rune Crossbow | untilShot 1 | target TzKal-Zuk[zuk] | gate - | overhead Protect from Magic | Zek@20,21 TAGGED; JalTok-Jad@24,25 TAGGED; TzKal-Zuk@22,8 TAGGED
t1490 | 35,14 | 36..40|W|frz3 | zukIn 4 | setIn 262 | zukHp 398 | chosen 35,14 | walk - | weapon Rune Crossbow | untilShot 1 | target TzKal-Zuk[zuk] | gate - | overhead none | Zek@20,21 TAGGED; JalTok-Jad@24,25 TAGGED; TzKal-Zuk@22,8 TAGGED
t1491 | 35,14 | 36..40|W|frz2 | zukIn 3 | setIn 261 | zukHp 398 | chosen 35,14 | walk - | weapon Rune Crossbow | untilShot 1 | target TzKal-Zuk[zuk] | gate - | overhead none | Zek@20,21 TAGGED; JalTok-Jad@24,25 TAGGED; TzKal-Zuk@22,8 TAGGED
t1492 | 35,14 | 36..40|W|frz1 | zukIn 2 | setIn 260 | zukHp 398 | chosen 35,14 | walk - | weapon Rune Crossbow | untilShot 1 | target TzKal-Zuk[zuk] | gate - | overhead none | Zek@20,21 TAGGED; JalTok-Jad@24,25 TAGGED; TzKal-Zuk@22,8 TAGGED
t1493 | 35,14 | 36..40|W|frz0 | zukIn 1 | setIn 259 | zukHp 398 | chosen 35,14 | walk - | weapon Rune Crossbow | untilShot 1 | target TzKal-Zuk[zuk] | gate - | overhead Protect from Magic | Zek@20,21 TAGGED; JalTok-Jad@24,25 TAGGED; TzKal-Zuk@22,8 TAGGED
t1494 | 35,14 | 35..39|W|frz-1 | zukIn 7 | setIn 258 | zukHp 398 | chosen 28,14 | walk ->28,14 | weapon Rune Crossbow | untilShot 1 | target -[-] | gate - | overhead Protect from Range | Zek@20,21 TAGGED; JalTok-Jad@24,25 TAGGED; TzKal-Zuk@22,8 TAGGED
t1495 | 33,14 | 34..38|W|frz-2 | zukIn 6 | setIn 257 | zukHp 398 | chosen 28,14 | walk ->28,14 | weapon Rune Crossbow | untilShot 1 | target TzKal-Zuk[zuk] | gate - | overhead none | Zek@20,21 TAGGED; JalTok-Jad@24,25 TAGGED; TzKal-Zuk@22,8 TAGGED
t1496 | 31,14 | 33..37|W|frz-3 | zukIn 5 | setIn 256 | zukHp 398 | chosen 28,14 | walk ->28,14 | weapon Rune Crossbow | untilShot 1 | target TzKal-Zuk[zuk] | gate - | overhead none | Zek@20,21 TAGGED; JalTok-Jad@24,25 TAGGED; TzKal-Zuk@22,8 TAGGED
t1497 | 29,14 | 32..36|W|frz-4 | zukIn 4 | setIn 255 | zukHp 398 | chosen 28,14 | walk ->28,14 | weapon Rune Crossbow | untilShot 1 | target Jal-Zek[mager-kill] | gate ok | overhead Protect from Magic | Zek@20,21 TAGGED; JalTok-Jad@24,25 TAGGED; TzKal-Zuk@22,8 TAGGED
t1498 | 29,14 | 31..35|W|frz-5 | zukIn 3 | setIn 254 | zukHp 398 | chosen 28,14 | walk ->28,14 | weapon Rune Crossbow | untilShot 5 | target -[-] | gate - | overhead none | Zek@20,21 TAGGED; JalTok-Jad@24,25 TAGGED; TzKal-Zuk@22,8 TAGGED
FIRED t1498 | 29,14 | Rune Crossbow | Jal-Zek
t1499 | 28,14 | 30..34|W|frz-6 | zukIn 2 | setIn 253 | zukHp 398 | chosen 28,14 | walk - | weapon Rune Crossbow | untilShot 4 | target Jal-Zek[mager-kill] | gate ok | overhead none | Zek@20,21 TAGGED; JalTok-Jad@24,25 TAGGED; TzKal-Zuk@22,8 TAGGED
t1500 | 28,14 | 29..33|W|frz-7 | zukIn 1 | setIn 252 | zukHp 398 | chosen 28,14 | walk - | weapon Rune Crossbow | untilShot 3 | target Jal-Zek[mager-kill] | gate ok | overhead none | Zek@20,21 TAGGED; JalTok-Jad@24,25 TAGGED; TzKal-Zuk@22,8 TAGGED
t1501 | 28,14 | 28..32|W|frz-8 | zukIn 7 | setIn 251 | zukHp 398 | chosen 21,14 | walk ->21,14 | weapon Rune Crossbow | untilShot 2 | target -[-] | gate - | overhead Protect from Magic | Zek@20,21 TAGGED; JalTok-Jad@24,25 TAGGED; TzKal-Zuk@22,8 TAGGED
t1502 | 26,14 | 27..31|W|frz-9 | zukIn 6 | setIn 250 | zukHp 398 | chosen 21,14 | walk ->21,14 | weapon Rune Crossbow | untilShot 1 | target Jal-Zek[mager-kill] | gate ok | overhead Protect from Range | Zek@20,21 TAGGED; JalTok-Jad@24,25 TAGGED; TzKal-Zuk@22,8 TAGGED
t1503 | 26,14 | 26..30|W|frz-10 | zukIn 5 | setIn 249 | zukHp 398 | chosen 21,14 | walk ->21,14 | weapon Rune Crossbow | untilShot 5 | target -[-] | gate - | overhead none | Zek@20,21 TAGGED; JalTok-Jad@24,25 TAGGED; TzKal-Zuk@22,8 TAGGED
FIRED t1503 | 26,14 | Rune Crossbow | Jal-Zek
t1504 | 24,14 | 25..29|W|frz-11 | zukIn 4 | setIn 248 | zukHp 398 | chosen 21,14 | walk ->21,14 | weapon Rune Crossbow | untilShot 4 | target Jal-Zek[mager-kill] | gate ok | overhead none | Zek@20,21 TAGGED; JalTok-Jad@24,25 TAGGED; TzKal-Zuk@22,8 TAGGED
t1505 | 22,14 | 24..28|W|frz-12 | zukIn 3 | setIn 247 | zukHp 398 | chosen 21,14 | walk ->21,14 | weapon Rune Crossbow | untilShot 3 | target Jal-Zek[mager-kill] | gate ok | overhead Protect from Magic | Zek@20,21 TAGGED; JalTok-Jad@24,25 TAGGED; TzKal-Zuk@22,8 TAGGED
t1506 | 21,14 | 23..27|W|frz-13 | zukIn 2 | setIn 246 | zukHp 398 | chosen 21,14 | walk - | weapon Rune Crossbow | untilShot 2 | target Jal-Zek[mager-kill] | gate ok | overhead none | Zek@20,21 TAGGED; JalTok-Jad@24,25 TAGGED; TzKal-Zuk@22,8 TAGGED
t1507 | 21,14 | 22..26|W|frz-14 | zukIn 1 | setIn 245 | zukHp 398 | chosen 21,14 | walk - | weapon Toxic Blowpipe | untilShot 1 | target Jal-Zek[mager-kill] | gate ok | overhead none | Zek@20,21 TAGGED; JalTok-Jad@24,25 TAGGED; TzKal-Zuk@22,8 TAGGED
t1508 | 21,14 | 21..25|W|frz-15 | zukIn 7 | setIn 244 | zukHp 398 | chosen 14,14 | walk ->14,14 | weapon Toxic Blowpipe | untilShot 2 | target -[-] | gate - | overhead none | Zek@20,21 TAGGED; JalTok-Jad@24,25 TAGGED; TzKal-Zuk@22,8 TAGGED
FIRED t1508 | 21,14 | Toxic Blowpipe | Jal-Zek
t1509 | 19,14 | 20..24|W|frz-16 | zukIn 6 | setIn 243 | zukHp 398 | chosen 14,14 | walk ->14,14 | weapon Toxic Blowpipe | untilShot 1 | target Jal-Zek[mager-kill] | gate ok | overhead Protect from Magic | Zek@20,21 TAGGED; JalTok-Jad@24,25 TAGGED; TzKal-Zuk@22,8 TAGGED
t1510 | 19,14 | 19..23|W|frz-17 | zukIn 5 | setIn 242 | zukHp 398 | chosen 14,14 | walk ->14,14 | weapon Toxic Blowpipe | untilShot 2 | target -[-] | gate - | overhead Protect from Magic | Zek@20,21 TAGGED; JalTok-Jad@24,25 TAGGED; TzKal-Zuk@22,8 TAGGED
FIRED t1510 | 19,14 | Toxic Blowpipe | Jal-Zek
t1511 | 17,14 | 18..22|W|frz-18 | zukIn 4 | setIn 241 | zukHp 398 | chosen 14,14 | walk ->14,14 | weapon Toxic Blowpipe | untilShot 1 | target Jal-Zek[mager-kill] | gate ok | overhead none | Zek@20,21 TAGGED; JalTok-Jad@24,25 TAGGED; TzKal-Zuk@22,8 TAGGED
t1512 | 17,14 | 17..21|W|frz-19 | zukIn 3 | setIn 240 | zukHp 398 | chosen 14,14 | walk ->14,14 | weapon Toxic Blowpipe | untilShot 2 | target -[-] | gate - | overhead none | Zek@20,21 TAGGED; JalTok-Jad@24,25 TAGGED; TzKal-Zuk@22,8 TAGGED
FIRED t1512 | 17,14 | Toxic Blowpipe | Jal-Zek
t1513 | 15,14 | 16..20|W|frz-20 | zukIn 2 | setIn 239 | zukHp 398 | chosen 14,14 | walk ->14,14 | weapon Toxic Blowpipe | untilShot 1 | target Jal-Zek[mager-kill] | gate ok | overhead Protect from Magic | Zek@20,21 TAGGED; JalTok-Jad@24,25 TAGGED; TzKal-Zuk@22,8 TAGGED
t1514 | 15,14 | 15..19|W|frz-21 | zukIn 1 | setIn 238 | zukHp 398 | chosen 15,14 | walk - | weapon Toxic Blowpipe | untilShot 2 | target Jal-Zek[mager-kill] | gate ok | overhead none | Zek@20,21 TAGGED; JalTok-Jad@24,25 TAGGED; TzKal-Zuk@22,8 TAGGED
FIRED t1514 | 15,14 | Toxic Blowpipe | Jal-Zek
t1515 | 15,14 | 14..18|W|frz-22 | zukIn 7 | setIn 237 | zukHp 398 | chosen 14,14 | walk ->14,14 | weapon Toxic Blowpipe | untilShot 1 | target -[-] | gate - | overhead none | Zek@20,21 TAGGED; JalTok-Jad@24,25 TAGGED; TzKal-Zuk@22,8 TAGGED
t1516 | 14,14 | 13..17|W|frz-23 | zukIn 6 | setIn 236 | zukHp 398 | chosen 14,14 | walk - | weapon Toxic Blowpipe | untilShot 1 | target Jal-Zek[mager-kill] | gate ok | overhead none | Zek@20,21 TAGGED; JalTok-Jad@24,25 TAGGED; TzKal-Zuk@22,8 TAGGED
t1517 | 14,14 | 12..16|W|frz-24 | zukIn 5 | setIn 235 | zukHp 398 | chosen 14,14 | walk - | weapon Rune Crossbow | untilShot 1 | target Jal-Zek[mager-kill] | gate ok | overhead Protect from Magic | Zek@20,21 TAGGED; JalTok-Jad@24,25 TAGGED; TzKal-Zuk@22,8 TAGGED
t1518 | 14,14 | 11..15|W|frz-25 | zukIn 4 | setIn 234 | zukHp 398 | chosen 14,14 | walk - | weapon Rune Crossbow | untilShot 5 | target Jal-Zek[mager-kill] | gate ok | overhead Protect from Magic | Zek@20,21 TAGGED; JalTok-Jad@24,25 TAGGED; TzKal-Zuk@22,8 TAGGED
FIRED t1518 | 14,14 | Rune Crossbow | Jal-Zek
t1519 | 14,14 | 10..14|E|frz4 | zukIn 3 | setIn 233 | zukHp 398 | chosen 14,14 | walk - | weapon Rune Crossbow | untilShot 4 | target Jal-Zek[mager-kill] | gate ok | overhead none | Zek@20,21 TAGGED; JalTok-Jad@24,25 TAGGED; TzKal-Zuk@22,8 TAGGED
t1520 | 14,14 | 10..14|E|frz3 | zukIn 2 | setIn 232 | zukHp 398 | chosen 14,14 | walk - | weapon Rune Crossbow | untilShot 3 | target Jal-Zek[mager-kill] | gate ok | overhead none | Zek@20,21 TAGGED; JalTok-Jad@24,25 TAGGED; TzKal-Zuk@22,8 TAGGED
t1521 | 14,14 | 10..14|E|frz2 | zukIn 1 | setIn 231 | zukHp 398 | chosen 14,14 | walk - | weapon Rune Crossbow | untilShot 2 | target Jal-Zek[mager-kill] | gate ok | overhead Protect from Magic | Zek@20,21 TAGGED; JalTok-Jad@24,25 TAGGED; TzKal-Zuk@22,8 TAGGED
t1522 | 14,14 | 10..14|E|frz1 | zukIn 7 | setIn 230 | zukHp 398 | chosen 20,14 | walk ->20,14 | weapon Rune Crossbow | untilShot 1 | target -[-] | gate - | overhead none | Zek@20,21 TAGGED; JalTok-Jad@24,25 TAGGED; TzKal-Zuk@22,8 TAGGED
t1523 | 16,14 | 10..14|E|frz0 | zukIn 6 | setIn 229 | zukHp 398 | chosen 20,14 | walk ->20,14 | weapon Rune Crossbow | untilShot 1 | target Jal-Zek[mager-kill] | gate ok | overhead none | Zek@20,21 TAGGED; JalTok-Jad@24,25 TAGGED; TzKal-Zuk@22,8 TAGGED
t1524 | 16,14 | 11..15|E|frz-1 | zukIn 5 | setIn 228 | zukHp 398 | chosen 20,14 | walk ->20,14 | weapon Rune Crossbow | untilShot 5 | target -[-] | gate - | overhead none | Zek@20,21 TAGGED; JalTok-Jad@24,25 TAGGED; TzKal-Zuk@22,8 TAGGED
FIRED t1524 | 16,14 | Rune Crossbow | Jal-Zek
t1525 | 18,14 | 12..16|E|frz-2 | zukIn 4 | setIn 227 | zukHp 398 | chosen 20,14 | walk ->20,14 | weapon Rune Crossbow | untilShot 4 | target Jal-Zek[mager-kill] | gate ok | overhead Protect from Magic | Zek@20,21 TAGGED; JalTok-Jad@24,25 TAGGED; TzKal-Zuk@22,8 TAGGED
t1526 | 20,14 | 13..17|E|frz-3 | zukIn 3 | setIn 226 | zukHp 398 | chosen 20,14 | walk - | weapon Rune Crossbow | untilShot 3 | target Jal-Zek[mager-kill] | gate ok | overhead Protect from Range | Zek@20,21 TAGGED; JalTok-Jad@24,25 TAGGED; TzKal-Zuk@22,8 TAGGED
t1527 | 20,14 | 14..18|E|frz-4 | zukIn 2 | setIn 225 | zukHp 398 | chosen 20,14 | walk - | weapon Rune Crossbow | untilShot 2 | target Jal-Zek[mager-kill] | gate ok | overhead none | Zek@20,21 TAGGED; JalTok-Jad@24,25 TAGGED; TzKal-Zuk@22,8 TAGGED
t1528 | 20,14 | 15..19|E|frz-5 | zukIn 1 | setIn 224 | zukHp 398 | chosen 20,14 | walk - | weapon Toxic Blowpipe | untilShot 1 | target Jal-Zek[mager-kill] | gate ok | overhead none | Zek@20,21 TAGGED; JalTok-Jad@24,25 TAGGED; TzKal-Zuk@22,8 TAGGED
t1529 | 20,14 | 16..20|E|frz-6 | zukIn 7 | setIn 223 | zukHp 398 | chosen 27,14 | walk ->27,14 | weapon Toxic Blowpipe | untilShot 2 | target -[-] | gate - | overhead Protect from Magic | Zek@20,21 TAGGED; JalTok-Jad@24,25 TAGGED; TzKal-Zuk@22,8 TAGGED
FIRED t1529 | 20,14 | Toxic Blowpipe | Jal-Zek
t1530 | 22,14 | 17..21|E|frz-7 | zukIn 6 | setIn 222 | zukHp 398 | chosen 27,14 | walk ->27,14 | weapon Toxic Blowpipe | untilShot 1 | target Jal-Zek[mager-kill] | gate ok | overhead none | Zek@20,21 TAGGED; JalTok-Jad@24,25 TAGGED; TzKal-Zuk@22,8 TAGGED
t1531 | 22,14 | 18..22|E|frz-8 | zukIn 5 | setIn 221 | zukHp 398 | chosen 27,14 | walk ->27,14 | weapon Toxic Blowpipe | untilShot 2 | target -[-] | gate - | overhead none | Zek@20,21 TAGGED; JalTok-Jad@24,25 TAGGED; TzKal-Zuk@22,8 TAGGED
FIRED t1531 | 22,14 | Toxic Blowpipe | Jal-Zek
t1532 | 24,14 | 19..23|E|frz-9 | zukIn 4 | setIn 220 | zukHp 398 | chosen 27,14 | walk ->27,14 | weapon Toxic Blowpipe | untilShot 1 | target Jal-Zek[mager-kill] | gate ok | overhead none | Zek@20,21 TAGGED; JalTok-Jad@24,25 TAGGED; TzKal-Zuk@22,8 TAGGED
t1533 | 24,14 | 20..24|E|frz-10 | zukIn 3 | setIn 219 | zukHp 398 | chosen 27,14 | walk ->27,14 | weapon Toxic Blowpipe | untilShot 2 | target -[-] | gate - | overhead Protect from Magic | Zek@20,21 TAGGED; JalTok-Jad@24,25 TAGGED; TzKal-Zuk@22,8 TAGGED
FIRED t1533 | 24,14 | Toxic Blowpipe | Jal-Zek
t1534 | 26,14 | 21..25|E|frz-11 | zukIn 2 | setIn 218 | zukHp 398 | chosen 27,14 | walk ->27,14 | weapon Toxic Blowpipe | untilShot 1 | target Jal-Zek[mager-kill] | gate ok | overhead Protect from Magic | Zek@20,21 TAGGED; JalTok-Jad@24,25 TAGGED; TzKal-Zuk@22,8 TAGGED
t1535 | 26,14 | 22..26|E|frz-12 | zukIn 1 | setIn 217 | zukHp 398 | chosen 26,14 | walk - | weapon Toxic Blowpipe | untilShot 2 | target Jal-Zek[mager-kill] | gate ok | overhead none | Zek@20,21 TAGGED; JalTok-Jad@24,25 TAGGED; TzKal-Zuk@22,8 TAGGED
FIRED t1535 | 26,14 | Toxic Blowpipe | Jal-Zek
t1536 | 26,14 | 23..27|E|frz-13 | zukIn 7 | setIn 216 | zukHp 398 | chosen 34,14 | walk ->34,14 | weapon Toxic Blowpipe | untilShot 1 | target -[-] | gate - | overhead none | Zek@20,21 TAGGED; JalTok-Jad@24,25 TAGGED; TzKal-Zuk@22,8 TAGGED
t1537 | 28,14 | 24..28|E|frz-14 | zukIn 6 | setIn 215 | zukHp 398 | chosen 34,14 | walk ->34,14 | weapon Toxic Blowpipe | untilShot 1 | target Jal-Zek[mager-kill] | gate ok | overhead Protect from Magic | Zek@20,21 TAGGED; JalTok-Jad@24,25 TAGGED; TzKal-Zuk@22,8 TAGGED
t1538 | 28,14 | 25..29|E|frz-15 | zukIn 5 | setIn 214 | zukHp 398 | chosen 34,14 | walk ->34,14 | weapon Toxic Blowpipe | untilShot 2 | target -[-] | gate - | overhead none | Zek@20,21 TAGGED; JalTok-Jad@24,25 TAGGED; TzKal-Zuk@22,8 TAGGED
FIRED t1538 | 28,14 | Toxic Blowpipe | Jal-Zek
t1539 | 30,14 | 26..30|E|frz-16 | zukIn 4 | setIn 213 | zukHp 398 | chosen 34,14 | walk ->34,14 | weapon Toxic Blowpipe | untilShot 1 | target Jal-Zek[mager-kill] | gate ok | overhead none | Zek@20,21 TAGGED; JalTok-Jad@24,25 TAGGED; TzKal-Zuk@22,8 TAGGED
t1540 | 32,14 | 27..31|E|frz-17 | zukIn 3 | setIn 212 | zukHp 398 | chosen 34,14 | walk ->34,14 | weapon Rune Crossbow | untilShot 1 | target TzKal-Zuk[zuk] | gate - | overhead none | Zek@20,21 TAGGED; JalTok-Jad@24,25 TAGGED; TzKal-Zuk@22,8 TAGGED
t1541 | 34,14 | 28..32|E|frz-18 | zukIn 2 | setIn 211 | zukHp 398 | chosen 34,14 | walk - | weapon Rune Crossbow | untilShot 1 | target TzKal-Zuk[zuk] | gate - | overhead Protect from Magic | Zek@20,21 TAGGED; JalTok-Jad@24,25 TAGGED; TzKal-Zuk@22,8 TAGGED
t1542 | 34,14 | 29..33|E|frz-19 | zukIn 1 | setIn 210 | zukHp 398 | chosen 34,14 | walk - | weapon Rune Crossbow | untilShot 1 | target TzKal-Zuk[zuk] | gate - | overhead Protect from Range | Zek@20,21 TAGGED; JalTok-Jad@24,25 TAGGED; TzKal-Zuk@22,8 TAGGED
t1543 | 34,14 | 30..34|E|frz-20 | zukIn 7 | setIn 209 | zukHp 398 | chosen 36,14 | walk ->36,14 | weapon Rune Crossbow | untilShot 1 | target -[-] | gate - | overhead none | Zek@20,21 TAGGED; JalTok-Jad@24,25 TAGGED; TzKal-Zuk@22,8 TAGGED
t1544 | 36,14 | 31..35|E|frz-21 | zukIn 6 | setIn 208 | zukHp 398 | chosen 36,14 | walk - | weapon Rune Crossbow | untilShot 1 | target TzKal-Zuk[zuk] | gate - | overhead none | Zek@20,21 TAGGED; JalTok-Jad@24,25 TAGGED; TzKal-Zuk@22,8 TAGGED
t1545 | 36,14 | 32..36|E|frz-22 | zukIn 5 | setIn 207 | zukHp 398 | chosen 36,14 | walk - | weapon Rune Crossbow | untilShot 1 | target TzKal-Zuk[zuk] | gate - | overhead Protect from Magic | Zek@20,21 TAGGED; JalTok-Jad@24,25 TAGGED; TzKal-Zuk@22,8 TAGGED
t1546 | 36,14 | 33..37|E|frz-23 | zukIn 4 | setIn 206 | zukHp 398 | chosen 36,14 | walk - | weapon Rune Crossbow | untilShot 1 | target TzKal-Zuk[zuk] | gate - | overhead none | Zek@20,21 TAGGED; JalTok-Jad@24,25 TAGGED; TzKal-Zuk@22,8 TAGGED
t1547 | 36,14 | 34..38|E|frz-24 | zukIn 3 | setIn 205 | zukHp 398 | chosen 36,14 | walk - | weapon Rune Crossbow | untilShot 1 | target TzKal-Zuk[zuk] | gate - | overhead none | Zek@20,21 TAGGED; JalTok-Jad@24,25 TAGGED; TzKal-Zuk@22,8 TAGGED
t1548 | 36,14 | 35..39|E|frz-25 | zukIn 2 | setIn 204 | zukHp 398 | chosen 36,14 | walk - | weapon Rune Crossbow | untilShot 1 | target TzKal-Zuk[zuk] | gate - | overhead none | Zek@20,21 TAGGED; JalTok-Jad@24,25 TAGGED; TzKal-Zuk@22,8 TAGGED
t1549 | 36,14 | 36..40|W|frz4 | zukIn 1 | setIn 203 | zukHp 398 | chosen 36,14 | walk - | weapon Rune Crossbow | untilShot 1 | target TzKal-Zuk[zuk] | gate - | overhead Protect from Magic | Zek@20,21 TAGGED; JalTok-Jad@24,25 TAGGED; TzKal-Zuk@22,8 TAGGED
t1550 | 36,14 | 36..40|W|frz3 | zukIn 7 | setIn 202 | zukHp 398 | chosen 32,14 | walk ->32,14 | weapon Rune Crossbow | untilShot 1 | target -[-] | gate - | overhead Protect from Range | Zek@20,21 TAGGED; JalTok-Jad@24,25 TAGGED; TzKal-Zuk@22,8 TAGGED
t1551 | 34,14 | 36..40|W|frz2 | zukIn 6 | setIn 201 | zukHp 398 | chosen 32,14 | walk ->32,14 | weapon Rune Crossbow | untilShot 1 | target TzKal-Zuk[zuk] | gate - | overhead none | Zek@20,21 TAGGED; JalTok-Jad@24,25 TAGGED; TzKal-Zuk@22,8 TAGGED
t1552 | 32,14 | 36..40|W|frz1 | zukIn 5 | setIn 200 | zukHp 398 | chosen 32,14 | walk - | weapon Rune Crossbow | untilShot 1 | target TzKal-Zuk[zuk] | gate - | overhead none | Zek@20,21 TAGGED; JalTok-Jad@24,25 TAGGED; TzKal-Zuk@22,8 TAGGED
t1553 | 32,14 | 36..40|W|frz0 | zukIn 4 | setIn 199 | zukHp 398 | chosen 32,14 | walk - | weapon Rune Crossbow | untilShot 1 | target TzKal-Zuk[zuk] | gate - | overhead Protect from Magic | Zek@20,21 TAGGED; JalTok-Jad@24,25 TAGGED; TzKal-Zuk@22,8 TAGGED
t1554 | 32,14 | 35..39|W|frz-1 | zukIn 3 | setIn 198 | zukHp 398 | chosen 32,14 | walk - | weapon Rune Crossbow | untilShot 1 | target TzKal-Zuk[zuk] | gate - | overhead none | Zek@20,21 TAGGED; JalTok-Jad@24,25 TAGGED; TzKal-Zuk@22,8 TAGGED
t1555 | 32,14 | 34..38|W|frz-2 | zukIn 2 | setIn 197 | zukHp 398 | chosen 32,14 | walk - | weapon Rune Crossbow | untilShot 1 | target TzKal-Zuk[zuk] | gate - | overhead none | Zek@20,21 TAGGED; JalTok-Jad@24,25 TAGGED; TzKal-Zuk@22,8 TAGGED
t1556 | 32,14 | 33..37|W|frz-3 | zukIn 1 | setIn 196 | zukHp 398 | chosen 32,14 | walk - | weapon Rune Crossbow | untilShot 1 | target TzKal-Zuk[zuk] | gate - | overhead none | Zek@20,21 TAGGED; JalTok-Jad@24,25 TAGGED; TzKal-Zuk@22,8 TAGGED
t1557 | 32,14 | 32..36|W|frz-4 | zukIn 7 | setIn 195 | zukHp 398 | chosen 25,14 | walk ->25,14 | weapon Rune Crossbow | untilShot 1 | target -[-] | gate - | overhead Protect from Magic | Zek@20,21 TAGGED; JalTok-Jad@24,25 TAGGED; TzKal-Zuk@22,8 TAGGED
t1558 | 30,14 | 31..35|W|frz-5 | zukIn 6 | setIn 194 | zukHp 398 | chosen 25,14 | walk ->25,14 | weapon Rune Crossbow | untilShot 1 | target Jal-Zek[mager-kill] | gate ok | overhead Protect from Magic | Zek@20,21 TAGGED; JalTok-Jad@24,25 TAGGED; TzKal-Zuk@22,8 TAGGED
t1559 | 30,14 | 30..34|W|frz-6 | zukIn 5 | setIn 193 | zukHp 398 | chosen 25,14 | walk ->25,14 | weapon Rune Crossbow | untilShot 5 | target -[-] | gate - | overhead none | Zek@20,21 TAGGED; JalTok-Jad@24,25 TAGGED; TzKal-Zuk@22,8 TAGGED
FIRED t1559 | 30,14 | Rune Crossbow | Jal-Zek
t1560 | 28,14 | 29..33|W|frz-7 | zukIn 4 | setIn 192 | zukHp 398 | chosen 25,14 | walk ->25,14 | weapon Rune Crossbow | untilShot 4 | target Jal-Zek[mager-kill] | gate ok | overhead none | Zek@20,21 TAGGED; JalTok-Jad@24,25 TAGGED; TzKal-Zuk@22,8 TAGGED
t1561 | 26,14 | 28..32|W|frz-8 | zukIn 3 | setIn 191 | zukHp 398 | chosen 25,14 | walk ->25,14 | weapon Rune Crossbow | untilShot 3 | target Jal-Zek[mager-kill] | gate ok | overhead Protect from Magic | Zek@20,21 TAGGED; JalTok-Jad@24,25 TAGGED; TzKal-Zuk@22,8 TAGGED
t1562 | 25,14 | 27..31|W|frz-9 | zukIn 2 | setIn 190 | zukHp 398 | chosen 25,14 | walk - | weapon Rune Crossbow | untilShot 2 | target Jal-Zek[mager-kill] | gate ok | overhead none | Zek@20,21 TAGGED; JalTok-Jad@24,25 TAGGED; TzKal-Zuk@22,8 TAGGED
t1563 | 25,14 | 26..30|W|frz-10 | zukIn 1 | setIn 189 | zukHp 398 | chosen 25,14 | walk - | weapon Toxic Blowpipe | untilShot 1 | target Jal-Zek[mager-kill] | gate ok | overhead none | Zek@20,21 TAGGED; JalTok-Jad@24,25 TAGGED; TzKal-Zuk@22,8 TAGGED
t1564 | 25,14 | 25..29|W|frz-11 | zukIn 7 | setIn 188 | zukHp 398 | chosen 18,14 | walk ->18,14 | weapon Toxic Blowpipe | untilShot 2 | target -[-] | gate - | overhead none | Zek@20,21 TAGGED; JalTok-Jad@24,25 TAGGED; TzKal-Zuk@22,8 TAGGED
FIRED t1564 | 25,14 | Toxic Blowpipe | Jal-Zek
t1565 | 23,14 | 24..28|W|frz-12 | zukIn 6 | setIn 187 | zukHp 398 | chosen 18,14 | walk ->18,14 | weapon Toxic Blowpipe | untilShot 1 | target Jal-Zek[mager-kill] | gate ok | overhead Protect from Magic | Zek@20,21 TAGGED; JalTok-Jad@24,25 TAGGED; TzKal-Zuk@22,8 TAGGED
t1566 | 23,14 | 23..27|W|frz-13 | zukIn 5 | setIn 186 | zukHp 398 | chosen 18,14 | walk ->18,14 | weapon Toxic Blowpipe | untilShot 2 | target -[-] | gate - | overhead Protect from Range | Zek@20,21 TAGGED; JalTok-Jad@24,25 TAGGED; TzKal-Zuk@22,8 TAGGED
FIRED t1566 | 23,14 | Toxic Blowpipe | Jal-Zek
t1567 | 21,14 | 22..26|W|frz-14 | zukIn 4 | setIn 185 | zukHp 398 | chosen 18,14 | walk ->18,14 | weapon Toxic Blowpipe | untilShot 1 | target Jal-Zek[mager-kill] | gate ok | overhead none | Zek@20,21 TAGGED; JalTok-Jad@24,25 TAGGED; TzKal-Zuk@22,8 TAGGED
t1568 | 21,14 | 21..25|W|frz-15 | zukIn 3 | setIn 184 | zukHp 398 | chosen 18,14 | walk ->18,14 | weapon Toxic Blowpipe | untilShot 2 | target -[-] | gate - | overhead none | Zek@20,21 TAGGED; JalTok-Jad@24,25 TAGGED; TzKal-Zuk@22,8 TAGGED
FIRED t1568 | 21,14 | Toxic Blowpipe | Jal-Zek
t1569 | 19,14 | 20..24|W|frz-16 | zukIn 2 | setIn 183 | zukHp 398 | chosen 18,14 | walk ->18,14 | weapon Toxic Blowpipe | untilShot 1 | target Jal-Zek[mager-kill] | gate ok | overhead Protect from Magic | Zek@20,21 TAGGED; JalTok-Jad@24,25 TAGGED; TzKal-Zuk@22,8 TAGGED
t1570 | 19,14 | 19..23|W|frz-17 | zukIn 1 | setIn 182 | zukHp 398 | chosen 19,14 | walk - | weapon Toxic Blowpipe | untilShot 2 | target Jal-Zek[mager-kill] | gate ok | overhead none | Zek@20,21 TAGGED; JalTok-Jad@24,25 TAGGED; TzKal-Zuk@22,8 TAGGED
FIRED t1570 | 19,14 | Toxic Blowpipe | Jal-Zek
t1571 | 19,14 | 18..22|W|frz-18 | zukIn 7 | setIn 181 | zukHp 398 | chosen 14,14 | walk ->14,14 | weapon Toxic Blowpipe | untilShot 1 | target -[-] | gate - | overhead none | Zek@20,21 TAGGED; JalTok-Jad@24,25 TAGGED; TzKal-Zuk@22,8 TAGGED
t1572 | 17,14 | 17..21|W|frz-19 | zukIn 6 | setIn 180 | zukHp 398 | chosen 14,14 | walk ->14,14 | weapon Toxic Blowpipe | untilShot 1 | target Jal-Zek[mager-kill] | gate ok | overhead none | Zek@20,21 TAGGED; JalTok-Jad@24,25 TAGGED; TzKal-Zuk@22,8 TAGGED
t1573 | 17,14 | 16..20|W|frz-20 | zukIn 5 | setIn 179 | zukHp 398 | chosen 14,14 | walk ->14,14 | weapon Toxic Blowpipe | untilShot 2 | target -[-] | gate - | overhead Protect from Magic | Zek@20,21 TAGGED; JalTok-Jad@24,25 TAGGED; TzKal-Zuk@22,8 TAGGED
FIRED t1573 | 17,14 | Toxic Blowpipe | Jal-Zek
t1574 | 15,14 | 15..19|W|frz-21 | zukIn 4 | setIn 178 | zukHp 398 | chosen 14,14 | walk ->14,14 | weapon Toxic Blowpipe | untilShot 1 | target Jal-Zek[mager-kill] | gate ok | overhead Protect from Range | Zek@20,21 TAGGED; JalTok-Jad@24,25 TAGGED; TzKal-Zuk@22,8 TAGGED
t1575 | 15,14 | 14..18|W|frz-22 | zukIn 3 | setIn 177 | zukHp 398 | chosen 14,14 | walk ->14,14 | weapon Toxic Blowpipe | untilShot 2 | target -[-] | gate - | overhead none | Zek@20,21 TAGGED; JalTok-Jad@24,25 TAGGED; TzKal-Zuk@22,8 TAGGED
FIRED t1575 | 15,14 | Toxic Blowpipe | Jal-Zek
t1576 | 14,14 | 13..17|W|frz-23 | zukIn 2 | setIn 176 | zukHp 398 | chosen 14,14 | walk - | weapon Toxic Blowpipe | untilShot 1 | target Jal-Zek[mager-kill] | gate ok | overhead none | Zek@20,21 TAGGED; JalTok-Jad@24,25 TAGGED; TzKal-Zuk@22,8 TAGGED
t1577 | 14,14 | 12..16|W|frz-24 | zukIn 1 | setIn 175 | zukHp 398 | chosen 14,14 | walk - | weapon Rune Crossbow | untilShot 1 | target Jal-Zek[mager-kill] | gate ok | overhead Protect from Magic | Zek@20,21 TAGGED; JalTok-Jad@24,25 TAGGED; TzKal-Zuk@22,8 TAGGED
t1578 | 14,14 | 11..15|W|frz-25 | zukIn 7 | setIn 174 | zukHp 398 | chosen 16,14 | walk ->16,14 | weapon Rune Crossbow | untilShot 5 | target -[-] | gate - | overhead none | Zek@20,21 TAGGED; JalTok-Jad@24,25 TAGGED; TzKal-Zuk@22,8 TAGGED
FIRED t1578 | 14,14 | Rune Crossbow | Jal-Zek
t1579 | 16,14 | 10..14|E|frz4 | zukIn 6 | setIn 173 | zukHp 398 | chosen 16,14 | walk - | weapon Rune Crossbow | untilShot 4 | target Jal-Zek[mager-kill] | gate ok | overhead none | Zek@20,21 TAGGED; JalTok-Jad@24,25 TAGGED; TzKal-Zuk@22,8 TAGGED
t1580 | 16,14 | 10..14|E|frz3 | zukIn 5 | setIn 172 | zukHp 398 | chosen 16,14 | walk - | weapon Rune Crossbow | untilShot 3 | target Jal-Zek[mager-kill] | gate ok | overhead none | Zek@20,21 TAGGED; JalTok-Jad@24,25 TAGGED; TzKal-Zuk@22,8 TAGGED
t1581 | 16,14 | 10..14|E|frz2 | zukIn 4 | setIn 171 | zukHp 398 | chosen 15,14 | walk ->15,14 | weapon Rune Crossbow | untilShot 2 | target -[-] | gate - | overhead Protect from Magic | JalTok-Jad@24,25 TAGGED; TzKal-Zuk@22,8 TAGGED
t1582 | 15,14 | 10..14|E|frz1 | zukIn 3 | setIn 170 | zukHp 398 | chosen 15,14 | walk - | weapon Rune Crossbow | untilShot 1 | target TzKal-Zuk[zuk] | gate ok | overhead Protect from Magic | JalTok-Jad@24,25 TAGGED; TzKal-Zuk@22,8 TAGGED
t1583 | 15,14 | 10..14|E|frz0 | zukIn 2 | setIn 169 | zukHp 398 | chosen 15,14 | walk - | weapon Rune Crossbow | untilShot 5 | target TzKal-Zuk[zuk] | gate ok | overhead none | JalTok-Jad@24,25 TAGGED; TzKal-Zuk@22,8 TAGGED
FIRED t1583 | 15,14 | Rune Crossbow | TzKal-Zuk
t1584 | 15,14 | 11..15|E|frz-1 | zukIn 1 | setIn 168 | zukHp 398 | chosen 15,14 | walk - | weapon Rune Crossbow | untilShot 4 | target TzKal-Zuk[zuk] | gate ok | overhead none | JalTok-Jad@24,25 TAGGED; TzKal-Zuk@22,8 TAGGED
t1585 | 15,14 | 12..16|E|frz-2 | zukIn 7 | setIn 167 | zukHp 398 | chosen 23,14 | walk ->23,14 | weapon Rune Crossbow | untilShot 3 | target -[-] | gate - | overhead none | JalTok-Jad@24,25 TAGGED; TzKal-Zuk@22,8 TAGGED
t1586 | 17,14 | 13..17|E|frz-3 | zukIn 6 | setIn 166 | zukHp 398 | chosen 23,14 | walk ->23,14 | weapon Rune Crossbow | untilShot 2 | target TzKal-Zuk[zuk] | gate - | overhead none | JalTok-Jad@24,25 TAGGED; TzKal-Zuk@22,8 TAGGED
t1587 | 19,14 | 14..18|E|frz-4 | zukIn 5 | setIn 165 | zukHp 398 | chosen 23,14 | walk ->23,14 | weapon Rune Crossbow | untilShot 1 | target TzKal-Zuk[zuk] | gate ok | overhead none | JalTok-Jad@24,25 TAGGED; TzKal-Zuk@22,8 TAGGED
t1588 | 19,14 | 15..19|E|frz-5 | zukIn 4 | setIn 164 | zukHp 398 | chosen 23,14 | walk ->23,14 | weapon Rune Crossbow | untilShot 5 | target -[-] | gate - | overhead none | JalTok-Jad@24,25 TAGGED; TzKal-Zuk@22,8 TAGGED
FIRED t1588 | 19,14 | Rune Crossbow | TzKal-Zuk
t1589 | 21,14 | 16..20|E|frz-6 | zukIn 3 | setIn 163 | zukHp 398 | chosen 23,14 | walk ->23,14 | weapon Rune Crossbow | untilShot 4 | target TzKal-Zuk[zuk] | gate ok | overhead none | JalTok-Jad@24,25 TAGGED; TzKal-Zuk@22,8 TAGGED
t1590 | 23,14 | 17..21|E|frz-7 | zukIn 2 | setIn 162 | zukHp 398 | chosen 23,14 | walk - | weapon Rune Crossbow | untilShot 3 | target TzKal-Zuk[zuk] | gate ok | overhead Protect from Magic | JalTok-Jad@24,25 TAGGED; TzKal-Zuk@22,8 TAGGED
t1591 | 23,14 | 18..22|E|frz-8 | zukIn 1 | setIn 161 | zukHp 398 | chosen 23,14 | walk - | weapon Rune Crossbow | untilShot 2 | target TzKal-Zuk[zuk] | gate ok | overhead none | JalTok-Jad@24,25 TAGGED; TzKal-Zuk@22,8 TAGGED
t1592 | 23,14 | 19..23|E|frz-9 | zukIn 7 | setIn 160 | zukHp 398 | chosen 30,14 | walk ->30,14 | weapon Rune Crossbow | untilShot 1 | target -[-] | gate - | overhead none | JalTok-Jad@24,25 TAGGED; TzKal-Zuk@22,8 TAGGED
t1593 | 25,14 | 20..24|E|frz-10 | zukIn 6 | setIn 159 | zukHp 398 | chosen 30,14 | walk ->30,14 | weapon Rune Crossbow | untilShot 1 | target TzKal-Zuk[zuk] | gate ok | overhead none | JalTok-Jad@24,25 TAGGED; TzKal-Zuk@22,8 TAGGED
t1594 | 25,14 | 21..25|E|frz-11 | zukIn 5 | setIn 158 | zukHp 398 | chosen 30,14 | walk ->30,14 | weapon Rune Crossbow | untilShot 5 | target -[-] | gate - | overhead none | JalTok-Jad@24,25 TAGGED; TzKal-Zuk@22,8 TAGGED
FIRED t1594 | 25,14 | Rune Crossbow | TzKal-Zuk
t1595 | 27,14 | 22..26|E|frz-12 | zukIn 4 | setIn 157 | zukHp 398 | chosen 30,14 | walk ->30,14 | weapon Rune Crossbow | untilShot 4 | target TzKal-Zuk[zuk] | gate ok | overhead none | JalTok-Jad@24,25 TAGGED; TzKal-Zuk@22,8 TAGGED
t1596 | 29,14 | 23..27|E|frz-13 | zukIn 3 | setIn 156 | zukHp 398 | chosen 30,14 | walk ->30,14 | weapon Rune Crossbow | untilShot 3 | target TzKal-Zuk[zuk] | gate ok | overhead none | JalTok-Jad@24,25 TAGGED; TzKal-Zuk@22,8 TAGGED
t1597 | 30,14 | 24..28|E|frz-14 | zukIn 2 | setIn 155 | zukHp 398 | chosen 30,14 | walk - | weapon Rune Crossbow | untilShot 2 | target TzKal-Zuk[zuk] | gate ok | overhead none | JalTok-Jad@24,25 TAGGED; TzKal-Zuk@22,8 TAGGED
t1598 | 30,14 | 25..29|E|frz-15 | zukIn 1 | setIn 154 | zukHp 398 | chosen 30,14 | walk - | weapon Rune Crossbow | untilShot 1 | target TzKal-Zuk[zuk] | gate ok | overhead Protect from Range | JalTok-Jad@24,25 TAGGED; TzKal-Zuk@22,8 TAGGED
t1599 | 30,14 | 26..30|E|frz-16 | zukIn 7 | setIn 153 | zukHp 398 | chosen 35,14 | walk ->35,14 | weapon Rune Crossbow | untilShot 5 | target -[-] | gate - | overhead none | JalTok-Jad@24,25 TAGGED; TzKal-Zuk@22,8 TAGGED
FIRED t1599 | 30,14 | Rune Crossbow | TzKal-Zuk
t1600 | 32,14 | 27..31|E|frz-17 | zukIn 6 | setIn 152 | zukHp 398 | chosen 35,14 | walk ->35,14 | weapon Rune Crossbow | untilShot 4 | target TzKal-Zuk[zuk] | gate - | overhead none | JalTok-Jad@24,25 TAGGED; TzKal-Zuk@22,8 TAGGED
t1601 | 34,14 | 28..32|E|frz-18 | zukIn 5 | setIn 151 | zukHp 398 | chosen 35,14 | walk ->35,14 | weapon Rune Crossbow | untilShot 3 | target TzKal-Zuk[zuk] | gate - | overhead none | JalTok-Jad@24,25 TAGGED; TzKal-Zuk@22,8 TAGGED
t1602 | 35,14 | 29..33|E|frz-19 | zukIn 4 | setIn 150 | zukHp 398 | chosen 35,14 | walk - | weapon Rune Crossbow | untilShot 2 | target TzKal-Zuk[zuk] | gate ok | overhead none | JalTok-Jad@24,25 TAGGED; TzKal-Zuk@22,8 TAGGED
t1603 | 35,14 | 30..34|E|frz-20 | zukIn 3 | setIn 149 | zukHp 398 | chosen 35,14 | walk - | weapon Rune Crossbow | untilShot 1 | target TzKal-Zuk[zuk] | gate ok | overhead none | JalTok-Jad@24,25 TAGGED; TzKal-Zuk@22,8 TAGGED
t1604 | 35,14 | 31..35|E|frz-21 | zukIn 2 | setIn 148 | zukHp 398 | chosen 35,14 | walk - | weapon Rune Crossbow | untilShot 5 | target TzKal-Zuk[zuk] | gate ok | overhead none | JalTok-Jad@24,25 TAGGED; TzKal-Zuk@22,8 TAGGED
FIRED t1604 | 35,14 | Rune Crossbow | TzKal-Zuk
t1605 | 35,14 | 32..36|E|frz-22 | zukIn 1 | setIn 147 | zukHp 398 | chosen 35,14 | walk - | weapon Rune Crossbow | untilShot 4 | target TzKal-Zuk[zuk] | gate ok | overhead none | JalTok-Jad@24,25 TAGGED; TzKal-Zuk@22,8 TAGGED
t1606 | 35,14 | 33..37|E|frz-23 | zukIn 7 | setIn 146 | zukHp 398 | chosen 36,14 | walk ->36,14 | weapon Rune Crossbow | untilShot 3 | target -[-] | gate - | overhead Protect from Magic | JalTok-Jad@24,25 TAGGED; TzKal-Zuk@22,8 TAGGED
t1607 | 36,14 | 34..38|E|frz-24 | zukIn 6 | setIn 145 | zukHp 398 | chosen 35,14 | walk ->35,14 | weapon Rune Crossbow | untilShot 2 | target -[-] | gate - | overhead none | JalTok-Jad@24,25 TAGGED; TzKal-Zuk@22,8 TAGGED
t1608 | 35,14 | 35..39|E|frz-25 | zukIn 5 | setIn 144 | zukHp 398 | chosen 35,14 | walk - | weapon Rune Crossbow | untilShot 1 | target TzKal-Zuk[zuk] | gate ok | overhead none | JalTok-Jad@24,25 TAGGED; TzKal-Zuk@22,8 TAGGED
t1609 | 35,14 | 36..40|W|frz4 | zukIn 4 | setIn 143 | zukHp 398 | chosen 36,14 | walk ->36,14 | weapon Rune Crossbow | untilShot 5 | target -[-] | gate - | overhead none | JalTok-Jad@24,25 TAGGED; TzKal-Zuk@22,8 TAGGED
FIRED t1609 | 35,14 | Rune Crossbow | TzKal-Zuk
t1610 | 36,14 | 36..40|W|frz3 | zukIn 3 | setIn 142 | zukHp 398 | chosen 36,14 | walk - | weapon Rune Crossbow | untilShot 4 | target TzKal-Zuk[zuk] | gate - | overhead none | JalTok-Jad@24,25 TAGGED; TzKal-Zuk@22,8 TAGGED
t1611 | 36,14 | 36..40|W|frz2 | zukIn 2 | setIn 141 | zukHp 398 | chosen 36,14 | walk - | weapon Rune Crossbow | untilShot 3 | target TzKal-Zuk[zuk] | gate - | overhead none | JalTok-Jad@24,25 TAGGED; TzKal-Zuk@22,8 TAGGED
t1612 | 36,14 | 36..40|W|frz1 | zukIn 1 | setIn 140 | zukHp 398 | chosen 36,14 | walk - | weapon Rune Crossbow | untilShot 2 | target TzKal-Zuk[zuk] | gate - | overhead none | JalTok-Jad@24,25 TAGGED; TzKal-Zuk@22,8 TAGGED
t1613 | 36,14 | 36..40|W|frz0 | zukIn 7 | setIn 139 | zukHp 398 | chosen 29,14 | walk ->29,14 | weapon Rune Crossbow | untilShot 1 | target -[-] | gate - | overhead none | JalTok-Jad@24,25 TAGGED; TzKal-Zuk@22,8 TAGGED
t1614 | 34,14 | 35..39|W|frz-1 | zukIn 6 | setIn 138 | zukHp 398 | chosen 29,14 | walk ->29,14 | weapon Rune Crossbow | untilShot 1 | target TzKal-Zuk[zuk] | gate - | overhead Protect from Range | JalTok-Jad@24,25 TAGGED; TzKal-Zuk@22,8 TAGGED
t1615 | 32,14 | 34..38|W|frz-2 | zukIn 5 | setIn 137 | zukHp 398 | chosen 29,14 | walk ->29,14 | weapon Rune Crossbow | untilShot 1 | target TzKal-Zuk[zuk] | gate - | overhead none | JalTok-Jad@24,25 TAGGED; TzKal-Zuk@22,8 TAGGED
t1616 | 30,14 | 33..37|W|frz-3 | zukIn 4 | setIn 136 | zukHp 398 | chosen 29,14 | walk ->29,14 | weapon Rune Crossbow | untilShot 1 | target TzKal-Zuk[zuk] | gate ok | overhead none | JalTok-Jad@24,25 TAGGED; TzKal-Zuk@22,8 TAGGED
t1617 | 30,14 | 32..36|W|frz-4 | zukIn 3 | setIn 135 | zukHp 398 | chosen 29,14 | walk ->29,14 | weapon Rune Crossbow | untilShot 5 | target -[-] | gate - | overhead none | JalTok-Jad@24,25 TAGGED; TzKal-Zuk@22,8 TAGGED
FIRED t1617 | 30,14 | Rune Crossbow | TzKal-Zuk
t1618 | 29,14 | 31..35|W|frz-5 | zukIn 2 | setIn 134 | zukHp 398 | chosen 29,14 | walk - | weapon Rune Crossbow | untilShot 4 | target TzKal-Zuk[zuk] | gate ok | overhead none | JalTok-Jad@24,25 TAGGED; TzKal-Zuk@22,8 TAGGED
t1619 | 29,14 | 30..34|W|frz-6 | zukIn 1 | setIn 133 | zukHp 398 | chosen 29,14 | walk - | weapon Rune Crossbow | untilShot 3 | target TzKal-Zuk[zuk] | gate ok | overhead none | JalTok-Jad@24,25 TAGGED; TzKal-Zuk@22,8 TAGGED
t1620 | 29,14 | 29..33|W|frz-7 | zukIn 7 | setIn 132 | zukHp 398 | chosen 22,14 | walk ->22,14 | weapon Rune Crossbow | untilShot 2 | target -[-] | gate - | overhead none | JalTok-Jad@24,25 TAGGED; TzKal-Zuk@22,8 TAGGED
t1621 | 27,14 | 28..32|W|frz-8 | zukIn 6 | setIn 131 | zukHp 398 | chosen 22,14 | walk ->22,14 | weapon Rune Crossbow | untilShot 1 | target TzKal-Zuk[zuk] | gate ok | overhead none | JalTok-Jad@24,25 TAGGED; TzKal-Zuk@22,8 TAGGED
t1622 | 27,14 | 27..31|W|frz-9 | zukIn 5 | setIn 130 | zukHp 398 | chosen 22,14 | walk ->22,14 | weapon Rune Crossbow | untilShot 5 | target -[-] | gate - | overhead Protect from Magic | JalTok-Jad@24,25 TAGGED; TzKal-Zuk@22,8 TAGGED
FIRED t1622 | 27,14 | Rune Crossbow | TzKal-Zuk
t1623 | 25,14 | 26..30|W|frz-10 | zukIn 4 | setIn 129 | zukHp 398 | chosen 22,14 | walk ->22,14 | weapon Rune Crossbow | untilShot 4 | target TzKal-Zuk[zuk] | gate ok | overhead none | JalTok-Jad@24,25 TAGGED; TzKal-Zuk@22,8 TAGGED
t1624 | 23,14 | 25..29|W|frz-11 | zukIn 3 | setIn 128 | zukHp 398 | chosen 22,14 | walk ->22,14 | weapon Rune Crossbow | untilShot 3 | target TzKal-Zuk[zuk] | gate ok | overhead none | JalTok-Jad@24,25 TAGGED; TzKal-Zuk@22,8 TAGGED
t1625 | 22,14 | 24..28|W|frz-12 | zukIn 2 | setIn 127 | zukHp 381 | chosen 22,14 | walk - | weapon Rune Crossbow | untilShot 2 | target TzKal-Zuk[zuk] | gate ok | overhead none | JalTok-Jad@24,25 TAGGED; TzKal-Zuk@22,8 TAGGED
t1626 | 22,14 | 23..27|W|frz-13 | zukIn 1 | setIn 126 | zukHp 381 | chosen 22,14 | walk - | weapon Rune Crossbow | untilShot 1 | target TzKal-Zuk[zuk] | gate ok | overhead none | JalTok-Jad@24,25 TAGGED; TzKal-Zuk@22,8 TAGGED
t1627 | 22,14 | 22..26|W|frz-14 | zukIn 7 | setIn 125 | zukHp 381 | chosen 15,14 | walk ->15,14 | weapon Rune Crossbow | untilShot 5 | target -[-] | gate - | overhead none | JalTok-Jad@24,25 TAGGED; TzKal-Zuk@22,8 TAGGED
FIRED t1627 | 22,14 | Rune Crossbow | TzKal-Zuk
t1628 | 20,14 | 21..25|W|frz-15 | zukIn 6 | setIn 124 | zukHp 381 | chosen 15,14 | walk ->15,14 | weapon Rune Crossbow | untilShot 4 | target TzKal-Zuk[zuk] | gate ok | overhead none | JalTok-Jad@24,25 TAGGED; TzKal-Zuk@22,8 TAGGED
t1629 | 18,14 | 20..24|W|frz-16 | zukIn 5 | setIn 123 | zukHp 381 | chosen 15,14 | walk ->15,14 | weapon Rune Crossbow | untilShot 3 | target TzKal-Zuk[zuk] | gate - | overhead none | JalTok-Jad@24,25 TAGGED; TzKal-Zuk@22,8 TAGGED
t1630 | 16,14 | 19..23|W|frz-17 | zukIn 4 | setIn 122 | zukHp 352 | chosen 15,14 | walk ->15,14 | weapon Rune Crossbow | untilShot 2 | target TzKal-Zuk[zuk] | gate - | overhead Protect from Range | JalTok-Jad@24,25 TAGGED; TzKal-Zuk@22,8 TAGGED
t1631 | 15,14 | 18..22|W|frz-18 | zukIn 3 | setIn 121 | zukHp 352 | chosen 15,14 | walk - | weapon Rune Crossbow | untilShot 1 | target TzKal-Zuk[zuk] | gate ok | overhead none | JalTok-Jad@24,25 TAGGED; TzKal-Zuk@22,8 TAGGED
t1632 | 15,14 | 17..21|W|frz-19 | zukIn 2 | setIn 120 | zukHp 352 | chosen 15,14 | walk - | weapon Rune Crossbow | untilShot 5 | target TzKal-Zuk[zuk] | gate ok | overhead none | JalTok-Jad@24,25 TAGGED; TzKal-Zuk@22,8 TAGGED
FIRED t1632 | 15,14 | Rune Crossbow | TzKal-Zuk
t1633 | 15,14 | 16..20|W|frz-20 | zukIn 1 | setIn 119 | zukHp 352 | chosen 15,14 | walk - | weapon Rune Crossbow | untilShot 4 | target TzKal-Zuk[zuk] | gate ok | overhead none | JalTok-Jad@24,25 TAGGED; TzKal-Zuk@22,8 TAGGED
t1634 | 15,14 | 15..19|W|frz-21 | zukIn 7 | setIn 118 | zukHp 352 | chosen 14,14 | walk ->14,14 | weapon Rune Crossbow | untilShot 3 | target -[-] | gate - | overhead none | JalTok-Jad@24,25 TAGGED; TzKal-Zuk@22,8 TAGGED
t1635 | 14,14 | 14..18|W|frz-22 | zukIn 6 | setIn 117 | zukHp 352 | chosen 15,14 | walk ->15,14 | weapon Rune Crossbow | untilShot 2 | target -[-] | gate - | overhead none | JalTok-Jad@24,25 TAGGED; TzKal-Zuk@22,8 TAGGED
t1636 | 15,14 | 13..17|W|frz-23 | zukIn 5 | setIn 116 | zukHp 352 | chosen 15,14 | walk - | weapon Rune Crossbow | untilShot 1 | target TzKal-Zuk[zuk] | gate ok | overhead none | JalTok-Jad@24,25 TAGGED; TzKal-Zuk@22,8 TAGGED
t1637 | 15,14 | 12..16|W|frz-24 | zukIn 4 | setIn 115 | zukHp 352 | chosen 14,14 | walk ->14,14 | weapon Rune Crossbow | untilShot 5 | target -[-] | gate - | overhead none | JalTok-Jad@24,25 TAGGED; TzKal-Zuk@22,8 TAGGED
FIRED t1637 | 15,14 | Rune Crossbow | TzKal-Zuk
t1638 | 14,14 | 11..15|W|frz-25 | zukIn 3 | setIn 114 | zukHp 352 | chosen 14,14 | walk - | weapon Rune Crossbow | untilShot 4 | target TzKal-Zuk[zuk] | gate - | overhead Protect from Magic | JalTok-Jad@24,25 TAGGED; TzKal-Zuk@22,8 TAGGED
t1639 | 14,14 | 10..14|E|frz4 | zukIn 2 | setIn 113 | zukHp 352 | chosen 14,14 | walk - | weapon Rune Crossbow | untilShot 3 | target TzKal-Zuk[zuk] | gate - | overhead none | JalTok-Jad@24,25 TAGGED; TzKal-Zuk@22,8 TAGGED
t1640 | 14,14 | 10..14|E|frz3 | zukIn 1 | setIn 112 | zukHp 339 | chosen 14,14 | walk - | weapon Rune Crossbow | untilShot 2 | target TzKal-Zuk[zuk] | gate - | overhead none | JalTok-Jad@24,25 TAGGED; TzKal-Zuk@22,8 TAGGED
t1641 | 14,14 | 10..14|E|frz2 | zukIn 7 | setIn 111 | zukHp 339 | chosen 19,14 | walk ->19,14 | weapon Rune Crossbow | untilShot 1 | target -[-] | gate - | overhead none | JalTok-Jad@24,25 TAGGED; TzKal-Zuk@22,8 TAGGED
t1642 | 16,14 | 10..14|E|frz1 | zukIn 6 | setIn 110 | zukHp 339 | chosen 19,14 | walk ->19,14 | weapon Rune Crossbow | untilShot 1 | target TzKal-Zuk[zuk] | gate - | overhead none | JalTok-Jad@24,25 TAGGED; TzKal-Zuk@22,8 TAGGED
t1643 | 18,14 | 10..14|E|frz0 | zukIn 5 | setIn 109 | zukHp 339 | chosen 19,14 | walk ->19,14 | weapon Rune Crossbow | untilShot 1 | target TzKal-Zuk[zuk] | gate - | overhead none | JalTok-Jad@24,25 TAGGED; TzKal-Zuk@22,8 TAGGED
t1644 | 19,14 | 11..15|E|frz-1 | zukIn 4 | setIn 108 | zukHp 339 | chosen 19,14 | walk - | weapon Rune Crossbow | untilShot 1 | target TzKal-Zuk[zuk] | gate ok | overhead none | JalTok-Jad@24,25 TAGGED; TzKal-Zuk@22,8 TAGGED
t1645 | 19,14 | 12..16|E|frz-2 | zukIn 3 | setIn 107 | zukHp 339 | chosen 19,14 | walk - | weapon Rune Crossbow | untilShot 5 | target TzKal-Zuk[zuk] | gate ok | overhead none | JalTok-Jad@24,25 TAGGED; TzKal-Zuk@22,8 TAGGED
FIRED t1645 | 19,14 | Rune Crossbow | TzKal-Zuk
t1646 | 19,14 | 13..17|E|frz-3 | zukIn 2 | setIn 106 | zukHp 339 | chosen 19,14 | walk - | weapon Rune Crossbow | untilShot 4 | target TzKal-Zuk[zuk] | gate ok | overhead Protect from Range | JalTok-Jad@24,25 TAGGED; TzKal-Zuk@22,8 TAGGED
t1647 | 19,14 | 14..18|E|frz-4 | zukIn 1 | setIn 105 | zukHp 339 | chosen 19,14 | walk - | weapon Rune Crossbow | untilShot 3 | target TzKal-Zuk[zuk] | gate ok | overhead none | JalTok-Jad@24,25 TAGGED; TzKal-Zuk@22,8 TAGGED
t1648 | 19,14 | 15..19|E|frz-5 | zukIn 7 | setIn 104 | zukHp 339 | chosen 26,14 | walk ->26,14 | weapon Rune Crossbow | untilShot 2 | target -[-] | gate - | overhead none | JalTok-Jad@24,25 TAGGED; TzKal-Zuk@22,8 TAGGED
t1649 | 21,14 | 16..20|E|frz-6 | zukIn 6 | setIn 103 | zukHp 339 | chosen 26,14 | walk ->26,14 | weapon Rune Crossbow | untilShot 1 | target TzKal-Zuk[zuk] | gate ok | overhead none | JalTok-Jad@24,25 TAGGED; TzKal-Zuk@22,8 TAGGED
t1650 | 21,14 | 17..21|E|frz-7 | zukIn 5 | setIn 102 | zukHp 339 | chosen 26,14 | walk ->26,14 | weapon Rune Crossbow | untilShot 5 | target -[-] | gate - | overhead none | JalTok-Jad@24,25 TAGGED; TzKal-Zuk@22,8 TAGGED
FIRED t1650 | 21,14 | Rune Crossbow | TzKal-Zuk
t1651 | 23,14 | 18..22|E|frz-8 | zukIn 4 | setIn 101 | zukHp 339 | chosen 26,14 | walk ->26,14 | weapon Rune Crossbow | untilShot 4 | target TzKal-Zuk[zuk] | gate ok | overhead none | JalTok-Jad@24,25 TAGGED; TzKal-Zuk@22,8 TAGGED
t1652 | 25,14 | 19..23|E|frz-9 | zukIn 3 | setIn 100 | zukHp 339 | chosen 26,14 | walk ->26,14 | weapon Rune Crossbow | untilShot 3 | target TzKal-Zuk[zuk] | gate ok | overhead none | JalTok-Jad@24,25 TAGGED; TzKal-Zuk@22,8 TAGGED
t1653 | 26,14 | 20..24|E|frz-10 | zukIn 2 | setIn 99 | zukHp 339 | chosen 26,14 | walk - | weapon Rune Crossbow | untilShot 2 | target TzKal-Zuk[zuk] | gate ok | overhead none | JalTok-Jad@24,25 TAGGED; TzKal-Zuk@22,8 TAGGED
t1654 | 26,14 | 21..25|E|frz-11 | zukIn 1 | setIn 98 | zukHp 339 | chosen 26,14 | walk - | weapon Rune Crossbow | untilShot 1 | target TzKal-Zuk[zuk] | gate ok | overhead Protect from Magic | JalTok-Jad@24,25 TAGGED; TzKal-Zuk@22,8 TAGGED
t1655 | 26,14 | 22..26|E|frz-12 | zukIn 7 | setIn 97 | zukHp 339 | chosen 31,14 | walk ->31,14 | weapon Rune Crossbow | untilShot 5 | target -[-] | gate - | overhead none | JalTok-Jad@24,25 TAGGED; TzKal-Zuk@22,8 TAGGED
FIRED t1655 | 26,14 | Rune Crossbow | TzKal-Zuk
t1656 | 28,14 | 23..27|E|frz-13 | zukIn 6 | setIn 96 | zukHp 339 | chosen 31,14 | walk ->31,14 | weapon Rune Crossbow | untilShot 4 | target TzKal-Zuk[zuk] | gate ok | overhead none | JalTok-Jad@24,25 TAGGED; TzKal-Zuk@22,8 TAGGED
t1657 | 30,14 | 24..28|E|frz-14 | zukIn 5 | setIn 95 | zukHp 339 | chosen 31,14 | walk ->31,14 | weapon Rune Crossbow | untilShot 3 | target TzKal-Zuk[zuk] | gate ok | overhead none | JalTok-Jad@24,25 TAGGED; TzKal-Zuk@22,8 TAGGED
t1658 | 31,14 | 25..29|E|frz-15 | zukIn 4 | setIn 94 | zukHp 339 | chosen 31,14 | walk - | weapon Rune Crossbow | untilShot 2 | target TzKal-Zuk[zuk] | gate ok | overhead none | JalTok-Jad@24,25 TAGGED; TzKal-Zuk@22,8 TAGGED
t1659 | 31,14 | 26..30|E|frz-16 | zukIn 3 | setIn 93 | zukHp 339 | chosen 31,14 | walk - | weapon Rune Crossbow | untilShot 1 | target TzKal-Zuk[zuk] | gate ok | overhead none | JalTok-Jad@24,25 TAGGED; TzKal-Zuk@22,8 TAGGED
t1660 | 31,14 | 27..31|E|frz-17 | zukIn 2 | setIn 92 | zukHp 339 | chosen 31,14 | walk - | weapon Rune Crossbow | untilShot 5 | target TzKal-Zuk[zuk] | gate ok | overhead none | JalTok-Jad@24,25 TAGGED; TzKal-Zuk@22,8 TAGGED
FIRED t1660 | 31,14 | Rune Crossbow | TzKal-Zuk
t1661 | 31,14 | 28..32|E|frz-18 | zukIn 1 | setIn 91 | zukHp 339 | chosen 31,14 | walk - | weapon Rune Crossbow | untilShot 4 | target TzKal-Zuk[zuk] | gate ok | overhead none | JalTok-Jad@24,25 TAGGED; TzKal-Zuk@22,8 TAGGED
t1662 | 31,14 | 29..33|E|frz-19 | zukIn 7 | setIn 90 | zukHp 339 | chosen 35,14 | walk ->35,14 | weapon Rune Crossbow | untilShot 3 | target -[-] | gate - | overhead Protect from Magic | JalTok-Jad@24,25 TAGGED; TzKal-Zuk@22,8 TAGGED
t1663 | 33,14 | 30..34|E|frz-20 | zukIn 6 | setIn 89 | zukHp 327 | chosen 35,14 | walk ->35,14 | weapon Rune Crossbow | untilShot 2 | target TzKal-Zuk[zuk] | gate - | overhead none | JalTok-Jad@24,25 TAGGED; TzKal-Zuk@22,8 TAGGED
t1664 | 35,14 | 31..35|E|frz-21 | zukIn 5 | setIn 88 | zukHp 327 | chosen 35,14 | walk - | weapon Rune Crossbow | untilShot 1 | target TzKal-Zuk[zuk] | gate ok | overhead none | JalTok-Jad@24,25 TAGGED; TzKal-Zuk@22,8 TAGGED
t1665 | 35,14 | 32..36|E|frz-22 | zukIn 4 | setIn 87 | zukHp 327 | chosen 36,14 | walk ->36,14 | weapon Rune Crossbow | untilShot 5 | target -[-] | gate - | overhead none | JalTok-Jad@24,25 TAGGED; TzKal-Zuk@22,8 TAGGED
FIRED t1665 | 35,14 | Rune Crossbow | TzKal-Zuk
t1666 | 36,14 | 33..37|E|frz-23 | zukIn 3 | setIn 86 | zukHp 327 | chosen 36,14 | walk - | weapon Rune Crossbow | untilShot 4 | target TzKal-Zuk[zuk] | gate - | overhead none | JalTok-Jad@24,25 TAGGED; TzKal-Zuk@22,8 TAGGED
t1667 | 36,14 | 34..38|E|frz-24 | zukIn 2 | setIn 85 | zukHp 327 | chosen 36,14 | walk - | weapon Rune Crossbow | untilShot 3 | target TzKal-Zuk[zuk] | gate - | overhead none | JalTok-Jad@24,25 TAGGED; TzKal-Zuk@22,8 TAGGED
t1668 | 36,14 | 35..39|E|frz-25 | zukIn 1 | setIn 84 | zukHp 327 | chosen 36,14 | walk - | weapon Rune Crossbow | untilShot 2 | target TzKal-Zuk[zuk] | gate - | overhead none | JalTok-Jad@24,25 TAGGED; TzKal-Zuk@22,8 TAGGED
t1669 | 36,14 | 36..40|W|frz4 | zukIn 7 | setIn 83 | zukHp 327 | chosen 35,14 | walk ->35,14 | weapon Rune Crossbow | untilShot 1 | target -[-] | gate - | overhead none | JalTok-Jad@24,25 TAGGED; TzKal-Zuk@22,8 TAGGED
t1670 | 35,14 | 36..40|W|frz3 | zukIn 6 | setIn 82 | zukHp 327 | chosen 35,14 | walk - | weapon Rune Crossbow | untilShot 1 | target TzKal-Zuk[zuk] | gate ok | overhead Protect from Magic | JalTok-Jad@24,25 TAGGED; TzKal-Zuk@22,8 TAGGED
t1671 | 35,14 | 36..40|W|frz2 | zukIn 5 | setIn 81 | zukHp 327 | chosen 35,14 | walk - | weapon Rune Crossbow | untilShot 5 | target TzKal-Zuk[zuk] | gate ok | overhead none | JalTok-Jad@24,25 TAGGED; TzKal-Zuk@22,8 TAGGED
FIRED t1671 | 35,14 | Rune Crossbow | TzKal-Zuk
t1672 | 35,14 | 36..40|W|frz1 | zukIn 4 | setIn 80 | zukHp 327 | chosen 35,14 | walk - | weapon Rune Crossbow | untilShot 4 | target TzKal-Zuk[zuk] | gate ok | overhead none | JalTok-Jad@24,25 TAGGED; TzKal-Zuk@22,8 TAGGED
t1673 | 35,14 | 36..40|W|frz0 | zukIn 3 | setIn 79 | zukHp 327 | chosen 35,14 | walk - | weapon Rune Crossbow | untilShot 3 | target TzKal-Zuk[zuk] | gate ok | overhead none | JalTok-Jad@24,25 TAGGED; TzKal-Zuk@22,8 TAGGED
t1674 | 35,14 | 35..39|W|frz-1 | zukIn 2 | setIn 78 | zukHp 317 | chosen 35,14 | walk - | weapon Rune Crossbow | untilShot 2 | target TzKal-Zuk[zuk] | gate ok | overhead none | JalTok-Jad@24,25 TAGGED; TzKal-Zuk@22,8 TAGGED
t1675 | 35,14 | 34..38|W|frz-2 | zukIn 1 | setIn 77 | zukHp 317 | chosen 35,14 | walk - | weapon Rune Crossbow | untilShot 1 | target TzKal-Zuk[zuk] | gate ok | overhead none | JalTok-Jad@24,25 TAGGED; TzKal-Zuk@22,8 TAGGED
t1676 | 35,14 | 33..37|W|frz-3 | zukIn 7 | setIn 76 | zukHp 317 | chosen 26,14 | walk ->26,14 | weapon Rune Crossbow | untilShot 5 | target -[-] | gate - | overhead none | JalTok-Jad@24,25 TAGGED; TzKal-Zuk@22,8 TAGGED
FIRED t1676 | 35,14 | Rune Crossbow | TzKal-Zuk
t1677 | 33,14 | 32..36|W|frz-4 | zukIn 6 | setIn 75 | zukHp 317 | chosen 26,14 | walk ->26,14 | weapon Rune Crossbow | untilShot 4 | target TzKal-Zuk[zuk] | gate - | overhead none | JalTok-Jad@24,25 TAGGED; TzKal-Zuk@22,8 TAGGED
t1678 | 31,14 | 31..35|W|frz-5 | zukIn 5 | setIn 74 | zukHp 317 | chosen 26,14 | walk ->26,14 | weapon Rune Crossbow | untilShot 3 | target TzKal-Zuk[zuk] | gate ok | overhead Protect from Magic | JalTok-Jad@24,25 TAGGED; TzKal-Zuk@22,8 TAGGED
t1679 | 29,14 | 30..34|W|frz-6 | zukIn 4 | setIn 73 | zukHp 317 | chosen 26,14 | walk ->26,14 | weapon Rune Crossbow | untilShot 2 | target TzKal-Zuk[zuk] | gate ok | overhead none | JalTok-Jad@24,25 TAGGED; TzKal-Zuk@22,8 TAGGED
t1680 | 27,14 | 29..33|W|frz-7 | zukIn 3 | setIn 72 | zukHp 317 | chosen 26,14 | walk ->26,14 | weapon Rune Crossbow | untilShot 1 | target TzKal-Zuk[zuk] | gate ok | overhead none | JalTok-Jad@24,25 TAGGED; TzKal-Zuk@22,8 TAGGED
t1681 | 27,14 | 28..32|W|frz-8 | zukIn 2 | setIn 71 | zukHp 317 | chosen 26,14 | walk ->26,14 | weapon Rune Crossbow | untilShot 5 | target -[-] | gate - | overhead none | JalTok-Jad@24,25 TAGGED; TzKal-Zuk@22,8 TAGGED
FIRED t1681 | 27,14 | Rune Crossbow | TzKal-Zuk
t1682 | 26,14 | 27..31|W|frz-9 | zukIn 1 | setIn 70 | zukHp 317 | chosen 26,14 | walk - | weapon Rune Crossbow | untilShot 4 | target TzKal-Zuk[zuk] | gate ok | overhead none | JalTok-Jad@24,25 TAGGED; TzKal-Zuk@22,8 TAGGED
t1683 | 26,14 | 26..30|W|frz-10 | zukIn 7 | setIn 69 | zukHp 317 | chosen 19,14 | walk ->19,14 | weapon Rune Crossbow | untilShot 3 | target -[-] | gate - | overhead none | JalTok-Jad@24,25 TAGGED; TzKal-Zuk@22,8 TAGGED
t1684 | 24,14 | 25..29|W|frz-11 | zukIn 6 | setIn 68 | zukHp 309 | chosen 19,14 | walk ->19,14 | weapon Rune Crossbow | untilShot 2 | target TzKal-Zuk[zuk] | gate ok | overhead none | JalTok-Jad@24,25 TAGGED; TzKal-Zuk@22,8 TAGGED
t1685 | 22,14 | 24..28|W|frz-12 | zukIn 5 | setIn 67 | zukHp 309 | chosen 19,14 | walk ->19,14 | weapon Rune Crossbow | untilShot 1 | target TzKal-Zuk[zuk] | gate ok | overhead none | JalTok-Jad@24,25 TAGGED; TzKal-Zuk@22,8 TAGGED
t1686 | 22,14 | 23..27|W|frz-13 | zukIn 4 | setIn 66 | zukHp 309 | chosen 19,14 | walk ->19,14 | weapon Rune Crossbow | untilShot 5 | target -[-] | gate - | overhead Protect from Range | JalTok-Jad@24,25 TAGGED; TzKal-Zuk@22,8 TAGGED
FIRED t1686 | 22,14 | Rune Crossbow | TzKal-Zuk
t1687 | 20,14 | 22..26|W|frz-14 | zukIn 3 | setIn 65 | zukHp 309 | chosen 19,14 | walk ->19,14 | weapon Rune Crossbow | untilShot 4 | target TzKal-Zuk[zuk] | gate ok | overhead none | JalTok-Jad@24,25 TAGGED; TzKal-Zuk@22,8 TAGGED
t1688 | 19,14 | 21..25|W|frz-15 | zukIn 2 | setIn 64 | zukHp 309 | chosen 19,14 | walk - | weapon Rune Crossbow | untilShot 3 | target TzKal-Zuk[zuk] | gate ok | overhead none | JalTok-Jad@24,25 TAGGED; TzKal-Zuk@22,8 TAGGED
t1689 | 19,14 | 20..24|W|frz-16 | zukIn 1 | setIn 63 | zukHp 309 | chosen 19,14 | walk - | weapon Rune Crossbow | untilShot 2 | target TzKal-Zuk[zuk] | gate ok | overhead none | JalTok-Jad@24,25 TAGGED; TzKal-Zuk@22,8 TAGGED
t1690 | 19,14 | 19..23|W|frz-17 | zukIn 7 | setIn 62 | zukHp 309 | chosen 15,14 | walk ->15,14 | weapon Rune Crossbow | untilShot 1 | target -[-] | gate - | overhead none | JalTok-Jad@24,25 TAGGED; TzKal-Zuk@22,8 TAGGED
t1691 | 17,14 | 18..22|W|frz-18 | zukIn 6 | setIn 61 | zukHp 309 | chosen 15,14 | walk ->15,14 | weapon Rune Crossbow | untilShot 1 | target TzKal-Zuk[zuk] | gate - | overhead none | JalTok-Jad@24,25 TAGGED; TzKal-Zuk@22,8 TAGGED
t1692 | 15,14 | 17..21|W|frz-19 | zukIn 5 | setIn 60 | zukHp 309 | chosen 15,14 | walk - | weapon Rune Crossbow | untilShot 1 | target TzKal-Zuk[zuk] | gate ok | overhead none | JalTok-Jad@24,25 TAGGED; TzKal-Zuk@22,8 TAGGED
t1693 | 15,14 | 16..20|W|frz-20 | zukIn 4 | setIn 59 | zukHp 309 | chosen 15,14 | walk - | weapon Rune Crossbow | untilShot 5 | target TzKal-Zuk[zuk] | gate ok | overhead none | JalTok-Jad@24,25 TAGGED; TzKal-Zuk@22,8 TAGGED
FIRED t1693 | 15,14 | Rune Crossbow | TzKal-Zuk
t1694 | 15,14 | 15..19|W|frz-21 | zukIn 3 | setIn 58 | zukHp 309 | chosen 15,14 | walk - | weapon Rune Crossbow | untilShot 4 | target TzKal-Zuk[zuk] | gate ok | overhead Protect from Range | JalTok-Jad@24,25 TAGGED; TzKal-Zuk@22,8 TAGGED
t1695 | 15,14 | 14..18|W|frz-22 | zukIn 2 | setIn 57 | zukHp 309 | chosen 15,14 | walk - | weapon Rune Crossbow | untilShot 3 | target TzKal-Zuk[zuk] | gate ok | overhead none | JalTok-Jad@24,25 TAGGED; TzKal-Zuk@22,8 TAGGED
t1696 | 15,14 | 13..17|W|frz-23 | zukIn 1 | setIn 56 | zukHp 309 | chosen 15,14 | walk - | weapon Rune Crossbow | untilShot 2 | target TzKal-Zuk[zuk] | gate ok | overhead none | JalTok-Jad@24,25 TAGGED; TzKal-Zuk@22,8 TAGGED
t1697 | 15,14 | 12..16|W|frz-24 | zukIn 7 | setIn 55 | zukHp 309 | chosen 15,14 | walk - | weapon Rune Crossbow | untilShot 1 | target TzKal-Zuk[zuk] | gate ok | overhead none | JalTok-Jad@24,25 TAGGED; TzKal-Zuk@22,8 TAGGED
t1698 | 15,14 | 11..15|W|frz-25 | zukIn 6 | setIn 54 | zukHp 309 | chosen 15,14 | walk - | weapon Rune Crossbow | untilShot 5 | target TzKal-Zuk[zuk] | gate ok | overhead none | JalTok-Jad@24,25 TAGGED; TzKal-Zuk@22,8 TAGGED
FIRED t1698 | 15,14 | Rune Crossbow | TzKal-Zuk
t1699 | 15,14 | 10..14|E|frz4 | zukIn 5 | setIn 53 | zukHp 309 | chosen 15,14 | walk - | weapon Rune Crossbow | untilShot 4 | target TzKal-Zuk[zuk] | gate ok | overhead none | JalTok-Jad@24,25 TAGGED; TzKal-Zuk@22,8 TAGGED
t1700 | 15,14 | 10..14|E|frz3 | zukIn 4 | setIn 52 | zukHp 309 | chosen 15,14 | walk - | weapon Rune Crossbow | untilShot 3 | target TzKal-Zuk[zuk] | gate ok | overhead none | JalTok-Jad@24,25 TAGGED; TzKal-Zuk@22,8 TAGGED
t1701 | 15,14 | 10..14|E|frz2 | zukIn 3 | setIn 51 | zukHp 299 | chosen 15,14 | walk - | weapon Rune Crossbow | untilShot 2 | target TzKal-Zuk[zuk] | gate ok | overhead none | JalTok-Jad@24,25 TAGGED; TzKal-Zuk@22,8 TAGGED
t1702 | 15,14 | 10..14|E|frz1 | zukIn 2 | setIn 50 | zukHp 299 | chosen 15,14 | walk - | weapon Rune Crossbow | untilShot 1 | target TzKal-Zuk[zuk] | gate ok | overhead Protect from Range | JalTok-Jad@24,25 TAGGED; TzKal-Zuk@22,8 TAGGED
t1703 | 15,14 | 10..14|E|frz0 | zukIn 1 | setIn 49 | zukHp 299 | chosen 15,14 | walk - | weapon Rune Crossbow | untilShot 5 | target TzKal-Zuk[zuk] | gate ok | overhead none | JalTok-Jad@24,25 TAGGED; TzKal-Zuk@22,8 TAGGED
FIRED t1703 | 15,14 | Rune Crossbow | TzKal-Zuk
t1704 | 15,14 | 11..15|E|frz-1 | zukIn 7 | setIn 48 | zukHp 299 | chosen 22,14 | walk ->22,14 | weapon Rune Crossbow | untilShot 4 | target -[-] | gate - | overhead none | JalTok-Jad@24,25 TAGGED; TzKal-Zuk@22,8 TAGGED
t1705 | 17,14 | 12..16|E|frz-2 | zukIn 6 | setIn 47 | zukHp 299 | chosen 22,14 | walk ->22,14 | weapon Rune Crossbow | untilShot 3 | target TzKal-Zuk[zuk] | gate - | overhead none | JalTok-Jad@24,25 TAGGED; TzKal-Zuk@22,8 TAGGED
t1706 | 19,14 | 13..17|E|frz-3 | zukIn 5 | setIn 46 | zukHp 299 | chosen 22,14 | walk ->22,14 | weapon Rune Crossbow | untilShot 2 | target TzKal-Zuk[zuk] | gate ok | overhead none | JalTok-Jad@24,25 TAGGED; TzKal-Zuk@22,8 TAGGED
t1707 | 21,14 | 14..18|E|frz-4 | zukIn 4 | setIn 45 | zukHp 299 | chosen 22,14 | walk ->22,14 | weapon Rune Crossbow | untilShot 1 | target TzKal-Zuk[zuk] | gate ok | overhead none | JalTok-Jad@24,25 TAGGED; TzKal-Zuk@22,8 TAGGED
t1708 | 21,14 | 15..19|E|frz-5 | zukIn 3 | setIn 44 | zukHp 299 | chosen 22,14 | walk ->22,14 | weapon Rune Crossbow | untilShot 5 | target -[-] | gate - | overhead none | JalTok-Jad@24,25 TAGGED; TzKal-Zuk@22,8 TAGGED
FIRED t1708 | 21,14 | Rune Crossbow | TzKal-Zuk
t1709 | 22,14 | 16..20|E|frz-6 | zukIn 2 | setIn 43 | zukHp 299 | chosen 22,14 | walk - | weapon Rune Crossbow | untilShot 4 | target TzKal-Zuk[zuk] | gate ok | overhead none | JalTok-Jad@24,25 TAGGED; TzKal-Zuk@22,8 TAGGED
t1710 | 22,14 | 17..21|E|frz-7 | zukIn 1 | setIn 42 | zukHp 299 | chosen 22,14 | walk - | weapon Rune Crossbow | untilShot 3 | target TzKal-Zuk[zuk] | gate ok | overhead Protect from Magic | JalTok-Jad@24,25 TAGGED; TzKal-Zuk@22,8 TAGGED
t1711 | 22,14 | 18..22|E|frz-8 | zukIn 7 | setIn 41 | zukHp 299 | chosen 29,14 | walk ->29,14 | weapon Rune Crossbow | untilShot 2 | target -[-] | gate - | overhead none | JalTok-Jad@24,25 TAGGED; TzKal-Zuk@22,8 TAGGED
t1712 | 24,14 | 19..23|E|frz-9 | zukIn 6 | setIn 40 | zukHp 299 | chosen 29,14 | walk ->29,14 | weapon Rune Crossbow | untilShot 1 | target TzKal-Zuk[zuk] | gate ok | overhead none | JalTok-Jad@24,25 TAGGED; TzKal-Zuk@22,8 TAGGED
t1713 | 24,14 | 20..24|E|frz-10 | zukIn 5 | setIn 39 | zukHp 299 | chosen 29,14 | walk ->29,14 | weapon Rune Crossbow | untilShot 5 | target -[-] | gate - | overhead none | JalTok-Jad@24,25 TAGGED; TzKal-Zuk@22,8 TAGGED
FIRED t1713 | 24,14 | Rune Crossbow | TzKal-Zuk
t1714 | 26,14 | 21..25|E|frz-11 | zukIn 4 | setIn 38 | zukHp 299 | chosen 29,14 | walk ->29,14 | weapon Rune Crossbow | untilShot 4 | target TzKal-Zuk[zuk] | gate ok | overhead none | JalTok-Jad@24,25 TAGGED; TzKal-Zuk@22,8 TAGGED
t1715 | 28,14 | 22..26|E|frz-12 | zukIn 3 | setIn 37 | zukHp 299 | chosen 29,14 | walk ->29,14 | weapon Rune Crossbow | untilShot 3 | target TzKal-Zuk[zuk] | gate ok | overhead none | JalTok-Jad@24,25 TAGGED; TzKal-Zuk@22,8 TAGGED
t1716 | 29,14 | 23..27|E|frz-13 | zukIn 2 | setIn 36 | zukHp 299 | chosen 29,14 | walk - | weapon Rune Crossbow | untilShot 2 | target TzKal-Zuk[zuk] | gate ok | overhead none | JalTok-Jad@24,25 TAGGED; TzKal-Zuk@22,8 TAGGED
t1717 | 29,14 | 24..28|E|frz-14 | zukIn 1 | setIn 35 | zukHp 299 | chosen 29,14 | walk - | weapon Rune Crossbow | untilShot 1 | target TzKal-Zuk[zuk] | gate ok | overhead none | JalTok-Jad@24,25 TAGGED; TzKal-Zuk@22,8 TAGGED
t1718 | 29,14 | 25..29|E|frz-15 | zukIn 7 | setIn 34 | zukHp 299 | chosen 35,14 | walk ->35,14 | weapon Rune Crossbow | untilShot 5 | target -[-] | gate - | overhead Protect from Range | JalTok-Jad@24,25 TAGGED; TzKal-Zuk@22,8 TAGGED
FIRED t1718 | 29,14 | Rune Crossbow | TzKal-Zuk
t1719 | 31,14 | 26..30|E|frz-16 | zukIn 6 | setIn 33 | zukHp 299 | chosen 35,14 | walk ->35,14 | weapon Rune Crossbow | untilShot 4 | target TzKal-Zuk[zuk] | gate ok | overhead none | JalTok-Jad@24,25 TAGGED; TzKal-Zuk@22,8 TAGGED
t1720 | 33,14 | 27..31|E|frz-17 | zukIn 5 | setIn 32 | zukHp 299 | chosen 35,14 | walk ->35,14 | weapon Rune Crossbow | untilShot 3 | target TzKal-Zuk[zuk] | gate - | overhead none | JalTok-Jad@24,25 TAGGED; TzKal-Zuk@22,8 TAGGED
t1721 | 35,14 | 28..32|E|frz-18 | zukIn 4 | setIn 31 | zukHp 291 | chosen 35,14 | walk - | weapon Rune Crossbow | untilShot 2 | target TzKal-Zuk[zuk] | gate ok | overhead none | JalTok-Jad@24,25 TAGGED; TzKal-Zuk@22,8 TAGGED
t1722 | 35,14 | 29..33|E|frz-19 | zukIn 3 | setIn 30 | zukHp 291 | chosen 35,14 | walk - | weapon Rune Crossbow | untilShot 1 | target TzKal-Zuk[zuk] | gate ok | overhead none | JalTok-Jad@24,25 TAGGED; TzKal-Zuk@22,8 TAGGED
t1723 | 35,14 | 30..34|E|frz-20 | zukIn 2 | setIn 29 | zukHp 291 | chosen 35,14 | walk - | weapon Rune Crossbow | untilShot 5 | target TzKal-Zuk[zuk] | gate ok | overhead none | JalTok-Jad@24,25 TAGGED; TzKal-Zuk@22,8 TAGGED
FIRED t1723 | 35,14 | Rune Crossbow | TzKal-Zuk
t1724 | 35,14 | 31..35|E|frz-21 | zukIn 1 | setIn 28 | zukHp 291 | chosen 35,14 | walk - | weapon Rune Crossbow | untilShot 4 | target TzKal-Zuk[zuk] | gate ok | overhead none | JalTok-Jad@24,25 TAGGED; TzKal-Zuk@22,8 TAGGED
t1725 | 35,14 | 32..36|E|frz-22 | zukIn 7 | setIn 27 | zukHp 291 | chosen 36,14 | walk ->36,14 | weapon Rune Crossbow | untilShot 3 | target -[-] | gate - | overhead none | JalTok-Jad@24,25 TAGGED; TzKal-Zuk@22,8 TAGGED
t1726 | 36,14 | 33..37|E|frz-23 | zukIn 6 | setIn 26 | zukHp 291 | chosen 35,14 | walk ->35,14 | weapon Rune Crossbow | untilShot 2 | target -[-] | gate - | overhead Protect from Magic | JalTok-Jad@24,25 TAGGED; TzKal-Zuk@22,8 TAGGED
t1727 | 35,14 | 34..38|E|frz-24 | zukIn 5 | setIn 25 | zukHp 291 | chosen 35,14 | walk - | weapon Rune Crossbow | untilShot 1 | target TzKal-Zuk[zuk] | gate ok | overhead none | JalTok-Jad@24,25 TAGGED; TzKal-Zuk@22,8 TAGGED
t1728 | 35,14 | 35..39|E|frz-25 | zukIn 4 | setIn 24 | zukHp 291 | chosen 36,14 | walk ->36,14 | weapon Rune Crossbow | untilShot 5 | target -[-] | gate - | overhead none | JalTok-Jad@24,25 TAGGED; TzKal-Zuk@22,8 TAGGED
FIRED t1728 | 35,14 | Rune Crossbow | TzKal-Zuk
t1729 | 36,14 | 36..40|W|frz4 | zukIn 3 | setIn 23 | zukHp 291 | chosen 36,14 | walk - | weapon Rune Crossbow | untilShot 4 | target TzKal-Zuk[zuk] | gate - | overhead none | JalTok-Jad@24,25 TAGGED; TzKal-Zuk@22,8 TAGGED
t1730 | 36,14 | 36..40|W|frz3 | zukIn 2 | setIn 22 | zukHp 291 | chosen 36,14 | walk - | weapon Rune Crossbow | untilShot 3 | target TzKal-Zuk[zuk] | gate - | overhead none | JalTok-Jad@24,25 TAGGED; TzKal-Zuk@22,8 TAGGED
t1731 | 36,14 | 36..40|W|frz2 | zukIn 1 | setIn 21 | zukHp 291 | chosen 36,14 | walk - | weapon Rune Crossbow | untilShot 2 | target TzKal-Zuk[zuk] | gate - | overhead none | JalTok-Jad@24,25 TAGGED; TzKal-Zuk@22,8 TAGGED
t1732 | 36,14 | 36..40|W|frz1 | zukIn 7 | setIn 20 | zukHp 291 | chosen 30,14 | walk ->30,14 | weapon Rune Crossbow | untilShot 1 | target -[-] | gate - | overhead none | JalTok-Jad@24,25 TAGGED; TzKal-Zuk@22,8 TAGGED
t1733 | 34,14 | 36..40|W|frz0 | zukIn 6 | setIn 19 | zukHp 291 | chosen 30,14 | walk ->30,14 | weapon Rune Crossbow | untilShot 1 | target TzKal-Zuk[zuk] | gate - | overhead none | JalTok-Jad@24,25 TAGGED; TzKal-Zuk@22,8 TAGGED
t1734 | 32,14 | 35..39|W|frz-1 | zukIn 5 | setIn 18 | zukHp 291 | chosen 30,14 | walk ->30,14 | weapon Rune Crossbow | untilShot 1 | target TzKal-Zuk[zuk] | gate - | overhead Protect from Range | JalTok-Jad@24,25 TAGGED; TzKal-Zuk@22,8 TAGGED
t1735 | 30,14 | 34..38|W|frz-2 | zukIn 4 | setIn 17 | zukHp 291 | chosen 30,14 | walk - | weapon Rune Crossbow | untilShot 1 | target TzKal-Zuk[zuk] | gate ok | overhead none | JalTok-Jad@24,25 TAGGED; TzKal-Zuk@22,8 TAGGED
t1736 | 30,14 | 33..37|W|frz-3 | zukIn 3 | setIn 16 | zukHp 291 | chosen 30,14 | walk - | weapon Rune Crossbow | untilShot 5 | target TzKal-Zuk[zuk] | gate ok | overhead none | JalTok-Jad@24,25 TAGGED; TzKal-Zuk@22,8 TAGGED
FIRED t1736 | 30,14 | Rune Crossbow | TzKal-Zuk
t1737 | 30,14 | 32..36|W|frz-4 | zukIn 2 | setIn 15 | zukHp 291 | chosen 30,14 | walk - | weapon Rune Crossbow | untilShot 4 | target TzKal-Zuk[zuk] | gate ok | overhead none | JalTok-Jad@24,25 TAGGED; TzKal-Zuk@22,8 TAGGED
t1738 | 30,14 | 31..35|W|frz-5 | zukIn 1 | setIn 14 | zukHp 291 | chosen 30,14 | walk - | weapon Rune Crossbow | untilShot 3 | target TzKal-Zuk[zuk] | gate ok | overhead none | JalTok-Jad@24,25 TAGGED; TzKal-Zuk@22,8 TAGGED
t1739 | 30,14 | 30..34|W|frz-6 | zukIn 7 | setIn 13 | zukHp 291 | chosen 23,14 | walk ->23,14 | weapon Rune Crossbow | untilShot 2 | target -[-] | gate - | overhead none | JalTok-Jad@24,25 TAGGED; TzKal-Zuk@22,8 TAGGED
t1740 | 28,14 | 29..33|W|frz-7 | zukIn 6 | setIn 12 | zukHp 291 | chosen 23,14 | walk ->23,14 | weapon Rune Crossbow | untilShot 1 | target TzKal-Zuk[zuk] | gate ok | overhead none | JalTok-Jad@24,25 TAGGED; TzKal-Zuk@22,8 TAGGED
t1741 | 28,14 | 28..32|W|frz-8 | zukIn 5 | setIn 11 | zukHp 291 | chosen 23,14 | walk ->23,14 | weapon Rune Crossbow | untilShot 5 | target -[-] | gate - | overhead none | JalTok-Jad@24,25 TAGGED; TzKal-Zuk@22,8 TAGGED
FIRED t1741 | 28,14 | Rune Crossbow | TzKal-Zuk
t1742 | 26,14 | 27..31|W|frz-9 | zukIn 4 | setIn 10 | zukHp 291 | chosen 23,14 | walk ->23,14 | weapon Rune Crossbow | untilShot 4 | target TzKal-Zuk[zuk] | gate ok | overhead Protect from Range | JalTok-Jad@24,25 TAGGED; TzKal-Zuk@22,8 TAGGED
t1743 | 24,14 | 26..30|W|frz-10 | zukIn 3 | setIn 9 | zukHp 291 | chosen 23,14 | walk ->23,14 | weapon Rune Crossbow | untilShot 3 | target TzKal-Zuk[zuk] | gate ok | overhead none | JalTok-Jad@24,25 TAGGED; TzKal-Zuk@22,8 TAGGED
t1744 | 23,14 | 25..29|W|frz-11 | zukIn 2 | setIn 8 | zukHp 283 | chosen 23,14 | walk - | weapon Rune Crossbow | untilShot 2 | target TzKal-Zuk[zuk] | gate ok | overhead none | JalTok-Jad@24,25 TAGGED; TzKal-Zuk@22,8 TAGGED
t1745 | 23,14 | 24..28|W|frz-12 | zukIn 1 | setIn 7 | zukHp 283 | chosen 23,14 | walk - | weapon Rune Crossbow | untilShot 1 | target TzKal-Zuk[zuk] | gate ok | overhead none | JalTok-Jad@24,25 TAGGED; TzKal-Zuk@22,8 TAGGED
t1746 | 23,14 | 23..27|W|frz-13 | zukIn 7 | setIn 6 | zukHp 283 | chosen 19,14 | walk ->19,14 | weapon Rune Crossbow | untilShot 5 | target -[-] | gate - | overhead none | JalTok-Jad@24,25 TAGGED; TzKal-Zuk@22,8 TAGGED
FIRED t1746 | 23,14 | Rune Crossbow | TzKal-Zuk
t1747 | 21,14 | 22..26|W|frz-14 | zukIn 6 | setIn 5 | zukHp 283 | chosen 19,14 | walk ->19,14 | weapon Rune Crossbow | untilShot 4 | target TzKal-Zuk[zuk] | gate ok | overhead none | JalTok-Jad@24,25 TAGGED; TzKal-Zuk@22,8 TAGGED
t1748 | 19,14 | 21..25|W|frz-15 | zukIn 5 | setIn 4 | zukHp 283 | chosen 19,14 | walk - | weapon Rune Crossbow | untilShot 3 | target TzKal-Zuk[zuk] | gate ok | overhead none | JalTok-Jad@24,25 TAGGED; TzKal-Zuk@22,8 TAGGED
t1749 | 19,14 | 20..24|W|frz-16 | zukIn 4 | setIn 3 | zukHp 275 | chosen 16,14 | walk ->16,14 | weapon Rune Crossbow | untilShot 2 | target -[-] | gate - | overhead none | JalTok-Jad@24,25 TAGGED; TzKal-Zuk@22,8 TAGGED
t1750 | 17,14 | 19..23|W|frz-17 | zukIn 3 | setIn 2 | zukHp 275 | chosen 16,14 | walk ->16,14 | weapon Rune Crossbow | untilShot 1 | target TzKal-Zuk[zuk] | gate - | overhead Protect from Magic | JalTok-Jad@24,25 TAGGED; TzKal-Zuk@22,8 TAGGED
t1751 | 16,14 | 18..22|W|frz-18 | zukIn 2 | setIn 1 | zukHp 275 | chosen 16,14 | walk - | weapon Rune Crossbow | untilShot 1 | target TzKal-Zuk[zuk] | gate - | overhead none | JalTok-Jad@24,25 TAGGED; TzKal-Zuk@22,8 TAGGED
t1752 | 16,14 | 17..21|W|frz-19 | zukIn 1 | setIn 0 | zukHp 275 | chosen 16,14 | walk - | weapon Rune Crossbow | untilShot 1 | target TzKal-Zuk[zuk] | gate - | overhead none | JalTok-Jad@24,25 TAGGED; TzKal-Zuk@22,8 TAGGED; Zek@20,21 onShield; Xil@29,21 onShield
t1753 | 16,14 | 16..20|W|frz-20 | zukIn 7 | setIn 349 | zukHp 275 | chosen 14,14 | walk ->14,14 | weapon Rune Crossbow | untilShot 1 | target -[-] | gate - | overhead none | Zek@20,21 onShield; Xil@29,21 onShield; JalTok-Jad@24,25 TAGGED; TzKal-Zuk@22,8 TAGGED
t1754 | 14,14 | 15..19|W|frz-21 | zukIn 6 | setIn 348 | zukHp 275 | chosen 14,14 | walk - | weapon Rune Crossbow | untilShot 1 | target Jal-Zek[untagged-tag] | gate ok | overhead none | Zek@20,21 onShield; Xil@29,21 onShield; JalTok-Jad@24,25 TAGGED; TzKal-Zuk@22,8 TAGGED
t1755 | 14,14 | 14..18|W|frz-22 | zukIn 5 | setIn 347 | zukHp 275 | chosen 14,14 | walk - | weapon Rune Crossbow | untilShot 5 | target Jal-Zek[untagged-tag] | gate ok | overhead none | Zek@20,21 onShield; Xil@29,21 onShield; JalTok-Jad@24,25 TAGGED; TzKal-Zuk@22,8 TAGGED
FIRED t1755 | 14,14 | Rune Crossbow | Jal-Zek
t1756 | 14,14 | 13..17|W|frz-23 | zukIn 4 | setIn 346 | zukHp 275 | chosen 14,14 | walk - | weapon Rune Crossbow | untilShot 4 | target Jal-Zek[untagged-tag] | gate ok | overhead none | Zek@20,21 onShield; Xil@29,21 onShield; JalTok-Jad@24,25 TAGGED; TzKal-Zuk@22,8 TAGGED
t1757 | 14,14 | 12..16|W|frz-24 | zukIn 3 | setIn 345 | zukHp 275 | chosen 14,14 | walk - | weapon Rune Crossbow | untilShot 3 | target Jal-Zek[untagged-tag] | gate ok | overhead none | Zek@20,21 onShield; Xil@29,21 onShield; JalTok-Jad@24,25 TAGGED; TzKal-Zuk@22,8 TAGGED
t1758 | 14,14 | 11..15|W|frz-25 | zukIn 2 | setIn 344 | zukHp 275 | chosen 14,14 | walk - | weapon Rune Crossbow | untilShot 2 | target Jal-Zek[mager-kill] | gate - | overhead Protect from Magic | Zek@20,21 TAGGED; Xil@29,21 onShield; JalTok-Jad@24,25 TAGGED; TzKal-Zuk@22,8 TAGGED
t1759 | 14,14 | 10..14|E|frz4 | zukIn 1 | setIn 343 | zukHp 275 | chosen 14,14 | walk - | weapon Rune Crossbow | untilShot 1 | target Jal-Zek[mager-kill] | gate - | overhead none | Zek@20,21 TAGGED; Xil@29,21 onShield; JalTok-Jad@24,25 TAGGED; TzKal-Zuk@22,8 TAGGED
t1760 | 14,14 | 10..14|E|frz3 | zukIn 7 | setIn 342 | zukHp 275 | chosen 18,14 | walk ->18,14 | weapon Rune Crossbow | untilShot 1 | target -[-] | gate - | overhead Protect from Magic | Zek@20,21 TAGGED; Xil@29,21 onShield; JalTok-Jad@24,25 TAGGED; TzKal-Zuk@22,8 TAGGED
t1761 | 16,14 | 10..14|E|frz2 | zukIn 6 | setIn 341 | zukHp 275 | chosen 18,14 | walk ->18,14 | weapon Rune Crossbow | untilShot 1 | target Jal-Zek[mager-kill] | gate - | overhead none | Zek@20,21 TAGGED; Xil@29,21 onShield; JalTok-Jad@24,25 TAGGED; TzKal-Zuk@22,8 TAGGED
t1762 | 18,14 | 10..14|E|frz1 | zukIn 5 | setIn 340 | zukHp 275 | chosen 18,14 | walk - | weapon Rune Crossbow | untilShot 1 | target Jal-Zek[mager-kill] | gate - | overhead none | Zek@20,21 TAGGED; Xil@29,21 onShield; JalTok-Jad@24,25 TAGGED; TzKal-Zuk@22,8 TAGGED
t1763 | 18,14 | 10..14|E|frz0 | zukIn 4 | setIn 339 | zukHp 275 | chosen 18,14 | walk - | weapon Rune Crossbow | untilShot 1 | target Jal-Zek[mager-kill] | gate - | overhead none | Zek@20,21 TAGGED; Xil@29,21 onShield; JalTok-Jad@24,25 TAGGED; TzKal-Zuk@22,8 TAGGED
t1764 | 18,14 | 11..15|E|frz-1 | zukIn 3 | setIn 338 | zukHp 275 | chosen 18,14 | walk - | weapon Rune Crossbow | untilShot 1 | target Jal-Zek[mager-kill] | gate - | overhead Protect from Magic | Zek@20,21 TAGGED; Xil@29,21 onShield; JalTok-Jad@24,25 TAGGED; TzKal-Zuk@22,8 TAGGED
t1765 | 18,14 | 12..16|E|frz-2 | zukIn 2 | setIn 337 | zukHp 275 | chosen 18,14 | walk - | weapon Rune Crossbow | untilShot 1 | target Jal-Zek[mager-kill] | gate - | overhead none | Zek@20,21 TAGGED; Xil@29,21 onShield; JalTok-Jad@24,25 TAGGED; TzKal-Zuk@22,8 TAGGED
t1766 | 18,14 | 13..17|E|frz-3 | zukIn 1 | setIn 336 | zukHp 275 | chosen 18,14 | walk - | weapon Rune Crossbow | untilShot 1 | target Jal-Zek[mager-kill] | gate - | overhead Protect from Range | Zek@20,21 TAGGED; Xil@29,21 onShield; JalTok-Jad@24,25 TAGGED; TzKal-Zuk@22,8 TAGGED
t1767 | 18,14 | 14..18|E|frz-4 | zukIn 7 | setIn 335 | zukHp 275 | chosen 25,14 | walk ->25,14 | weapon Rune Crossbow | untilShot 1 | target -[-] | gate - | overhead none | Zek@20,21 TAGGED; Xil@29,21 onShield; JalTok-Jad@24,25 TAGGED; TzKal-Zuk@22,8 TAGGED
t1768 | 20,14 | 15..19|E|frz-5 | zukIn 6 | setIn 334 | zukHp 275 | chosen 25,14 | walk ->25,14 | weapon Rune Crossbow | untilShot 1 | target Jal-Zek[mager-kill] | gate - | overhead Protect from Magic | Zek@20,21 TAGGED; Xil@29,21 onShield; JalTok-Jad@24,25 TAGGED; TzKal-Zuk@22,8 TAGGED
t1769 | 22,14 | 16..20|E|frz-6 | zukIn 5 | setIn 333 | zukHp 275 | chosen 25,14 | walk ->25,14 | weapon Rune Crossbow | untilShot 1 | target Jal-Xil[untagged-tag] | gate ok | overhead none | Zek@20,21 TAGGED; Xil@29,21 onShield; JalTok-Jad@24,25 TAGGED; TzKal-Zuk@22,8 TAGGED
t1770 | 22,14 | 17..21|E|frz-7 | zukIn 4 | setIn 332 | zukHp 275 | chosen 25,14 | walk ->25,14 | weapon Rune Crossbow | untilShot 5 | target -[-] | gate - | overhead none | Zek@20,21 TAGGED; Xil@29,21 onShield; JalTok-Jad@24,25 TAGGED; TzKal-Zuk@22,8 TAGGED
FIRED t1770 | 22,14 | Rune Crossbow | Jal-Xil
t1771 | 24,14 | 18..22|E|frz-8 | zukIn 3 | setIn 331 | zukHp 275 | chosen 25,14 | walk ->25,14 | weapon Rune Crossbow | untilShot 4 | target Jal-Xil[untagged-tag] | gate ok | overhead none | Zek@20,21 TAGGED; Xil@29,21 onShield; JalTok-Jad@24,25 TAGGED; TzKal-Zuk@22,8 TAGGED
t1772 | 25,14 | 19..23|E|frz-9 | zukIn 2 | setIn 330 | zukHp 275 | chosen 25,14 | walk - | weapon Rune Crossbow | untilShot 3 | target Jal-Xil[untagged-tag] | gate ok | overhead Protect from Magic | Zek@20,21 TAGGED; Xil@29,21 onShield; JalTok-Jad@24,25 TAGGED; TzKal-Zuk@22,8 TAGGED
t1773 | 25,14 | 20..24|E|frz-10 | zukIn 1 | setIn 329 | zukHp 275 | chosen 25,14 | walk - | weapon Rune Crossbow | untilShot 2 | target Jal-Xil[ranger-kill] | gate ok | overhead none | Zek@20,21 TAGGED; Xil@29,21 TAGGED; JalTok-Jad@24,25 TAGGED; TzKal-Zuk@22,8 TAGGED
t1774 | 25,14 | 21..25|E|frz-11 | zukIn 7 | setIn 328 | zukHp 275 | chosen 32,14 | walk ->32,14 | weapon Toxic Blowpipe | untilShot 1 | target -[-] | gate - | overhead Protect from Magic | Zek@20,21 TAGGED; Xil@29,21 TAGGED; JalTok-Jad@24,25 TAGGED; TzKal-Zuk@22,8 TAGGED
t1775 | 27,14 | 22..26|E|frz-12 | zukIn 6 | setIn 327 | zukHp 275 | chosen 32,14 | walk ->32,14 | weapon Toxic Blowpipe | untilShot 1 | target Jal-Xil[ranger-kill] | gate ok | overhead Protect from Range | Zek@20,21 TAGGED; Xil@29,21 TAGGED; JalTok-Jad@24,25 TAGGED; TzKal-Zuk@22,8 TAGGED
t1776 | 27,14 | 23..27|E|frz-13 | zukIn 5 | setIn 326 | zukHp 275 | chosen 32,14 | walk ->32,14 | weapon Toxic Blowpipe | untilShot 2 | target -[-] | gate - | overhead Protect from Magic | Zek@20,21 TAGGED; Xil@29,21 TAGGED; JalTok-Jad@24,25 TAGGED; TzKal-Zuk@22,8 TAGGED
FIRED t1776 | 27,14 | Toxic Blowpipe | Jal-Xil
t1777 | 29,14 | 24..28|E|frz-14 | zukIn 4 | setIn 325 | zukHp 275 | chosen 32,14 | walk ->32,14 | weapon Toxic Blowpipe | untilShot 1 | target Jal-Xil[ranger-kill] | gate ok | overhead none | Zek@20,21 TAGGED; Xil@29,21 TAGGED; JalTok-Jad@24,25 TAGGED; TzKal-Zuk@22,8 TAGGED
t1778 | 29,14 | 25..29|E|frz-15 | zukIn 3 | setIn 324 | zukHp 275 | chosen 32,14 | walk ->32,14 | weapon Toxic Blowpipe | untilShot 2 | target -[-] | gate - | overhead none | Zek@20,21 TAGGED; Xil@29,21 TAGGED; JalTok-Jad@24,25 TAGGED; TzKal-Zuk@22,8 TAGGED
FIRED t1778 | 29,14 | Toxic Blowpipe | Jal-Xil
t1779 | 31,14 | 26..30|E|frz-16 | zukIn 2 | setIn 323 | zukHp 275 | chosen 32,14 | walk ->32,14 | weapon Toxic Blowpipe | untilShot 1 | target Jal-Xil[ranger-kill] | gate ok | overhead Protect from Range | Zek@20,21 TAGGED; Xil@29,21 TAGGED; JalTok-Jad@24,25 TAGGED; TzKal-Zuk@22,8 TAGGED
t1780 | 31,14 | 27..31|E|frz-17 | zukIn 1 | setIn 322 | zukHp 275 | chosen 31,14 | walk - | weapon Toxic Blowpipe | untilShot 2 | target Jal-Xil[ranger-kill] | gate ok | overhead Protect from Magic | Zek@20,21 TAGGED; Xil@29,21 TAGGED; JalTok-Jad@24,25 TAGGED; TzKal-Zuk@22,8 TAGGED
FIRED t1780 | 31,14 | Toxic Blowpipe | Jal-Xil
t1781 | 31,14 | 28..32|E|frz-18 | zukIn 7 | setIn 321 | zukHp 275 | chosen 36,14 | walk ->36,14 | weapon Toxic Blowpipe | untilShot 1 | target -[-] | gate - | overhead none | Zek@20,21 TAGGED; Xil@29,21 TAGGED; JalTok-Jad@24,25 TAGGED; TzKal-Zuk@22,8 TAGGED
t1782 | 33,14 | 29..33|E|frz-19 | zukIn 6 | setIn 320 | zukHp 275 | chosen 36,14 | walk ->36,14 | weapon Toxic Blowpipe | untilShot 1 | target Jal-Xil[ranger-kill] | gate ok | overhead Protect from Range | Zek@20,21 TAGGED; Xil@29,21 TAGGED; JalTok-Jad@24,25 TAGGED; TzKal-Zuk@22,8 TAGGED
t1783 | 33,14 | 30..34|E|frz-20 | zukIn 5 | setIn 319 | zukHp 275 | chosen 36,14 | walk ->36,14 | weapon Toxic Blowpipe | untilShot 2 | target -[-] | gate - | overhead Protect from Range | Zek@20,21 TAGGED; Xil@29,21 TAGGED; JalTok-Jad@24,25 TAGGED; TzKal-Zuk@22,8 TAGGED
FIRED t1783 | 33,14 | Toxic Blowpipe | Jal-Xil
t1784 | 35,14 | 31..35|E|frz-21 | zukIn 4 | setIn 318 | zukHp 275 | chosen 36,14 | walk ->36,14 | weapon Toxic Blowpipe | untilShot 1 | target Jal-Xil[ranger-kill] | gate ok | overhead Protect from Magic | Zek@20,21 TAGGED; Xil@29,21 TAGGED; JalTok-Jad@24,25 TAGGED; TzKal-Zuk@22,8 TAGGED
t1785 | 35,14 | 32..36|E|frz-22 | zukIn 3 | setIn 317 | zukHp 275 | chosen 36,14 | walk ->36,14 | weapon Toxic Blowpipe | untilShot 2 | target -[-] | gate - | overhead none | Zek@20,21 TAGGED; Xil@29,21 TAGGED; JalTok-Jad@24,25 TAGGED; TzKal-Zuk@22,8 TAGGED
FIRED t1785 | 35,14 | Toxic Blowpipe | Jal-Xil
t1786 | 36,14 | 33..37|E|frz-23 | zukIn 2 | setIn 316 | zukHp 275 | chosen 36,14 | walk - | weapon Toxic Blowpipe | untilShot 1 | target Jal-Xil[ranger-kill] | gate ok | overhead none | Zek@20,21 TAGGED; Xil@29,21 TAGGED; JalTok-Jad@24,25 TAGGED; TzKal-Zuk@22,8 TAGGED
t1787 | 36,14 | 34..38|E|frz-24 | zukIn 1 | setIn 315 | zukHp 275 | chosen 36,14 | walk - | weapon Toxic Blowpipe | untilShot 2 | target Jal-Xil[ranger-kill] | gate ok | overhead Protect from Range | Zek@20,21 TAGGED; Xil@29,21 TAGGED; JalTok-Jad@24,25 TAGGED; TzKal-Zuk@22,8 TAGGED
FIRED t1787 | 36,14 | Toxic Blowpipe | Jal-Xil
t1788 | 36,14 | 35..39|E|frz-25 | zukIn 7 | setIn 314 | zukHp 275 | chosen 34,14 | walk ->34,14 | weapon Toxic Blowpipe | untilShot 1 | target -[-] | gate - | overhead Protect from Magic | Zek@20,21 TAGGED; Xil@29,21 TAGGED; JalTok-Jad@24,25 TAGGED; TzKal-Zuk@22,8 TAGGED
t1789 | 34,14 | 36..40|W|frz4 | zukIn 6 | setIn 313 | zukHp 275 | chosen 34,14 | walk - | weapon Toxic Blowpipe | untilShot 1 | target Jal-Xil[ranger-kill] | gate ok | overhead none | Zek@20,21 TAGGED; Xil@29,21 TAGGED; JalTok-Jad@24,25 TAGGED; TzKal-Zuk@22,8 TAGGED
t1790 | 34,14 | 36..40|W|frz3 | zukIn 5 | setIn 312 | zukHp 275 | chosen 34,14 | walk - | weapon Toxic Blowpipe | untilShot 2 | target Jal-Xil[ranger-kill] | gate ok | overhead Protect from Range | Zek@20,21 TAGGED; Xil@29,21 TAGGED; JalTok-Jad@24,25 TAGGED; TzKal-Zuk@22,8 TAGGED
FIRED t1790 | 34,14 | Toxic Blowpipe | Jal-Xil
t1791 | 34,14 | 36..40|W|frz2 | zukIn 4 | setIn 311 | zukHp 275 | chosen 34,14 | walk - | weapon Toxic Blowpipe | untilShot 1 | target Jal-Xil[ranger-kill] | gate ok | overhead Protect from Range | Zek@20,21 TAGGED; Xil@29,21 TAGGED; JalTok-Jad@24,25 TAGGED; TzKal-Zuk@22,8 TAGGED
t1792 | 34,14 | 36..40|W|frz1 | zukIn 3 | setIn 310 | zukHp 275 | chosen 34,14 | walk - | weapon Toxic Blowpipe | untilShot 2 | target Jal-Xil[ranger-kill] | gate ok | overhead Protect from Magic | Zek@20,21 TAGGED; Xil@29,21 TAGGED; JalTok-Jad@24,25 TAGGED; TzKal-Zuk@22,8 TAGGED
FIRED t1792 | 34,14 | Toxic Blowpipe | Jal-Xil
t1793 | 34,14 | 36..40|W|frz0 | zukIn 2 | setIn 309 | zukHp 275 | chosen 34,14 | walk - | weapon Toxic Blowpipe | untilShot 1 | target Jal-Xil[ranger-kill] | gate ok | overhead none | Zek@20,21 TAGGED; Xil@29,21 TAGGED; JalTok-Jad@24,25 TAGGED; TzKal-Zuk@22,8 TAGGED
t1794 | 34,14 | 35..39|W|frz-1 | zukIn 1 | setIn 308 | zukHp 275 | chosen 34,14 | walk - | weapon Toxic Blowpipe | untilShot 2 | target Jal-Xil[ranger-kill] | gate ok | overhead none | Zek@20,21 TAGGED; Xil@29,21 TAGGED; JalTok-Jad@24,25 TAGGED; TzKal-Zuk@22,8 TAGGED
FIRED t1794 | 34,14 | Toxic Blowpipe | Jal-Xil
t1795 | 34,14 | 34..38|W|frz-2 | zukIn 7 | setIn 307 | zukHp 275 | chosen 27,14 | walk ->27,14 | weapon Toxic Blowpipe | untilShot 1 | target -[-] | gate - | overhead Protect from Range | Zek@20,21 TAGGED; Xil@29,21 TAGGED; JalTok-Jad@24,25 TAGGED; TzKal-Zuk@22,8 TAGGED
t1796 | 32,14 | 33..37|W|frz-3 | zukIn 6 | setIn 306 | zukHp 275 | chosen 27,14 | walk ->27,14 | weapon Toxic Blowpipe | untilShot 1 | target Jal-Xil[ranger-kill] | gate ok | overhead Protect from Magic | Zek@20,21 TAGGED; Xil@29,21 TAGGED; JalTok-Jad@24,25 TAGGED; TzKal-Zuk@22,8 TAGGED
t1797 | 32,14 | 32..36|W|frz-4 | zukIn 5 | setIn 305 | zukHp 275 | chosen 27,14 | walk ->27,14 | weapon Toxic Blowpipe | untilShot 2 | target -[-] | gate - | overhead none | Zek@20,21 TAGGED; Xil@29,21 TAGGED; JalTok-Jad@24,25 TAGGED; TzKal-Zuk@22,8 TAGGED
FIRED t1797 | 32,14 | Toxic Blowpipe | Jal-Xil
t1798 | 30,14 | 31..35|W|frz-5 | zukIn 4 | setIn 304 | zukHp 275 | chosen 27,14 | walk ->27,14 | weapon Toxic Blowpipe | untilShot 1 | target Jal-Xil[ranger-kill] | gate ok | overhead Protect from Range | Zek@20,21 TAGGED; Xil@29,21 TAGGED; JalTok-Jad@24,25 TAGGED; TzKal-Zuk@22,8 TAGGED
t1799 | 30,14 | 30..34|W|frz-6 | zukIn 3 | setIn 303 | zukHp 275 | chosen 27,14 | walk ->27,14 | weapon Toxic Blowpipe | untilShot 2 | target -[-] | gate - | overhead Protect from Range | Zek@20,21 TAGGED; Xil@29,21 TAGGED; JalTok-Jad@24,25 TAGGED; TzKal-Zuk@22,8 TAGGED
FIRED t1799 | 30,14 | Toxic Blowpipe | Jal-Xil
t1800 | 28,14 | 29..33|W|frz-7 | zukIn 2 | setIn 302 | zukHp 275 | chosen 27,14 | walk ->27,14 | weapon Toxic Blowpipe | untilShot 1 | target Jal-Xil[ranger-kill] | gate ok | overhead Protect from Magic | Zek@20,21 TAGGED; Xil@29,21 TAGGED; JalTok-Jad@24,25 TAGGED; TzKal-Zuk@22,8 TAGGED
t1801 | 28,14 | 28..32|W|frz-8 | zukIn 1 | setIn 301 | zukHp 275 | chosen 28,14 | walk - | weapon Toxic Blowpipe | untilShot 2 | target Jal-Xil[ranger-kill] | gate ok | overhead none | Zek@20,21 TAGGED; Xil@29,21 TAGGED; JalTok-Jad@24,25 TAGGED; TzKal-Zuk@22,8 TAGGED
FIRED t1801 | 28,14 | Toxic Blowpipe | Jal-Xil
t1802 | 28,14 | 27..31|W|frz-9 | zukIn 7 | setIn 300 | zukHp 275 | chosen 20,14 | walk ->20,14 | weapon Toxic Blowpipe | untilShot 1 | target -[-] | gate - | overhead none | Zek@20,21 TAGGED; Xil@29,21 TAGGED; JalTok-Jad@24,25 TAGGED; TzKal-Zuk@22,8 TAGGED
t1803 | 26,14 | 26..30|W|frz-10 | zukIn 6 | setIn 299 | zukHp 275 | chosen 20,14 | walk ->20,14 | weapon Toxic Blowpipe | untilShot 1 | target Jal-Xil[ranger-kill] | gate ok | overhead Protect from Range | Zek@20,21 TAGGED; Xil@29,21 TAGGED; JalTok-Jad@24,25 TAGGED; TzKal-Zuk@22,8 TAGGED
t1804 | 26,14 | 25..29|W|frz-11 | zukIn 5 | setIn 298 | zukHp 275 | chosen 20,14 | walk ->20,14 | weapon Toxic Blowpipe | untilShot 2 | target -[-] | gate - | overhead Protect from Magic | Zek@20,21 TAGGED; Xil@29,21 TAGGED; JalTok-Jad@24,25 TAGGED; TzKal-Zuk@22,8 TAGGED
FIRED t1804 | 26,14 | Toxic Blowpipe | Jal-Xil
t1805 | 24,14 | 24..28|W|frz-12 | zukIn 4 | setIn 297 | zukHp 275 | chosen 20,14 | walk ->20,14 | weapon Toxic Blowpipe | untilShot 1 | target Jal-Xil[ranger-kill] | gate ok | overhead none | Zek@20,21 TAGGED; Xil@29,21 TAGGED; JalTok-Jad@24,25 TAGGED; TzKal-Zuk@22,8 TAGGED
t1806 | 24,14 | 23..27|W|frz-13 | zukIn 3 | setIn 296 | zukHp 275 | chosen 20,14 | walk ->20,14 | weapon Toxic Blowpipe | untilShot 2 | target -[-] | gate - | overhead Protect from Magic | Zek@20,21 TAGGED; Xil@29,21 TAGGED; JalTok-Jad@24,25 TAGGED; TzKal-Zuk@22,8 TAGGED
FIRED t1806 | 24,14 | Toxic Blowpipe | Jal-Xil
t1807 | 22,14 | 22..26|W|frz-14 | zukIn 2 | setIn 295 | zukHp 275 | chosen 20,14 | walk ->20,14 | weapon Toxic Blowpipe | untilShot 1 | target Jal-Xil[ranger-kill] | gate ok | overhead Protect from Range | Zek@20,21 TAGGED; Xil@29,21 TAGGED; JalTok-Jad@24,25 TAGGED; TzKal-Zuk@22,8 TAGGED
t1808 | 20,14 | 21..25|W|frz-15 | zukIn 1 | setIn 294 | zukHp 275 | chosen 20,14 | walk - | weapon Rune Crossbow | untilShot 1 | target Jal-Zek[mager-kill] | gate ok | overhead Protect from Magic | Zek@20,21 TAGGED; Xil@29,21 TAGGED; JalTok-Jad@24,25 TAGGED; TzKal-Zuk@22,8 TAGGED
t1809 | 20,14 | 20..24|W|frz-16 | zukIn 7 | setIn 293 | zukHp 275 | chosen 16,14 | walk ->16,14 | weapon Rune Crossbow | untilShot 5 | target -[-] | gate - | overhead none | Zek@20,21 TAGGED; Xil@29,21 TAGGED; JalTok-Jad@24,25 TAGGED; TzKal-Zuk@22,8 TAGGED
FIRED t1809 | 20,14 | Rune Crossbow | Jal-Zek
t1810 | 18,14 | 19..23|W|frz-17 | zukIn 6 | setIn 292 | zukHp 275 | chosen 16,14 | walk ->16,14 | weapon Rune Crossbow | untilShot 4 | target Jal-Zek[mager-kill] | gate ok | overhead none | Zek@20,21 TAGGED; Xil@29,21 TAGGED; JalTok-Jad@24,25 TAGGED; TzKal-Zuk@22,8 TAGGED
t1811 | 16,14 | 18..22|W|frz-18 | zukIn 5 | setIn 291 | zukHp 275 | chosen 16,14 | walk - | weapon Rune Crossbow | untilShot 3 | target Jal-Zek[mager-kill] | gate ok | overhead Protect from Range | Zek@20,21 TAGGED; Xil@29,21 TAGGED; JalTok-Jad@24,25 TAGGED; TzKal-Zuk@22,8 TAGGED
t1812 | 16,14 | 17..21|W|frz-19 | zukIn 4 | setIn 290 | zukHp 275 | chosen 16,14 | walk - | weapon Rune Crossbow | untilShot 2 | target Jal-Zek[mager-kill] | gate ok | overhead Protect from Magic | Zek@20,21 TAGGED; Xil@29,21 TAGGED; JalTok-Jad@24,25 TAGGED; TzKal-Zuk@22,8 TAGGED
t1813 | 16,14 | 16..20|W|frz-20 | zukIn 3 | setIn 289 | zukHp 275 | chosen 16,14 | walk - | weapon Toxic Blowpipe | untilShot 1 | target Jal-Zek[mager-kill] | gate ok | overhead none | Zek@20,21 TAGGED; Xil@29,21 TAGGED; JalTok-Jad@24,25 TAGGED; TzKal-Zuk@22,8 TAGGED
t1814 | 16,14 | 15..19|W|frz-21 | zukIn 2 | setIn 288 | zukHp 275 | chosen 16,14 | walk - | weapon Toxic Blowpipe | untilShot 2 | target Jal-Zek[mager-kill] | gate ok | overhead Protect from Magic | Zek@20,21 TAGGED; Xil@29,21 TAGGED; JalTok-Jad@24,25 TAGGED; TzKal-Zuk@22,8 TAGGED
FIRED t1814 | 16,14 | Toxic Blowpipe | Jal-Zek
t1815 | 16,14 | 14..18|W|frz-22 | zukIn 1 | setIn 287 | zukHp 275 | chosen 16,14 | walk - | weapon Toxic Blowpipe | untilShot 1 | target Jal-Zek[mager-kill] | gate ok | overhead Protect from Range | Zek@20,21 TAGGED; Xil@29,21 TAGGED; JalTok-Jad@24,25 TAGGED; TzKal-Zuk@22,8 TAGGED
t1816 | 16,14 | 13..17|W|frz-23 | zukIn 7 | setIn 286 | zukHp 275 | chosen 14,14 | walk ->14,14 | weapon Toxic Blowpipe | untilShot 2 | target -[-] | gate - | overhead Protect from Magic | Zek@20,21 TAGGED; Xil@29,21 TAGGED; JalTok-Jad@24,25 TAGGED; TzKal-Zuk@22,8 TAGGED
FIRED t1816 | 16,14 | Toxic Blowpipe | Jal-Zek
t1817 | 14,14 | 12..16|W|frz-24 | zukIn 6 | setIn 285 | zukHp 275 | chosen 14,14 | walk - | weapon Toxic Blowpipe | untilShot 1 | target Jal-Zek[mager-kill] | gate ok | overhead none | Zek@20,21 TAGGED; Xil@29,21 TAGGED; JalTok-Jad@24,25 TAGGED; TzKal-Zuk@22,8 TAGGED
t1818 | 14,14 | 11..15|W|frz-25 | zukIn 5 | setIn 284 | zukHp 275 | chosen 14,14 | walk - | weapon Rune Crossbow | untilShot 1 | target Jal-Zek[mager-kill] | gate ok | overhead none | Zek@20,21 TAGGED; Xil@29,21 TAGGED; JalTok-Jad@24,25 TAGGED; TzKal-Zuk@22,8 TAGGED
t1819 | 14,14 | 10..14|E|frz4 | zukIn 4 | setIn 283 | zukHp 275 | chosen 14,14 | walk - | weapon Rune Crossbow | untilShot 5 | target Jal-Zek[mager-kill] | gate ok | overhead Protect from Range | Zek@20,21 TAGGED; Xil@29,21 TAGGED; JalTok-Jad@24,25 TAGGED; TzKal-Zuk@22,8 TAGGED
FIRED t1819 | 14,14 | Rune Crossbow | Jal-Zek
t1820 | 14,14 | 10..14|E|frz3 | zukIn 3 | setIn 282 | zukHp 275 | chosen 14,14 | walk - | weapon Rune Crossbow | untilShot 4 | target Jal-Zek[mager-kill] | gate ok | overhead Protect from Magic | Zek@20,21 TAGGED; Xil@29,21 TAGGED; JalTok-Jad@24,25 TAGGED; TzKal-Zuk@22,8 TAGGED
t1821 | 14,14 | 10..14|E|frz2 | zukIn 2 | setIn 281 | zukHp 275 | chosen 14,14 | walk - | weapon Rune Crossbow | untilShot 3 | target Jal-Zek[mager-kill] | gate ok | overhead none | Zek@20,21 TAGGED; Xil@29,21 TAGGED; JalTok-Jad@24,25 TAGGED; TzKal-Zuk@22,8 TAGGED
t1822 | 14,14 | 10..14|E|frz1 | zukIn 1 | setIn 280 | zukHp 275 | chosen 14,14 | walk - | weapon Rune Crossbow | untilShot 2 | target Jal-Zek[mager-kill] | gate ok | overhead Protect from Magic | Zek@20,21 TAGGED; Xil@29,21 TAGGED; JalTok-Jad@24,25 TAGGED; TzKal-Zuk@22,8 TAGGED
t1823 | 14,14 | 10..14|E|frz0 | zukIn 7 | setIn 279 | zukHp 275 | chosen 21,14 | walk ->21,14 | weapon Rune Crossbow | untilShot 1 | target -[-] | gate - | overhead Protect from Range | Zek@20,21 TAGGED; Xil@29,21 TAGGED; JalTok-Jad@24,25 TAGGED; TzKal-Zuk@22,8 TAGGED
t1824 | 16,14 | 11..15|E|frz-1 | zukIn 6 | setIn 278 | zukHp 275 | chosen 21,14 | walk ->21,14 | weapon Rune Crossbow | untilShot 1 | target Jal-Zek[mager-kill] | gate ok | overhead Protect from Magic | Zek@20,21 TAGGED; Xil@29,21 TAGGED; JalTok-Jad@24,25 TAGGED; TzKal-Zuk@22,8 TAGGED
t1825 | 16,14 | 12..16|E|frz-2 | zukIn 5 | setIn 277 | zukHp 275 | chosen 21,14 | walk ->21,14 | weapon Rune Crossbow | untilShot 5 | target -[-] | gate - | overhead none | Zek@20,21 TAGGED; Xil@29,21 TAGGED; JalTok-Jad@24,25 TAGGED; TzKal-Zuk@22,8 TAGGED
FIRED t1825 | 16,14 | Rune Crossbow | Jal-Zek
t1826 | 18,14 | 13..17|E|frz-3 | zukIn 4 | setIn 276 | zukHp 275 | chosen 21,14 | walk ->21,14 | weapon Rune Crossbow | untilShot 4 | target Jal-Zek[mager-kill] | gate ok | overhead none | Zek@20,21 TAGGED; Xil@29,21 TAGGED; JalTok-Jad@24,25 TAGGED; TzKal-Zuk@22,8 TAGGED
t1827 | 20,14 | 14..18|E|frz-4 | zukIn 3 | setIn 275 | zukHp 275 | chosen 21,14 | walk ->21,14 | weapon Rune Crossbow | untilShot 3 | target Jal-Zek[mager-kill] | gate ok | overhead Protect from Range | Zek@20,21 TAGGED; Xil@29,21 TAGGED; JalTok-Jad@24,25 TAGGED; TzKal-Zuk@22,8 TAGGED
t1828 | 21,14 | 15..19|E|frz-5 | zukIn 2 | setIn 274 | zukHp 275 | chosen 21,14 | walk - | weapon Rune Crossbow | untilShot 2 | target Jal-Zek[mager-kill] | gate ok | overhead Protect from Magic | Zek@20,21 TAGGED; Xil@29,21 TAGGED; JalTok-Jad@24,25 TAGGED; TzKal-Zuk@22,8 TAGGED
t1829 | 21,14 | 16..20|E|frz-6 | zukIn 1 | setIn 273 | zukHp 275 | chosen 21,14 | walk - | weapon Toxic Blowpipe | untilShot 1 | target Jal-Zek[mager-kill] | gate ok | overhead none | Zek@20,21 TAGGED; Xil@29,21 TAGGED; JalTok-Jad@24,25 TAGGED; TzKal-Zuk@22,8 TAGGED
t1830 | 21,14 | 17..21|E|frz-7 | zukIn 7 | setIn 272 | zukHp 275 | chosen 28,14 | walk ->28,14 | weapon Toxic Blowpipe | untilShot 2 | target -[-] | gate - | overhead Protect from Range | Zek@20,21 TAGGED; Xil@29,21 TAGGED; JalTok-Jad@24,25 TAGGED; TzKal-Zuk@22,8 TAGGED
FIRED t1830 | 21,14 | Toxic Blowpipe | Jal-Zek
t1831 | 23,14 | 18..22|E|frz-8 | zukIn 6 | setIn 271 | zukHp 275 | chosen 28,14 | walk ->28,14 | weapon Toxic Blowpipe | untilShot 1 | target Jal-Xil[ranger-kill] | gate ok | overhead Protect from Range | Zek@20,21 TAGGED; Xil@29,21 TAGGED; JalTok-Jad@24,25 TAGGED; TzKal-Zuk@22,8 TAGGED
t1832 | 25,14 | 19..23|E|frz-9 | zukIn 5 | setIn 270 | zukHp 275 | chosen 28,14 | walk ->28,14 | weapon Rune Crossbow | untilShot 1 | target Jal-Xil[ranger-kill] | gate ok | overhead Protect from Magic | Zek@20,21 TAGGED; Xil@29,21 TAGGED; JalTok-Jad@24,25 TAGGED; TzKal-Zuk@22,8 TAGGED
t1833 | 25,14 | 20..24|E|frz-10 | zukIn 4 | setIn 269 | zukHp 275 | chosen 28,14 | walk ->28,14 | weapon Rune Crossbow | untilShot 5 | target -[-] | gate - | overhead none | Zek@20,21 TAGGED; Xil@29,21 TAGGED; JalTok-Jad@24,25 TAGGED; TzKal-Zuk@22,8 TAGGED
FIRED t1833 | 25,14 | Rune Crossbow | Jal-Xil
t1834 | 27,14 | 21..25|E|frz-11 | zukIn 3 | setIn 268 | zukHp 275 | chosen 28,14 | walk ->28,14 | weapon Rune Crossbow | untilShot 4 | target Jal-Xil[ranger-kill] | gate ok | overhead none | Zek@20,21 TAGGED; Xil@29,21 TAGGED; JalTok-Jad@24,25 TAGGED; TzKal-Zuk@22,8 TAGGED
t1835 | 28,14 | 22..26|E|frz-12 | zukIn 2 | setIn 267 | zukHp 275 | chosen 28,14 | walk - | weapon Rune Crossbow | untilShot 3 | target Jal-Xil[ranger-kill] | gate ok | overhead Protect from Range | Zek@20,21 TAGGED; Xil@29,21 TAGGED; JalTok-Jad@24,25 TAGGED; TzKal-Zuk@22,8 TAGGED
t1836 | 28,14 | 23..27|E|frz-13 | zukIn 1 | setIn 266 | zukHp 275 | chosen 28,14 | walk - | weapon Rune Crossbow | untilShot 2 | target Jal-Zek[mager-kill] | gate ok | overhead Protect from Magic | Zek@20,21 TAGGED; JalTok-Jad@24,25 TAGGED; TzKal-Zuk@22,8 TAGGED
t1837 | 28,14 | 24..28|E|frz-14 | zukIn 7 | setIn 265 | zukHp 275 | chosen 35,14 | walk ->35,14 | weapon Toxic Blowpipe | untilShot 1 | target -[-] | gate - | overhead none | Zek@20,21 TAGGED; JalTok-Jad@24,25 TAGGED; TzKal-Zuk@22,8 TAGGED
t1838 | 30,14 | 25..29|E|frz-15 | zukIn 6 | setIn 264 | zukHp 275 | chosen 35,14 | walk ->35,14 | weapon Toxic Blowpipe | untilShot 1 | target Jal-Zek[mager-kill] | gate ok | overhead Protect from Magic | Zek@20,21 TAGGED; JalTok-Jad@24,25 TAGGED; TzKal-Zuk@22,8 TAGGED
t1839 | 32,14 | 26..30|E|frz-16 | zukIn 5 | setIn 263 | zukHp 275 | chosen 35,14 | walk ->35,14 | weapon Rune Crossbow | untilShot 1 | target TzKal-Zuk[zuk] | gate - | overhead none | Zek@20,21 TAGGED; JalTok-Jad@24,25 TAGGED; TzKal-Zuk@22,8 TAGGED
t1840 | 34,14 | 27..31|E|frz-17 | zukIn 4 | setIn 262 | zukHp 275 | chosen 35,14 | walk ->35,14 | weapon Rune Crossbow | untilShot 1 | target TzKal-Zuk[zuk] | gate - | overhead Protect from Magic | Zek@20,21 TAGGED; JalTok-Jad@24,25 TAGGED; TzKal-Zuk@22,8 TAGGED
t1841 | 35,14 | 28..32|E|frz-18 | zukIn 3 | setIn 261 | zukHp 275 | chosen 35,14 | walk - | weapon Rune Crossbow | untilShot 1 | target TzKal-Zuk[zuk] | gate - | overhead none | Zek@20,21 TAGGED; JalTok-Jad@24,25 TAGGED; TzKal-Zuk@22,8 TAGGED
t1842 | 35,14 | 29..33|E|frz-19 | zukIn 2 | setIn 260 | zukHp 275 | chosen 35,14 | walk - | weapon Rune Crossbow | untilShot 1 | target TzKal-Zuk[zuk] | gate - | overhead none | Zek@20,21 TAGGED; JalTok-Jad@24,25 TAGGED; TzKal-Zuk@22,8 TAGGED
t1843 | 35,14 | 30..34|E|frz-20 | zukIn 1 | setIn 259 | zukHp 275 | chosen 35,14 | walk - | weapon Rune Crossbow | untilShot 1 | target TzKal-Zuk[zuk] | gate - | overhead none | Zek@20,21 TAGGED; JalTok-Jad@24,25 TAGGED; TzKal-Zuk@22,8 TAGGED
t1844 | 35,14 | 31..35|E|frz-21 | zukIn 7 | setIn 258 | zukHp 275 | chosen 36,14 | walk ->36,14 | weapon Rune Crossbow | untilShot 1 | target -[-] | gate - | overhead Protect from Magic | Zek@20,21 TAGGED; JalTok-Jad@24,25 TAGGED; TzKal-Zuk@22,8 TAGGED
t1845 | 36,14 | 32..36|E|frz-22 | zukIn 6 | setIn 257 | zukHp 275 | chosen 36,14 | walk - | weapon Rune Crossbow | untilShot 1 | target TzKal-Zuk[zuk] | gate - | overhead none | Zek@20,21 TAGGED; JalTok-Jad@24,25 TAGGED; TzKal-Zuk@22,8 TAGGED
t1846 | 36,14 | 33..37|E|frz-23 | zukIn 5 | setIn 256 | zukHp 275 | chosen 36,14 | walk - | weapon Rune Crossbow | untilShot 1 | target TzKal-Zuk[zuk] | gate - | overhead Protect from Magic | Zek@20,21 TAGGED; JalTok-Jad@24,25 TAGGED; TzKal-Zuk@22,8 TAGGED
t1847 | 36,14 | 34..38|E|frz-24 | zukIn 4 | setIn 255 | zukHp 275 | chosen 36,14 | walk - | weapon Rune Crossbow | untilShot 1 | target TzKal-Zuk[zuk] | gate - | overhead none | Zek@20,21 TAGGED; JalTok-Jad@24,25 TAGGED; TzKal-Zuk@22,8 TAGGED
t1848 | 36,14 | 35..39|E|frz-25 | zukIn 3 | setIn 254 | zukHp 275 | chosen 36,14 | walk - | weapon Rune Crossbow | untilShot 1 | target TzKal-Zuk[zuk] | gate - | overhead Protect from Magic | Zek@20,21 TAGGED; JalTok-Jad@24,25 TAGGED; TzKal-Zuk@22,8 TAGGED
t1849 | 36,14 | 36..40|W|frz4 | zukIn 2 | setIn 253 | zukHp 275 | chosen 36,14 | walk - | weapon Rune Crossbow | untilShot 1 | target TzKal-Zuk[zuk] | gate - | overhead none | Zek@20,21 TAGGED; JalTok-Jad@24,25 TAGGED; TzKal-Zuk@22,8 TAGGED
t1850 | 36,14 | 36..40|W|frz3 | zukIn 1 | setIn 252 | zukHp 275 | chosen 36,14 | walk - | weapon Rune Crossbow | untilShot 1 | target TzKal-Zuk[zuk] | gate - | overhead none | Zek@20,21 TAGGED; JalTok-Jad@24,25 TAGGED; TzKal-Zuk@22,8 TAGGED
t1851 | 36,14 | 36..40|W|frz2 | zukIn 7 | setIn 251 | zukHp 275 | chosen 31,14 | walk ->31,14 | weapon Rune Crossbow | untilShot 1 | target -[-] | gate - | overhead none | Zek@20,21 TAGGED; JalTok-Jad@24,25 TAGGED; TzKal-Zuk@22,8 TAGGED
t1852 | 34,14 | 36..40|W|frz1 | zukIn 6 | setIn 250 | zukHp 275 | chosen 31,14 | walk ->31,14 | weapon Rune Crossbow | untilShot 1 | target TzKal-Zuk[zuk] | gate - | overhead Protect from Magic | Zek@20,21 TAGGED; JalTok-Jad@24,25 TAGGED; TzKal-Zuk@22,8 TAGGED
t1853 | 32,14 | 36..40|W|frz0 | zukIn 5 | setIn 249 | zukHp 275 | chosen 31,14 | walk ->31,14 | weapon Rune Crossbow | untilShot 1 | target TzKal-Zuk[zuk] | gate - | overhead none | Zek@20,21 TAGGED; JalTok-Jad@24,25 TAGGED; TzKal-Zuk@22,8 TAGGED
t1854 | 31,14 | 35..39|W|frz-1 | zukIn 4 | setIn 248 | zukHp 275 | chosen 31,14 | walk - | weapon Rune Crossbow | untilShot 1 | target TzKal-Zuk[zuk] | gate - | overhead Protect from Range | Zek@20,21 TAGGED; JalTok-Jad@24,25 TAGGED; TzKal-Zuk@22,8 TAGGED
t1855 | 31,14 | 34..38|W|frz-2 | zukIn 3 | setIn 247 | zukHp 275 | chosen 31,14 | walk - | weapon Rune Crossbow | untilShot 1 | target TzKal-Zuk[zuk] | gate - | overhead none | Zek@20,21 TAGGED; JalTok-Jad@24,25 TAGGED; TzKal-Zuk@22,8 TAGGED
t1856 | 31,14 | 33..37|W|frz-3 | zukIn 2 | setIn 246 | zukHp 275 | chosen 31,14 | walk - | weapon Rune Crossbow | untilShot 1 | target TzKal-Zuk[zuk] | gate - | overhead Protect from Magic | Zek@20,21 TAGGED; JalTok-Jad@24,25 TAGGED; TzKal-Zuk@22,8 TAGGED
t1857 | 31,14 | 32..36|W|frz-4 | zukIn 1 | setIn 245 | zukHp 275 | chosen 31,14 | walk - | weapon Rune Crossbow | untilShot 1 | target TzKal-Zuk[zuk] | gate - | overhead none | Zek@20,21 TAGGED; JalTok-Jad@24,25 TAGGED; TzKal-Zuk@22,8 TAGGED
t1858 | 31,14 | 31..35|W|frz-5 | zukIn 7 | setIn 244 | zukHp 275 | chosen 24,14 | walk ->24,14 | weapon Rune Crossbow | untilShot 1 | target -[-] | gate - | overhead none | Zek@20,21 TAGGED; JalTok-Jad@24,25 TAGGED; TzKal-Zuk@22,8 TAGGED
t1859 | 29,14 | 30..34|W|frz-6 | zukIn 6 | setIn 243 | zukHp 275 | chosen 24,14 | walk ->24,14 | weapon Rune Crossbow | untilShot 1 | target Jal-Zek[mager-kill] | gate ok | overhead none | Zek@20,21 TAGGED; JalTok-Jad@24,25 TAGGED; TzKal-Zuk@22,8 TAGGED
t1860 | 29,14 | 29..33|W|frz-7 | zukIn 5 | setIn 242 | zukHp 275 | chosen 24,14 | walk ->24,14 | weapon Rune Crossbow | untilShot 5 | target -[-] | gate - | overhead Protect from Magic | Zek@20,21 TAGGED; JalTok-Jad@24,25 TAGGED; TzKal-Zuk@22,8 TAGGED
FIRED t1860 | 29,14 | Rune Crossbow | Jal-Zek
t1861 | 27,14 | 28..32|W|frz-8 | zukIn 4 | setIn 241 | zukHp 275 | chosen 24,14 | walk ->24,14 | weapon Rune Crossbow | untilShot 4 | target Jal-Zek[mager-kill] | gate ok | overhead none | Zek@20,21 TAGGED; JalTok-Jad@24,25 TAGGED; TzKal-Zuk@22,8 TAGGED
t1862 | 25,14 | 27..31|W|frz-9 | zukIn 3 | setIn 240 | zukHp 275 | chosen 24,14 | walk ->24,14 | weapon Rune Crossbow | untilShot 3 | target Jal-Zek[mager-kill] | gate ok | overhead Protect from Range | Zek@20,21 TAGGED; JalTok-Jad@24,25 TAGGED; TzKal-Zuk@22,8 TAGGED
t1863 | 24,14 | 26..30|W|frz-10 | zukIn 2 | setIn 239 | zukHp 275 | chosen 24,14 | walk - | weapon Rune Crossbow | untilShot 2 | target Jal-Zek[mager-kill] | gate ok | overhead none | Zek@20,21 TAGGED; JalTok-Jad@24,25 TAGGED; TzKal-Zuk@22,8 TAGGED
t1864 | 24,14 | 25..29|W|frz-11 | zukIn 1 | setIn 238 | zukHp 275 | chosen 24,14 | walk - | weapon Toxic Blowpipe | untilShot 1 | target Jal-Zek[mager-kill] | gate ok | overhead Protect from Magic | Zek@20,21 TAGGED; JalTok-Jad@24,25 TAGGED; TzKal-Zuk@22,8 TAGGED
t1865 | 24,14 | 24..28|W|frz-12 | zukIn 7 | setIn 237 | zukHp 275 | chosen 17,14 | walk ->17,14 | weapon Toxic Blowpipe | untilShot 2 | target -[-] | gate - | overhead none | Zek@20,21 TAGGED; JalTok-Jad@24,25 TAGGED; TzKal-Zuk@22,8 TAGGED
FIRED t1865 | 24,14 | Toxic Blowpipe | Jal-Zek
t1866 | 22,14 | 23..27|W|frz-13 | zukIn 6 | setIn 236 | zukHp 275 | chosen 17,14 | walk ->17,14 | weapon Toxic Blowpipe | untilShot 1 | target Jal-Zek[mager-kill] | gate ok | overhead none | Zek@20,21 TAGGED; JalTok-Jad@24,25 TAGGED; TzKal-Zuk@22,8 TAGGED
t1867 | 22,14 | 22..26|W|frz-14 | zukIn 5 | setIn 235 | zukHp 275 | chosen 17,14 | walk ->17,14 | weapon Toxic Blowpipe | untilShot 2 | target -[-] | gate - | overhead none | Zek@20,21 TAGGED; JalTok-Jad@24,25 TAGGED; TzKal-Zuk@22,8 TAGGED
FIRED t1867 | 22,14 | Toxic Blowpipe | Jal-Zek
t1868 | 20,14 | 21..25|W|frz-15 | zukIn 4 | setIn 234 | zukHp 275 | chosen 17,14 | walk ->17,14 | weapon Toxic Blowpipe | untilShot 1 | target Jal-Zek[mager-kill] | gate ok | overhead Protect from Magic | Zek@20,21 TAGGED; JalTok-Jad@24,25 TAGGED; TzKal-Zuk@22,8 TAGGED
t1869 | 20,14 | 20..24|W|frz-16 | zukIn 3 | setIn 233 | zukHp 275 | chosen 17,14 | walk ->17,14 | weapon Toxic Blowpipe | untilShot 2 | target -[-] | gate - | overhead none | Zek@20,21 TAGGED; JalTok-Jad@24,25 TAGGED; TzKal-Zuk@22,8 TAGGED
FIRED t1869 | 20,14 | Toxic Blowpipe | Jal-Zek
t1870 | 18,14 | 19..23|W|frz-17 | zukIn 2 | setIn 232 | zukHp 275 | chosen 17,14 | walk ->17,14 | weapon Toxic Blowpipe | untilShot 1 | target Jal-Zek[mager-kill] | gate ok | overhead Protect from Magic | Zek@20,21 TAGGED; JalTok-Jad@24,25 TAGGED; TzKal-Zuk@22,8 TAGGED
t1871 | 18,14 | 18..22|W|frz-18 | zukIn 1 | setIn 231 | zukHp 275 | chosen 18,14 | walk - | weapon Toxic Blowpipe | untilShot 2 | target Jal-Zek[mager-kill] | gate ok | overhead none | Zek@20,21 TAGGED; JalTok-Jad@24,25 TAGGED; TzKal-Zuk@22,8 TAGGED
FIRED t1871 | 18,14 | Toxic Blowpipe | Jal-Zek
t1872 | 18,14 | 17..21|W|frz-19 | zukIn 7 | setIn 230 | zukHp 275 | chosen 14,14 | walk ->14,14 | weapon Toxic Blowpipe | untilShot 1 | target -[-] | gate - | overhead Protect from Magic | Zek@20,21 TAGGED; JalTok-Jad@24,25 TAGGED; TzKal-Zuk@22,8 TAGGED
t1873 | 16,14 | 16..20|W|frz-20 | zukIn 6 | setIn 229 | zukHp 275 | chosen 14,14 | walk ->14,14 | weapon Toxic Blowpipe | untilShot 1 | target Jal-Zek[mager-kill] | gate ok | overhead none | Zek@20,21 TAGGED; JalTok-Jad@24,25 TAGGED; TzKal-Zuk@22,8 TAGGED
t1874 | 16,14 | 15..19|W|frz-21 | zukIn 5 | setIn 228 | zukHp 275 | chosen 14,14 | walk ->14,14 | weapon Toxic Blowpipe | untilShot 2 | target -[-] | gate - | overhead none | Zek@20,21 TAGGED; JalTok-Jad@24,25 TAGGED; TzKal-Zuk@22,8 TAGGED
FIRED t1874 | 16,14 | Toxic Blowpipe | Jal-Zek
t1875 | 14,14 | 14..18|W|frz-22 | zukIn 4 | setIn 227 | zukHp 275 | chosen 14,14 | walk - | weapon Toxic Blowpipe | untilShot 1 | target Jal-Zek[mager-kill] | gate ok | overhead none | Zek@20,21 TAGGED; JalTok-Jad@24,25 TAGGED; TzKal-Zuk@22,8 TAGGED
t1876 | 14,14 | 13..17|W|frz-23 | zukIn 3 | setIn 226 | zukHp 275 | chosen 14,14 | walk - | weapon Rune Crossbow | untilShot 1 | target Jal-Zek[mager-kill] | gate ok | overhead Protect from Magic | Zek@20,21 TAGGED; JalTok-Jad@24,25 TAGGED; TzKal-Zuk@22,8 TAGGED
t1877 | 14,14 | 12..16|W|frz-24 | zukIn 2 | setIn 225 | zukHp 275 | chosen 14,14 | walk - | weapon Rune Crossbow | untilShot 5 | target Jal-Zek[mager-kill] | gate ok | overhead none | Zek@20,21 TAGGED; JalTok-Jad@24,25 TAGGED; TzKal-Zuk@22,8 TAGGED
FIRED t1877 | 14,14 | Rune Crossbow | Jal-Zek
t1878 | 14,14 | 11..15|W|frz-25 | zukIn 1 | setIn 224 | zukHp 275 | chosen 14,14 | walk - | weapon Rune Crossbow | untilShot 4 | target Jal-Zek[mager-kill] | gate ok | overhead Protect from Range | Zek@20,21 TAGGED; JalTok-Jad@24,25 TAGGED; TzKal-Zuk@22,8 TAGGED
t1879 | 14,14 | 10..14|E|frz4 | zukIn 7 | setIn 223 | zukHp 275 | chosen 17,14 | walk ->17,14 | weapon Rune Crossbow | untilShot 3 | target -[-] | gate - | overhead none | Zek@20,21 TAGGED; JalTok-Jad@24,25 TAGGED; TzKal-Zuk@22,8 TAGGED
t1880 | 16,14 | 10..14|E|frz3 | zukIn 6 | setIn 222 | zukHp 275 | chosen 17,14 | walk ->17,14 | weapon Rune Crossbow | untilShot 2 | target Jal-Zek[mager-kill] | gate ok | overhead Protect from Magic | Zek@20,21 TAGGED; JalTok-Jad@24,25 TAGGED; TzKal-Zuk@22,8 TAGGED
t1881 | 17,14 | 10..14|E|frz2 | zukIn 5 | setIn 221 | zukHp 275 | chosen 17,14 | walk - | weapon Toxic Blowpipe | untilShot 1 | target Jal-Zek[mager-kill] | gate ok | overhead none | Zek@20,21 TAGGED; JalTok-Jad@24,25 TAGGED; TzKal-Zuk@22,8 TAGGED
t1882 | 17,14 | 10..14|E|frz1 | zukIn 4 | setIn 220 | zukHp 275 | chosen 17,14 | walk - | weapon Toxic Blowpipe | untilShot 2 | target Jal-Zek[mager-kill] | gate ok | overhead none | Zek@20,21 TAGGED; JalTok-Jad@24,25 TAGGED; TzKal-Zuk@22,8 TAGGED
FIRED t1882 | 17,14 | Toxic Blowpipe | Jal-Zek
t1883 | 17,14 | 10..14|E|frz0 | zukIn 3 | setIn 219 | zukHp 275 | chosen 17,14 | walk - | weapon Toxic Blowpipe | untilShot 1 | target Jal-Zek[mager-kill] | gate ok | overhead none | Zek@20,21 TAGGED; JalTok-Jad@24,25 TAGGED; TzKal-Zuk@22,8 TAGGED
t1884 | 17,14 | 11..15|E|frz-1 | zukIn 2 | setIn 218 | zukHp 275 | chosen 17,14 | walk - | weapon Toxic Blowpipe | untilShot 2 | target Jal-Zek[mager-kill] | gate ok | overhead Protect from Magic | Zek@20,21 TAGGED; JalTok-Jad@24,25 TAGGED; TzKal-Zuk@22,8 TAGGED
FIRED t1884 | 17,14 | Toxic Blowpipe | Jal-Zek
t1885 | 17,14 | 12..16|E|frz-2 | zukIn 1 | setIn 217 | zukHp 275 | chosen 17,14 | walk - | weapon Toxic Blowpipe | untilShot 1 | target Jal-Zek[mager-kill] | gate ok | overhead none | Zek@20,21 TAGGED; JalTok-Jad@24,25 TAGGED; TzKal-Zuk@22,8 TAGGED
t1886 | 17,14 | 13..17|E|frz-3 | zukIn 7 | setIn 216 | zukHp 275 | chosen 24,14 | walk ->24,14 | weapon Toxic Blowpipe | untilShot 2 | target -[-] | gate - | overhead Protect from Magic | Zek@20,21 TAGGED; JalTok-Jad@24,25 TAGGED; TzKal-Zuk@22,8 TAGGED
FIRED t1886 | 17,14 | Toxic Blowpipe | Jal-Zek
t1887 | 19,14 | 14..18|E|frz-4 | zukIn 6 | setIn 215 | zukHp 275 | chosen 24,14 | walk ->24,14 | weapon Toxic Blowpipe | untilShot 1 | target Jal-Zek[mager-kill] | gate ok | overhead none | Zek@20,21 TAGGED; JalTok-Jad@24,25 TAGGED; TzKal-Zuk@22,8 TAGGED
t1888 | 19,14 | 15..19|E|frz-5 | zukIn 5 | setIn 214 | zukHp 275 | chosen 24,14 | walk ->24,14 | weapon Toxic Blowpipe | untilShot 2 | target -[-] | gate - | overhead Protect from Magic | Zek@20,21 TAGGED; JalTok-Jad@24,25 TAGGED; TzKal-Zuk@22,8 TAGGED
FIRED t1888 | 19,14 | Toxic Blowpipe | Jal-Zek
t1889 | 21,14 | 16..20|E|frz-6 | zukIn 4 | setIn 213 | zukHp 275 | chosen 24,14 | walk ->24,14 | weapon Toxic Blowpipe | untilShot 1 | target Jal-Zek[mager-kill] | gate ok | overhead none | Zek@20,21 TAGGED; JalTok-Jad@24,25 TAGGED; TzKal-Zuk@22,8 TAGGED
t1890 | 21,14 | 17..21|E|frz-7 | zukIn 3 | setIn 212 | zukHp 275 | chosen 24,14 | walk ->24,14 | weapon Toxic Blowpipe | untilShot 2 | target -[-] | gate - | overhead none | Zek@20,21 TAGGED; JalTok-Jad@24,25 TAGGED; TzKal-Zuk@22,8 TAGGED
FIRED t1890 | 21,14 | Toxic Blowpipe | Jal-Zek
t1891 | 23,14 | 18..22|E|frz-8 | zukIn 2 | setIn 211 | zukHp 275 | chosen 24,14 | walk ->24,14 | weapon Toxic Blowpipe | untilShot 1 | target Jal-Zek[mager-kill] | gate ok | overhead none | Zek@20,21 TAGGED; JalTok-Jad@24,25 TAGGED; TzKal-Zuk@22,8 TAGGED
t1892 | 23,14 | 19..23|E|frz-9 | zukIn 1 | setIn 210 | zukHp 275 | chosen 23,14 | walk - | weapon Toxic Blowpipe | untilShot 2 | target Jal-Zek[mager-kill] | gate ok | overhead Protect from Magic | Zek@20,21 TAGGED; JalTok-Jad@24,25 TAGGED; TzKal-Zuk@22,8 TAGGED
FIRED t1892 | 23,14 | Toxic Blowpipe | Jal-Zek
t1893 | 23,14 | 20..24|E|frz-10 | zukIn 7 | setIn 209 | zukHp 275 | chosen 31,14 | walk ->31,14 | weapon Toxic Blowpipe | untilShot 1 | target -[-] | gate - | overhead none | Zek@20,21 TAGGED; JalTok-Jad@24,25 TAGGED; TzKal-Zuk@22,8 TAGGED
t1894 | 25,14 | 21..25|E|frz-11 | zukIn 6 | setIn 208 | zukHp 275 | chosen 31,14 | walk ->31,14 | weapon Toxic Blowpipe | untilShot 1 | target Jal-Zek[mager-kill] | gate ok | overhead Protect from Magic | Zek@20,21 TAGGED; JalTok-Jad@24,25 TAGGED; TzKal-Zuk@22,8 TAGGED
t1895 | 25,14 | 22..26|E|frz-12 | zukIn 5 | setIn 207 | zukHp 275 | chosen 31,14 | walk ->31,14 | weapon Toxic Blowpipe | untilShot 2 | target -[-] | gate - | overhead none | Zek@20,21 TAGGED; JalTok-Jad@24,25 TAGGED; TzKal-Zuk@22,8 TAGGED
FIRED t1895 | 25,14 | Toxic Blowpipe | Jal-Zek
t1896 | 27,14 | 23..27|E|frz-13 | zukIn 4 | setIn 206 | zukHp 275 | chosen 31,14 | walk ->31,14 | weapon Toxic Blowpipe | untilShot 1 | target Jal-Zek[mager-kill] | gate ok | overhead Protect from Magic | Zek@20,21 TAGGED; JalTok-Jad@24,25 TAGGED; TzKal-Zuk@22,8 TAGGED
t1897 | 27,14 | 24..28|E|frz-14 | zukIn 3 | setIn 205 | zukHp 275 | chosen 31,14 | walk ->31,14 | weapon Toxic Blowpipe | untilShot 2 | target -[-] | gate - | overhead none | Zek@20,21 TAGGED; JalTok-Jad@24,25 TAGGED; TzKal-Zuk@22,8 TAGGED
FIRED t1897 | 27,14 | Toxic Blowpipe | Jal-Zek
t1898 | 29,14 | 25..29|E|frz-15 | zukIn 2 | setIn 204 | zukHp 275 | chosen 31,14 | walk ->31,14 | weapon Toxic Blowpipe | untilShot 1 | target Jal-Zek[mager-kill] | gate ok | overhead none | Zek@20,21 TAGGED; JalTok-Jad@24,25 TAGGED; TzKal-Zuk@22,8 TAGGED
t1899 | 31,14 | 26..30|E|frz-16 | zukIn 1 | setIn 203 | zukHp 275 | chosen 31,14 | walk - | weapon Rune Crossbow | untilShot 1 | target TzKal-Zuk[zuk] | gate - | overhead none | Zek@20,21 TAGGED; JalTok-Jad@24,25 TAGGED; TzKal-Zuk@22,8 TAGGED
t1900 | 31,14 | 27..31|E|frz-17 | zukIn 7 | setIn 202 | zukHp 275 | chosen 35,14 | walk ->35,14 | weapon Rune Crossbow | untilShot 1 | target -[-] | gate - | overhead Protect from Magic | Zek@20,21 TAGGED; JalTok-Jad@24,25 TAGGED; TzKal-Zuk@22,8 TAGGED
t1901 | 33,14 | 28..32|E|frz-18 | zukIn 6 | setIn 201 | zukHp 275 | chosen 35,14 | walk ->35,14 | weapon Rune Crossbow | untilShot 1 | target TzKal-Zuk[zuk] | gate - | overhead none | Zek@20,21 TAGGED; JalTok-Jad@24,25 TAGGED; TzKal-Zuk@22,8 TAGGED
t1902 | 35,14 | 29..33|E|frz-19 | zukIn 5 | setIn 200 | zukHp 275 | chosen 35,14 | walk - | weapon Rune Crossbow | untilShot 1 | target TzKal-Zuk[zuk] | gate - | overhead Protect from Range | Zek@20,21 TAGGED; JalTok-Jad@24,25 TAGGED; TzKal-Zuk@22,8 TAGGED
t1903 | 35,14 | 30..34|E|frz-20 | zukIn 4 | setIn 199 | zukHp 275 | chosen 35,14 | walk - | weapon Rune Crossbow | untilShot 1 | target TzKal-Zuk[zuk] | gate - | overhead none | Zek@20,21 TAGGED; JalTok-Jad@24,25 TAGGED; TzKal-Zuk@22,8 TAGGED
t1904 | 35,14 | 31..35|E|frz-21 | zukIn 3 | setIn 198 | zukHp 275 | chosen 35,14 | walk - | weapon Rune Crossbow | untilShot 1 | target TzKal-Zuk[zuk] | gate - | overhead Protect from Magic | Zek@20,21 TAGGED; JalTok-Jad@24,25 TAGGED; TzKal-Zuk@22,8 TAGGED
t1905 | 35,14 | 32..36|E|frz-22 | zukIn 2 | setIn 197 | zukHp 275 | chosen 35,14 | walk - | weapon Rune Crossbow | untilShot 1 | target TzKal-Zuk[zuk] | gate - | overhead none | Zek@20,21 TAGGED; JalTok-Jad@24,25 TAGGED; TzKal-Zuk@22,8 TAGGED
t1906 | 35,14 | 33..37|E|frz-23 | zukIn 1 | setIn 196 | zukHp 275 | chosen 35,14 | walk - | weapon Rune Crossbow | untilShot 1 | target TzKal-Zuk[zuk] | gate - | overhead none | Zek@20,21 TAGGED; JalTok-Jad@24,25 TAGGED; TzKal-Zuk@22,8 TAGGED
t1907 | 35,14 | 34..38|E|frz-24 | zukIn 7 | setIn 195 | zukHp 275 | chosen 35,14 | walk - | weapon Rune Crossbow | untilShot 1 | target TzKal-Zuk[zuk] | gate - | overhead none | Zek@20,21 TAGGED; JalTok-Jad@24,25 TAGGED; TzKal-Zuk@22,8 TAGGED
t1908 | 35,14 | 35..39|E|frz-25 | zukIn 6 | setIn 194 | zukHp 275 | chosen 35,14 | walk - | weapon Rune Crossbow | untilShot 1 | target TzKal-Zuk[zuk] | gate - | overhead Protect from Magic | Zek@20,21 TAGGED; JalTok-Jad@24,25 TAGGED; TzKal-Zuk@22,8 TAGGED
t1909 | 35,14 | 36..40|W|frz4 | zukIn 5 | setIn 193 | zukHp 275 | chosen 35,14 | walk - | weapon Rune Crossbow | untilShot 1 | target TzKal-Zuk[zuk] | gate - | overhead none | Zek@20,21 TAGGED; JalTok-Jad@24,25 TAGGED; TzKal-Zuk@22,8 TAGGED
t1910 | 35,14 | 36..40|W|frz3 | zukIn 4 | setIn 192 | zukHp 275 | chosen 35,14 | walk - | weapon Rune Crossbow | untilShot 1 | target TzKal-Zuk[zuk] | gate - | overhead Protect from Magic | Zek@20,21 TAGGED; JalTok-Jad@24,25 TAGGED; TzKal-Zuk@22,8 TAGGED
t1911 | 35,14 | 36..40|W|frz2 | zukIn 3 | setIn 191 | zukHp 275 | chosen 35,14 | walk - | weapon Rune Crossbow | untilShot 1 | target TzKal-Zuk[zuk] | gate - | overhead none | Zek@20,21 TAGGED; JalTok-Jad@24,25 TAGGED; TzKal-Zuk@22,8 TAGGED
t1912 | 35,14 | 36..40|W|frz1 | zukIn 2 | setIn 190 | zukHp 275 | chosen 35,14 | walk - | weapon Rune Crossbow | untilShot 1 | target TzKal-Zuk[zuk] | gate - | overhead Protect from Magic | Zek@20,21 TAGGED; JalTok-Jad@24,25 TAGGED; TzKal-Zuk@22,8 TAGGED
t1913 | 35,14 | 36..40|W|frz0 | zukIn 1 | setIn 189 | zukHp 275 | chosen 35,14 | walk - | weapon Rune Crossbow | untilShot 1 | target TzKal-Zuk[zuk] | gate - | overhead none | Zek@20,21 TAGGED; JalTok-Jad@24,25 TAGGED; TzKal-Zuk@22,8 TAGGED
t1914 | 35,14 | 35..39|W|frz-1 | zukIn 7 | setIn 188 | zukHp 275 | chosen 28,14 | walk ->28,14 | weapon Rune Crossbow | untilShot 1 | target -[-] | gate - | overhead none | Zek@20,21 TAGGED; JalTok-Jad@24,25 TAGGED; TzKal-Zuk@22,8 TAGGED
t1915 | 33,14 | 34..38|W|frz-2 | zukIn 6 | setIn 187 | zukHp 275 | chosen 28,14 | walk ->28,14 | weapon Rune Crossbow | untilShot 1 | target TzKal-Zuk[zuk] | gate - | overhead none | Zek@20,21 TAGGED; JalTok-Jad@24,25 TAGGED; TzKal-Zuk@22,8 TAGGED
t1916 | 31,14 | 33..37|W|frz-3 | zukIn 5 | setIn 186 | zukHp 275 | chosen 28,14 | walk ->28,14 | weapon Rune Crossbow | untilShot 1 | target TzKal-Zuk[zuk] | gate - | overhead Protect from Magic | Zek@20,21 TAGGED; JalTok-Jad@24,25 TAGGED; TzKal-Zuk@22,8 TAGGED
t1917 | 29,14 | 32..36|W|frz-4 | zukIn 4 | setIn 185 | zukHp 275 | chosen 28,14 | walk ->28,14 | weapon Rune Crossbow | untilShot 1 | target Jal-Zek[mager-kill] | gate ok | overhead none | Zek@20,21 TAGGED; JalTok-Jad@24,25 TAGGED; TzKal-Zuk@22,8 TAGGED
t1918 | 29,14 | 31..35|W|frz-5 | zukIn 3 | setIn 184 | zukHp 275 | chosen 28,14 | walk ->28,14 | weapon Rune Crossbow | untilShot 5 | target -[-] | gate - | overhead Protect from Range | Zek@20,21 TAGGED; JalTok-Jad@24,25 TAGGED; TzKal-Zuk@22,8 TAGGED
FIRED t1918 | 29,14 | Rune Crossbow | Jal-Zek
t1919 | 28,14 | 30..34|W|frz-6 | zukIn 2 | setIn 183 | zukHp 275 | chosen 28,14 | walk - | weapon Rune Crossbow | untilShot 4 | target Jal-Zek[mager-kill] | gate ok | overhead none | Zek@20,21 TAGGED; JalTok-Jad@24,25 TAGGED; TzKal-Zuk@22,8 TAGGED
t1920 | 28,14 | 29..33|W|frz-7 | zukIn 1 | setIn 182 | zukHp 275 | chosen 28,14 | walk - | weapon Rune Crossbow | untilShot 3 | target Jal-Zek[mager-kill] | gate ok | overhead Protect from Magic | Zek@20,21 TAGGED; JalTok-Jad@24,25 TAGGED; TzKal-Zuk@22,8 TAGGED
t1921 | 28,14 | 28..32|W|frz-8 | zukIn 7 | setIn 181 | zukHp 275 | chosen 21,14 | walk ->21,14 | weapon Rune Crossbow | untilShot 2 | target -[-] | gate - | overhead none | Zek@20,21 TAGGED; JalTok-Jad@24,25 TAGGED; TzKal-Zuk@22,8 TAGGED
t1922 | 26,14 | 27..31|W|frz-9 | zukIn 6 | setIn 180 | zukHp 275 | chosen 21,14 | walk ->21,14 | weapon Rune Crossbow | untilShot 1 | target Jal-Zek[mager-kill] | gate ok | overhead none | Zek@20,21 TAGGED; JalTok-Jad@24,25 TAGGED; TzKal-Zuk@22,8 TAGGED
t1923 | 26,14 | 26..30|W|frz-10 | zukIn 5 | setIn 179 | zukHp 275 | chosen 21,14 | walk ->21,14 | weapon Rune Crossbow | untilShot 5 | target -[-] | gate - | overhead none | Zek@20,21 TAGGED; JalTok-Jad@24,25 TAGGED; TzKal-Zuk@22,8 TAGGED
FIRED t1923 | 26,14 | Rune Crossbow | Jal-Zek
t1924 | 24,14 | 25..29|W|frz-11 | zukIn 4 | setIn 178 | zukHp 275 | chosen 21,14 | walk ->21,14 | weapon Rune Crossbow | untilShot 4 | target Jal-Zek[mager-kill] | gate ok | overhead Protect from Magic | Zek@20,21 TAGGED; JalTok-Jad@24,25 TAGGED; TzKal-Zuk@22,8 TAGGED
t1925 | 22,14 | 24..28|W|frz-12 | zukIn 3 | setIn 177 | zukHp 275 | chosen 21,14 | walk ->21,14 | weapon Rune Crossbow | untilShot 3 | target Jal-Zek[mager-kill] | gate ok | overhead none | Zek@20,21 TAGGED; JalTok-Jad@24,25 TAGGED; TzKal-Zuk@22,8 TAGGED
t1926 | 21,14 | 23..27|W|frz-13 | zukIn 2 | setIn 176 | zukHp 275 | chosen 21,14 | walk - | weapon Rune Crossbow | untilShot 2 | target Jal-Zek[mager-kill] | gate ok | overhead Protect from Range | Zek@20,21 TAGGED; JalTok-Jad@24,25 TAGGED; TzKal-Zuk@22,8 TAGGED
t1927 | 21,14 | 22..26|W|frz-14 | zukIn 1 | setIn 175 | zukHp 275 | chosen 21,14 | walk - | weapon Toxic Blowpipe | untilShot 1 | target Jal-Zek[mager-kill] | gate ok | overhead none | Zek@20,21 TAGGED; JalTok-Jad@24,25 TAGGED; TzKal-Zuk@22,8 TAGGED
t1928 | 21,14 | 21..25|W|frz-15 | zukIn 7 | setIn 174 | zukHp 275 | chosen 14,14 | walk ->14,14 | weapon Toxic Blowpipe | untilShot 2 | target -[-] | gate - | overhead Protect from Magic | Zek@20,21 TAGGED; JalTok-Jad@24,25 TAGGED; TzKal-Zuk@22,8 TAGGED
FIRED t1928 | 21,14 | Toxic Blowpipe | Jal-Zek
t1929 | 19,14 | 20..24|W|frz-16 | zukIn 6 | setIn 173 | zukHp 275 | chosen 14,14 | walk ->14,14 | weapon Toxic Blowpipe | untilShot 1 | target Jal-Zek[mager-kill] | gate ok | overhead none | Zek@20,21 TAGGED; JalTok-Jad@24,25 TAGGED; TzKal-Zuk@22,8 TAGGED
t1930 | 19,14 | 19..23|W|frz-17 | zukIn 5 | setIn 172 | zukHp 275 | chosen 14,14 | walk ->14,14 | weapon Toxic Blowpipe | untilShot 2 | target -[-] | gate - | overhead none | Zek@20,21 TAGGED; JalTok-Jad@24,25 TAGGED; TzKal-Zuk@22,8 TAGGED
FIRED t1930 | 19,14 | Toxic Blowpipe | Jal-Zek
t1931 | 17,14 | 18..22|W|frz-18 | zukIn 4 | setIn 171 | zukHp 275 | chosen 14,14 | walk ->14,14 | weapon Toxic Blowpipe | untilShot 1 | target Jal-Zek[mager-kill] | gate ok | overhead none | Zek@20,21 TAGGED; JalTok-Jad@24,25 TAGGED; TzKal-Zuk@22,8 TAGGED
t1932 | 17,14 | 17..21|W|frz-19 | zukIn 3 | setIn 170 | zukHp 275 | chosen 14,14 | walk ->14,14 | weapon Toxic Blowpipe | untilShot 2 | target -[-] | gate - | overhead Protect from Magic | Zek@20,21 TAGGED; JalTok-Jad@24,25 TAGGED; TzKal-Zuk@22,8 TAGGED
FIRED t1932 | 17,14 | Toxic Blowpipe | Jal-Zek
t1933 | 15,14 | 16..20|W|frz-20 | zukIn 2 | setIn 169 | zukHp 275 | chosen 14,14 | walk ->14,14 | weapon Toxic Blowpipe | untilShot 1 | target Jal-Zek[mager-kill] | gate ok | overhead none | Zek@20,21 TAGGED; JalTok-Jad@24,25 TAGGED; TzKal-Zuk@22,8 TAGGED
t1934 | 15,14 | 15..19|W|frz-21 | zukIn 1 | setIn 168 | zukHp 275 | chosen 15,14 | walk - | weapon Toxic Blowpipe | untilShot 2 | target Jal-Zek[mager-kill] | gate ok | overhead Protect from Magic | Zek@20,21 TAGGED; JalTok-Jad@24,25 TAGGED; TzKal-Zuk@22,8 TAGGED
FIRED t1934 | 15,14 | Toxic Blowpipe | Jal-Zek
t1935 | 15,14 | 14..18|W|frz-22 | zukIn 7 | setIn 167 | zukHp 275 | chosen 14,14 | walk ->14,14 | weapon Toxic Blowpipe | untilShot 1 | target -[-] | gate - | overhead none | Zek@20,21 TAGGED; JalTok-Jad@24,25 TAGGED; TzKal-Zuk@22,8 TAGGED
t1936 | 14,14 | 13..17|W|frz-23 | zukIn 6 | setIn 166 | zukHp 275 | chosen 14,14 | walk - | weapon Toxic Blowpipe | untilShot 1 | target Jal-Zek[mager-kill] | gate ok | overhead Protect from Magic | Zek@20,21 TAGGED; JalTok-Jad@24,25 TAGGED; TzKal-Zuk@22,8 TAGGED
t1937 | 14,14 | 12..16|W|frz-24 | zukIn 5 | setIn 165 | zukHp 275 | chosen 14,14 | walk - | weapon Rune Crossbow | untilShot 1 | target Jal-Zek[mager-kill] | gate ok | overhead none | Zek@20,21 TAGGED; JalTok-Jad@24,25 TAGGED; TzKal-Zuk@22,8 TAGGED
t1938 | 14,14 | 11..15|W|frz-25 | zukIn 4 | setIn 164 | zukHp 275 | chosen 14,14 | walk - | weapon Rune Crossbow | untilShot 5 | target Jal-Zek[mager-kill] | gate ok | overhead none | Zek@20,21 TAGGED; JalTok-Jad@24,25 TAGGED; TzKal-Zuk@22,8 TAGGED
FIRED t1938 | 14,14 | Rune Crossbow | Jal-Zek
t1939 | 14,14 | 10..14|E|frz4 | zukIn 3 | setIn 163 | zukHp 275 | chosen 14,14 | walk - | weapon Rune Crossbow | untilShot 4 | target Jal-Zek[mager-kill] | gate ok | overhead none | Zek@20,21 TAGGED; JalTok-Jad@24,25 TAGGED; TzKal-Zuk@22,8 TAGGED
t1940 | 14,14 | 10..14|E|frz3 | zukIn 2 | setIn 162 | zukHp 275 | chosen 14,14 | walk - | weapon Rune Crossbow | untilShot 3 | target Jal-Zek[mager-kill] | gate ok | overhead Protect from Magic | Zek@20,21 TAGGED; JalTok-Jad@24,25 TAGGED; TzKal-Zuk@22,8 TAGGED
t1941 | 14,14 | 10..14|E|frz2 | zukIn 1 | setIn 161 | zukHp 275 | chosen 14,14 | walk - | weapon Rune Crossbow | untilShot 2 | target Jal-Zek[mager-kill] | gate ok | overhead none | Zek@20,21 TAGGED; JalTok-Jad@24,25 TAGGED; TzKal-Zuk@22,8 TAGGED
t1942 | 14,14 | 10..14|E|frz1 | zukIn 7 | setIn 160 | zukHp 275 | chosen 20,14 | walk ->20,14 | weapon Rune Crossbow | untilShot 1 | target -[-] | gate - | overhead Protect from Range | Zek@20,21 TAGGED; JalTok-Jad@24,25 TAGGED; TzKal-Zuk@22,8 TAGGED
t1943 | 16,14 | 10..14|E|frz0 | zukIn 6 | setIn 159 | zukHp 275 | chosen 20,14 | walk ->20,14 | weapon Rune Crossbow | untilShot 1 | target Jal-Zek[mager-kill] | gate ok | overhead none | Zek@20,21 TAGGED; JalTok-Jad@24,25 TAGGED; TzKal-Zuk@22,8 TAGGED
t1944 | 16,14 | 11..15|E|frz-1 | zukIn 5 | setIn 158 | zukHp 275 | chosen 20,14 | walk ->20,14 | weapon Rune Crossbow | untilShot 5 | target -[-] | gate - | overhead Protect from Magic | Zek@20,21 TAGGED; JalTok-Jad@24,25 TAGGED; TzKal-Zuk@22,8 TAGGED
FIRED t1944 | 16,14 | Rune Crossbow | Jal-Zek
t1945 | 18,14 | 12..16|E|frz-2 | zukIn 4 | setIn 157 | zukHp 275 | chosen 20,14 | walk ->20,14 | weapon Rune Crossbow | untilShot 4 | target Jal-Zek[mager-kill] | gate ok | overhead none | Zek@20,21 TAGGED; JalTok-Jad@24,25 TAGGED; TzKal-Zuk@22,8 TAGGED
t1946 | 20,14 | 13..17|E|frz-3 | zukIn 3 | setIn 156 | zukHp 275 | chosen 20,14 | walk - | weapon Rune Crossbow | untilShot 3 | target Jal-Zek[mager-kill] | gate ok | overhead none | Zek@20,21 TAGGED; JalTok-Jad@24,25 TAGGED; TzKal-Zuk@22,8 TAGGED
t1947 | 20,14 | 14..18|E|frz-4 | zukIn 2 | setIn 155 | zukHp 275 | chosen 20,14 | walk - | weapon Rune Crossbow | untilShot 2 | target Jal-Zek[mager-kill] | gate ok | overhead none | Zek@20,21 TAGGED; JalTok-Jad@24,25 TAGGED; TzKal-Zuk@22,8 TAGGED
t1948 | 20,14 | 15..19|E|frz-5 | zukIn 1 | setIn 154 | zukHp 275 | chosen 20,14 | walk - | weapon Toxic Blowpipe | untilShot 1 | target Jal-Zek[mager-kill] | gate ok | overhead Protect from Magic | Zek@20,21 TAGGED; JalTok-Jad@24,25 TAGGED; TzKal-Zuk@22,8 TAGGED
t1949 | 20,14 | 16..20|E|frz-6 | zukIn 7 | setIn 153 | zukHp 275 | chosen 27,14 | walk ->27,14 | weapon Toxic Blowpipe | untilShot 2 | target -[-] | gate - | overhead none | Zek@20,21 TAGGED; JalTok-Jad@24,25 TAGGED; TzKal-Zuk@22,8 TAGGED
FIRED t1949 | 20,14 | Toxic Blowpipe | Jal-Zek
t1950 | 22,14 | 17..21|E|frz-7 | zukIn 6 | setIn 152 | zukHp 275 | chosen 27,14 | walk ->27,14 | weapon Toxic Blowpipe | untilShot 1 | target Jal-Zek[mager-kill] | gate ok | overhead Protect from Magic | Zek@20,21 TAGGED; JalTok-Jad@24,25 TAGGED; TzKal-Zuk@22,8 TAGGED
t1951 | 22,14 | 18..22|E|frz-8 | zukIn 5 | setIn 151 | zukHp 275 | chosen 27,14 | walk ->27,14 | weapon Toxic Blowpipe | untilShot 2 | target -[-] | gate - | overhead none | Zek@20,21 TAGGED; JalTok-Jad@24,25 TAGGED; TzKal-Zuk@22,8 TAGGED
FIRED t1951 | 22,14 | Toxic Blowpipe | Jal-Zek
t1952 | 24,14 | 19..23|E|frz-9 | zukIn 4 | setIn 150 | zukHp 275 | chosen 27,14 | walk ->27,14 | weapon Toxic Blowpipe | untilShot 1 | target Jal-Zek[mager-kill] | gate ok | overhead Protect from Magic | Zek@20,21 TAGGED; JalTok-Jad@24,25 TAGGED; TzKal-Zuk@22,8 TAGGED
t1953 | 24,14 | 20..24|E|frz-10 | zukIn 3 | setIn 149 | zukHp 275 | chosen 27,14 | walk ->27,14 | weapon Toxic Blowpipe | untilShot 2 | target -[-] | gate - | overhead none | Zek@20,21 TAGGED; JalTok-Jad@24,25 TAGGED; TzKal-Zuk@22,8 TAGGED
FIRED t1953 | 24,14 | Toxic Blowpipe | Jal-Zek
t1954 | 26,14 | 21..25|E|frz-11 | zukIn 2 | setIn 148 | zukHp 275 | chosen 27,14 | walk ->27,14 | weapon Toxic Blowpipe | untilShot 1 | target Jal-Zek[mager-kill] | gate ok | overhead none | Zek@20,21 TAGGED; JalTok-Jad@24,25 TAGGED; TzKal-Zuk@22,8 TAGGED
t1955 | 26,14 | 22..26|E|frz-12 | zukIn 1 | setIn 147 | zukHp 275 | chosen 26,14 | walk - | weapon Toxic Blowpipe | untilShot 2 | target Jal-Zek[mager-kill] | gate ok | overhead none | Zek@20,21 TAGGED; JalTok-Jad@24,25 TAGGED; TzKal-Zuk@22,8 TAGGED
FIRED t1955 | 26,14 | Toxic Blowpipe | Jal-Zek
t1956 | 26,14 | 23..27|E|frz-13 | zukIn 7 | setIn 146 | zukHp 275 | chosen 34,14 | walk ->34,14 | weapon Toxic Blowpipe | untilShot 1 | target -[-] | gate - | overhead Protect from Magic | Zek@20,21 TAGGED; JalTok-Jad@24,25 TAGGED; TzKal-Zuk@22,8 TAGGED
t1957 | 28,14 | 24..28|E|frz-14 | zukIn 6 | setIn 145 | zukHp 275 | chosen 34,14 | walk ->34,14 | weapon Toxic Blowpipe | untilShot 1 | target Jal-Zek[mager-kill] | gate ok | overhead none | Zek@20,21 TAGGED; JalTok-Jad@24,25 TAGGED; TzKal-Zuk@22,8 TAGGED
t1958 | 28,14 | 25..29|E|frz-15 | zukIn 5 | setIn 144 | zukHp 275 | chosen 34,14 | walk ->34,14 | weapon Toxic Blowpipe | untilShot 2 | target -[-] | gate - | overhead Protect from Magic | Zek@20,21 TAGGED; JalTok-Jad@24,25 TAGGED; TzKal-Zuk@22,8 TAGGED
FIRED t1958 | 28,14 | Toxic Blowpipe | Jal-Zek
t1959 | 30,14 | 26..30|E|frz-16 | zukIn 4 | setIn 143 | zukHp 275 | chosen 34,14 | walk ->34,14 | weapon Toxic Blowpipe | untilShot 1 | target Jal-Zek[mager-kill] | gate ok | overhead none | Zek@20,21 TAGGED; JalTok-Jad@24,25 TAGGED; TzKal-Zuk@22,8 TAGGED
t1960 | 32,14 | 27..31|E|frz-17 | zukIn 3 | setIn 142 | zukHp 275 | chosen 34,14 | walk ->34,14 | weapon Rune Crossbow | untilShot 1 | target TzKal-Zuk[zuk] | gate - | overhead Protect from Magic | Zek@20,21 TAGGED; JalTok-Jad@24,25 TAGGED; TzKal-Zuk@22,8 TAGGED
t1961 | 34,14 | 28..32|E|frz-18 | zukIn 2 | setIn 141 | zukHp 275 | chosen 34,14 | walk - | weapon Rune Crossbow | untilShot 1 | target TzKal-Zuk[zuk] | gate - | overhead none | Zek@20,21 TAGGED; JalTok-Jad@24,25 TAGGED; TzKal-Zuk@22,8 TAGGED
t1962 | 34,14 | 29..33|E|frz-19 | zukIn 1 | setIn 140 | zukHp 275 | chosen 34,14 | walk - | weapon Rune Crossbow | untilShot 1 | target TzKal-Zuk[zuk] | gate - | overhead none | Zek@20,21 TAGGED; JalTok-Jad@24,25 TAGGED; TzKal-Zuk@22,8 TAGGED
t1963 | 34,14 | 30..34|E|frz-20 | zukIn 7 | setIn 139 | zukHp 275 | chosen 36,14 | walk ->36,14 | weapon Rune Crossbow | untilShot 1 | target -[-] | gate - | overhead none | Zek@20,21 TAGGED; JalTok-Jad@24,25 TAGGED; TzKal-Zuk@22,8 TAGGED
t1964 | 36,14 | 31..35|E|frz-21 | zukIn 6 | setIn 138 | zukHp 275 | chosen 36,14 | walk - | weapon Rune Crossbow | untilShot 1 | target TzKal-Zuk[zuk] | gate - | overhead Protect from Magic | Zek@20,21 TAGGED; JalTok-Jad@24,25 TAGGED; TzKal-Zuk@22,8 TAGGED
t1965 | 36,14 | 32..36|E|frz-22 | zukIn 5 | setIn 137 | zukHp 275 | chosen 36,14 | walk - | weapon Rune Crossbow | untilShot 1 | target TzKal-Zuk[zuk] | gate - | overhead none | Zek@20,21 TAGGED; JalTok-Jad@24,25 TAGGED; TzKal-Zuk@22,8 TAGGED
t1966 | 36,14 | 33..37|E|frz-23 | zukIn 4 | setIn 136 | zukHp 275 | chosen 36,14 | walk - | weapon Rune Crossbow | untilShot 1 | target TzKal-Zuk[zuk] | gate - | overhead Protect from Magic | Zek@20,21 TAGGED; JalTok-Jad@24,25 TAGGED; TzKal-Zuk@22,8 TAGGED
t1967 | 36,14 | 34..38|E|frz-24 | zukIn 3 | setIn 135 | zukHp 275 | chosen 36,14 | walk - | weapon Rune Crossbow | untilShot 1 | target TzKal-Zuk[zuk] | gate - | overhead none | Zek@20,21 TAGGED; JalTok-Jad@24,25 TAGGED; TzKal-Zuk@22,8 TAGGED
t1968 | 36,14 | 35..39|E|frz-25 | zukIn 2 | setIn 134 | zukHp 275 | chosen 36,14 | walk - | weapon Rune Crossbow | untilShot 1 | target TzKal-Zuk[zuk] | gate - | overhead Protect from Magic | Zek@20,21 TAGGED; JalTok-Jad@24,25 TAGGED; TzKal-Zuk@22,8 TAGGED
t1969 | 36,14 | 36..40|W|frz4 | zukIn 1 | setIn 133 | zukHp 275 | chosen 36,14 | walk - | weapon Rune Crossbow | untilShot 1 | target TzKal-Zuk[zuk] | gate - | overhead none | Zek@20,21 TAGGED; JalTok-Jad@24,25 TAGGED; TzKal-Zuk@22,8 TAGGED
t1970 | 36,14 | 36..40|W|frz3 | zukIn 7 | setIn 132 | zukHp 275 | chosen 32,14 | walk ->32,14 | weapon Rune Crossbow | untilShot 1 | target -[-] | gate - | overhead none | Zek@20,21 TAGGED; JalTok-Jad@24,25 TAGGED; TzKal-Zuk@22,8 TAGGED
t1971 | 34,14 | 36..40|W|frz2 | zukIn 6 | setIn 131 | zukHp 275 | chosen 32,14 | walk ->32,14 | weapon Rune Crossbow | untilShot 1 | target TzKal-Zuk[zuk] | gate - | overhead none | Zek@20,21 TAGGED; JalTok-Jad@24,25 TAGGED; TzKal-Zuk@22,8 TAGGED
t1972 | 32,14 | 36..40|W|frz1 | zukIn 5 | setIn 130 | zukHp 275 | chosen 32,14 | walk - | weapon Rune Crossbow | untilShot 1 | target TzKal-Zuk[zuk] | gate - | overhead Protect from Magic | Zek@20,21 TAGGED; JalTok-Jad@24,25 TAGGED; TzKal-Zuk@22,8 TAGGED
t1973 | 32,14 | 36..40|W|frz0 | zukIn 4 | setIn 129 | zukHp 275 | chosen 32,14 | walk - | weapon Rune Crossbow | untilShot 1 | target TzKal-Zuk[zuk] | gate - | overhead none | Zek@20,21 TAGGED; JalTok-Jad@24,25 TAGGED; TzKal-Zuk@22,8 TAGGED
t1974 | 32,14 | 35..39|W|frz-1 | zukIn 3 | setIn 128 | zukHp 275 | chosen 32,14 | walk - | weapon Rune Crossbow | untilShot 1 | target TzKal-Zuk[zuk] | gate - | overhead Protect from Magic | Zek@20,21 TAGGED; JalTok-Jad@24,25 TAGGED; TzKal-Zuk@22,8 TAGGED
t1975 | 32,14 | 34..38|W|frz-2 | zukIn 2 | setIn 127 | zukHp 275 | chosen 32,14 | walk - | weapon Rune Crossbow | untilShot 1 | target TzKal-Zuk[zuk] | gate - | overhead none | Zek@20,21 TAGGED; JalTok-Jad@24,25 TAGGED; TzKal-Zuk@22,8 TAGGED
t1976 | 32,14 | 33..37|W|frz-3 | zukIn 1 | setIn 126 | zukHp 275 | chosen 32,14 | walk - | weapon Rune Crossbow | untilShot 1 | target TzKal-Zuk[zuk] | gate - | overhead Protect from Magic | Zek@20,21 TAGGED; JalTok-Jad@24,25 TAGGED; TzKal-Zuk@22,8 TAGGED
t1977 | 32,14 | 32..36|W|frz-4 | zukIn 7 | setIn 125 | zukHp 275 | chosen 25,14 | walk ->25,14 | weapon Rune Crossbow | untilShot 1 | target -[-] | gate - | overhead none | Zek@20,21 TAGGED; JalTok-Jad@24,25 TAGGED; TzKal-Zuk@22,8 TAGGED
t1978 | 30,14 | 31..35|W|frz-5 | zukIn 6 | setIn 124 | zukHp 275 | chosen 25,14 | walk ->25,14 | weapon Rune Crossbow | untilShot 1 | target Jal-Zek[mager-kill] | gate ok | overhead none | Zek@20,21 TAGGED; JalTok-Jad@24,25 TAGGED; TzKal-Zuk@22,8 TAGGED
t1979 | 30,14 | 30..34|W|frz-6 | zukIn 5 | setIn 123 | zukHp 275 | chosen 25,14 | walk ->25,14 | weapon Rune Crossbow | untilShot 5 | target -[-] | gate - | overhead none | Zek@20,21 TAGGED; JalTok-Jad@24,25 TAGGED; TzKal-Zuk@22,8 TAGGED
FIRED t1979 | 30,14 | Rune Crossbow | Jal-Zek
t1980 | 28,14 | 29..33|W|frz-7 | zukIn 4 | setIn 122 | zukHp 275 | chosen 25,14 | walk ->25,14 | weapon Rune Crossbow | untilShot 4 | target Jal-Zek[mager-kill] | gate ok | overhead Protect from Magic | Zek@20,21 TAGGED; JalTok-Jad@24,25 TAGGED; TzKal-Zuk@22,8 TAGGED
t1981 | 26,14 | 28..32|W|frz-8 | zukIn 3 | setIn 121 | zukHp 275 | chosen 25,14 | walk ->25,14 | weapon Rune Crossbow | untilShot 3 | target Jal-Zek[mager-kill] | gate ok | overhead none | Zek@20,21 TAGGED; JalTok-Jad@24,25 TAGGED; TzKal-Zuk@22,8 TAGGED
t1982 | 25,14 | 27..31|W|frz-9 | zukIn 2 | setIn 120 | zukHp 275 | chosen 25,14 | walk - | weapon Rune Crossbow | untilShot 2 | target Jal-Zek[mager-kill] | gate ok | overhead Protect from Magic | Zek@20,21 TAGGED; JalTok-Jad@24,25 TAGGED; TzKal-Zuk@22,8 TAGGED
t1983 | 25,14 | 26..30|W|frz-10 | zukIn 1 | setIn 119 | zukHp 275 | chosen 25,14 | walk - | weapon Toxic Blowpipe | untilShot 1 | target Jal-Zek[mager-kill] | gate ok | overhead none | Zek@20,21 TAGGED; JalTok-Jad@24,25 TAGGED; TzKal-Zuk@22,8 TAGGED
t1984 | 25,14 | 25..29|W|frz-11 | zukIn 7 | setIn 118 | zukHp 275 | chosen 18,14 | walk ->18,14 | weapon Toxic Blowpipe | untilShot 2 | target -[-] | gate - | overhead Protect from Magic | Zek@20,21 TAGGED; JalTok-Jad@24,25 TAGGED; TzKal-Zuk@22,8 TAGGED
FIRED t1984 | 25,14 | Toxic Blowpipe | Jal-Zek
t1985 | 23,14 | 24..28|W|frz-12 | zukIn 6 | setIn 117 | zukHp 275 | chosen 18,14 | walk ->18,14 | weapon Toxic Blowpipe | untilShot 1 | target Jal-Zek[mager-kill] | gate ok | overhead none | Zek@20,21 TAGGED; JalTok-Jad@24,25 TAGGED; TzKal-Zuk@22,8 TAGGED
t1986 | 23,14 | 23..27|W|frz-13 | zukIn 5 | setIn 116 | zukHp 275 | chosen 18,14 | walk ->18,14 | weapon Toxic Blowpipe | untilShot 2 | target -[-] | gate - | overhead none | Zek@20,21 TAGGED; JalTok-Jad@24,25 TAGGED; TzKal-Zuk@22,8 TAGGED
FIRED t1986 | 23,14 | Toxic Blowpipe | Jal-Zek
t1987 | 21,14 | 22..26|W|frz-14 | zukIn 4 | setIn 115 | zukHp 275 | chosen 18,14 | walk ->18,14 | weapon Toxic Blowpipe | untilShot 1 | target Jal-Zek[mager-kill] | gate ok | overhead none | Zek@20,21 TAGGED; JalTok-Jad@24,25 TAGGED; TzKal-Zuk@22,8 TAGGED
t1988 | 21,14 | 21..25|W|frz-15 | zukIn 3 | setIn 114 | zukHp 275 | chosen 18,14 | walk ->18,14 | weapon Toxic Blowpipe | untilShot 2 | target -[-] | gate - | overhead Protect from Magic | Zek@20,21 TAGGED; JalTok-Jad@24,25 TAGGED; TzKal-Zuk@22,8 TAGGED
FIRED t1988 | 21,14 | Toxic Blowpipe | Jal-Zek
t1989 | 19,14 | 20..24|W|frz-16 | zukIn 2 | setIn 113 | zukHp 275 | chosen 18,14 | walk ->18,14 | weapon Toxic Blowpipe | untilShot 1 | target Jal-Zek[mager-kill] | gate ok | overhead none | Zek@20,21 TAGGED; JalTok-Jad@24,25 TAGGED; TzKal-Zuk@22,8 TAGGED
t1990 | 19,14 | 19..23|W|frz-17 | zukIn 1 | setIn 112 | zukHp 275 | chosen 19,14 | walk - | weapon Toxic Blowpipe | untilShot 2 | target Jal-Zek[mager-kill] | gate ok | overhead Protect from Magic | Zek@20,21 TAGGED; JalTok-Jad@24,25 TAGGED; TzKal-Zuk@22,8 TAGGED
FIRED t1990 | 19,14 | Toxic Blowpipe | Jal-Zek
t1991 | 19,14 | 18..22|W|frz-18 | zukIn 7 | setIn 111 | zukHp 275 | chosen 14,14 | walk ->14,14 | weapon Toxic Blowpipe | untilShot 1 | target -[-] | gate - | overhead none | Zek@20,21 TAGGED; JalTok-Jad@24,25 TAGGED; TzKal-Zuk@22,8 TAGGED
t1992 | 17,14 | 17..21|W|frz-19 | zukIn 6 | setIn 110 | zukHp 275 | chosen 15,14 | walk ->15,14 | weapon Toxic Blowpipe | untilShot 1 | target -[-] | gate - | overhead Protect from Magic | JalTok-Jad@24,25 TAGGED; TzKal-Zuk@22,8 TAGGED
t1993 | 15,14 | 16..20|W|frz-20 | zukIn 5 | setIn 109 | zukHp 275 | chosen 15,14 | walk - | weapon Toxic Blowpipe | untilShot 1 | target TzKal-Zuk[zuk] | gate ok | overhead none | JalTok-Jad@24,25 TAGGED; TzKal-Zuk@22,8 TAGGED
t1994 | 15,14 | 15..19|W|frz-21 | zukIn 4 | setIn 108 | zukHp 275 | chosen 15,14 | walk - | weapon Rune Crossbow | untilShot 1 | target TzKal-Zuk[zuk] | gate ok | overhead none | JalTok-Jad@24,25 TAGGED; TzKal-Zuk@22,8 TAGGED
t1995 | 15,14 | 14..18|W|frz-22 | zukIn 3 | setIn 107 | zukHp 275 | chosen 14,14 | walk ->14,14 | weapon Rune Crossbow | untilShot 5 | target -[-] | gate - | overhead none | JalTok-Jad@24,25 TAGGED; TzKal-Zuk@22,8 TAGGED
FIRED t1995 | 15,14 | Rune Crossbow | TzKal-Zuk
t1996 | 14,14 | 13..17|W|frz-23 | zukIn 2 | setIn 106 | zukHp 275 | chosen 14,14 | walk - | weapon Rune Crossbow | untilShot 4 | target TzKal-Zuk[zuk] | gate - | overhead none | JalTok-Jad@24,25 TAGGED; TzKal-Zuk@22,8 TAGGED
t1997 | 14,14 | 12..16|W|frz-24 | zukIn 1 | setIn 105 | zukHp 275 | chosen 14,14 | walk - | weapon Rune Crossbow | untilShot 3 | target TzKal-Zuk[zuk] | gate - | overhead none | JalTok-Jad@24,25 TAGGED; TzKal-Zuk@22,8 TAGGED
t1998 | 14,14 | 11..15|W|frz-25 | zukIn 7 | setIn 104 | zukHp 275 | chosen 15,14 | walk ->15,14 | weapon Rune Crossbow | untilShot 2 | target -[-] | gate - | overhead Protect from Magic | JalTok-Jad@24,25 TAGGED; TzKal-Zuk@22,8 TAGGED
t1999 | 15,14 | 10..14|E|frz4 | zukIn 6 | setIn 103 | zukHp 275 | chosen 15,14 | walk - | weapon Rune Crossbow | untilShot 1 | target TzKal-Zuk[zuk] | gate ok | overhead none | JalTok-Jad@24,25 TAGGED; TzKal-Zuk@22,8 TAGGED
t2000 | 15,14 | 10..14|E|frz3 | zukIn 5 | setIn 102 | zukHp 275 | chosen 15,14 | walk - | weapon Rune Crossbow | untilShot 5 | target TzKal-Zuk[zuk] | gate ok | overhead none | JalTok-Jad@24,25 TAGGED; TzKal-Zuk@22,8 TAGGED
FIRED t2000 | 15,14 | Rune Crossbow | TzKal-Zuk
t2001 | 15,14 | 10..14|E|frz2 | zukIn 4 | setIn 101 | zukHp 275 | chosen 15,14 | walk - | weapon Rune Crossbow | untilShot 4 | target TzKal-Zuk[zuk] | gate ok | overhead none | JalTok-Jad@24,25 TAGGED; TzKal-Zuk@22,8 TAGGED
t2002 | 15,14 | 10..14|E|frz1 | zukIn 3 | setIn 100 | zukHp 275 | chosen 16,14 | walk ->16,14 | weapon Rune Crossbow | untilShot 3 | target -[-] | gate - | overhead none | JalTok-Jad@24,25 TAGGED; TzKal-Zuk@22,8 TAGGED
t2003 | 16,14 | 10..14|E|frz0 | zukIn 2 | setIn 99 | zukHp 275 | chosen 16,14 | walk - | weapon Rune Crossbow | untilShot 2 | target TzKal-Zuk[zuk] | gate - | overhead none | JalTok-Jad@24,25 TAGGED; TzKal-Zuk@22,8 TAGGED
t2004 | 16,14 | 11..15|E|frz-1 | zukIn 1 | setIn 98 | zukHp 275 | chosen 16,14 | walk - | weapon Rune Crossbow | untilShot 1 | target TzKal-Zuk[zuk] | gate - | overhead none | JalTok-Jad@24,25 TAGGED; TzKal-Zuk@22,8 TAGGED
t2005 | 16,14 | 12..16|E|frz-2 | zukIn 7 | setIn 97 | zukHp 275 | chosen 23,14 | walk ->23,14 | weapon Rune Crossbow | untilShot 1 | target -[-] | gate - | overhead none | JalTok-Jad@24,25 TAGGED; TzKal-Zuk@22,8 TAGGED
t2006 | 18,14 | 13..17|E|frz-3 | zukIn 6 | setIn 96 | zukHp 275 | chosen 23,14 | walk ->23,14 | weapon Rune Crossbow | untilShot 1 | target TzKal-Zuk[zuk] | gate - | overhead Protect from Range | JalTok-Jad@24,25 TAGGED; TzKal-Zuk@22,8 TAGGED
t2007 | 20,14 | 14..18|E|frz-4 | zukIn 5 | setIn 95 | zukHp 275 | chosen 23,14 | walk ->23,14 | weapon Rune Crossbow | untilShot 1 | target TzKal-Zuk[zuk] | gate ok | overhead none | JalTok-Jad@24,25 TAGGED; TzKal-Zuk@22,8 TAGGED
t2008 | 20,14 | 15..19|E|frz-5 | zukIn 4 | setIn 94 | zukHp 275 | chosen 23,14 | walk ->23,14 | weapon Rune Crossbow | untilShot 5 | target -[-] | gate - | overhead none | JalTok-Jad@24,25 TAGGED; TzKal-Zuk@22,8 TAGGED
FIRED t2008 | 20,14 | Rune Crossbow | TzKal-Zuk
t2009 | 22,14 | 16..20|E|frz-6 | zukIn 3 | setIn 93 | zukHp 275 | chosen 23,14 | walk ->23,14 | weapon Rune Crossbow | untilShot 4 | target TzKal-Zuk[zuk] | gate ok | overhead none | JalTok-Jad@24,25 TAGGED; TzKal-Zuk@22,8 TAGGED
t2010 | 23,14 | 17..21|E|frz-7 | zukIn 2 | setIn 92 | zukHp 275 | chosen 23,14 | walk - | weapon Rune Crossbow | untilShot 3 | target TzKal-Zuk[zuk] | gate ok | overhead none | JalTok-Jad@24,25 TAGGED; TzKal-Zuk@22,8 TAGGED
t2011 | 23,14 | 18..22|E|frz-8 | zukIn 1 | setIn 91 | zukHp 275 | chosen 23,14 | walk - | weapon Rune Crossbow | untilShot 2 | target TzKal-Zuk[zuk] | gate ok | overhead none | JalTok-Jad@24,25 TAGGED; TzKal-Zuk@22,8 TAGGED
t2012 | 23,14 | 19..23|E|frz-9 | zukIn 7 | setIn 90 | zukHp 275 | chosen 30,14 | walk ->30,14 | weapon Rune Crossbow | untilShot 1 | target -[-] | gate - | overhead none | JalTok-Jad@24,25 TAGGED; TzKal-Zuk@22,8 TAGGED
t2013 | 25,14 | 20..24|E|frz-10 | zukIn 6 | setIn 89 | zukHp 275 | chosen 30,14 | walk ->30,14 | weapon Rune Crossbow | untilShot 1 | target TzKal-Zuk[zuk] | gate ok | overhead none | JalTok-Jad@24,25 TAGGED; TzKal-Zuk@22,8 TAGGED
t2014 | 25,14 | 21..25|E|frz-11 | zukIn 5 | setIn 88 | zukHp 275 | chosen 30,14 | walk ->30,14 | weapon Rune Crossbow | untilShot 5 | target -[-] | gate - | overhead Protect from Magic | JalTok-Jad@24,25 TAGGED; TzKal-Zuk@22,8 TAGGED
FIRED t2014 | 25,14 | Rune Crossbow | TzKal-Zuk
t2015 | 27,14 | 22..26|E|frz-12 | zukIn 4 | setIn 87 | zukHp 275 | chosen 30,14 | walk ->30,14 | weapon Rune Crossbow | untilShot 4 | target TzKal-Zuk[zuk] | gate ok | overhead none | JalTok-Jad@24,25 TAGGED; TzKal-Zuk@22,8 TAGGED
t2016 | 29,14 | 23..27|E|frz-13 | zukIn 3 | setIn 86 | zukHp 275 | chosen 30,14 | walk ->30,14 | weapon Rune Crossbow | untilShot 3 | target TzKal-Zuk[zuk] | gate ok | overhead none | JalTok-Jad@24,25 TAGGED; TzKal-Zuk@22,8 TAGGED
t2017 | 30,14 | 24..28|E|frz-14 | zukIn 2 | setIn 85 | zukHp 275 | chosen 30,14 | walk - | weapon Rune Crossbow | untilShot 2 | target TzKal-Zuk[zuk] | gate ok | overhead none | JalTok-Jad@24,25 TAGGED; TzKal-Zuk@22,8 TAGGED
t2018 | 30,14 | 25..29|E|frz-15 | zukIn 1 | setIn 84 | zukHp 275 | chosen 30,14 | walk - | weapon Rune Crossbow | untilShot 1 | target TzKal-Zuk[zuk] | gate ok | overhead none | JalTok-Jad@24,25 TAGGED; TzKal-Zuk@22,8 TAGGED
t2019 | 30,14 | 26..30|E|frz-16 | zukIn 7 | setIn 83 | zukHp 275 | chosen 34,14 | walk ->34,14 | weapon Rune Crossbow | untilShot 5 | target -[-] | gate - | overhead none | JalTok-Jad@24,25 TAGGED; TzKal-Zuk@22,8 TAGGED
FIRED t2019 | 30,14 | Rune Crossbow | TzKal-Zuk
t2020 | 32,14 | 27..31|E|frz-17 | zukIn 6 | setIn 82 | zukHp 275 | chosen 34,14 | walk ->34,14 | weapon Rune Crossbow | untilShot 4 | target TzKal-Zuk[zuk] | gate - | overhead none | JalTok-Jad@24,25 TAGGED; TzKal-Zuk@22,8 TAGGED
t2021 | 34,14 | 28..32|E|frz-18 | zukIn 5 | setIn 81 | zukHp 275 | chosen 34,14 | walk - | weapon Rune Crossbow | untilShot 3 | target TzKal-Zuk[zuk] | gate - | overhead none | JalTok-Jad@24,25 TAGGED; TzKal-Zuk@22,8 TAGGED
t2022 | 34,14 | 29..33|E|frz-19 | zukIn 4 | setIn 80 | zukHp 274 | chosen 34,14 | walk - | weapon Rune Crossbow | untilShot 2 | target TzKal-Zuk[zuk] | gate - | overhead Protect from Range | JalTok-Jad@24,25 TAGGED; TzKal-Zuk@22,8 TAGGED
t2023 | 34,14 | 30..34|E|frz-20 | zukIn 3 | setIn 79 | zukHp 274 | chosen 34,14 | walk - | weapon Rune Crossbow | untilShot 1 | target TzKal-Zuk[zuk] | gate - | overhead none | JalTok-Jad@24,25 TAGGED; TzKal-Zuk@22,8 TAGGED
t2024 | 34,14 | 31..35|E|frz-21 | zukIn 2 | setIn 78 | zukHp 274 | chosen 34,14 | walk - | weapon Rune Crossbow | untilShot 1 | target TzKal-Zuk[zuk] | gate - | overhead none | JalTok-Jad@24,25 TAGGED; TzKal-Zuk@22,8 TAGGED
t2025 | 34,14 | 32..36|E|frz-22 | zukIn 1 | setIn 77 | zukHp 274 | chosen 34,14 | walk - | weapon Rune Crossbow | untilShot 1 | target TzKal-Zuk[zuk] | gate - | overhead none | JalTok-Jad@24,25 TAGGED; TzKal-Zuk@22,8 TAGGED
t2026 | 34,14 | 33..37|E|frz-23 | zukIn 7 | setIn 76 | zukHp 274 | chosen 36,14 | walk ->36,14 | weapon Rune Crossbow | untilShot 1 | target -[-] | gate - | overhead none | JalTok-Jad@24,25 TAGGED; TzKal-Zuk@22,8 TAGGED
t2027 | 36,14 | 34..38|E|frz-24 | zukIn 6 | setIn 75 | zukHp 274 | chosen 36,14 | walk - | weapon Rune Crossbow | untilShot 1 | target TzKal-Zuk[zuk] | gate - | overhead none | JalTok-Jad@24,25 TAGGED; TzKal-Zuk@22,8 TAGGED
t2028 | 36,14 | 35..39|E|frz-25 | zukIn 5 | setIn 74 | zukHp 274 | chosen 36,14 | walk - | weapon Rune Crossbow | untilShot 1 | target TzKal-Zuk[zuk] | gate - | overhead none | JalTok-Jad@24,25 TAGGED; TzKal-Zuk@22,8 TAGGED
t2029 | 36,14 | 36..40|W|frz4 | zukIn 4 | setIn 73 | zukHp 274 | chosen 36,14 | walk - | weapon Rune Crossbow | untilShot 1 | target TzKal-Zuk[zuk] | gate - | overhead none | JalTok-Jad@24,25 TAGGED; TzKal-Zuk@22,8 TAGGED
t2030 | 36,14 | 36..40|W|frz3 | zukIn 3 | setIn 72 | zukHp 274 | chosen 36,14 | walk - | weapon Rune Crossbow | untilShot 1 | target TzKal-Zuk[zuk] | gate - | overhead Protect from Range | JalTok-Jad@24,25 TAGGED; TzKal-Zuk@22,8 TAGGED
t2031 | 36,14 | 36..40|W|frz2 | zukIn 2 | setIn 71 | zukHp 274 | chosen 36,14 | walk - | weapon Rune Crossbow | untilShot 1 | target TzKal-Zuk[zuk] | gate - | overhead none | JalTok-Jad@24,25 TAGGED; TzKal-Zuk@22,8 TAGGED
t2032 | 36,14 | 36..40|W|frz1 | zukIn 1 | setIn 70 | zukHp 274 | chosen 36,14 | walk - | weapon Rune Crossbow | untilShot 1 | target TzKal-Zuk[zuk] | gate - | overhead none | JalTok-Jad@24,25 TAGGED; TzKal-Zuk@22,8 TAGGED
t2033 | 36,14 | 36..40|W|frz0 | zukIn 7 | setIn 69 | zukHp 274 | chosen 29,14 | walk ->29,14 | weapon Rune Crossbow | untilShot 1 | target -[-] | gate - | overhead none | JalTok-Jad@24,25 TAGGED; TzKal-Zuk@22,8 TAGGED
t2034 | 34,14 | 35..39|W|frz-1 | zukIn 6 | setIn 68 | zukHp 274 | chosen 29,14 | walk ->29,14 | weapon Rune Crossbow | untilShot 1 | target TzKal-Zuk[zuk] | gate - | overhead none | JalTok-Jad@24,25 TAGGED; TzKal-Zuk@22,8 TAGGED
t2035 | 32,14 | 34..38|W|frz-2 | zukIn 5 | setIn 67 | zukHp 274 | chosen 29,14 | walk ->29,14 | weapon Rune Crossbow | untilShot 1 | target TzKal-Zuk[zuk] | gate - | overhead none | JalTok-Jad@24,25 TAGGED; TzKal-Zuk@22,8 TAGGED
t2036 | 30,14 | 33..37|W|frz-3 | zukIn 4 | setIn 66 | zukHp 274 | chosen 29,14 | walk ->29,14 | weapon Rune Crossbow | untilShot 1 | target TzKal-Zuk[zuk] | gate ok | overhead none | JalTok-Jad@24,25 TAGGED; TzKal-Zuk@22,8 TAGGED
t2037 | 30,14 | 32..36|W|frz-4 | zukIn 3 | setIn 65 | zukHp 274 | chosen 29,14 | walk ->29,14 | weapon Rune Crossbow | untilShot 5 | target -[-] | gate - | overhead none | JalTok-Jad@24,25 TAGGED; TzKal-Zuk@22,8 TAGGED
FIRED t2037 | 30,14 | Rune Crossbow | TzKal-Zuk
t2038 | 29,14 | 31..35|W|frz-5 | zukIn 2 | setIn 64 | zukHp 274 | chosen 29,14 | walk - | weapon Rune Crossbow | untilShot 4 | target TzKal-Zuk[zuk] | gate ok | overhead Protect from Range | JalTok-Jad@24,25 TAGGED; TzKal-Zuk@22,8 TAGGED
t2039 | 29,14 | 30..34|W|frz-6 | zukIn 1 | setIn 63 | zukHp 274 | chosen 29,14 | walk - | weapon Rune Crossbow | untilShot 3 | target TzKal-Zuk[zuk] | gate ok | overhead none | JalTok-Jad@24,25 TAGGED; TzKal-Zuk@22,8 TAGGED
t2040 | 29,14 | 29..33|W|frz-7 | zukIn 7 | setIn 62 | zukHp 247 | chosen 22,14 | walk ->22,14 | weapon Rune Crossbow | untilShot 2 | target -[-] | gate - | overhead none | JalTok-Jad@24,25 TAGGED; TzKal-Zuk@22,8 TAGGED
t2041 | 27,14 | 28..32|W|frz-8 | zukIn 6 | setIn 61 | zukHp 247 | chosen 22,14 | walk ->22,14 | weapon Rune Crossbow | untilShot 1 | target TzKal-Zuk[zuk] | gate ok | overhead none | JalTok-Jad@24,25 TAGGED; TzKal-Zuk@22,8 TAGGED
t2042 | 27,14 | 27..31|W|frz-9 | zukIn 5 | setIn 60 | zukHp 247 | chosen 22,14 | walk ->22,14 | weapon Rune Crossbow | untilShot 5 | target -[-] | gate - | overhead none | JalTok-Jad@24,25 TAGGED; TzKal-Zuk@22,8 TAGGED
FIRED t2042 | 27,14 | Rune Crossbow | TzKal-Zuk
t2043 | 25,14 | 26..30|W|frz-10 | zukIn 4 | setIn 59 | zukHp 247 | chosen 22,14 | walk ->22,14 | weapon Rune Crossbow | untilShot 4 | target TzKal-Zuk[zuk] | gate ok | overhead none | JalTok-Jad@24,25 TAGGED; TzKal-Zuk@22,8 TAGGED
t2044 | 23,14 | 25..29|W|frz-11 | zukIn 3 | setIn 58 | zukHp 247 | chosen 22,14 | walk ->22,14 | weapon Rune Crossbow | untilShot 3 | target TzKal-Zuk[zuk] | gate ok | overhead none | JalTok-Jad@24,25 TAGGED; TzKal-Zuk@22,8 TAGGED
t2045 | 22,14 | 24..28|W|frz-12 | zukIn 2 | setIn 57 | zukHp 247 | chosen 22,14 | walk - | weapon Rune Crossbow | untilShot 2 | target TzKal-Zuk[zuk] | gate ok | overhead none | JalTok-Jad@24,25 TAGGED; TzKal-Zuk@22,8 TAGGED
t2046 | 22,14 | 23..27|W|frz-13 | zukIn 1 | setIn 56 | zukHp 247 | chosen 22,14 | walk - | weapon Rune Crossbow | untilShot 1 | target TzKal-Zuk[zuk] | gate ok | overhead Protect from Magic | JalTok-Jad@24,25 TAGGED; TzKal-Zuk@22,8 TAGGED
t2047 | 22,14 | 22..26|W|frz-14 | zukIn 7 | setIn 55 | zukHp 247 | chosen 15,14 | walk ->15,14 | weapon Rune Crossbow | untilShot 5 | target -[-] | gate - | overhead none | JalTok-Jad@24,25 TAGGED; TzKal-Zuk@22,8 TAGGED
FIRED t2047 | 22,14 | Rune Crossbow | TzKal-Zuk
t2048 | 20,14 | 21..25|W|frz-15 | zukIn 6 | setIn 54 | zukHp 247 | chosen 15,14 | walk ->15,14 | weapon Rune Crossbow | untilShot 4 | target TzKal-Zuk[zuk] | gate ok | overhead none | JalTok-Jad@24,25 TAGGED; TzKal-Zuk@22,8 TAGGED
t2049 | 18,14 | 20..24|W|frz-16 | zukIn 5 | setIn 53 | zukHp 247 | chosen 15,14 | walk ->15,14 | weapon Rune Crossbow | untilShot 3 | target TzKal-Zuk[zuk] | gate - | overhead none | JalTok-Jad@24,25 TAGGED; TzKal-Zuk@22,8 TAGGED
t2050 | 16,14 | 19..23|W|frz-17 | zukIn 4 | setIn 52 | zukHp 247 | chosen 15,14 | walk ->15,14 | weapon Rune Crossbow | untilShot 2 | target TzKal-Zuk[zuk] | gate - | overhead none | JalTok-Jad@24,25 TAGGED; TzKal-Zuk@22,8 TAGGED
t2051 | 15,14 | 18..22|W|frz-18 | zukIn 3 | setIn 51 | zukHp 247 | chosen 15,14 | walk - | weapon Rune Crossbow | untilShot 1 | target TzKal-Zuk[zuk] | gate ok | overhead none | JalTok-Jad@24,25 TAGGED; TzKal-Zuk@22,8 TAGGED
t2052 | 15,14 | 17..21|W|frz-19 | zukIn 2 | setIn 50 | zukHp 247 | chosen 15,14 | walk - | weapon Rune Crossbow | untilShot 5 | target TzKal-Zuk[zuk] | gate ok | overhead none | JalTok-Jad@24,25 TAGGED; TzKal-Zuk@22,8 TAGGED
FIRED t2052 | 15,14 | Rune Crossbow | TzKal-Zuk
t2053 | 15,14 | 16..20|W|frz-20 | zukIn 1 | setIn 49 | zukHp 247 | chosen 15,14 | walk - | weapon Rune Crossbow | untilShot 4 | target TzKal-Zuk[zuk] | gate ok | overhead none | JalTok-Jad@24,25 TAGGED; TzKal-Zuk@22,8 TAGGED
t2054 | 15,14 | 15..19|W|frz-21 | zukIn 7 | setIn 48 | zukHp 247 | chosen 14,14 | walk ->14,14 | weapon Rune Crossbow | untilShot 3 | target -[-] | gate - | overhead Protect from Magic | JalTok-Jad@24,25 TAGGED; TzKal-Zuk@22,8 TAGGED
t2055 | 14,14 | 14..18|W|frz-22 | zukIn 6 | setIn 47 | zukHp 247 | chosen 14,14 | walk - | weapon Rune Crossbow | untilShot 2 | target TzKal-Zuk[zuk] | gate - | overhead none | JalTok-Jad@24,25 TAGGED; TzKal-Zuk@22,8 TAGGED
t2056 | 14,14 | 13..17|W|frz-23 | zukIn 5 | setIn 46 | zukHp 247 | chosen 14,14 | walk - | weapon Rune Crossbow | untilShot 1 | target TzKal-Zuk[zuk] | gate - | overhead none | JalTok-Jad@24,25 TAGGED; TzKal-Zuk@22,8 TAGGED
t2057 | 14,14 | 12..16|W|frz-24 | zukIn 4 | setIn 45 | zukHp 247 | chosen 14,14 | walk - | weapon Rune Crossbow | untilShot 1 | target TzKal-Zuk[zuk] | gate - | overhead none | JalTok-Jad@24,25 TAGGED; TzKal-Zuk@22,8 TAGGED
t2058 | 14,14 | 11..15|W|frz-25 | zukIn 3 | setIn 44 | zukHp 247 | chosen 14,14 | walk - | weapon Rune Crossbow | untilShot 1 | target TzKal-Zuk[zuk] | gate - | overhead none | JalTok-Jad@24,25 TAGGED; TzKal-Zuk@22,8 TAGGED
t2059 | 14,14 | 10..14|E|frz4 | zukIn 2 | setIn 43 | zukHp 247 | chosen 14,14 | walk - | weapon Rune Crossbow | untilShot 1 | target TzKal-Zuk[zuk] | gate - | overhead none | JalTok-Jad@24,25 TAGGED; TzKal-Zuk@22,8 TAGGED
t2060 | 14,14 | 10..14|E|frz3 | zukIn 1 | setIn 42 | zukHp 247 | chosen 14,14 | walk - | weapon Rune Crossbow | untilShot 1 | target TzKal-Zuk[zuk] | gate - | overhead none | JalTok-Jad@24,25 TAGGED; TzKal-Zuk@22,8 TAGGED
t2061 | 14,14 | 10..14|E|frz2 | zukIn 7 | setIn 41 | zukHp 247 | chosen 19,14 | walk ->19,14 | weapon Rune Crossbow | untilShot 1 | target -[-] | gate - | overhead none | JalTok-Jad@24,25 TAGGED; TzKal-Zuk@22,8 TAGGED
t2062 | 16,14 | 10..14|E|frz1 | zukIn 6 | setIn 40 | zukHp 247 | chosen 19,14 | walk ->19,14 | weapon Rune Crossbow | untilShot 1 | target TzKal-Zuk[zuk] | gate - | overhead Protect from Range | JalTok-Jad@24,25 TAGGED; TzKal-Zuk@22,8 TAGGED
t2063 | 18,14 | 10..14|E|frz0 | zukIn 5 | setIn 39 | zukHp 247 | chosen 19,14 | walk ->19,14 | weapon Rune Crossbow | untilShot 1 | target TzKal-Zuk[zuk] | gate - | overhead none | JalTok-Jad@24,25 TAGGED; TzKal-Zuk@22,8 TAGGED
t2064 | 19,14 | 11..15|E|frz-1 | zukIn 4 | setIn 38 | zukHp 247 | chosen 19,14 | walk - | weapon Rune Crossbow | untilShot 1 | target TzKal-Zuk[zuk] | gate ok | overhead none | JalTok-Jad@24,25 TAGGED; TzKal-Zuk@22,8 TAGGED
t2065 | 19,14 | 12..16|E|frz-2 | zukIn 3 | setIn 37 | zukHp 247 | chosen 19,14 | walk - | weapon Rune Crossbow | untilShot 5 | target TzKal-Zuk[zuk] | gate ok | overhead none | JalTok-Jad@24,25 TAGGED; TzKal-Zuk@22,8 TAGGED
FIRED t2065 | 19,14 | Rune Crossbow | TzKal-Zuk
t2066 | 19,14 | 13..17|E|frz-3 | zukIn 2 | setIn 36 | zukHp 247 | chosen 19,14 | walk - | weapon Rune Crossbow | untilShot 4 | target TzKal-Zuk[zuk] | gate ok | overhead none | JalTok-Jad@24,25 TAGGED; TzKal-Zuk@22,8 TAGGED
t2067 | 19,14 | 14..18|E|frz-4 | zukIn 1 | setIn 35 | zukHp 247 | chosen 19,14 | walk - | weapon Rune Crossbow | untilShot 3 | target TzKal-Zuk[zuk] | gate ok | overhead none | JalTok-Jad@24,25 TAGGED; TzKal-Zuk@22,8 TAGGED
t2068 | 19,14 | 15..19|E|frz-5 | zukIn 7 | setIn 34 | zukHp 215 | chosen 26,14 | walk ->26,14 | weapon Rune Crossbow | untilShot 2 | target -[-] | gate - | overhead none | JalTok-Jad@24,25 TAGGED; TzKal-Zuk@22,8 TAGGED
t2069 | 21,14 | 16..20|E|frz-6 | zukIn 6 | setIn 33 | zukHp 215 | chosen 26,14 | walk ->26,14 | weapon Rune Crossbow | untilShot 1 | target TzKal-Zuk[zuk] | gate ok | overhead none | JalTok-Jad@24,25 TAGGED; TzKal-Zuk@22,8 TAGGED
t2070 | 21,14 | 17..21|E|frz-7 | zukIn 5 | setIn 32 | zukHp 215 | chosen 26,14 | walk ->26,14 | weapon Rune Crossbow | untilShot 5 | target -[-] | gate - | overhead Protect from Range | JalTok-Jad@24,25 TAGGED; TzKal-Zuk@22,8 TAGGED
FIRED t2070 | 21,14 | Rune Crossbow | TzKal-Zuk
t2071 | 23,14 | 18..22|E|frz-8 | zukIn 4 | setIn 31 | zukHp 215 | chosen 26,14 | walk ->26,14 | weapon Rune Crossbow | untilShot 4 | target TzKal-Zuk[zuk] | gate ok | overhead none | JalTok-Jad@24,25 TAGGED; TzKal-Zuk@22,8 TAGGED
t2072 | 25,14 | 19..23|E|frz-9 | zukIn 3 | setIn 30 | zukHp 215 | chosen 26,14 | walk ->26,14 | weapon Rune Crossbow | untilShot 3 | target TzKal-Zuk[zuk] | gate ok | overhead none | JalTok-Jad@24,25 TAGGED; TzKal-Zuk@22,8 TAGGED
t2073 | 26,14 | 20..24|E|frz-10 | zukIn 2 | setIn 29 | zukHp 215 | chosen 26,14 | walk - | weapon Rune Crossbow | untilShot 2 | target TzKal-Zuk[zuk] | gate ok | overhead none | JalTok-Jad@24,25 TAGGED; TzKal-Zuk@22,8 TAGGED
t2074 | 26,14 | 21..25|E|frz-11 | zukIn 1 | setIn 28 | zukHp 215 | chosen 26,14 | walk - | weapon Rune Crossbow | untilShot 1 | target TzKal-Zuk[zuk] | gate ok | overhead none | JalTok-Jad@24,25 TAGGED; TzKal-Zuk@22,8 TAGGED
t2075 | 26,14 | 22..26|E|frz-12 | zukIn 7 | setIn 27 | zukHp 215 | chosen 31,14 | walk ->31,14 | weapon Rune Crossbow | untilShot 5 | target -[-] | gate - | overhead none | JalTok-Jad@24,25 TAGGED; TzKal-Zuk@22,8 TAGGED
FIRED t2075 | 26,14 | Rune Crossbow | TzKal-Zuk
t2076 | 28,14 | 23..27|E|frz-13 | zukIn 6 | setIn 26 | zukHp 215 | chosen 31,14 | walk ->31,14 | weapon Rune Crossbow | untilShot 4 | target TzKal-Zuk[zuk] | gate ok | overhead none | JalTok-Jad@24,25 TAGGED; TzKal-Zuk@22,8 TAGGED
t2077 | 30,14 | 24..28|E|frz-14 | zukIn 5 | setIn 25 | zukHp 215 | chosen 31,14 | walk ->31,14 | weapon Rune Crossbow | untilShot 3 | target TzKal-Zuk[zuk] | gate ok | overhead none | JalTok-Jad@24,25 TAGGED; TzKal-Zuk@22,8 TAGGED
t2078 | 31,14 | 25..29|E|frz-15 | zukIn 4 | setIn 24 | zukHp 215 | chosen 31,14 | walk - | weapon Rune Crossbow | untilShot 2 | target TzKal-Zuk[zuk] | gate ok | overhead Protect from Range | JalTok-Jad@24,25 TAGGED; TzKal-Zuk@22,8 TAGGED
t2079 | 31,14 | 26..30|E|frz-16 | zukIn 3 | setIn 23 | zukHp 215 | chosen 31,14 | walk - | weapon Rune Crossbow | untilShot 1 | target TzKal-Zuk[zuk] | gate ok | overhead none | JalTok-Jad@24,25 TAGGED; TzKal-Zuk@22,8 TAGGED
t2080 | 31,14 | 27..31|E|frz-17 | zukIn 2 | setIn 22 | zukHp 215 | chosen 31,14 | walk - | weapon Rune Crossbow | untilShot 5 | target TzKal-Zuk[zuk] | gate ok | overhead none | JalTok-Jad@24,25 TAGGED; TzKal-Zuk@22,8 TAGGED
FIRED t2080 | 31,14 | Rune Crossbow | TzKal-Zuk
t2081 | 31,14 | 28..32|E|frz-18 | zukIn 1 | setIn 21 | zukHp 215 | chosen 31,14 | walk - | weapon Rune Crossbow | untilShot 4 | target TzKal-Zuk[zuk] | gate ok | overhead none | JalTok-Jad@24,25 TAGGED; TzKal-Zuk@22,8 TAGGED
t2082 | 31,14 | 29..33|E|frz-19 | zukIn 7 | setIn 20 | zukHp 215 | chosen 35,14 | walk ->35,14 | weapon Rune Crossbow | untilShot 3 | target -[-] | gate - | overhead none | JalTok-Jad@24,25 TAGGED; TzKal-Zuk@22,8 TAGGED
t2083 | 33,14 | 30..34|E|frz-20 | zukIn 6 | setIn 19 | zukHp 193 | chosen 35,14 | walk ->35,14 | weapon Rune Crossbow | untilShot 2 | target TzKal-Zuk[zuk] | gate - | overhead none | JalTok-Jad@24,25 TAGGED; TzKal-Zuk@22,8 TAGGED
t2084 | 35,14 | 31..35|E|frz-21 | zukIn 5 | setIn 18 | zukHp 193 | chosen 35,14 | walk - | weapon Rune Crossbow | untilShot 1 | target TzKal-Zuk[zuk] | gate ok | overhead none | JalTok-Jad@24,25 TAGGED; TzKal-Zuk@22,8 TAGGED
t2085 | 35,14 | 32..36|E|frz-22 | zukIn 4 | setIn 17 | zukHp 193 | chosen 36,14 | walk ->36,14 | weapon Rune Crossbow | untilShot 5 | target -[-] | gate - | overhead none | JalTok-Jad@24,25 TAGGED; TzKal-Zuk@22,8 TAGGED
FIRED t2085 | 35,14 | Rune Crossbow | TzKal-Zuk
t2086 | 36,14 | 33..37|E|frz-23 | zukIn 3 | setIn 16 | zukHp 193 | chosen 36,14 | walk - | weapon Rune Crossbow | untilShot 4 | target TzKal-Zuk[zuk] | gate - | overhead Protect from Magic | JalTok-Jad@24,25 TAGGED; TzKal-Zuk@22,8 TAGGED
t2087 | 36,14 | 34..38|E|frz-24 | zukIn 2 | setIn 15 | zukHp 193 | chosen 36,14 | walk - | weapon Rune Crossbow | untilShot 3 | target TzKal-Zuk[zuk] | gate - | overhead none | JalTok-Jad@24,25 TAGGED; TzKal-Zuk@22,8 TAGGED
t2088 | 36,14 | 35..39|E|frz-25 | zukIn 1 | setIn 14 | zukHp 193 | chosen 36,14 | walk - | weapon Rune Crossbow | untilShot 2 | target TzKal-Zuk[zuk] | gate - | overhead none | JalTok-Jad@24,25 TAGGED; TzKal-Zuk@22,8 TAGGED
t2089 | 36,14 | 36..40|W|frz4 | zukIn 7 | setIn 13 | zukHp 193 | chosen 35,14 | walk ->35,14 | weapon Rune Crossbow | untilShot 1 | target -[-] | gate - | overhead none | JalTok-Jad@24,25 TAGGED; TzKal-Zuk@22,8 TAGGED
t2090 | 35,14 | 36..40|W|frz3 | zukIn 6 | setIn 12 | zukHp 193 | chosen 35,14 | walk - | weapon Rune Crossbow | untilShot 1 | target TzKal-Zuk[zuk] | gate ok | overhead none | JalTok-Jad@24,25 TAGGED; TzKal-Zuk@22,8 TAGGED
t2091 | 35,14 | 36..40|W|frz2 | zukIn 5 | setIn 11 | zukHp 193 | chosen 35,14 | walk - | weapon Rune Crossbow | untilShot 5 | target TzKal-Zuk[zuk] | gate ok | overhead none | JalTok-Jad@24,25 TAGGED; TzKal-Zuk@22,8 TAGGED
FIRED t2091 | 35,14 | Rune Crossbow | TzKal-Zuk
t2092 | 35,14 | 36..40|W|frz1 | zukIn 4 | setIn 10 | zukHp 193 | chosen 35,14 | walk - | weapon Rune Crossbow | untilShot 4 | target TzKal-Zuk[zuk] | gate ok | overhead none | JalTok-Jad@24,25 TAGGED; TzKal-Zuk@22,8 TAGGED
t2093 | 35,14 | 36..40|W|frz0 | zukIn 3 | setIn 9 | zukHp 193 | chosen 35,14 | walk - | weapon Rune Crossbow | untilShot 3 | target TzKal-Zuk[zuk] | gate ok | overhead none | JalTok-Jad@24,25 TAGGED; TzKal-Zuk@22,8 TAGGED
t2094 | 35,14 | 35..39|W|frz-1 | zukIn 2 | setIn 8 | zukHp 193 | chosen 35,14 | walk - | weapon Rune Crossbow | untilShot 2 | target TzKal-Zuk[zuk] | gate ok | overhead Protect from Magic | JalTok-Jad@24,25 TAGGED; TzKal-Zuk@22,8 TAGGED
t2095 | 35,14 | 34..38|W|frz-2 | zukIn 1 | setIn 7 | zukHp 193 | chosen 35,14 | walk - | weapon Rune Crossbow | untilShot 1 | target TzKal-Zuk[zuk] | gate ok | overhead none | JalTok-Jad@24,25 TAGGED; TzKal-Zuk@22,8 TAGGED
t2096 | 35,14 | 33..37|W|frz-3 | zukIn 7 | setIn 6 | zukHp 193 | chosen 26,14 | walk ->26,14 | weapon Rune Crossbow | untilShot 5 | target -[-] | gate - | overhead none | JalTok-Jad@24,25 TAGGED; TzKal-Zuk@22,8 TAGGED
FIRED t2096 | 35,14 | Rune Crossbow | TzKal-Zuk
t2097 | 33,14 | 32..36|W|frz-4 | zukIn 6 | setIn 5 | zukHp 193 | chosen 26,14 | walk ->26,14 | weapon Rune Crossbow | untilShot 4 | target TzKal-Zuk[zuk] | gate - | overhead none | JalTok-Jad@24,25 TAGGED; TzKal-Zuk@22,8 TAGGED
t2098 | 31,14 | 31..35|W|frz-5 | zukIn 5 | setIn 4 | zukHp 193 | chosen 26,14 | walk ->26,14 | weapon Rune Crossbow | untilShot 3 | target TzKal-Zuk[zuk] | gate ok | overhead none | JalTok-Jad@24,25 TAGGED; TzKal-Zuk@22,8 TAGGED
t2099 | 29,14 | 30..34|W|frz-6 | zukIn 4 | setIn 3 | zukHp 193 | chosen 26,14 | walk ->26,14 | weapon Rune Crossbow | untilShot 2 | target TzKal-Zuk[zuk] | gate ok | overhead none | JalTok-Jad@24,25 TAGGED; TzKal-Zuk@22,8 TAGGED
t2100 | 27,14 | 29..33|W|frz-7 | zukIn 3 | setIn 2 | zukHp 193 | chosen 26,14 | walk ->26,14 | weapon Rune Crossbow | untilShot 1 | target TzKal-Zuk[zuk] | gate ok | overhead none | JalTok-Jad@24,25 TAGGED; TzKal-Zuk@22,8 TAGGED
t2101 | 26,14 | 28..32|W|frz-8 | zukIn 2 | setIn 1 | zukHp 193 | chosen 26,14 | walk - | weapon Rune Crossbow | untilShot 1 | target TzKal-Zuk[zuk] | gate ok | overhead none | JalTok-Jad@24,25 TAGGED; TzKal-Zuk@22,8 TAGGED
t2102 | 26,14 | 27..31|W|frz-9 | zukIn 1 | setIn 0 | zukHp 193 | chosen 26,14 | walk - | weapon Rune Crossbow | untilShot 1 | target TzKal-Zuk[zuk] | gate ok | overhead Protect from Range | JalTok-Jad@24,25 TAGGED; TzKal-Zuk@22,8 TAGGED; Zek@20,21 onShield; Xil@29,21 onShield
t2103 | 26,14 | 26..30|W|frz-10 | zukIn 7 | setIn 349 | zukHp 193 | chosen 19,14 | walk ->19,14 | weapon Rune Crossbow | untilShot 1 | target -[-] | gate - | overhead none | Zek@20,21 onShield; Xil@29,21 onShield; JalTok-Jad@24,25 TAGGED; TzKal-Zuk@22,8 TAGGED
t2104 | 24,14 | 25..29|W|frz-11 | zukIn 6 | setIn 348 | zukHp 193 | chosen 19,14 | walk ->19,14 | weapon Rune Crossbow | untilShot 1 | target Jal-Xil[untagged-tag] | gate ok | overhead none | Zek@20,21 onShield; Xil@29,21 onShield; JalTok-Jad@24,25 TAGGED; TzKal-Zuk@22,8 TAGGED
t2105 | 24,14 | 24..28|W|frz-12 | zukIn 5 | setIn 347 | zukHp 193 | chosen 19,14 | walk ->19,14 | weapon Rune Crossbow | untilShot 5 | target -[-] | gate - | overhead none | Zek@20,21 onShield; Xil@29,21 onShield; JalTok-Jad@24,25 TAGGED; TzKal-Zuk@22,8 TAGGED
FIRED t2105 | 24,14 | Rune Crossbow | Jal-Xil
t2106 | 22,14 | 23..27|W|frz-13 | zukIn 4 | setIn 346 | zukHp 193 | chosen 19,14 | walk ->19,14 | weapon Rune Crossbow | untilShot 4 | target Jal-Xil[untagged-tag] | gate ok | overhead none | Zek@20,21 onShield; Xil@29,21 onShield; JalTok-Jad@24,25 TAGGED; TzKal-Zuk@22,8 TAGGED
t2107 | 20,14 | 22..26|W|frz-14 | zukIn 3 | setIn 345 | zukHp 193 | chosen 19,14 | walk ->19,14 | weapon Rune Crossbow | untilShot 3 | target Jal-Zek[untagged-tag] | gate ok | overhead none | Zek@20,21 onShield; Xil@29,21 onShield; JalTok-Jad@24,25 TAGGED; TzKal-Zuk@22,8 TAGGED
t2108 | 19,14 | 21..25|W|frz-15 | zukIn 2 | setIn 344 | zukHp 193 | chosen 19,14 | walk - | weapon Rune Crossbow | untilShot 2 | target Jal-Zek[held] | gate HELD: magic would share tick +10 with unknown | overhead none | Zek@20,21 onShield; Xil@29,21 TAGGED; JalTok-Jad@24,25 TAGGED; TzKal-Zuk@22,8 TAGGED
t2109 | 19,14 | 20..24|W|frz-16 | zukIn 1 | setIn 343 | zukHp 193 | chosen 19,14 | walk - | weapon Rune Crossbow | untilShot 1 | target Jal-Zek[held] | gate HELD: magic would share tick +6 with range | overhead none | Zek@20,21 onShield; Xil@29,21 TAGGED; JalTok-Jad@24,25 TAGGED; TzKal-Zuk@22,8 TAGGED
t2110 | 19,14 | 19..23|W|frz-17 | zukIn 7 | setIn 342 | zukHp 193 | chosen 15,14 | walk ->15,14 | weapon Rune Crossbow | untilShot 1 | target -[-] | gate - | overhead Protect from Magic | Zek@20,21 onShield; Xil@29,21 TAGGED; JalTok-Jad@24,25 TAGGED; TzKal-Zuk@22,8 TAGGED
t2111 | 17,14 | 18..22|W|frz-18 | zukIn 6 | setIn 341 | zukHp 193 | chosen 15,14 | walk ->15,14 | weapon Rune Crossbow | untilShot 1 | target Jal-Zek[untagged-tag] | gate ok | overhead Protect from Range | Zek@20,21 onShield; Xil@29,21 TAGGED; JalTok-Jad@24,25 TAGGED; TzKal-Zuk@22,8 TAGGED
t2112 | 17,14 | 17..21|W|frz-19 | zukIn 5 | setIn 340 | zukHp 193 | chosen 15,14 | walk ->15,14 | weapon Rune Crossbow | untilShot 5 | target -[-] | gate - | overhead none | Zek@20,21 onShield; Xil@29,21 TAGGED; JalTok-Jad@24,25 TAGGED; TzKal-Zuk@22,8 TAGGED
FIRED t2112 | 17,14 | Rune Crossbow | Jal-Zek
t2113 | 15,14 | 16..20|W|frz-20 | zukIn 4 | setIn 339 | zukHp 193 | chosen 15,14 | walk - | weapon Rune Crossbow | untilShot 4 | target Jal-Zek[untagged-tag] | gate ok | overhead none | Zek@20,21 onShield; Xil@29,21 TAGGED; JalTok-Jad@24,25 TAGGED; TzKal-Zuk@22,8 TAGGED
t2114 | 15,14 | 15..19|W|frz-21 | zukIn 3 | setIn 338 | zukHp 193 | chosen 15,14 | walk - | weapon Rune Crossbow | untilShot 3 | target Jal-Zek[untagged-tag] | gate ok | overhead none | Zek@20,21 onShield; Xil@29,21 TAGGED; JalTok-Jad@24,25 TAGGED; TzKal-Zuk@22,8 TAGGED
t2115 | 15,14 | 14..18|W|frz-22 | zukIn 2 | setIn 337 | zukHp 193 | chosen 15,14 | walk - | weapon Rune Crossbow | untilShot 2 | target Jal-Zek[mager-kill] | gate ok | overhead Protect from Range | Zek@20,21 TAGGED; Xil@29,21 TAGGED; JalTok-Jad@24,25 TAGGED; TzKal-Zuk@22,8 TAGGED
t2116 | 15,14 | 13..17|W|frz-23 | zukIn 1 | setIn 336 | zukHp 193 | chosen 15,14 | walk - | weapon Toxic Blowpipe | untilShot 1 | target Jal-Zek[mager-kill] | gate ok | overhead none | Zek@20,21 TAGGED; Xil@29,21 TAGGED; JalTok-Jad@24,25 TAGGED; TzKal-Zuk@22,8 TAGGED
t2117 | 15,14 | 12..16|W|frz-24 | zukIn 7 | setIn 335 | zukHp 193 | chosen 15,14 | walk - | weapon Toxic Blowpipe | untilShot 2 | target Jal-Zek[mager-kill] | gate ok | overhead Protect from Magic | Zek@20,21 TAGGED; Xil@29,21 TAGGED; JalTok-Jad@24,25 TAGGED; TzKal-Zuk@22,8 TAGGED
FIRED t2117 | 15,14 | Toxic Blowpipe | Jal-Zek
t2118 | 15,14 | 11..15|W|frz-25 | zukIn 6 | setIn 334 | zukHp 193 | chosen 15,14 | walk - | weapon Toxic Blowpipe | untilShot 1 | target Jal-Zek[mager-kill] | gate ok | overhead Protect from Range | Zek@20,21 TAGGED; Xil@29,21 TAGGED; JalTok-Jad@24,25 TAGGED; TzKal-Zuk@22,8 TAGGED
t2119 | 15,14 | 10..14|E|frz4 | zukIn 5 | setIn 333 | zukHp 193 | chosen 15,14 | walk - | weapon Toxic Blowpipe | untilShot 2 | target Jal-Zek[mager-kill] | gate ok | overhead Protect from Range | Zek@20,21 TAGGED; Xil@29,21 TAGGED; JalTok-Jad@24,25 TAGGED; TzKal-Zuk@22,8 TAGGED
FIRED t2119 | 15,14 | Toxic Blowpipe | Jal-Zek
t2120 | 15,14 | 10..14|E|frz3 | zukIn 4 | setIn 332 | zukHp 193 | chosen 15,14 | walk - | weapon Toxic Blowpipe | untilShot 1 | target Jal-Zek[mager-kill] | gate ok | overhead none | Zek@20,21 TAGGED; Xil@29,21 TAGGED; JalTok-Jad@24,25 TAGGED; TzKal-Zuk@22,8 TAGGED
t2121 | 15,14 | 10..14|E|frz2 | zukIn 3 | setIn 331 | zukHp 193 | chosen 15,14 | walk - | weapon Toxic Blowpipe | untilShot 2 | target Jal-Zek[mager-kill] | gate ok | overhead Protect from Magic | Zek@20,21 TAGGED; Xil@29,21 TAGGED; JalTok-Jad@24,25 TAGGED; TzKal-Zuk@22,8 TAGGED
FIRED t2121 | 15,14 | Toxic Blowpipe | Jal-Zek
t2122 | 15,14 | 10..14|E|frz1 | zukIn 2 | setIn 330 | zukHp 193 | chosen 15,14 | walk - | weapon Toxic Blowpipe | untilShot 1 | target Jal-Zek[mager-kill] | gate ok | overhead none | Zek@20,21 TAGGED; Xil@29,21 TAGGED; JalTok-Jad@24,25 TAGGED; TzKal-Zuk@22,8 TAGGED
t2123 | 15,14 | 10..14|E|frz0 | zukIn 1 | setIn 329 | zukHp 193 | chosen 15,14 | walk - | weapon Toxic Blowpipe | untilShot 2 | target Jal-Zek[mager-kill] | gate ok | overhead Protect from Range | Zek@20,21 TAGGED; Xil@29,21 TAGGED; JalTok-Jad@24,25 TAGGED; TzKal-Zuk@22,8 TAGGED
FIRED t2123 | 15,14 | Toxic Blowpipe | Jal-Zek
t2124 | 15,14 | 11..15|E|frz-1 | zukIn 7 | setIn 328 | zukHp 193 | chosen 22,14 | walk ->22,14 | weapon Toxic Blowpipe | untilShot 1 | target -[-] | gate - | overhead none | Zek@20,21 TAGGED; Xil@29,21 TAGGED; JalTok-Jad@24,25 TAGGED; TzKal-Zuk@22,8 TAGGED
t2125 | 17,14 | 12..16|E|frz-2 | zukIn 6 | setIn 327 | zukHp 193 | chosen 22,14 | walk ->22,14 | weapon Toxic Blowpipe | untilShot 1 | target Jal-Zek[mager-kill] | gate ok | overhead Protect from Magic | Zek@20,21 TAGGED; Xil@29,21 TAGGED; JalTok-Jad@24,25 TAGGED; TzKal-Zuk@22,8 TAGGED
t2126 | 17,14 | 13..17|E|frz-3 | zukIn 5 | setIn 326 | zukHp 193 | chosen 22,14 | walk ->22,14 | weapon Toxic Blowpipe | untilShot 2 | target -[-] | gate - | overhead Protect from Range | Zek@20,21 TAGGED; Xil@29,21 TAGGED; JalTok-Jad@24,25 TAGGED; TzKal-Zuk@22,8 TAGGED
FIRED t2126 | 17,14 | Toxic Blowpipe | Jal-Zek
t2127 | 19,14 | 14..18|E|frz-4 | zukIn 4 | setIn 325 | zukHp 193 | chosen 22,14 | walk ->22,14 | weapon Toxic Blowpipe | untilShot 1 | target Jal-Zek[mager-kill] | gate ok | overhead Protect from Range | Zek@20,21 TAGGED; Xil@29,21 TAGGED; JalTok-Jad@24,25 TAGGED; TzKal-Zuk@22,8 TAGGED
t2128 | 19,14 | 15..19|E|frz-5 | zukIn 3 | setIn 324 | zukHp 193 | chosen 22,14 | walk ->22,14 | weapon Toxic Blowpipe | untilShot 2 | target -[-] | gate - | overhead none | Zek@20,21 TAGGED; Xil@29,21 TAGGED; JalTok-Jad@24,25 TAGGED; TzKal-Zuk@22,8 TAGGED
FIRED t2128 | 19,14 | Toxic Blowpipe | Jal-Zek
t2129 | 21,14 | 16..20|E|frz-6 | zukIn 2 | setIn 323 | zukHp 193 | chosen 22,14 | walk ->22,14 | weapon Toxic Blowpipe | untilShot 1 | target Jal-Zek[mager-kill] | gate ok | overhead Protect from Magic | Zek@20,21 TAGGED; Xil@29,21 TAGGED; JalTok-Jad@24,25 TAGGED; TzKal-Zuk@22,8 TAGGED
t2130 | 21,14 | 17..21|E|frz-7 | zukIn 1 | setIn 322 | zukHp 193 | chosen 21,14 | walk - | weapon Toxic Blowpipe | untilShot 2 | target Jal-Zek[mager-kill] | gate ok | overhead none | Zek@20,21 TAGGED; Xil@29,21 TAGGED; JalTok-Jad@24,25 TAGGED; TzKal-Zuk@22,8 TAGGED
FIRED t2130 | 21,14 | Toxic Blowpipe | Jal-Zek
t2131 | 21,14 | 18..22|E|frz-8 | zukIn 7 | setIn 321 | zukHp 193 | chosen 29,14 | walk ->29,14 | weapon Toxic Blowpipe | untilShot 1 | target -[-] | gate - | overhead Protect from Range | Zek@20,21 TAGGED; Xil@29,21 TAGGED; JalTok-Jad@24,25 TAGGED; TzKal-Zuk@22,8 TAGGED
t2132 | 23,14 | 19..23|E|frz-9 | zukIn 6 | setIn 320 | zukHp 193 | chosen 29,14 | walk ->29,14 | weapon Toxic Blowpipe | untilShot 1 | target Jal-Xil[ranger-kill] | gate ok | overhead none | Zek@20,21 TAGGED; Xil@29,21 TAGGED; JalTok-Jad@24,25 TAGGED; TzKal-Zuk@22,8 TAGGED
t2133 | 25,14 | 20..24|E|frz-10 | zukIn 5 | setIn 319 | zukHp 193 | chosen 29,14 | walk ->29,14 | weapon Rune Crossbow | untilShot 1 | target Jal-Xil[ranger-kill] | gate ok | overhead Protect from Magic | Zek@20,21 TAGGED; Xil@29,21 TAGGED; JalTok-Jad@24,25 TAGGED; TzKal-Zuk@22,8 TAGGED
t2134 | 25,14 | 21..25|E|frz-11 | zukIn 4 | setIn 318 | zukHp 193 | chosen 29,14 | walk ->29,14 | weapon Rune Crossbow | untilShot 5 | target -[-] | gate - | overhead Protect from Range | Zek@20,21 TAGGED; Xil@29,21 TAGGED; JalTok-Jad@24,25 TAGGED; TzKal-Zuk@22,8 TAGGED
FIRED t2134 | 25,14 | Rune Crossbow | Jal-Xil
t2135 | 27,14 | 22..26|E|frz-12 | zukIn 3 | setIn 317 | zukHp 193 | chosen 29,14 | walk ->29,14 | weapon Rune Crossbow | untilShot 4 | target Jal-Xil[ranger-kill] | gate ok | overhead Protect from Range | Zek@20,21 TAGGED; Xil@29,21 TAGGED; JalTok-Jad@24,25 TAGGED; TzKal-Zuk@22,8 TAGGED
t2136 | 29,14 | 23..27|E|frz-13 | zukIn 2 | setIn 316 | zukHp 193 | chosen 29,14 | walk - | weapon Rune Crossbow | untilShot 3 | target Jal-Xil[ranger-kill] | gate ok | overhead none | Zek@20,21 TAGGED; Xil@29,21 TAGGED; JalTok-Jad@24,25 TAGGED; TzKal-Zuk@22,8 TAGGED
t2137 | 29,14 | 24..28|E|frz-14 | zukIn 1 | setIn 315 | zukHp 193 | chosen 29,14 | walk - | weapon Rune Crossbow | untilShot 2 | target Jal-Xil[ranger-kill] | gate ok | overhead Protect from Magic | Zek@20,21 TAGGED; Xil@29,21 TAGGED; JalTok-Jad@24,25 TAGGED; TzKal-Zuk@22,8 TAGGED
t2138 | 29,14 | 25..29|E|frz-15 | zukIn 7 | setIn 314 | zukHp 193 | chosen 36,14 | walk ->36,14 | weapon Toxic Blowpipe | untilShot 1 | target -[-] | gate - | overhead none | Zek@20,21 TAGGED; Xil@29,21 TAGGED; JalTok-Jad@24,25 TAGGED; TzKal-Zuk@22,8 TAGGED
t2139 | 31,14 | 26..30|E|frz-16 | zukIn 6 | setIn 313 | zukHp 193 | chosen 36,14 | walk ->36,14 | weapon Toxic Blowpipe | untilShot 1 | target Jal-Xil[ranger-kill] | gate ok | overhead Protect from Range | Zek@20,21 TAGGED; Xil@29,21 TAGGED; JalTok-Jad@24,25 TAGGED; TzKal-Zuk@22,8 TAGGED
t2140 | 31,14 | 27..31|E|frz-17 | zukIn 5 | setIn 312 | zukHp 193 | chosen 36,14 | walk ->36,14 | weapon Toxic Blowpipe | untilShot 2 | target -[-] | gate - | overhead none | Zek@20,21 TAGGED; Xil@29,21 TAGGED; JalTok-Jad@24,25 TAGGED; TzKal-Zuk@22,8 TAGGED
FIRED t2140 | 31,14 | Toxic Blowpipe | Jal-Xil
t2141 | 33,14 | 28..32|E|frz-18 | zukIn 4 | setIn 311 | zukHp 193 | chosen 36,14 | walk ->36,14 | weapon Toxic Blowpipe | untilShot 1 | target Jal-Xil[ranger-kill] | gate ok | overhead Protect from Magic | Zek@20,21 TAGGED; Xil@29,21 TAGGED; JalTok-Jad@24,25 TAGGED; TzKal-Zuk@22,8 TAGGED
t2142 | 33,14 | 29..33|E|frz-19 | zukIn 3 | setIn 310 | zukHp 193 | chosen 36,14 | walk ->36,14 | weapon Toxic Blowpipe | untilShot 2 | target -[-] | gate - | overhead Protect from Range | Zek@20,21 TAGGED; Xil@29,21 TAGGED; JalTok-Jad@24,25 TAGGED; TzKal-Zuk@22,8 TAGGED
FIRED t2142 | 33,14 | Toxic Blowpipe | Jal-Xil
t2143 | 35,14 | 30..34|E|frz-20 | zukIn 2 | setIn 309 | zukHp 193 | chosen 36,14 | walk ->36,14 | weapon Toxic Blowpipe | untilShot 1 | target Jal-Xil[ranger-kill] | gate ok | overhead Protect from Range | Zek@20,21 TAGGED; Xil@29,21 TAGGED; JalTok-Jad@24,25 TAGGED; TzKal-Zuk@22,8 TAGGED
t2144 | 35,14 | 31..35|E|frz-21 | zukIn 1 | setIn 308 | zukHp 193 | chosen 35,14 | walk - | weapon Toxic Blowpipe | untilShot 2 | target Jal-Xil[ranger-kill] | gate ok | overhead none | Zek@20,21 TAGGED; Xil@29,21 TAGGED; JalTok-Jad@24,25 TAGGED; TzKal-Zuk@22,8 TAGGED
FIRED t2144 | 35,14 | Toxic Blowpipe | Jal-Xil
t2145 | 35,14 | 32..36|E|frz-22 | zukIn 7 | setIn 307 | zukHp 193 | chosen 36,14 | walk ->36,14 | weapon Toxic Blowpipe | untilShot 1 | target -[-] | gate - | overhead Protect from Magic | Zek@20,21 TAGGED; Xil@29,21 TAGGED; JalTok-Jad@24,25 TAGGED; TzKal-Zuk@22,8 TAGGED
t2146 | 36,14 | 33..37|E|frz-23 | zukIn 6 | setIn 306 | zukHp 193 | chosen 36,14 | walk - | weapon Toxic Blowpipe | untilShot 1 | target Jal-Xil[ranger-kill] | gate ok | overhead none | Zek@20,21 TAGGED; Xil@29,21 TAGGED; JalTok-Jad@24,25 TAGGED; TzKal-Zuk@22,8 TAGGED
t2147 | 36,14 | 34..38|E|frz-24 | zukIn 5 | setIn 305 | zukHp 193 | chosen 36,14 | walk - | weapon Toxic Blowpipe | untilShot 2 | target Jal-Xil[ranger-kill] | gate ok | overhead Protect from Range | Zek@20,21 TAGGED; Xil@29,21 TAGGED; JalTok-Jad@24,25 TAGGED; TzKal-Zuk@22,8 TAGGED
FIRED t2147 | 36,14 | Toxic Blowpipe | Jal-Xil
t2148 | 36,14 | 35..39|E|frz-25 | zukIn 4 | setIn 304 | zukHp 193 | chosen 36,14 | walk - | weapon Toxic Blowpipe | untilShot 1 | target Jal-Xil[ranger-kill] | gate ok | overhead none | Zek@20,21 TAGGED; Xil@29,21 TAGGED; JalTok-Jad@24,25 TAGGED; TzKal-Zuk@22,8 TAGGED
t2149 | 36,14 | 36..40|W|frz4 | zukIn 3 | setIn 303 | zukHp 193 | chosen 36,14 | walk - | weapon Toxic Blowpipe | untilShot 2 | target Jal-Xil[ranger-kill] | gate ok | overhead Protect from Magic | Zek@20,21 TAGGED; Xil@29,21 TAGGED; JalTok-Jad@24,25 TAGGED; TzKal-Zuk@22,8 TAGGED
FIRED t2149 | 36,14 | Toxic Blowpipe | Jal-Xil
t2150 | 36,14 | 36..40|W|frz3 | zukIn 2 | setIn 302 | zukHp 193 | chosen 36,14 | walk - | weapon Toxic Blowpipe | untilShot 1 | target Jal-Xil[ranger-kill] | gate ok | overhead Protect from Magic | Zek@20,21 TAGGED; Xil@29,21 TAGGED; JalTok-Jad@24,25 TAGGED; TzKal-Zuk@22,8 TAGGED
t2151 | 36,14 | 36..40|W|frz2 | zukIn 1 | setIn 301 | zukHp 193 | chosen 36,14 | walk - | weapon Toxic Blowpipe | untilShot 2 | target Jal-Xil[ranger-kill] | gate ok | overhead Protect from Range | Zek@20,21 TAGGED; Xil@29,21 TAGGED; JalTok-Jad@24,25 TAGGED; TzKal-Zuk@22,8 TAGGED
FIRED t2151 | 36,14 | Toxic Blowpipe | Jal-Xil
t2152 | 36,14 | 36..40|W|frz1 | zukIn 7 | setIn 300 | zukHp 193 | chosen 30,14 | walk ->30,14 | weapon Toxic Blowpipe | untilShot 1 | target -[-] | gate - | overhead none | Zek@20,21 TAGGED; Xil@29,21 TAGGED; JalTok-Jad@24,25 TAGGED; TzKal-Zuk@22,8 TAGGED
t2153 | 34,14 | 36..40|W|frz0 | zukIn 6 | setIn 299 | zukHp 193 | chosen 30,14 | walk ->30,14 | weapon Toxic Blowpipe | untilShot 1 | target Jal-Xil[ranger-kill] | gate ok | overhead Protect from Magic | Zek@20,21 TAGGED; Xil@29,21 TAGGED; JalTok-Jad@24,25 TAGGED; TzKal-Zuk@22,8 TAGGED
t2154 | 34,14 | 35..39|W|frz-1 | zukIn 5 | setIn 298 | zukHp 193 | chosen 30,14 | walk ->30,14 | weapon Toxic Blowpipe | untilShot 2 | target -[-] | gate - | overhead none | Zek@20,21 TAGGED; Xil@29,21 TAGGED; JalTok-Jad@24,25 TAGGED; TzKal-Zuk@22,8 TAGGED
FIRED t2154 | 34,14 | Toxic Blowpipe | Jal-Xil
t2155 | 32,14 | 34..38|W|frz-2 | zukIn 4 | setIn 297 | zukHp 193 | chosen 30,14 | walk ->30,14 | weapon Toxic Blowpipe | untilShot 1 | target Jal-Xil[ranger-kill] | gate ok | overhead Protect from Range | Zek@20,21 TAGGED; Xil@29,21 TAGGED; JalTok-Jad@24,25 TAGGED; TzKal-Zuk@22,8 TAGGED
t2156 | 32,14 | 33..37|W|frz-3 | zukIn 3 | setIn 296 | zukHp 193 | chosen 30,14 | walk ->30,14 | weapon Toxic Blowpipe | untilShot 2 | target -[-] | gate - | overhead none | Zek@20,21 TAGGED; Xil@29,21 TAGGED; JalTok-Jad@24,25 TAGGED; TzKal-Zuk@22,8 TAGGED
FIRED t2156 | 32,14 | Toxic Blowpipe | Jal-Xil
t2157 | 30,14 | 32..36|W|frz-4 | zukIn 2 | setIn 295 | zukHp 193 | chosen 30,14 | walk - | weapon Toxic Blowpipe | untilShot 1 | target Jal-Xil[ranger-kill] | gate ok | overhead Protect from Magic | Zek@20,21 TAGGED; Xil@29,21 TAGGED; JalTok-Jad@24,25 TAGGED; TzKal-Zuk@22,8 TAGGED
t2158 | 30,14 | 31..35|W|frz-5 | zukIn 1 | setIn 294 | zukHp 193 | chosen 30,14 | walk - | weapon Toxic Blowpipe | untilShot 2 | target Jal-Xil[ranger-kill] | gate ok | overhead Protect from Magic | Zek@20,21 TAGGED; Xil@29,21 TAGGED; JalTok-Jad@24,25 TAGGED; TzKal-Zuk@22,8 TAGGED
FIRED t2158 | 30,14 | Toxic Blowpipe | Jal-Xil
t2159 | 30,14 | 30..34|W|frz-6 | zukIn 7 | setIn 293 | zukHp 193 | chosen 23,14 | walk ->23,14 | weapon Toxic Blowpipe | untilShot 1 | target -[-] | gate - | overhead Protect from Range | Zek@20,21 TAGGED; Xil@29,21 TAGGED; JalTok-Jad@24,25 TAGGED; TzKal-Zuk@22,8 TAGGED
t2160 | 28,14 | 29..33|W|frz-7 | zukIn 6 | setIn 292 | zukHp 193 | chosen 23,14 | walk ->23,14 | weapon Toxic Blowpipe | untilShot 1 | target Jal-Xil[ranger-kill] | gate ok | overhead none | Zek@20,21 TAGGED; Xil@29,21 TAGGED; JalTok-Jad@24,25 TAGGED; TzKal-Zuk@22,8 TAGGED
t2161 | 28,14 | 28..32|W|frz-8 | zukIn 5 | setIn 291 | zukHp 193 | chosen 23,14 | walk ->23,14 | weapon Toxic Blowpipe | untilShot 2 | target -[-] | gate - | overhead Protect from Magic | Zek@20,21 TAGGED; Xil@29,21 TAGGED; JalTok-Jad@24,25 TAGGED; TzKal-Zuk@22,8 TAGGED
FIRED t2161 | 28,14 | Toxic Blowpipe | Jal-Xil
t2162 | 26,14 | 27..31|W|frz-9 | zukIn 4 | setIn 290 | zukHp 193 | chosen 23,14 | walk ->23,14 | weapon Toxic Blowpipe | untilShot 1 | target Jal-Xil[ranger-kill] | gate ok | overhead none | Zek@20,21 TAGGED; Xil@29,21 TAGGED; JalTok-Jad@24,25 TAGGED; TzKal-Zuk@22,8 TAGGED
t2163 | 26,14 | 26..30|W|frz-10 | zukIn 3 | setIn 289 | zukHp 193 | chosen 23,14 | walk ->23,14 | weapon Toxic Blowpipe | untilShot 2 | target -[-] | gate - | overhead Protect from Range | Zek@20,21 TAGGED; Xil@29,21 TAGGED; JalTok-Jad@24,25 TAGGED; TzKal-Zuk@22,8 TAGGED
FIRED t2163 | 26,14 | Toxic Blowpipe | Jal-Xil
t2164 | 24,14 | 25..29|W|frz-11 | zukIn 2 | setIn 288 | zukHp 193 | chosen 23,14 | walk ->23,14 | weapon Toxic Blowpipe | untilShot 1 | target Jal-Xil[ranger-kill] | gate ok | overhead none | Zek@20,21 TAGGED; Xil@29,21 TAGGED; JalTok-Jad@24,25 TAGGED; TzKal-Zuk@22,8 TAGGED
t2165 | 24,14 | 24..28|W|frz-12 | zukIn 1 | setIn 287 | zukHp 193 | chosen 24,14 | walk - | weapon Toxic Blowpipe | untilShot 2 | target Jal-Xil[ranger-kill] | gate ok | overhead Protect from Magic | Zek@20,21 TAGGED; Xil@29,21 TAGGED; JalTok-Jad@24,25 TAGGED; TzKal-Zuk@22,8 TAGGED
FIRED t2165 | 24,14 | Toxic Blowpipe | Jal-Xil
t2166 | 24,14 | 23..27|W|frz-13 | zukIn 7 | setIn 286 | zukHp 193 | chosen 16,14 | walk ->16,14 | weapon Toxic Blowpipe | untilShot 1 | target -[-] | gate - | overhead Protect from Magic | Zek@20,21 TAGGED; Xil@29,21 TAGGED; JalTok-Jad@24,25 TAGGED; TzKal-Zuk@22,8 TAGGED
t2167 | 22,14 | 22..26|W|frz-14 | zukIn 6 | setIn 285 | zukHp 193 | chosen 16,14 | walk ->16,14 | weapon Toxic Blowpipe | untilShot 1 | target Jal-Zek[mager-kill] | gate ok | overhead Protect from Range | Zek@20,21 TAGGED; JalTok-Jad@24,25 TAGGED; TzKal-Zuk@22,8 TAGGED
t2168 | 22,14 | 21..25|W|frz-15 | zukIn 5 | setIn 284 | zukHp 193 | chosen 16,14 | walk ->16,14 | weapon Toxic Blowpipe | untilShot 2 | target -[-] | gate - | overhead none | Zek@20,21 TAGGED; JalTok-Jad@24,25 TAGGED; TzKal-Zuk@22,8 TAGGED
FIRED t2168 | 22,14 | Toxic Blowpipe | Jal-Zek
t2169 | 20,14 | 20..24|W|frz-16 | zukIn 4 | setIn 283 | zukHp 193 | chosen 16,14 | walk ->16,14 | weapon Toxic Blowpipe | untilShot 1 | target Jal-Zek[mager-kill] | gate ok | overhead Protect from Magic | Zek@20,21 TAGGED; JalTok-Jad@24,25 TAGGED; TzKal-Zuk@22,8 TAGGED
t2170 | 20,14 | 19..23|W|frz-17 | zukIn 3 | setIn 282 | zukHp 193 | chosen 16,14 | walk ->16,14 | weapon Toxic Blowpipe | untilShot 2 | target -[-] | gate - | overhead none | Zek@20,21 TAGGED; JalTok-Jad@24,25 TAGGED; TzKal-Zuk@22,8 TAGGED
FIRED t2170 | 20,14 | Toxic Blowpipe | Jal-Zek
t2171 | 18,14 | 18..22|W|frz-18 | zukIn 2 | setIn 281 | zukHp 193 | chosen 16,14 | walk ->16,14 | weapon Toxic Blowpipe | untilShot 1 | target Jal-Zek[mager-kill] | gate ok | overhead none | Zek@20,21 TAGGED; JalTok-Jad@24,25 TAGGED; TzKal-Zuk@22,8 TAGGED
t2172 | 18,14 | 17..21|W|frz-19 | zukIn 1 | setIn 280 | zukHp 193 | chosen 18,14 | walk - | weapon Toxic Blowpipe | untilShot 2 | target Jal-Zek[mager-kill] | gate ok | overhead none | Zek@20,21 TAGGED; JalTok-Jad@24,25 TAGGED; TzKal-Zuk@22,8 TAGGED
FIRED t2172 | 18,14 | Toxic Blowpipe | Jal-Zek
t2173 | 18,14 | 16..20|W|frz-20 | zukIn 7 | setIn 279 | zukHp 193 | chosen 14,14 | walk ->14,14 | weapon Toxic Blowpipe | untilShot 1 | target -[-] | gate - | overhead Protect from Magic | Zek@20,21 TAGGED; JalTok-Jad@24,25 TAGGED; TzKal-Zuk@22,8 TAGGED
t2174 | 16,14 | 15..19|W|frz-21 | zukIn 6 | setIn 278 | zukHp 193 | chosen 14,14 | walk ->14,14 | weapon Toxic Blowpipe | untilShot 1 | target Jal-Zek[mager-kill] | gate ok | overhead Protect from Magic | Zek@20,21 TAGGED; JalTok-Jad@24,25 TAGGED; TzKal-Zuk@22,8 TAGGED
t2175 | 16,14 | 14..18|W|frz-22 | zukIn 5 | setIn 277 | zukHp 193 | chosen 14,14 | walk ->14,14 | weapon Toxic Blowpipe | untilShot 2 | target -[-] | gate - | overhead none | Zek@20,21 TAGGED; JalTok-Jad@24,25 TAGGED; TzKal-Zuk@22,8 TAGGED
FIRED t2175 | 16,14 | Toxic Blowpipe | Jal-Zek
t2176 | 14,14 | 13..17|W|frz-23 | zukIn 4 | setIn 276 | zukHp 193 | chosen 14,14 | walk - | weapon Toxic Blowpipe | untilShot 1 | target Jal-Zek[mager-kill] | gate ok | overhead none | Zek@20,21 TAGGED; JalTok-Jad@24,25 TAGGED; TzKal-Zuk@22,8 TAGGED
t2177 | 14,14 | 12..16|W|frz-24 | zukIn 3 | setIn 275 | zukHp 193 | chosen 14,14 | walk - | weapon Rune Crossbow | untilShot 1 | target Jal-Zek[mager-kill] | gate ok | overhead Protect from Magic | Zek@20,21 TAGGED; JalTok-Jad@24,25 TAGGED; TzKal-Zuk@22,8 TAGGED
t2178 | 14,14 | 11..15|W|frz-25 | zukIn 2 | setIn 274 | zukHp 193 | chosen 14,14 | walk - | weapon Rune Crossbow | untilShot 5 | target Jal-Zek[mager-kill] | gate ok | overhead none | Zek@20,21 TAGGED; JalTok-Jad@24,25 TAGGED; TzKal-Zuk@22,8 TAGGED
FIRED t2178 | 14,14 | Rune Crossbow | Jal-Zek
t2179 | 14,14 | 10..14|E|frz4 | zukIn 1 | setIn 273 | zukHp 193 | chosen 14,14 | walk - | weapon Rune Crossbow | untilShot 4 | target Jal-Zek[mager-kill] | gate ok | overhead none | Zek@20,21 TAGGED; JalTok-Jad@24,25 TAGGED; TzKal-Zuk@22,8 TAGGED
t2180 | 14,14 | 10..14|E|frz3 | zukIn 7 | setIn 272 | zukHp 193 | chosen 18,14 | walk ->18,14 | weapon Rune Crossbow | untilShot 3 | target -[-] | gate - | overhead none | Zek@20,21 TAGGED; JalTok-Jad@24,25 TAGGED; TzKal-Zuk@22,8 TAGGED
t2181 | 16,14 | 10..14|E|frz2 | zukIn 6 | setIn 271 | zukHp 193 | chosen 18,14 | walk ->18,14 | weapon Rune Crossbow | untilShot 2 | target Jal-Zek[mager-kill] | gate ok | overhead Protect from Magic | Zek@20,21 TAGGED; JalTok-Jad@24,25 TAGGED; TzKal-Zuk@22,8 TAGGED
t2182 | 18,14 | 10..14|E|frz1 | zukIn 5 | setIn 270 | zukHp 193 | chosen 18,14 | walk - | weapon Toxic Blowpipe | untilShot 1 | target Jal-Zek[mager-kill] | gate ok | overhead Protect from Range | Zek@20,21 TAGGED; JalTok-Jad@24,25 TAGGED; TzKal-Zuk@22,8 TAGGED
t2183 | 18,14 | 10..14|E|frz0 | zukIn 4 | setIn 269 | zukHp 193 | chosen 18,14 | walk - | weapon Toxic Blowpipe | untilShot 2 | target Jal-Zek[mager-kill] | gate ok | overhead none | Zek@20,21 TAGGED; JalTok-Jad@24,25 TAGGED; TzKal-Zuk@22,8 TAGGED
FIRED t2183 | 18,14 | Toxic Blowpipe | Jal-Zek
t2184 | 18,14 | 11..15|E|frz-1 | zukIn 3 | setIn 268 | zukHp 193 | chosen 18,14 | walk - | weapon Toxic Blowpipe | untilShot 1 | target Jal-Zek[mager-kill] | gate ok | overhead none | Zek@20,21 TAGGED; JalTok-Jad@24,25 TAGGED; TzKal-Zuk@22,8 TAGGED
t2185 | 18,14 | 12..16|E|frz-2 | zukIn 2 | setIn 267 | zukHp 193 | chosen 18,14 | walk - | weapon Toxic Blowpipe | untilShot 2 | target Jal-Zek[mager-kill] | gate ok | overhead Protect from Magic | Zek@20,21 TAGGED; JalTok-Jad@24,25 TAGGED; TzKal-Zuk@22,8 TAGGED
FIRED t2185 | 18,14 | Toxic Blowpipe | Jal-Zek
t2186 | 18,14 | 13..17|E|frz-3 | zukIn 1 | setIn 266 | zukHp 193 | chosen 18,14 | walk - | weapon Toxic Blowpipe | untilShot 1 | target Jal-Zek[mager-kill] | gate ok | overhead none | Zek@20,21 TAGGED; JalTok-Jad@24,25 TAGGED; TzKal-Zuk@22,8 TAGGED
t2187 | 18,14 | 14..18|E|frz-4 | zukIn 7 | setIn 265 | zukHp 193 | chosen 25,14 | walk ->25,14 | weapon Toxic Blowpipe | untilShot 2 | target -[-] | gate - | overhead none | Zek@20,21 TAGGED; JalTok-Jad@24,25 TAGGED; TzKal-Zuk@22,8 TAGGED
FIRED t2187 | 18,14 | Toxic Blowpipe | Jal-Zek
t2188 | 20,14 | 15..19|E|frz-5 | zukIn 6 | setIn 264 | zukHp 193 | chosen 25,14 | walk ->25,14 | weapon Toxic Blowpipe | untilShot 1 | target Jal-Zek[mager-kill] | gate ok | overhead none | Zek@20,21 TAGGED; JalTok-Jad@24,25 TAGGED; TzKal-Zuk@22,8 TAGGED
t2189 | 20,14 | 16..20|E|frz-6 | zukIn 5 | setIn 263 | zukHp 193 | chosen 25,14 | walk ->25,14 | weapon Toxic Blowpipe | untilShot 2 | target -[-] | gate - | overhead Protect from Magic | Zek@20,21 TAGGED; JalTok-Jad@24,25 TAGGED; TzKal-Zuk@22,8 TAGGED
FIRED t2189 | 20,14 | Toxic Blowpipe | Jal-Zek
t2190 | 22,14 | 17..21|E|frz-7 | zukIn 4 | setIn 262 | zukHp 193 | chosen 25,14 | walk ->25,14 | weapon Toxic Blowpipe | untilShot 1 | target Jal-Zek[mager-kill] | gate ok | overhead Protect from Range | Zek@20,21 TAGGED; JalTok-Jad@24,25 TAGGED; TzKal-Zuk@22,8 TAGGED
t2191 | 22,14 | 18..22|E|frz-8 | zukIn 3 | setIn 261 | zukHp 193 | chosen 25,14 | walk ->25,14 | weapon Toxic Blowpipe | untilShot 2 | target -[-] | gate - | overhead none | Zek@20,21 TAGGED; JalTok-Jad@24,25 TAGGED; TzKal-Zuk@22,8 TAGGED
FIRED t2191 | 22,14 | Toxic Blowpipe | Jal-Zek
t2192 | 24,14 | 19..23|E|frz-9 | zukIn 2 | setIn 260 | zukHp 193 | chosen 25,14 | walk ->25,14 | weapon Toxic Blowpipe | untilShot 1 | target Jal-Zek[mager-kill] | gate ok | overhead none | Zek@20,21 TAGGED; JalTok-Jad@24,25 TAGGED; TzKal-Zuk@22,8 TAGGED
t2193 | 24,14 | 20..24|E|frz-10 | zukIn 1 | setIn 259 | zukHp 193 | chosen 24,14 | walk - | weapon Toxic Blowpipe | untilShot 2 | target Jal-Zek[mager-kill] | gate ok | overhead Protect from Magic | Zek@20,21 TAGGED; JalTok-Jad@24,25 TAGGED; TzKal-Zuk@22,8 TAGGED
FIRED t2193 | 24,14 | Toxic Blowpipe | Jal-Zek
t2194 | 24,14 | 21..25|E|frz-11 | zukIn 7 | setIn 258 | zukHp 193 | chosen 32,14 | walk ->32,14 | weapon Toxic Blowpipe | untilShot 1 | target -[-] | gate - | overhead none | Zek@20,21 TAGGED; JalTok-Jad@24,25 TAGGED; TzKal-Zuk@22,8 TAGGED
t2195 | 26,14 | 22..26|E|frz-12 | zukIn 6 | setIn 257 | zukHp 193 | chosen 32,14 | walk ->32,14 | weapon Toxic Blowpipe | untilShot 1 | target Jal-Zek[mager-kill] | gate ok | overhead none | Zek@20,21 TAGGED; JalTok-Jad@24,25 TAGGED; TzKal-Zuk@22,8 TAGGED
t2196 | 26,14 | 23..27|E|frz-13 | zukIn 5 | setIn 256 | zukHp 193 | chosen 32,14 | walk ->32,14 | weapon Toxic Blowpipe | untilShot 2 | target -[-] | gate - | overhead none | Zek@20,21 TAGGED; JalTok-Jad@24,25 TAGGED; TzKal-Zuk@22,8 TAGGED
FIRED t2196 | 26,14 | Toxic Blowpipe | Jal-Zek
t2197 | 28,14 | 24..28|E|frz-14 | zukIn 4 | setIn 255 | zukHp 193 | chosen 32,14 | walk ->32,14 | weapon Toxic Blowpipe | untilShot 1 | target Jal-Zek[mager-kill] | gate ok | overhead Protect from Magic | Zek@20,21 TAGGED; JalTok-Jad@24,25 TAGGED; TzKal-Zuk@22,8 TAGGED
t2198 | 28,14 | 25..29|E|frz-15 | zukIn 3 | setIn 254 | zukHp 193 | chosen 32,14 | walk ->32,14 | weapon Toxic Blowpipe | untilShot 2 | target -[-] | gate - | overhead Protect from Magic | Zek@20,21 TAGGED; JalTok-Jad@24,25 TAGGED; TzKal-Zuk@22,8 TAGGED
FIRED t2198 | 28,14 | Toxic Blowpipe | Jal-Zek
t2199 | 30,14 | 26..30|E|frz-16 | zukIn 2 | setIn 253 | zukHp 193 | chosen 32,14 | walk ->32,14 | weapon Toxic Blowpipe | untilShot 1 | target Jal-Zek[mager-kill] | gate ok | overhead none | Zek@20,21 TAGGED; JalTok-Jad@24,25 TAGGED; TzKal-Zuk@22,8 TAGGED
t2200 | 32,14 | 27..31|E|frz-17 | zukIn 1 | setIn 252 | zukHp 193 | chosen 32,14 | walk - | weapon Rune Crossbow | untilShot 1 | target TzKal-Zuk[zuk] | gate - | overhead none | Zek@20,21 TAGGED; JalTok-Jad@24,25 TAGGED; TzKal-Zuk@22,8 TAGGED
t2201 | 32,14 | 28..32|E|frz-18 | zukIn 7 | setIn 251 | zukHp 193 | chosen 36,14 | walk ->36,14 | weapon Rune Crossbow | untilShot 1 | target -[-] | gate - | overhead Protect from Magic | Zek@20,21 TAGGED; JalTok-Jad@24,25 TAGGED; TzKal-Zuk@22,8 TAGGED
t2202 | 34,14 | 29..33|E|frz-19 | zukIn 6 | setIn 250 | zukHp 193 | chosen 36,14 | walk ->36,14 | weapon Rune Crossbow | untilShot 1 | target TzKal-Zuk[zuk] | gate - | overhead none | Zek@20,21 TAGGED; JalTok-Jad@24,25 TAGGED; TzKal-Zuk@22,8 TAGGED
t2203 | 36,14 | 30..34|E|frz-20 | zukIn 5 | setIn 249 | zukHp 193 | chosen 36,14 | walk - | weapon Rune Crossbow | untilShot 1 | target TzKal-Zuk[zuk] | gate - | overhead none | Zek@20,21 TAGGED; JalTok-Jad@24,25 TAGGED; TzKal-Zuk@22,8 TAGGED
t2204 | 36,14 | 31..35|E|frz-21 | zukIn 4 | setIn 248 | zukHp 193 | chosen 36,14 | walk - | weapon Rune Crossbow | untilShot 1 | target TzKal-Zuk[zuk] | gate - | overhead none | Zek@20,21 TAGGED; JalTok-Jad@24,25 TAGGED; TzKal-Zuk@22,8 TAGGED
t2205 | 36,14 | 32..36|E|frz-22 | zukIn 3 | setIn 247 | zukHp 193 | chosen 36,14 | walk - | weapon Rune Crossbow | untilShot 1 | target TzKal-Zuk[zuk] | gate - | overhead Protect from Magic | Zek@20,21 TAGGED; JalTok-Jad@24,25 TAGGED; TzKal-Zuk@22,8 TAGGED
t2206 | 36,14 | 33..37|E|frz-23 | zukIn 2 | setIn 246 | zukHp 193 | chosen 36,14 | walk - | weapon Rune Crossbow | untilShot 1 | target TzKal-Zuk[zuk] | gate - | overhead Protect from Magic | Zek@20,21 TAGGED; JalTok-Jad@24,25 TAGGED; TzKal-Zuk@22,8 TAGGED
t2207 | 36,14 | 34..38|E|frz-24 | zukIn 1 | setIn 245 | zukHp 193 | chosen 36,14 | walk - | weapon Rune Crossbow | untilShot 1 | target TzKal-Zuk[zuk] | gate - | overhead none | Zek@20,21 TAGGED; JalTok-Jad@24,25 TAGGED; TzKal-Zuk@22,8 TAGGED
t2208 | 36,14 | 35..39|E|frz-25 | zukIn 7 | setIn 244 | zukHp 193 | chosen 34,14 | walk ->34,14 | weapon Rune Crossbow | untilShot 1 | target -[-] | gate - | overhead none | Zek@20,21 TAGGED; JalTok-Jad@24,25 TAGGED; TzKal-Zuk@22,8 TAGGED
t2209 | 34,14 | 36..40|W|frz4 | zukIn 6 | setIn 243 | zukHp 193 | chosen 34,14 | walk - | weapon Rune Crossbow | untilShot 1 | target TzKal-Zuk[zuk] | gate - | overhead Protect from Magic | Zek@20,21 TAGGED; JalTok-Jad@24,25 TAGGED; TzKal-Zuk@22,8 TAGGED
t2210 | 34,14 | 36..40|W|frz3 | zukIn 5 | setIn 242 | zukHp 193 | chosen 34,14 | walk - | weapon Rune Crossbow | untilShot 1 | target TzKal-Zuk[zuk] | gate - | overhead none | Zek@20,21 TAGGED; JalTok-Jad@24,25 TAGGED; TzKal-Zuk@22,8 TAGGED
t2211 | 34,14 | 36..40|W|frz2 | zukIn 4 | setIn 241 | zukHp 193 | chosen 34,14 | walk - | weapon Rune Crossbow | untilShot 1 | target TzKal-Zuk[zuk] | gate - | overhead none | Zek@20,21 TAGGED; JalTok-Jad@24,25 TAGGED; TzKal-Zuk@22,8 TAGGED
t2212 | 34,14 | 36..40|W|frz1 | zukIn 3 | setIn 240 | zukHp 193 | chosen 34,14 | walk - | weapon Rune Crossbow | untilShot 1 | target TzKal-Zuk[zuk] | gate - | overhead none | Zek@20,21 TAGGED; JalTok-Jad@24,25 TAGGED; TzKal-Zuk@22,8 TAGGED
t2213 | 34,14 | 36..40|W|frz0 | zukIn 2 | setIn 239 | zukHp 193 | chosen 34,14 | walk - | weapon Rune Crossbow | untilShot 1 | target TzKal-Zuk[zuk] | gate - | overhead Protect from Magic | Zek@20,21 TAGGED; JalTok-Jad@24,25 TAGGED; TzKal-Zuk@22,8 TAGGED
t2214 | 34,14 | 35..39|W|frz-1 | zukIn 1 | setIn 238 | zukHp 193 | chosen 34,14 | walk - | weapon Rune Crossbow | untilShot 1 | target TzKal-Zuk[zuk] | gate - | overhead Protect from Range | Zek@20,21 TAGGED; JalTok-Jad@24,25 TAGGED; TzKal-Zuk@22,8 TAGGED
t2215 | 34,14 | 34..38|W|frz-2 | zukIn 7 | setIn 237 | zukHp 193 | chosen 27,14 | walk ->27,14 | weapon Rune Crossbow | untilShot 1 | target -[-] | gate - | overhead none | Zek@20,21 TAGGED; JalTok-Jad@24,25 TAGGED; TzKal-Zuk@22,8 TAGGED
t2216 | 32,14 | 33..37|W|frz-3 | zukIn 6 | setIn 236 | zukHp 193 | chosen 27,14 | walk ->27,14 | weapon Rune Crossbow | untilShot 1 | target TzKal-Zuk[zuk] | gate - | overhead none | Zek@20,21 TAGGED; JalTok-Jad@24,25 TAGGED; TzKal-Zuk@22,8 TAGGED
t2217 | 30,14 | 32..36|W|frz-4 | zukIn 5 | setIn 235 | zukHp 193 | chosen 27,14 | walk ->27,14 | weapon Rune Crossbow | untilShot 1 | target Jal-Zek[mager-kill] | gate ok | overhead Protect from Magic | Zek@20,21 TAGGED; JalTok-Jad@24,25 TAGGED; TzKal-Zuk@22,8 TAGGED
t2218 | 30,14 | 31..35|W|frz-5 | zukIn 4 | setIn 234 | zukHp 193 | chosen 27,14 | walk ->27,14 | weapon Rune Crossbow | untilShot 5 | target -[-] | gate - | overhead none | Zek@20,21 TAGGED; JalTok-Jad@24,25 TAGGED; TzKal-Zuk@22,8 TAGGED
FIRED t2218 | 30,14 | Rune Crossbow | Jal-Zek
t2219 | 28,14 | 30..34|W|frz-6 | zukIn 3 | setIn 233 | zukHp 193 | chosen 27,14 | walk ->27,14 | weapon Rune Crossbow | untilShot 4 | target Jal-Zek[mager-kill] | gate ok | overhead none | Zek@20,21 TAGGED; JalTok-Jad@24,25 TAGGED; TzKal-Zuk@22,8 TAGGED
t2220 | 27,14 | 29..33|W|frz-7 | zukIn 2 | setIn 232 | zukHp 193 | chosen 27,14 | walk - | weapon Rune Crossbow | untilShot 3 | target Jal-Zek[mager-kill] | gate ok | overhead none | Zek@20,21 TAGGED; JalTok-Jad@24,25 TAGGED; TzKal-Zuk@22,8 TAGGED
t2221 | 27,14 | 28..32|W|frz-8 | zukIn 1 | setIn 231 | zukHp 193 | chosen 27,14 | walk - | weapon Rune Crossbow | untilShot 2 | target Jal-Zek[mager-kill] | gate ok | overhead Protect from Magic | Zek@20,21 TAGGED; JalTok-Jad@24,25 TAGGED; TzKal-Zuk@22,8 TAGGED
t2222 | 27,14 | 27..31|W|frz-9 | zukIn 7 | setIn 230 | zukHp 193 | chosen 20,14 | walk ->20,14 | weapon Toxic Blowpipe | untilShot 1 | target -[-] | gate - | overhead Protect from Magic | Zek@20,21 TAGGED; JalTok-Jad@24,25 TAGGED; TzKal-Zuk@22,8 TAGGED
t2223 | 25,14 | 26..30|W|frz-10 | zukIn 6 | setIn 229 | zukHp 193 | chosen 20,14 | walk ->20,14 | weapon Toxic Blowpipe | untilShot 1 | target Jal-Zek[mager-kill] | gate ok | overhead none | Zek@20,21 TAGGED; JalTok-Jad@24,25 TAGGED; TzKal-Zuk@22,8 TAGGED
t2224 | 25,14 | 25..29|W|frz-11 | zukIn 5 | setIn 228 | zukHp 193 | chosen 20,14 | walk ->20,14 | weapon Toxic Blowpipe | untilShot 2 | target -[-] | gate - | overhead none | Zek@20,21 TAGGED; JalTok-Jad@24,25 TAGGED; TzKal-Zuk@22,8 TAGGED
FIRED t2224 | 25,14 | Toxic Blowpipe | Jal-Zek
t2225 | 23,14 | 24..28|W|frz-12 | zukIn 4 | setIn 227 | zukHp 193 | chosen 20,14 | walk ->20,14 | weapon Toxic Blowpipe | untilShot 1 | target Jal-Zek[mager-kill] | gate ok | overhead Protect from Magic | Zek@20,21 TAGGED; JalTok-Jad@24,25 TAGGED; TzKal-Zuk@22,8 TAGGED
t2226 | 23,14 | 23..27|W|frz-13 | zukIn 3 | setIn 226 | zukHp 193 | chosen 20,14 | walk ->20,14 | weapon Toxic Blowpipe | untilShot 2 | target -[-] | gate - | overhead none | Zek@20,21 TAGGED; JalTok-Jad@24,25 TAGGED; TzKal-Zuk@22,8 TAGGED
FIRED t2226 | 23,14 | Toxic Blowpipe | Jal-Zek
t2227 | 21,14 | 22..26|W|frz-14 | zukIn 2 | setIn 225 | zukHp 193 | chosen 20,14 | walk ->20,14 | weapon Toxic Blowpipe | untilShot 1 | target Jal-Zek[mager-kill] | gate ok | overhead none | Zek@20,21 TAGGED; JalTok-Jad@24,25 TAGGED; TzKal-Zuk@22,8 TAGGED
t2228 | 21,14 | 21..25|W|frz-15 | zukIn 1 | setIn 224 | zukHp 193 | chosen 21,14 | walk - | weapon Toxic Blowpipe | untilShot 2 | target Jal-Zek[mager-kill] | gate ok | overhead none | Zek@20,21 TAGGED; JalTok-Jad@24,25 TAGGED; TzKal-Zuk@22,8 TAGGED
FIRED t2228 | 21,14 | Toxic Blowpipe | Jal-Zek
t2229 | 21,14 | 20..24|W|frz-16 | zukIn 7 | setIn 223 | zukHp 193 | chosen 16,14 | walk ->16,14 | weapon Toxic Blowpipe | untilShot 1 | target -[-] | gate - | overhead Protect from Magic | Zek@20,21 TAGGED; JalTok-Jad@24,25 TAGGED; TzKal-Zuk@22,8 TAGGED
t2230 | 19,14 | 19..23|W|frz-17 | zukIn 6 | setIn 222 | zukHp 193 | chosen 16,14 | walk ->16,14 | weapon Toxic Blowpipe | untilShot 1 | target Jal-Zek[mager-kill] | gate ok | overhead Protect from Range | Zek@20,21 TAGGED; JalTok-Jad@24,25 TAGGED; TzKal-Zuk@22,8 TAGGED
t2231 | 19,14 | 18..22|W|frz-18 | zukIn 5 | setIn 221 | zukHp 193 | chosen 16,14 | walk ->16,14 | weapon Toxic Blowpipe | untilShot 2 | target -[-] | gate - | overhead none | Zek@20,21 TAGGED; JalTok-Jad@24,25 TAGGED; TzKal-Zuk@22,8 TAGGED
FIRED t2231 | 19,14 | Toxic Blowpipe | Jal-Zek
t2232 | 17,14 | 17..21|W|frz-19 | zukIn 4 | setIn 220 | zukHp 193 | chosen 16,14 | walk ->16,14 | weapon Toxic Blowpipe | untilShot 1 | target Jal-Zek[mager-kill] | gate ok | overhead none | Zek@20,21 TAGGED; JalTok-Jad@24,25 TAGGED; TzKal-Zuk@22,8 TAGGED
t2233 | 17,14 | 16..20|W|frz-20 | zukIn 3 | setIn 219 | zukHp 193 | chosen 16,14 | walk ->16,14 | weapon Toxic Blowpipe | untilShot 2 | target -[-] | gate - | overhead Protect from Magic | Zek@20,21 TAGGED; JalTok-Jad@24,25 TAGGED; TzKal-Zuk@22,8 TAGGED
FIRED t2233 | 17,14 | Toxic Blowpipe | Jal-Zek
t2234 | 16,14 | 15..19|W|frz-21 | zukIn 2 | setIn 218 | zukHp 193 | chosen 16,14 | walk - | weapon Toxic Blowpipe | untilShot 1 | target Jal-Zek[mager-kill] | gate ok | overhead none | Zek@20,21 TAGGED; JalTok-Jad@24,25 TAGGED; TzKal-Zuk@22,8 TAGGED
t2235 | 16,14 | 14..18|W|frz-22 | zukIn 1 | setIn 217 | zukHp 193 | chosen 16,14 | walk - | weapon Toxic Blowpipe | untilShot 2 | target Jal-Zek[mager-kill] | gate ok | overhead none | Zek@20,21 TAGGED; JalTok-Jad@24,25 TAGGED; TzKal-Zuk@22,8 TAGGED
FIRED t2235 | 16,14 | Toxic Blowpipe | Jal-Zek
t2236 | 16,14 | 13..17|W|frz-23 | zukIn 7 | setIn 216 | zukHp 193 | chosen 14,14 | walk ->14,14 | weapon Toxic Blowpipe | untilShot 1 | target -[-] | gate - | overhead none | Zek@20,21 TAGGED; JalTok-Jad@24,25 TAGGED; TzKal-Zuk@22,8 TAGGED
t2237 | 14,14 | 12..16|W|frz-24 | zukIn 6 | setIn 215 | zukHp 193 | chosen 14,14 | walk - | weapon Toxic Blowpipe | untilShot 1 | target Jal-Zek[mager-kill] | gate ok | overhead Protect from Magic | Zek@20,21 TAGGED; JalTok-Jad@24,25 TAGGED; TzKal-Zuk@22,8 TAGGED
t2238 | 14,14 | 11..15|W|frz-25 | zukIn 5 | setIn 214 | zukHp 193 | chosen 14,14 | walk - | weapon Rune Crossbow | untilShot 1 | target Jal-Zek[mager-kill] | gate ok | overhead Protect from Range | Zek@20,21 TAGGED; JalTok-Jad@24,25 TAGGED; TzKal-Zuk@22,8 TAGGED
t2239 | 14,14 | 10..14|E|frz4 | zukIn 4 | setIn 213 | zukHp 193 | chosen 14,14 | walk - | weapon Rune Crossbow | untilShot 5 | target Jal-Zek[mager-kill] | gate ok | overhead none | Zek@20,21 TAGGED; JalTok-Jad@24,25 TAGGED; TzKal-Zuk@22,8 TAGGED
FIRED t2239 | 14,14 | Rune Crossbow | Jal-Zek
t2240 | 14,14 | 10..14|E|frz3 | zukIn 3 | setIn 212 | zukHp 193 | chosen 14,14 | walk - | weapon Rune Crossbow | untilShot 4 | target Jal-Zek[mager-kill] | gate ok | overhead none | Zek@20,21 TAGGED; JalTok-Jad@24,25 TAGGED; TzKal-Zuk@22,8 TAGGED
t2241 | 14,14 | 10..14|E|frz2 | zukIn 2 | setIn 211 | zukHp 193 | chosen 14,14 | walk - | weapon Rune Crossbow | untilShot 3 | target Jal-Zek[mager-kill] | gate ok | overhead Protect from Magic | Zek@20,21 TAGGED; JalTok-Jad@24,25 TAGGED; TzKal-Zuk@22,8 TAGGED
t2242 | 14,14 | 10..14|E|frz1 | zukIn 1 | setIn 210 | zukHp 193 | chosen 14,14 | walk - | weapon Rune Crossbow | untilShot 2 | target Jal-Zek[mager-kill] | gate ok | overhead none | Zek@20,21 TAGGED; JalTok-Jad@24,25 TAGGED; TzKal-Zuk@22,8 TAGGED
t2243 | 14,14 | 10..14|E|frz0 | zukIn 7 | setIn 209 | zukHp 193 | chosen 21,14 | walk ->21,14 | weapon Rune Crossbow | untilShot 1 | target -[-] | gate - | overhead none | Zek@20,21 TAGGED; JalTok-Jad@24,25 TAGGED; TzKal-Zuk@22,8 TAGGED
t2244 | 16,14 | 11..15|E|frz-1 | zukIn 6 | setIn 208 | zukHp 193 | chosen 21,14 | walk ->21,14 | weapon Rune Crossbow | untilShot 1 | target Jal-Zek[mager-kill] | gate ok | overhead none | Zek@20,21 TAGGED; JalTok-Jad@24,25 TAGGED; TzKal-Zuk@22,8 TAGGED
t2245 | 16,14 | 12..16|E|frz-2 | zukIn 5 | setIn 207 | zukHp 193 | chosen 21,14 | walk ->21,14 | weapon Rune Crossbow | untilShot 5 | target -[-] | gate - | overhead Protect from Magic | Zek@20,21 TAGGED; JalTok-Jad@24,25 TAGGED; TzKal-Zuk@22,8 TAGGED
FIRED t2245 | 16,14 | Rune Crossbow | Jal-Zek
t2246 | 18,14 | 13..17|E|frz-3 | zukIn 4 | setIn 206 | zukHp 193 | chosen 21,14 | walk ->21,14 | weapon Rune Crossbow | untilShot 4 | target Jal-Zek[mager-kill] | gate ok | overhead Protect from Magic | Zek@20,21 TAGGED; JalTok-Jad@24,25 TAGGED; TzKal-Zuk@22,8 TAGGED
t2247 | 20,14 | 14..18|E|frz-4 | zukIn 3 | setIn 205 | zukHp 193 | chosen 21,14 | walk ->21,14 | weapon Rune Crossbow | untilShot 3 | target Jal-Zek[mager-kill] | gate ok | overhead none | Zek@20,21 TAGGED; JalTok-Jad@24,25 TAGGED; TzKal-Zuk@22,8 TAGGED
t2248 | 21,14 | 15..19|E|frz-5 | zukIn 2 | setIn 204 | zukHp 193 | chosen 21,14 | walk - | weapon Rune Crossbow | untilShot 2 | target Jal-Zek[mager-kill] | gate ok | overhead none | Zek@20,21 TAGGED; JalTok-Jad@24,25 TAGGED; TzKal-Zuk@22,8 TAGGED
t2249 | 21,14 | 16..20|E|frz-6 | zukIn 1 | setIn 203 | zukHp 193 | chosen 21,14 | walk - | weapon Toxic Blowpipe | untilShot 1 | target Jal-Zek[mager-kill] | gate ok | overhead Protect from Magic | Zek@20,21 TAGGED; JalTok-Jad@24,25 TAGGED; TzKal-Zuk@22,8 TAGGED
t2250 | 21,14 | 17..21|E|frz-7 | zukIn 7 | setIn 202 | zukHp 193 | chosen 28,14 | walk ->28,14 | weapon Toxic Blowpipe | untilShot 2 | target -[-] | gate - | overhead none | Zek@20,21 TAGGED; JalTok-Jad@24,25 TAGGED; TzKal-Zuk@22,8 TAGGED
FIRED t2250 | 21,14 | Toxic Blowpipe | Jal-Zek
t2251 | 23,14 | 18..22|E|frz-8 | zukIn 6 | setIn 201 | zukHp 193 | chosen 28,14 | walk ->28,14 | weapon Toxic Blowpipe | untilShot 1 | target Jal-Zek[mager-kill] | gate ok | overhead none | Zek@20,21 TAGGED; JalTok-Jad@24,25 TAGGED; TzKal-Zuk@22,8 TAGGED
t2252 | 23,14 | 19..23|E|frz-9 | zukIn 5 | setIn 200 | zukHp 193 | chosen 28,14 | walk ->28,14 | weapon Toxic Blowpipe | untilShot 2 | target -[-] | gate - | overhead none | Zek@20,21 TAGGED; JalTok-Jad@24,25 TAGGED; TzKal-Zuk@22,8 TAGGED
FIRED t2252 | 23,14 | Toxic Blowpipe | Jal-Zek
t2253 | 25,14 | 20..24|E|frz-10 | zukIn 4 | setIn 199 | zukHp 193 | chosen 28,14 | walk ->28,14 | weapon Toxic Blowpipe | untilShot 1 | target Jal-Zek[mager-kill] | gate ok | overhead Protect from Magic | Zek@20,21 TAGGED; JalTok-Jad@24,25 TAGGED; TzKal-Zuk@22,8 TAGGED
t2254 | 25,14 | 21..25|E|frz-11 | zukIn 3 | setIn 198 | zukHp 193 | chosen 28,14 | walk ->28,14 | weapon Toxic Blowpipe | untilShot 2 | target -[-] | gate - | overhead Protect from Range | Zek@20,21 TAGGED; JalTok-Jad@24,25 TAGGED; TzKal-Zuk@22,8 TAGGED
FIRED t2254 | 25,14 | Toxic Blowpipe | Jal-Zek
t2255 | 27,14 | 22..26|E|frz-12 | zukIn 2 | setIn 197 | zukHp 193 | chosen 28,14 | walk ->28,14 | weapon Toxic Blowpipe | untilShot 1 | target Jal-Zek[mager-kill] | gate ok | overhead none | Zek@20,21 TAGGED; JalTok-Jad@24,25 TAGGED; TzKal-Zuk@22,8 TAGGED
t2256 | 27,14 | 23..27|E|frz-13 | zukIn 1 | setIn 196 | zukHp 193 | chosen 27,14 | walk - | weapon Toxic Blowpipe | untilShot 2 | target Jal-Zek[mager-kill] | gate ok | overhead none | Zek@20,21 TAGGED; JalTok-Jad@24,25 TAGGED; TzKal-Zuk@22,8 TAGGED
FIRED t2256 | 27,14 | Toxic Blowpipe | Jal-Zek
t2257 | 27,14 | 24..28|E|frz-14 | zukIn 7 | setIn 195 | zukHp 193 | chosen 35,14 | walk ->35,14 | weapon Toxic Blowpipe | untilShot 1 | target -[-] | gate - | overhead Protect from Magic | Zek@20,21 TAGGED; JalTok-Jad@24,25 TAGGED; TzKal-Zuk@22,8 TAGGED
t2258 | 29,14 | 25..29|E|frz-15 | zukIn 6 | setIn 194 | zukHp 193 | chosen 35,14 | walk ->35,14 | weapon Toxic Blowpipe | untilShot 1 | target Jal-Zek[mager-kill] | gate ok | overhead none | Zek@20,21 TAGGED; JalTok-Jad@24,25 TAGGED; TzKal-Zuk@22,8 TAGGED
t2259 | 31,14 | 26..30|E|frz-16 | zukIn 5 | setIn 193 | zukHp 193 | chosen 35,14 | walk ->35,14 | weapon Rune Crossbow | untilShot 1 | target TzKal-Zuk[zuk] | gate - | overhead none | Zek@20,21 TAGGED; JalTok-Jad@24,25 TAGGED; TzKal-Zuk@22,8 TAGGED
t2260 | 33,14 | 27..31|E|frz-17 | zukIn 4 | setIn 192 | zukHp 193 | chosen 35,14 | walk ->35,14 | weapon Rune Crossbow | untilShot 1 | target TzKal-Zuk[zuk] | gate - | overhead none | Zek@20,21 TAGGED; JalTok-Jad@24,25 TAGGED; TzKal-Zuk@22,8 TAGGED
t2261 | 35,14 | 28..32|E|frz-18 | zukIn 3 | setIn 191 | zukHp 193 | chosen 35,14 | walk - | weapon Rune Crossbow | untilShot 1 | target TzKal-Zuk[zuk] | gate - | overhead Protect from Magic | Zek@20,21 TAGGED; JalTok-Jad@24,25 TAGGED; TzKal-Zuk@22,8 TAGGED
t2262 | 35,14 | 29..33|E|frz-19 | zukIn 2 | setIn 190 | zukHp 193 | chosen 35,14 | walk - | weapon Rune Crossbow | untilShot 1 | target TzKal-Zuk[zuk] | gate - | overhead Protect from Magic | Zek@20,21 TAGGED; JalTok-Jad@24,25 TAGGED; TzKal-Zuk@22,8 TAGGED
t2263 | 35,14 | 30..34|E|frz-20 | zukIn 1 | setIn 189 | zukHp 193 | chosen 35,14 | walk - | weapon Rune Crossbow | untilShot 1 | target TzKal-Zuk[zuk] | gate - | overhead none | Zek@20,21 TAGGED; JalTok-Jad@24,25 TAGGED; TzKal-Zuk@22,8 TAGGED
t2264 | 35,14 | 31..35|E|frz-21 | zukIn 7 | setIn 188 | zukHp 193 | chosen 36,14 | walk ->36,14 | weapon Rune Crossbow | untilShot 1 | target -[-] | gate - | overhead none | Zek@20,21 TAGGED; JalTok-Jad@24,25 TAGGED; TzKal-Zuk@22,8 TAGGED
t2265 | 36,14 | 32..36|E|frz-22 | zukIn 6 | setIn 187 | zukHp 193 | chosen 36,14 | walk - | weapon Rune Crossbow | untilShot 1 | target TzKal-Zuk[zuk] | gate - | overhead Protect from Magic | Zek@20,21 TAGGED; JalTok-Jad@24,25 TAGGED; TzKal-Zuk@22,8 TAGGED
t2266 | 36,14 | 33..37|E|frz-23 | zukIn 5 | setIn 186 | zukHp 193 | chosen 36,14 | walk - | weapon Rune Crossbow | untilShot 1 | target TzKal-Zuk[zuk] | gate - | overhead none | Zek@20,21 TAGGED; JalTok-Jad@24,25 TAGGED; TzKal-Zuk@22,8 TAGGED
t2267 | 36,14 | 34..38|E|frz-24 | zukIn 4 | setIn 185 | zukHp 193 | chosen 36,14 | walk - | weapon Rune Crossbow | untilShot 1 | target TzKal-Zuk[zuk] | gate - | overhead none | Zek@20,21 TAGGED; JalTok-Jad@24,25 TAGGED; TzKal-Zuk@22,8 TAGGED
t2268 | 36,14 | 35..39|E|frz-25 | zukIn 3 | setIn 184 | zukHp 193 | chosen 36,14 | walk - | weapon Rune Crossbow | untilShot 1 | target TzKal-Zuk[zuk] | gate - | overhead none | Zek@20,21 TAGGED; JalTok-Jad@24,25 TAGGED; TzKal-Zuk@22,8 TAGGED
t2269 | 36,14 | 36..40|W|frz4 | zukIn 2 | setIn 183 | zukHp 193 | chosen 36,14 | walk - | weapon Rune Crossbow | untilShot 1 | target TzKal-Zuk[zuk] | gate - | overhead Protect from Magic | Zek@20,21 TAGGED; JalTok-Jad@24,25 TAGGED; TzKal-Zuk@22,8 TAGGED
t2270 | 36,14 | 36..40|W|frz3 | zukIn 1 | setIn 182 | zukHp 193 | chosen 36,14 | walk - | weapon Rune Crossbow | untilShot 1 | target TzKal-Zuk[zuk] | gate - | overhead Protect from Magic | Zek@20,21 TAGGED; JalTok-Jad@24,25 TAGGED; TzKal-Zuk@22,8 TAGGED
t2271 | 36,14 | 36..40|W|frz2 | zukIn 7 | setIn 181 | zukHp 193 | chosen 31,14 | walk ->31,14 | weapon Rune Crossbow | untilShot 1 | target -[-] | gate - | overhead none | Zek@20,21 TAGGED; JalTok-Jad@24,25 TAGGED; TzKal-Zuk@22,8 TAGGED
t2272 | 34,14 | 36..40|W|frz1 | zukIn 6 | setIn 180 | zukHp 193 | chosen 31,14 | walk ->31,14 | weapon Rune Crossbow | untilShot 1 | target TzKal-Zuk[zuk] | gate - | overhead none | Zek@20,21 TAGGED; JalTok-Jad@24,25 TAGGED; TzKal-Zuk@22,8 TAGGED
t2273 | 32,14 | 36..40|W|frz0 | zukIn 5 | setIn 179 | zukHp 193 | chosen 31,14 | walk ->31,14 | weapon Rune Crossbow | untilShot 1 | target TzKal-Zuk[zuk] | gate - | overhead Protect from Magic | Zek@20,21 TAGGED; JalTok-Jad@24,25 TAGGED; TzKal-Zuk@22,8 TAGGED
t2274 | 31,14 | 35..39|W|frz-1 | zukIn 4 | setIn 178 | zukHp 193 | chosen 31,14 | walk - | weapon Rune Crossbow | untilShot 1 | target TzKal-Zuk[zuk] | gate - | overhead none | Zek@20,21 TAGGED; JalTok-Jad@24,25 TAGGED; TzKal-Zuk@22,8 TAGGED
t2275 | 31,14 | 34..38|W|frz-2 | zukIn 3 | setIn 177 | zukHp 193 | chosen 31,14 | walk - | weapon Rune Crossbow | untilShot 1 | target TzKal-Zuk[zuk] | gate - | overhead none | Zek@20,21 TAGGED; JalTok-Jad@24,25 TAGGED; TzKal-Zuk@22,8 TAGGED
t2276 | 31,14 | 33..37|W|frz-3 | zukIn 2 | setIn 176 | zukHp 193 | chosen 31,14 | walk - | weapon Rune Crossbow | untilShot 1 | target TzKal-Zuk[zuk] | gate - | overhead none | Zek@20,21 TAGGED; JalTok-Jad@24,25 TAGGED; TzKal-Zuk@22,8 TAGGED
t2277 | 31,14 | 32..36|W|frz-4 | zukIn 1 | setIn 175 | zukHp 193 | chosen 31,14 | walk - | weapon Rune Crossbow | untilShot 1 | target TzKal-Zuk[zuk] | gate - | overhead Protect from Magic | Zek@20,21 TAGGED; JalTok-Jad@24,25 TAGGED; TzKal-Zuk@22,8 TAGGED
t2278 | 31,14 | 31..35|W|frz-5 | zukIn 7 | setIn 174 | zukHp 193 | chosen 24,14 | walk ->24,14 | weapon Rune Crossbow | untilShot 1 | target -[-] | gate - | overhead Protect from Range | Zek@20,21 TAGGED; JalTok-Jad@24,25 TAGGED; TzKal-Zuk@22,8 TAGGED
t2279 | 29,14 | 30..34|W|frz-6 | zukIn 6 | setIn 173 | zukHp 193 | chosen 24,14 | walk ->24,14 | weapon Rune Crossbow | untilShot 1 | target Jal-Zek[mager-kill] | gate ok | overhead none | Zek@20,21 TAGGED; JalTok-Jad@24,25 TAGGED; TzKal-Zuk@22,8 TAGGED
t2280 | 29,14 | 29..33|W|frz-7 | zukIn 5 | setIn 172 | zukHp 193 | chosen 24,14 | walk ->24,14 | weapon Rune Crossbow | untilShot 5 | target -[-] | gate - | overhead none | Zek@20,21 TAGGED; JalTok-Jad@24,25 TAGGED; TzKal-Zuk@22,8 TAGGED
FIRED t2280 | 29,14 | Rune Crossbow | Jal-Zek
t2281 | 27,14 | 28..32|W|frz-8 | zukIn 4 | setIn 171 | zukHp 193 | chosen 24,14 | walk ->24,14 | weapon Rune Crossbow | untilShot 4 | target Jal-Zek[mager-kill] | gate ok | overhead Protect from Magic | Zek@20,21 TAGGED; JalTok-Jad@24,25 TAGGED; TzKal-Zuk@22,8 TAGGED
t2282 | 25,14 | 27..31|W|frz-9 | zukIn 3 | setIn 170 | zukHp 193 | chosen 24,14 | walk ->24,14 | weapon Rune Crossbow | untilShot 3 | target Jal-Zek[mager-kill] | gate ok | overhead none | Zek@20,21 TAGGED; JalTok-Jad@24,25 TAGGED; TzKal-Zuk@22,8 TAGGED
t2283 | 24,14 | 26..30|W|frz-10 | zukIn 2 | setIn 169 | zukHp 193 | chosen 24,14 | walk - | weapon Rune Crossbow | untilShot 2 | target Jal-Zek[mager-kill] | gate ok | overhead none | Zek@20,21 TAGGED; JalTok-Jad@24,25 TAGGED; TzKal-Zuk@22,8 TAGGED
t2284 | 24,14 | 25..29|W|frz-11 | zukIn 1 | setIn 168 | zukHp 193 | chosen 24,14 | walk - | weapon Toxic Blowpipe | untilShot 1 | target Jal-Zek[mager-kill] | gate ok | overhead none | Zek@20,21 TAGGED; JalTok-Jad@24,25 TAGGED; TzKal-Zuk@22,8 TAGGED
t2285 | 24,14 | 24..28|W|frz-12 | zukIn 7 | setIn 167 | zukHp 193 | chosen 17,14 | walk ->17,14 | weapon Toxic Blowpipe | untilShot 2 | target -[-] | gate - | overhead Protect from Magic | Zek@20,21 TAGGED; JalTok-Jad@24,25 TAGGED; TzKal-Zuk@22,8 TAGGED
FIRED t2285 | 24,14 | Toxic Blowpipe | Jal-Zek
t2286 | 22,14 | 23..27|W|frz-13 | zukIn 6 | setIn 166 | zukHp 193 | chosen 17,14 | walk ->17,14 | weapon Toxic Blowpipe | untilShot 1 | target Jal-Zek[mager-kill] | gate ok | overhead Protect from Range | Zek@20,21 TAGGED; JalTok-Jad@24,25 TAGGED; TzKal-Zuk@22,8 TAGGED
t2287 | 22,14 | 22..26|W|frz-14 | zukIn 5 | setIn 165 | zukHp 193 | chosen 17,14 | walk ->17,14 | weapon Toxic Blowpipe | untilShot 2 | target -[-] | gate - | overhead none | Zek@20,21 TAGGED; JalTok-Jad@24,25 TAGGED; TzKal-Zuk@22,8 TAGGED
FIRED t2287 | 22,14 | Toxic Blowpipe | Jal-Zek
t2288 | 20,14 | 21..25|W|frz-15 | zukIn 4 | setIn 164 | zukHp 193 | chosen 17,14 | walk ->17,14 | weapon Toxic Blowpipe | untilShot 1 | target Jal-Zek[mager-kill] | gate ok | overhead none | Zek@20,21 TAGGED; JalTok-Jad@24,25 TAGGED; TzKal-Zuk@22,8 TAGGED
t2289 | 20,14 | 20..24|W|frz-16 | zukIn 3 | setIn 163 | zukHp 193 | chosen 17,14 | walk ->17,14 | weapon Toxic Blowpipe | untilShot 2 | target -[-] | gate - | overhead Protect from Magic | Zek@20,21 TAGGED; JalTok-Jad@24,25 TAGGED; TzKal-Zuk@22,8 TAGGED
FIRED t2289 | 20,14 | Toxic Blowpipe | Jal-Zek
t2290 | 18,14 | 19..23|W|frz-17 | zukIn 2 | setIn 162 | zukHp 193 | chosen 17,14 | walk ->17,14 | weapon Toxic Blowpipe | untilShot 1 | target Jal-Zek[mager-kill] | gate ok | overhead none | Zek@20,21 TAGGED; JalTok-Jad@24,25 TAGGED; TzKal-Zuk@22,8 TAGGED
t2291 | 18,14 | 18..22|W|frz-18 | zukIn 1 | setIn 161 | zukHp 193 | chosen 18,14 | walk - | weapon Toxic Blowpipe | untilShot 2 | target Jal-Zek[mager-kill] | gate ok | overhead none | Zek@20,21 TAGGED; JalTok-Jad@24,25 TAGGED; TzKal-Zuk@22,8 TAGGED
FIRED t2291 | 18,14 | Toxic Blowpipe | Jal-Zek
t2292 | 18,14 | 17..21|W|frz-19 | zukIn 7 | setIn 160 | zukHp 193 | chosen 14,14 | walk ->14,14 | weapon Toxic Blowpipe | untilShot 1 | target -[-] | gate - | overhead none | Zek@20,21 TAGGED; JalTok-Jad@24,25 TAGGED; TzKal-Zuk@22,8 TAGGED
t2293 | 16,14 | 16..20|W|frz-20 | zukIn 6 | setIn 159 | zukHp 193 | chosen 14,14 | walk ->14,14 | weapon Toxic Blowpipe | untilShot 1 | target Jal-Zek[mager-kill] | gate ok | overhead Protect from Magic | Zek@20,21 TAGGED; JalTok-Jad@24,25 TAGGED; TzKal-Zuk@22,8 TAGGED
t2294 | 16,14 | 15..19|W|frz-21 | zukIn 5 | setIn 158 | zukHp 193 | chosen 14,14 | walk ->14,14 | weapon Toxic Blowpipe | untilShot 2 | target -[-] | gate - | overhead Protect from Magic | Zek@20,21 TAGGED; JalTok-Jad@24,25 TAGGED; TzKal-Zuk@22,8 TAGGED
FIRED t2294 | 16,14 | Toxic Blowpipe | Jal-Zek
t2295 | 14,14 | 14..18|W|frz-22 | zukIn 4 | setIn 157 | zukHp 193 | chosen 14,14 | walk - | weapon Toxic Blowpipe | untilShot 1 | target Jal-Zek[mager-kill] | gate ok | overhead none | Zek@20,21 TAGGED; JalTok-Jad@24,25 TAGGED; TzKal-Zuk@22,8 TAGGED
t2296 | 14,14 | 13..17|W|frz-23 | zukIn 3 | setIn 156 | zukHp 193 | chosen 14,14 | walk - | weapon Rune Crossbow | untilShot 1 | target Jal-Zek[mager-kill] | gate ok | overhead none | Zek@20,21 TAGGED; JalTok-Jad@24,25 TAGGED; TzKal-Zuk@22,8 TAGGED
t2297 | 14,14 | 12..16|W|frz-24 | zukIn 2 | setIn 155 | zukHp 193 | chosen 14,14 | walk - | weapon Rune Crossbow | untilShot 5 | target Jal-Zek[mager-kill] | gate ok | overhead Protect from Magic | Zek@20,21 TAGGED; JalTok-Jad@24,25 TAGGED; TzKal-Zuk@22,8 TAGGED
FIRED t2297 | 14,14 | Rune Crossbow | Jal-Zek
t2298 | 14,14 | 11..15|W|frz-25 | zukIn 1 | setIn 154 | zukHp 193 | chosen 14,14 | walk - | weapon Rune Crossbow | untilShot 4 | target Jal-Zek[mager-kill] | gate ok | overhead none | Zek@20,21 TAGGED; JalTok-Jad@24,25 TAGGED; TzKal-Zuk@22,8 TAGGED
t2299 | 14,14 | 10..14|E|frz4 | zukIn 7 | setIn 153 | zukHp 193 | chosen 17,14 | walk ->17,14 | weapon Rune Crossbow | untilShot 3 | target -[-] | gate - | overhead none | Zek@20,21 TAGGED; JalTok-Jad@24,25 TAGGED; TzKal-Zuk@22,8 TAGGED
t2300 | 16,14 | 10..14|E|frz3 | zukIn 6 | setIn 152 | zukHp 193 | chosen 17,14 | walk ->17,14 | weapon Rune Crossbow | untilShot 2 | target Jal-Zek[mager-kill] | gate ok | overhead none | Zek@20,21 TAGGED; JalTok-Jad@24,25 TAGGED; TzKal-Zuk@22,8 TAGGED
t2301 | 17,14 | 10..14|E|frz2 | zukIn 5 | setIn 151 | zukHp 193 | chosen 17,14 | walk - | weapon Toxic Blowpipe | untilShot 1 | target Jal-Zek[mager-kill] | gate ok | overhead Protect from Magic | Zek@20,21 TAGGED; JalTok-Jad@24,25 TAGGED; TzKal-Zuk@22,8 TAGGED
t2302 | 17,14 | 10..14|E|frz1 | zukIn 4 | setIn 150 | zukHp 193 | chosen 17,14 | walk - | weapon Toxic Blowpipe | untilShot 2 | target Jal-Zek[mager-kill] | gate ok | overhead Protect from Magic | Zek@20,21 TAGGED; JalTok-Jad@24,25 TAGGED; TzKal-Zuk@22,8 TAGGED
FIRED t2302 | 17,14 | Toxic Blowpipe | Jal-Zek
t2303 | 17,14 | 10..14|E|frz0 | zukIn 3 | setIn 149 | zukHp 193 | chosen 17,14 | walk - | weapon Toxic Blowpipe | untilShot 1 | target Jal-Zek[mager-kill] | gate ok | overhead none | Zek@20,21 TAGGED; JalTok-Jad@24,25 TAGGED; TzKal-Zuk@22,8 TAGGED
t2304 | 17,14 | 11..15|E|frz-1 | zukIn 2 | setIn 148 | zukHp 193 | chosen 17,14 | walk - | weapon Toxic Blowpipe | untilShot 2 | target Jal-Zek[mager-kill] | gate ok | overhead none | Zek@20,21 TAGGED; JalTok-Jad@24,25 TAGGED; TzKal-Zuk@22,8 TAGGED
FIRED t2304 | 17,14 | Toxic Blowpipe | Jal-Zek
t2305 | 17,14 | 12..16|E|frz-2 | zukIn 1 | setIn 147 | zukHp 193 | chosen 17,14 | walk - | weapon Toxic Blowpipe | untilShot 1 | target Jal-Zek[mager-kill] | gate ok | overhead Protect from Magic | Zek@20,21 TAGGED; JalTok-Jad@24,25 TAGGED; TzKal-Zuk@22,8 TAGGED
t2306 | 17,14 | 13..17|E|frz-3 | zukIn 7 | setIn 146 | zukHp 193 | chosen 24,14 | walk ->24,14 | weapon Toxic Blowpipe | untilShot 1 | target -[-] | gate - | overhead none | JalTok-Jad@24,25 TAGGED; TzKal-Zuk@22,8 TAGGED
t2307 | 19,14 | 14..18|E|frz-4 | zukIn 6 | setIn 145 | zukHp 193 | chosen 24,14 | walk ->24,14 | weapon Toxic Blowpipe | untilShot 1 | target TzKal-Zuk[zuk] | gate ok | overhead none | JalTok-Jad@24,25 TAGGED; TzKal-Zuk@22,8 TAGGED
t2308 | 21,14 | 15..19|E|frz-5 | zukIn 5 | setIn 144 | zukHp 193 | chosen 24,14 | walk ->24,14 | weapon Rune Crossbow | untilShot 1 | target TzKal-Zuk[zuk] | gate ok | overhead none | JalTok-Jad@24,25 TAGGED; TzKal-Zuk@22,8 TAGGED
t2309 | 21,14 | 16..20|E|frz-6 | zukIn 4 | setIn 143 | zukHp 193 | chosen 24,14 | walk ->24,14 | weapon Rune Crossbow | untilShot 5 | target -[-] | gate - | overhead none | JalTok-Jad@24,25 TAGGED; TzKal-Zuk@22,8 TAGGED
FIRED t2309 | 21,14 | Rune Crossbow | TzKal-Zuk
t2310 | 23,14 | 17..21|E|frz-7 | zukIn 3 | setIn 142 | zukHp 193 | chosen 24,14 | walk ->24,14 | weapon Rune Crossbow | untilShot 4 | target TzKal-Zuk[zuk] | gate ok | overhead Protect from Range | JalTok-Jad@24,25 TAGGED; TzKal-Zuk@22,8 TAGGED
t2311 | 24,14 | 18..22|E|frz-8 | zukIn 2 | setIn 141 | zukHp 193 | chosen 24,14 | walk - | weapon Rune Crossbow | untilShot 3 | target TzKal-Zuk[zuk] | gate ok | overhead none | JalTok-Jad@24,25 TAGGED; TzKal-Zuk@22,8 TAGGED
t2312 | 24,14 | 19..23|E|frz-9 | zukIn 1 | setIn 140 | zukHp 187 | chosen 24,14 | walk - | weapon Rune Crossbow | untilShot 2 | target TzKal-Zuk[zuk] | gate ok | overhead none | JalTok-Jad@24,25 TAGGED; TzKal-Zuk@22,8 TAGGED
t2313 | 24,14 | 20..24|E|frz-10 | zukIn 7 | setIn 139 | zukHp 187 | chosen 31,14 | walk ->31,14 | weapon Rune Crossbow | untilShot 1 | target -[-] | gate - | overhead none | JalTok-Jad@24,25 TAGGED; TzKal-Zuk@22,8 TAGGED
t2314 | 26,14 | 21..25|E|frz-11 | zukIn 6 | setIn 138 | zukHp 187 | chosen 31,14 | walk ->31,14 | weapon Rune Crossbow | untilShot 1 | target TzKal-Zuk[zuk] | gate ok | overhead none | JalTok-Jad@24,25 TAGGED; TzKal-Zuk@22,8 TAGGED
t2315 | 26,14 | 22..26|E|frz-12 | zukIn 5 | setIn 137 | zukHp 187 | chosen 31,14 | walk ->31,14 | weapon Rune Crossbow | untilShot 5 | target -[-] | gate - | overhead none | JalTok-Jad@24,25 TAGGED; TzKal-Zuk@22,8 TAGGED
FIRED t2315 | 26,14 | Rune Crossbow | TzKal-Zuk
t2316 | 28,14 | 23..27|E|frz-13 | zukIn 4 | setIn 136 | zukHp 187 | chosen 31,14 | walk ->31,14 | weapon Rune Crossbow | untilShot 4 | target TzKal-Zuk[zuk] | gate ok | overhead none | JalTok-Jad@24,25 TAGGED; TzKal-Zuk@22,8 TAGGED
t2317 | 30,14 | 24..28|E|frz-14 | zukIn 3 | setIn 135 | zukHp 187 | chosen 31,14 | walk ->31,14 | weapon Rune Crossbow | untilShot 3 | target TzKal-Zuk[zuk] | gate ok | overhead none | JalTok-Jad@24,25 TAGGED; TzKal-Zuk@22,8 TAGGED
t2318 | 31,14 | 25..29|E|frz-15 | zukIn 2 | setIn 134 | zukHp 187 | chosen 31,14 | walk - | weapon Rune Crossbow | untilShot 2 | target TzKal-Zuk[zuk] | gate ok | overhead Protect from Magic | JalTok-Jad@24,25 TAGGED; TzKal-Zuk@22,8 TAGGED
t2319 | 31,14 | 26..30|E|frz-16 | zukIn 1 | setIn 133 | zukHp 187 | chosen 31,14 | walk - | weapon Rune Crossbow | untilShot 1 | target TzKal-Zuk[zuk] | gate ok | overhead none | JalTok-Jad@24,25 TAGGED; TzKal-Zuk@22,8 TAGGED
t2320 | 31,14 | 27..31|E|frz-17 | zukIn 7 | setIn 132 | zukHp 187 | chosen 35,14 | walk ->35,14 | weapon Rune Crossbow | untilShot 5 | target -[-] | gate - | overhead none | JalTok-Jad@24,25 TAGGED; TzKal-Zuk@22,8 TAGGED
FIRED t2320 | 31,14 | Rune Crossbow | TzKal-Zuk
t2321 | 33,14 | 28..32|E|frz-18 | zukIn 6 | setIn 131 | zukHp 187 | chosen 35,14 | walk ->35,14 | weapon Rune Crossbow | untilShot 4 | target TzKal-Zuk[zuk] | gate - | overhead none | JalTok-Jad@24,25 TAGGED; TzKal-Zuk@22,8 TAGGED
t2322 | 35,14 | 29..33|E|frz-19 | zukIn 5 | setIn 130 | zukHp 187 | chosen 35,14 | walk - | weapon Rune Crossbow | untilShot 3 | target TzKal-Zuk[zuk] | gate ok | overhead none | JalTok-Jad@24,25 TAGGED; TzKal-Zuk@22,8 TAGGED
t2323 | 35,14 | 30..34|E|frz-20 | zukIn 4 | setIn 129 | zukHp 187 | chosen 35,14 | walk - | weapon Rune Crossbow | untilShot 2 | target TzKal-Zuk[zuk] | gate ok | overhead none | JalTok-Jad@24,25 TAGGED; TzKal-Zuk@22,8 TAGGED
t2324 | 35,14 | 31..35|E|frz-21 | zukIn 3 | setIn 128 | zukHp 187 | chosen 35,14 | walk - | weapon Rune Crossbow | untilShot 1 | target TzKal-Zuk[zuk] | gate ok | overhead none | JalTok-Jad@24,25 TAGGED; TzKal-Zuk@22,8 TAGGED
t2325 | 35,14 | 32..36|E|frz-22 | zukIn 2 | setIn 127 | zukHp 187 | chosen 35,14 | walk - | weapon Rune Crossbow | untilShot 5 | target TzKal-Zuk[zuk] | gate ok | overhead none | JalTok-Jad@24,25 TAGGED; TzKal-Zuk@22,8 TAGGED
FIRED t2325 | 35,14 | Rune Crossbow | TzKal-Zuk
t2326 | 35,14 | 33..37|E|frz-23 | zukIn 1 | setIn 126 | zukHp 187 | chosen 35,14 | walk - | weapon Rune Crossbow | untilShot 4 | target TzKal-Zuk[zuk] | gate ok | overhead Protect from Range | JalTok-Jad@24,25 TAGGED; TzKal-Zuk@22,8 TAGGED
t2327 | 35,14 | 34..38|E|frz-24 | zukIn 7 | setIn 125 | zukHp 187 | chosen 35,14 | walk - | weapon Rune Crossbow | untilShot 3 | target TzKal-Zuk[zuk] | gate ok | overhead none | JalTok-Jad@24,25 TAGGED; TzKal-Zuk@22,8 TAGGED
t2328 | 35,14 | 35..39|E|frz-25 | zukIn 6 | setIn 124 | zukHp 187 | chosen 35,14 | walk - | weapon Rune Crossbow | untilShot 2 | target TzKal-Zuk[zuk] | gate ok | overhead none | JalTok-Jad@24,25 TAGGED; TzKal-Zuk@22,8 TAGGED
t2329 | 35,14 | 36..40|W|frz4 | zukIn 5 | setIn 123 | zukHp 187 | chosen 35,14 | walk - | weapon Rune Crossbow | untilShot 1 | target TzKal-Zuk[zuk] | gate ok | overhead none | JalTok-Jad@24,25 TAGGED; TzKal-Zuk@22,8 TAGGED
t2330 | 35,14 | 36..40|W|frz3 | zukIn 4 | setIn 122 | zukHp 187 | chosen 35,14 | walk - | weapon Rune Crossbow | untilShot 5 | target TzKal-Zuk[zuk] | gate ok | overhead none | JalTok-Jad@24,25 TAGGED; TzKal-Zuk@22,8 TAGGED
FIRED t2330 | 35,14 | Rune Crossbow | TzKal-Zuk
t2331 | 35,14 | 36..40|W|frz2 | zukIn 3 | setIn 121 | zukHp 187 | chosen 35,14 | walk - | weapon Rune Crossbow | untilShot 4 | target TzKal-Zuk[zuk] | gate ok | overhead none | JalTok-Jad@24,25 TAGGED; TzKal-Zuk@22,8 TAGGED
t2332 | 35,14 | 36..40|W|frz1 | zukIn 2 | setIn 120 | zukHp 187 | chosen 35,14 | walk - | weapon Rune Crossbow | untilShot 3 | target TzKal-Zuk[zuk] | gate ok | overhead none | JalTok-Jad@24,25 TAGGED; TzKal-Zuk@22,8 TAGGED
t2333 | 35,14 | 36..40|W|frz0 | zukIn 1 | setIn 119 | zukHp 187 | chosen 35,14 | walk - | weapon Rune Crossbow | untilShot 2 | target TzKal-Zuk[zuk] | gate ok | overhead none | JalTok-Jad@24,25 TAGGED; TzKal-Zuk@22,8 TAGGED
t2334 | 35,14 | 35..39|W|frz-1 | zukIn 7 | setIn 118 | zukHp 187 | chosen 28,14 | walk ->28,14 | weapon Rune Crossbow | untilShot 1 | target -[-] | gate - | overhead Protect from Range | JalTok-Jad@24,25 TAGGED; TzKal-Zuk@22,8 TAGGED
t2335 | 33,14 | 34..38|W|frz-2 | zukIn 6 | setIn 117 | zukHp 187 | chosen 28,14 | walk ->28,14 | weapon Rune Crossbow | untilShot 1 | target TzKal-Zuk[zuk] | gate - | overhead none | JalTok-Jad@24,25 TAGGED; TzKal-Zuk@22,8 TAGGED
t2336 | 31,14 | 33..37|W|frz-3 | zukIn 5 | setIn 116 | zukHp 187 | chosen 28,14 | walk ->28,14 | weapon Rune Crossbow | untilShot 1 | target TzKal-Zuk[zuk] | gate ok | overhead none | JalTok-Jad@24,25 TAGGED; TzKal-Zuk@22,8 TAGGED
t2337 | 31,14 | 32..36|W|frz-4 | zukIn 4 | setIn 115 | zukHp 187 | chosen 28,14 | walk ->28,14 | weapon Rune Crossbow | untilShot 5 | target -[-] | gate - | overhead none | JalTok-Jad@24,25 TAGGED; TzKal-Zuk@22,8 TAGGED
FIRED t2337 | 31,14 | Rune Crossbow | TzKal-Zuk
t2338 | 29,14 | 31..35|W|frz-5 | zukIn 3 | setIn 114 | zukHp 187 | chosen 28,14 | walk ->28,14 | weapon Rune Crossbow | untilShot 4 | target TzKal-Zuk[zuk] | gate ok | overhead none | JalTok-Jad@24,25 TAGGED; TzKal-Zuk@22,8 TAGGED
t2339 | 28,14 | 30..34|W|frz-6 | zukIn 2 | setIn 113 | zukHp 187 | chosen 28,14 | walk - | weapon Rune Crossbow | untilShot 3 | target TzKal-Zuk[zuk] | gate ok | overhead none | JalTok-Jad@24,25 TAGGED; TzKal-Zuk@22,8 TAGGED
t2340 | 28,14 | 29..33|W|frz-7 | zukIn 1 | setIn 112 | zukHp 181 | chosen 28,14 | walk - | weapon Rune Crossbow | untilShot 2 | target TzKal-Zuk[zuk] | gate ok | overhead none | JalTok-Jad@24,25 TAGGED; TzKal-Zuk@22,8 TAGGED
t2341 | 28,14 | 28..32|W|frz-8 | zukIn 7 | setIn 111 | zukHp 181 | chosen 21,14 | walk ->21,14 | weapon Rune Crossbow | untilShot 1 | target -[-] | gate - | overhead none | JalTok-Jad@24,25 TAGGED; TzKal-Zuk@22,8 TAGGED
t2342 | 26,14 | 27..31|W|frz-9 | zukIn 6 | setIn 110 | zukHp 181 | chosen 21,14 | walk ->21,14 | weapon Rune Crossbow | untilShot 1 | target TzKal-Zuk[zuk] | gate ok | overhead Protect from Range | JalTok-Jad@24,25 TAGGED; TzKal-Zuk@22,8 TAGGED
t2343 | 26,14 | 26..30|W|frz-10 | zukIn 5 | setIn 109 | zukHp 181 | chosen 21,14 | walk ->21,14 | weapon Rune Crossbow | untilShot 5 | target -[-] | gate - | overhead none | JalTok-Jad@24,25 TAGGED; TzKal-Zuk@22,8 TAGGED
FIRED t2343 | 26,14 | Rune Crossbow | TzKal-Zuk
t2344 | 24,14 | 25..29|W|frz-11 | zukIn 4 | setIn 108 | zukHp 181 | chosen 21,14 | walk ->21,14 | weapon Rune Crossbow | untilShot 4 | target TzKal-Zuk[zuk] | gate ok | overhead none | JalTok-Jad@24,25 TAGGED; TzKal-Zuk@22,8 TAGGED
t2345 | 22,14 | 24..28|W|frz-12 | zukIn 3 | setIn 107 | zukHp 181 | chosen 21,14 | walk ->21,14 | weapon Rune Crossbow | untilShot 3 | target TzKal-Zuk[zuk] | gate ok | overhead none | JalTok-Jad@24,25 TAGGED; TzKal-Zuk@22,8 TAGGED
t2346 | 21,14 | 23..27|W|frz-13 | zukIn 2 | setIn 106 | zukHp 181 | chosen 21,14 | walk - | weapon Rune Crossbow | untilShot 2 | target TzKal-Zuk[zuk] | gate ok | overhead none | JalTok-Jad@24,25 TAGGED; TzKal-Zuk@22,8 TAGGED
t2347 | 21,14 | 22..26|W|frz-14 | zukIn 1 | setIn 105 | zukHp 181 | chosen 21,14 | walk - | weapon Rune Crossbow | untilShot 1 | target TzKal-Zuk[zuk] | gate ok | overhead none | JalTok-Jad@24,25 TAGGED; TzKal-Zuk@22,8 TAGGED
t2348 | 21,14 | 21..25|W|frz-15 | zukIn 7 | setIn 104 | zukHp 181 | chosen 15,14 | walk ->15,14 | weapon Rune Crossbow | untilShot 5 | target -[-] | gate - | overhead none | JalTok-Jad@24,25 TAGGED; TzKal-Zuk@22,8 TAGGED
FIRED t2348 | 21,14 | Rune Crossbow | TzKal-Zuk
t2349 | 19,14 | 20..24|W|frz-16 | zukIn 6 | setIn 103 | zukHp 181 | chosen 15,14 | walk ->15,14 | weapon Rune Crossbow | untilShot 4 | target TzKal-Zuk[zuk] | gate ok | overhead none | JalTok-Jad@24,25 TAGGED; TzKal-Zuk@22,8 TAGGED
t2350 | 17,14 | 19..23|W|frz-17 | zukIn 5 | setIn 102 | zukHp 181 | chosen 15,14 | walk ->15,14 | weapon Rune Crossbow | untilShot 3 | target TzKal-Zuk[zuk] | gate - | overhead Protect from Magic | JalTok-Jad@24,25 TAGGED; TzKal-Zuk@22,8 TAGGED
t2351 | 15,14 | 18..22|W|frz-18 | zukIn 4 | setIn 101 | zukHp 181 | chosen 15,14 | walk - | weapon Rune Crossbow | untilShot 2 | target TzKal-Zuk[zuk] | gate ok | overhead none | JalTok-Jad@24,25 TAGGED; TzKal-Zuk@22,8 TAGGED
t2352 | 15,14 | 17..21|W|frz-19 | zukIn 3 | setIn 100 | zukHp 181 | chosen 15,14 | walk - | weapon Rune Crossbow | untilShot 1 | target TzKal-Zuk[zuk] | gate ok | overhead none | JalTok-Jad@24,25 TAGGED; TzKal-Zuk@22,8 TAGGED
t2353 | 15,14 | 16..20|W|frz-20 | zukIn 2 | setIn 99 | zukHp 181 | chosen 15,14 | walk - | weapon Rune Crossbow | untilShot 5 | target TzKal-Zuk[zuk] | gate ok | overhead none | JalTok-Jad@24,25 TAGGED; TzKal-Zuk@22,8 TAGGED
FIRED t2353 | 15,14 | Rune Crossbow | TzKal-Zuk
t2354 | 15,14 | 15..19|W|frz-21 | zukIn 1 | setIn 98 | zukHp 181 | chosen 15,14 | walk - | weapon Rune Crossbow | untilShot 4 | target TzKal-Zuk[zuk] | gate ok | overhead none | JalTok-Jad@24,25 TAGGED; TzKal-Zuk@22,8 TAGGED
t2355 | 15,14 | 14..18|W|frz-22 | zukIn 7 | setIn 97 | zukHp 181 | chosen 14,14 | walk ->14,14 | weapon Rune Crossbow | untilShot 3 | target -[-] | gate - | overhead none | JalTok-Jad@24,25 TAGGED; TzKal-Zuk@22,8 TAGGED
t2356 | 14,14 | 13..17|W|frz-23 | zukIn 6 | setIn 96 | zukHp 162 | chosen 15,14 | walk ->15,14 | weapon Rune Crossbow | untilShot 2 | target -[-] | gate - | overhead none | JalTok-Jad@24,25 TAGGED; TzKal-Zuk@22,8 TAGGED
t2357 | 15,14 | 12..16|W|frz-24 | zukIn 5 | setIn 95 | zukHp 162 | chosen 15,14 | walk - | weapon Rune Crossbow | untilShot 1 | target TzKal-Zuk[zuk] | gate ok | overhead none | JalTok-Jad@24,25 TAGGED; TzKal-Zuk@22,8 TAGGED
t2358 | 15,14 | 11..15|W|frz-25 | zukIn 4 | setIn 94 | zukHp 162 | chosen 14,14 | walk ->14,14 | weapon Rune Crossbow | untilShot 5 | target -[-] | gate - | overhead Protect from Range | JalTok-Jad@24,25 TAGGED; TzKal-Zuk@22,8 TAGGED
FIRED t2358 | 15,14 | Rune Crossbow | TzKal-Zuk
t2359 | 14,14 | 10..14|E|frz4 | zukIn 3 | setIn 93 | zukHp 162 | chosen 14,14 | walk - | weapon Rune Crossbow | untilShot 4 | target TzKal-Zuk[zuk] | gate - | overhead none | JalTok-Jad@24,25 TAGGED; TzKal-Zuk@22,8 TAGGED
t2360 | 14,14 | 10..14|E|frz3 | zukIn 2 | setIn 92 | zukHp 162 | chosen 14,14 | walk - | weapon Rune Crossbow | untilShot 3 | target TzKal-Zuk[zuk] | gate - | overhead none | JalTok-Jad@24,25 TAGGED; TzKal-Zuk@22,8 TAGGED
t2361 | 14,14 | 10..14|E|frz2 | zukIn 1 | setIn 91 | zukHp 134 | chosen 14,14 | walk - | weapon Rune Crossbow | untilShot 2 | target TzKal-Zuk[zuk] | gate - | overhead none | JalTok-Jad@24,25 TAGGED; TzKal-Zuk@22,8 TAGGED
t2362 | 14,14 | 10..14|E|frz1 | zukIn 7 | setIn 90 | zukHp 134 | chosen 20,14 | walk ->20,14 | weapon Rune Crossbow | untilShot 1 | target -[-] | gate - | overhead none | JalTok-Jad@24,25 TAGGED; TzKal-Zuk@22,8 TAGGED
t2363 | 16,14 | 10..14|E|frz0 | zukIn 6 | setIn 89 | zukHp 134 | chosen 20,14 | walk ->20,14 | weapon Rune Crossbow | untilShot 1 | target TzKal-Zuk[zuk] | gate - | overhead none | JalTok-Jad@24,25 TAGGED; TzKal-Zuk@22,8 TAGGED
t2364 | 18,14 | 11..15|E|frz-1 | zukIn 5 | setIn 88 | zukHp 134 | chosen 20,14 | walk ->20,14 | weapon Rune Crossbow | untilShot 1 | target TzKal-Zuk[zuk] | gate - | overhead none | JalTok-Jad@24,25 TAGGED; TzKal-Zuk@22,8 TAGGED
t2365 | 20,14 | 12..16|E|frz-2 | zukIn 4 | setIn 87 | zukHp 134 | chosen 20,14 | walk - | weapon Rune Crossbow | untilShot 1 | target TzKal-Zuk[zuk] | gate ok | overhead none | JalTok-Jad@24,25 TAGGED; TzKal-Zuk@22,8 TAGGED
t2366 | 20,14 | 13..17|E|frz-3 | zukIn 3 | setIn 86 | zukHp 134 | chosen 20,14 | walk - | weapon Rune Crossbow | untilShot 5 | target TzKal-Zuk[zuk] | gate ok | overhead Protect from Magic | JalTok-Jad@24,25 TAGGED; TzKal-Zuk@22,8 TAGGED
FIRED t2366 | 20,14 | Rune Crossbow | TzKal-Zuk
t2367 | 20,14 | 14..18|E|frz-4 | zukIn 2 | setIn 85 | zukHp 134 | chosen 20,14 | walk - | weapon Rune Crossbow | untilShot 4 | target TzKal-Zuk[zuk] | gate ok | overhead none | JalTok-Jad@24,25 TAGGED; TzKal-Zuk@22,8 TAGGED
t2368 | 20,14 | 15..19|E|frz-5 | zukIn 1 | setIn 84 | zukHp 134 | chosen 20,14 | walk - | weapon Rune Crossbow | untilShot 3 | target TzKal-Zuk[zuk] | gate ok | overhead none | JalTok-Jad@24,25 TAGGED; TzKal-Zuk@22,8 TAGGED
t2369 | 20,14 | 16..20|E|frz-6 | zukIn 7 | setIn 83 | zukHp 105 | chosen 27,14 | walk ->27,14 | weapon Rune Crossbow | untilShot 2 | target -[-] | gate - | overhead none | JalTok-Jad@24,25 TAGGED; TzKal-Zuk@22,8 TAGGED
t2370 | 22,14 | 17..21|E|frz-7 | zukIn 6 | setIn 82 | zukHp 105 | chosen 27,14 | walk ->27,14 | weapon Rune Crossbow | untilShot 1 | target TzKal-Zuk[zuk] | gate ok | overhead none | JalTok-Jad@24,25 TAGGED; TzKal-Zuk@22,8 TAGGED
t2371 | 22,14 | 18..22|E|frz-8 | zukIn 5 | setIn 81 | zukHp 105 | chosen 27,14 | walk ->27,14 | weapon Rune Crossbow | untilShot 5 | target -[-] | gate - | overhead none | JalTok-Jad@24,25 TAGGED; TzKal-Zuk@22,8 TAGGED
FIRED t2371 | 22,14 | Rune Crossbow | TzKal-Zuk
t2372 | 24,14 | 19..23|E|frz-9 | zukIn 4 | setIn 80 | zukHp 105 | chosen 27,14 | walk ->27,14 | weapon Rune Crossbow | untilShot 4 | target TzKal-Zuk[zuk] | gate ok | overhead none | JalTok-Jad@24,25 TAGGED; TzKal-Zuk@22,8 TAGGED
t2373 | 26,14 | 20..24|E|frz-10 | zukIn 3 | setIn 79 | zukHp 105 | chosen 27,14 | walk ->27,14 | weapon Rune Crossbow | untilShot 3 | target TzKal-Zuk[zuk] | gate ok | overhead none | JalTok-Jad@24,25 TAGGED; TzKal-Zuk@22,8 TAGGED
t2374 | 27,14 | 21..25|E|frz-11 | zukIn 2 | setIn 78 | zukHp 86 | chosen 27,14 | walk - | weapon Rune Crossbow | untilShot 2 | target TzKal-Zuk[zuk] | gate ok | overhead Protect from Magic | JalTok-Jad@24,25 TAGGED; TzKal-Zuk@22,8 TAGGED
t2375 | 27,14 | 22..26|E|frz-12 | zukIn 1 | setIn 77 | zukHp 86 | chosen 27,14 | walk - | weapon Rune Crossbow | untilShot 1 | target TzKal-Zuk[zuk] | gate ok | overhead none | JalTok-Jad@24,25 TAGGED; TzKal-Zuk@22,8 TAGGED
t2376 | 27,14 | 23..27|E|frz-13 | zukIn 7 | setIn 76 | zukHp 86 | chosen 31,14 | walk ->31,14 | weapon Rune Crossbow | untilShot 5 | target -[-] | gate - | overhead none | JalTok-Jad@24,25 TAGGED; TzKal-Zuk@22,8 TAGGED
FIRED t2376 | 27,14 | Rune Crossbow | TzKal-Zuk
t2377 | 29,14 | 24..28|E|frz-14 | zukIn 6 | setIn 75 | zukHp 86 | chosen 31,14 | walk ->31,14 | weapon Rune Crossbow | untilShot 4 | target TzKal-Zuk[zuk] | gate ok | overhead none | JalTok-Jad@24,25 TAGGED; TzKal-Zuk@22,8 TAGGED
t2378 | 31,14 | 25..29|E|frz-15 | zukIn 5 | setIn 74 | zukHp 86 | chosen 31,14 | walk - | weapon Rune Crossbow | untilShot 3 | target TzKal-Zuk[zuk] | gate ok | overhead none | JalTok-Jad@24,25 TAGGED; TzKal-Zuk@22,8 TAGGED
t2379 | 31,14 | 26..30|E|frz-16 | zukIn 4 | setIn 73 | zukHp 86 | chosen 31,14 | walk - | weapon Rune Crossbow | untilShot 2 | target TzKal-Zuk[zuk] | gate ok | overhead none | JalTok-Jad@24,25 TAGGED; TzKal-Zuk@22,8 TAGGED
t2380 | 31,14 | 27..31|E|frz-17 | zukIn 3 | setIn 72 | zukHp 86 | chosen 31,14 | walk - | weapon Rune Crossbow | untilShot 1 | target TzKal-Zuk[zuk] | gate ok | overhead none | JalTok-Jad@24,25 TAGGED; TzKal-Zuk@22,8 TAGGED
t2381 | 31,14 | 28..32|E|frz-18 | zukIn 2 | setIn 71 | zukHp 86 | chosen 31,14 | walk - | weapon Rune Crossbow | untilShot 5 | target TzKal-Zuk[zuk] | gate ok | overhead none | JalTok-Jad@24,25 TAGGED; TzKal-Zuk@22,8 TAGGED
FIRED t2381 | 31,14 | Rune Crossbow | TzKal-Zuk
t2382 | 31,14 | 29..33|E|frz-19 | zukIn 1 | setIn 70 | zukHp 86 | chosen 31,14 | walk - | weapon Rune Crossbow | untilShot 4 | target TzKal-Zuk[zuk] | gate ok | overhead Protect from Magic | JalTok-Jad@24,25 TAGGED; TzKal-Zuk@22,8 TAGGED
t2383 | 31,14 | 30..34|E|frz-20 | zukIn 7 | setIn 69 | zukHp 86 | chosen 35,14 | walk ->35,14 | weapon Rune Crossbow | untilShot 3 | target -[-] | gate - | overhead none | JalTok-Jad@24,25 TAGGED; TzKal-Zuk@22,8 TAGGED
t2384 | 33,14 | 31..35|E|frz-21 | zukIn 6 | setIn 68 | zukHp 86 | chosen 35,14 | walk ->35,14 | weapon Rune Crossbow | untilShot 2 | target TzKal-Zuk[zuk] | gate - | overhead none | JalTok-Jad@24,25 TAGGED; TzKal-Zuk@22,8 TAGGED
t2385 | 35,14 | 32..36|E|frz-22 | zukIn 5 | setIn 67 | zukHp 86 | chosen 35,14 | walk - | weapon Rune Crossbow | untilShot 1 | target TzKal-Zuk[zuk] | gate ok | overhead none | JalTok-Jad@24,25 TAGGED; TzKal-Zuk@22,8 TAGGED
t2386 | 35,14 | 33..37|E|frz-23 | zukIn 4 | setIn 66 | zukHp 86 | chosen 36,14 | walk ->36,14 | weapon Rune Crossbow | untilShot 5 | target -[-] | gate - | overhead none | JalTok-Jad@24,25 TAGGED; TzKal-Zuk@22,8 TAGGED
FIRED t2386 | 35,14 | Rune Crossbow | TzKal-Zuk
t2387 | 36,14 | 34..38|E|frz-24 | zukIn 3 | setIn 65 | zukHp 86 | chosen 36,14 | walk - | weapon Rune Crossbow | untilShot 4 | target TzKal-Zuk[zuk] | gate - | overhead none | JalTok-Jad@24,25 TAGGED; TzKal-Zuk@22,8 TAGGED
t2388 | 36,14 | 35..39|E|frz-25 | zukIn 2 | setIn 64 | zukHp 86 | chosen 36,14 | walk - | weapon Rune Crossbow | untilShot 3 | target TzKal-Zuk[zuk] | gate - | overhead none | JalTok-Jad@24,25 TAGGED; TzKal-Zuk@22,8 TAGGED
t2389 | 36,14 | 36..40|W|frz4 | zukIn 1 | setIn 63 | zukHp 86 | chosen 36,14 | walk - | weapon Rune Crossbow | untilShot 2 | target TzKal-Zuk[zuk] | gate - | overhead none | JalTok-Jad@24,25 TAGGED; TzKal-Zuk@22,8 TAGGED
t2390 | 36,14 | 36..40|W|frz3 | zukIn 7 | setIn 62 | zukHp 86 | chosen 35,14 | walk ->35,14 | weapon Rune Crossbow | untilShot 1 | target -[-] | gate - | overhead Protect from Magic | JalTok-Jad@24,25 TAGGED; TzKal-Zuk@22,8 TAGGED
t2391 | 35,14 | 36..40|W|frz2 | zukIn 6 | setIn 61 | zukHp 86 | chosen 35,14 | walk - | weapon Rune Crossbow | untilShot 1 | target TzKal-Zuk[zuk] | gate ok | overhead none | JalTok-Jad@24,25 TAGGED; TzKal-Zuk@22,8 TAGGED
t2392 | 35,14 | 36..40|W|frz1 | zukIn 5 | setIn 60 | zukHp 86 | chosen 35,14 | walk - | weapon Rune Crossbow | untilShot 5 | target TzKal-Zuk[zuk] | gate ok | overhead none | JalTok-Jad@24,25 TAGGED; TzKal-Zuk@22,8 TAGGED
FIRED t2392 | 35,14 | Rune Crossbow | TzKal-Zuk
t2393 | 35,14 | 36..40|W|frz0 | zukIn 4 | setIn 59 | zukHp 86 | chosen 35,14 | walk - | weapon Rune Crossbow | untilShot 4 | target TzKal-Zuk[zuk] | gate ok | overhead none | JalTok-Jad@24,25 TAGGED; TzKal-Zuk@22,8 TAGGED
t2394 | 35,14 | 35..39|W|frz-1 | zukIn 3 | setIn 58 | zukHp 86 | chosen 35,14 | walk - | weapon Rune Crossbow | untilShot 3 | target TzKal-Zuk[zuk] | gate ok | overhead none | JalTok-Jad@24,25 TAGGED; TzKal-Zuk@22,8 TAGGED
t2395 | 35,14 | 34..38|W|frz-2 | zukIn 2 | setIn 57 | zukHp 86 | chosen 35,14 | walk - | weapon Rune Crossbow | untilShot 2 | target TzKal-Zuk[zuk] | gate ok | overhead none | JalTok-Jad@24,25 TAGGED; TzKal-Zuk@22,8 TAGGED
t2396 | 35,14 | 33..37|W|frz-3 | zukIn 1 | setIn 56 | zukHp 86 | chosen 35,14 | walk - | weapon Rune Crossbow | untilShot 1 | target TzKal-Zuk[zuk] | gate ok | overhead none | JalTok-Jad@24,25 TAGGED; TzKal-Zuk@22,8 TAGGED
t2397 | 35,14 | 32..36|W|frz-4 | zukIn 7 | setIn 55 | zukHp 86 | chosen 25,14 | walk ->25,14 | weapon Rune Crossbow | untilShot 5 | target -[-] | gate - | overhead none | JalTok-Jad@24,25 TAGGED; TzKal-Zuk@22,8 TAGGED
FIRED t2397 | 35,14 | Rune Crossbow | TzKal-Zuk
t2398 | 33,14 | 31..35|W|frz-5 | zukIn 6 | setIn 54 | zukHp 86 | chosen 25,14 | walk ->25,14 | weapon Rune Crossbow | untilShot 4 | target TzKal-Zuk[zuk] | gate - | overhead Protect from Magic | JalTok-Jad@24,25 TAGGED; TzKal-Zuk@22,8 TAGGED
t2399 | 31,14 | 30..34|W|frz-6 | zukIn 5 | setIn 53 | zukHp 86 | chosen 25,14 | walk ->25,14 | weapon Rune Crossbow | untilShot 3 | target TzKal-Zuk[zuk] | gate ok | overhead none | JalTok-Jad@24,25 TAGGED; TzKal-Zuk@22,8 TAGGED
t2400 | 29,14 | 29..33|W|frz-7 | zukIn 4 | setIn 52 | zukHp 86 | chosen 25,14 | walk ->25,14 | weapon Rune Crossbow | untilShot 2 | target TzKal-Zuk[zuk] | gate ok | overhead none | JalTok-Jad@24,25 TAGGED; TzKal-Zuk@22,8 TAGGED
t2401 | 27,14 | 28..32|W|frz-8 | zukIn 3 | setIn 51 | zukHp 86 | chosen 25,14 | walk ->25,14 | weapon Rune Crossbow | untilShot 1 | target TzKal-Zuk[zuk] | gate ok | overhead none | JalTok-Jad@24,25 TAGGED; TzKal-Zuk@22,8 TAGGED
t2402 | 27,14 | 27..31|W|frz-9 | zukIn 2 | setIn 50 | zukHp 86 | chosen 25,14 | walk ->25,14 | weapon Rune Crossbow | untilShot 5 | target -[-] | gate - | overhead none | JalTok-Jad@24,25 TAGGED; TzKal-Zuk@22,8 TAGGED
FIRED t2402 | 27,14 | Rune Crossbow | TzKal-Zuk
t2403 | 25,14 | 26..30|W|frz-10 | zukIn 1 | setIn 49 | zukHp 86 | chosen 25,14 | walk - | weapon Rune Crossbow | untilShot 4 | target TzKal-Zuk[zuk] | gate ok | overhead none | JalTok-Jad@24,25 TAGGED; TzKal-Zuk@22,8 TAGGED
t2404 | 25,14 | 25..29|W|frz-11 | zukIn 7 | setIn 48 | zukHp 86 | chosen 19,14 | walk ->19,14 | weapon Rune Crossbow | untilShot 3 | target -[-] | gate - | overhead none | JalTok-Jad@24,25 TAGGED; TzKal-Zuk@22,8 TAGGED
t2405 | 23,14 | 24..28|W|frz-12 | zukIn 6 | setIn 47 | zukHp 86 | chosen 19,14 | walk ->19,14 | weapon Rune Crossbow | untilShot 2 | target TzKal-Zuk[zuk] | gate ok | overhead none | JalTok-Jad@24,25 TAGGED; TzKal-Zuk@22,8 TAGGED
t2406 | 21,14 | 23..27|W|frz-13 | zukIn 5 | setIn 46 | zukHp 86 | chosen 19,14 | walk ->19,14 | weapon Rune Crossbow | untilShot 1 | target TzKal-Zuk[zuk] | gate ok | overhead Protect from Magic | JalTok-Jad@24,25 TAGGED; TzKal-Zuk@22,8 TAGGED
t2407 | 21,14 | 22..26|W|frz-14 | zukIn 4 | setIn 45 | zukHp 86 | chosen 19,14 | walk ->19,14 | weapon Rune Crossbow | untilShot 5 | target -[-] | gate - | overhead none | JalTok-Jad@24,25 TAGGED; TzKal-Zuk@22,8 TAGGED
FIRED t2407 | 21,14 | Rune Crossbow | TzKal-Zuk
t2408 | 19,14 | 21..25|W|frz-15 | zukIn 3 | setIn 44 | zukHp 86 | chosen 19,14 | walk - | weapon Rune Crossbow | untilShot 4 | target TzKal-Zuk[zuk] | gate ok | overhead none | JalTok-Jad@24,25 TAGGED; TzKal-Zuk@22,8 TAGGED
t2409 | 19,14 | 20..24|W|frz-16 | zukIn 2 | setIn 43 | zukHp 86 | chosen 19,14 | walk - | weapon Rune Crossbow | untilShot 3 | target TzKal-Zuk[zuk] | gate ok | overhead none | JalTok-Jad@24,25 TAGGED; TzKal-Zuk@22,8 TAGGED
t2410 | 19,14 | 19..23|W|frz-17 | zukIn 1 | setIn 42 | zukHp 86 | chosen 19,14 | walk - | weapon Rune Crossbow | untilShot 2 | target TzKal-Zuk[zuk] | gate ok | overhead none | JalTok-Jad@24,25 TAGGED; TzKal-Zuk@22,8 TAGGED
t2411 | 19,14 | 18..22|W|frz-18 | zukIn 7 | setIn 41 | zukHp 86 | chosen 19,14 | walk - | weapon Rune Crossbow | untilShot 1 | target TzKal-Zuk[zuk] | gate ok | overhead none | JalTok-Jad@24,25 TAGGED; TzKal-Zuk@22,8 TAGGED
t2412 | 19,14 | 17..21|W|frz-19 | zukIn 6 | setIn 40 | zukHp 86 | chosen 14,14 | walk ->14,14 | weapon Rune Crossbow | untilShot 5 | target -[-] | gate - | overhead none | JalTok-Jad@24,25 TAGGED; TzKal-Zuk@22,8 TAGGED
FIRED t2412 | 19,14 | Rune Crossbow | TzKal-Zuk
t2413 | 17,14 | 16..20|W|frz-20 | zukIn 5 | setIn 39 | zukHp 86 | chosen 14,14 | walk ->14,14 | weapon Rune Crossbow | untilShot 4 | target TzKal-Zuk[zuk] | gate - | overhead none | JalTok-Jad@24,25 TAGGED; TzKal-Zuk@22,8 TAGGED
t2414 | 15,14 | 15..19|W|frz-21 | zukIn 4 | setIn 38 | zukHp 86 | chosen 14,14 | walk ->14,14 | weapon Rune Crossbow | untilShot 3 | target TzKal-Zuk[zuk] | gate ok | overhead Protect from Range | JalTok-Jad@24,25 TAGGED; TzKal-Zuk@22,8 TAGGED
t2415 | 14,14 | 14..18|W|frz-22 | zukIn 3 | setIn 37 | zukHp 86 | chosen 14,14 | walk - | weapon Rune Crossbow | untilShot 2 | target TzKal-Zuk[zuk] | gate - | overhead none | JalTok-Jad@24,25 TAGGED; TzKal-Zuk@22,8 TAGGED
t2416 | 14,14 | 13..17|W|frz-23 | zukIn 2 | setIn 36 | zukHp 86 | chosen 14,14 | walk - | weapon Rune Crossbow | untilShot 1 | target TzKal-Zuk[zuk] | gate - | overhead none | JalTok-Jad@24,25 TAGGED; TzKal-Zuk@22,8 TAGGED
t2417 | 14,14 | 12..16|W|frz-24 | zukIn 1 | setIn 35 | zukHp 86 | chosen 14,14 | walk - | weapon Rune Crossbow | untilShot 1 | target TzKal-Zuk[zuk] | gate - | overhead none | JalTok-Jad@24,25 TAGGED; TzKal-Zuk@22,8 TAGGED
t2418 | 14,14 | 11..15|W|frz-25 | zukIn 7 | setIn 34 | zukHp 86 | chosen 15,14 | walk ->15,14 | weapon Rune Crossbow | untilShot 1 | target -[-] | gate - | overhead none | JalTok-Jad@24,25 TAGGED; TzKal-Zuk@22,8 TAGGED
t2419 | 15,14 | 10..14|E|frz4 | zukIn 6 | setIn 33 | zukHp 86 | chosen 15,14 | walk - | weapon Rune Crossbow | untilShot 1 | target TzKal-Zuk[zuk] | gate ok | overhead none | JalTok-Jad@24,25 TAGGED; TzKal-Zuk@22,8 TAGGED
t2420 | 15,14 | 10..14|E|frz3 | zukIn 5 | setIn 32 | zukHp 86 | chosen 15,14 | walk - | weapon Rune Crossbow | untilShot 5 | target TzKal-Zuk[zuk] | gate ok | overhead none | JalTok-Jad@24,25 TAGGED; TzKal-Zuk@22,8 TAGGED
FIRED t2420 | 15,14 | Rune Crossbow | TzKal-Zuk
t2421 | 15,14 | 10..14|E|frz2 | zukIn 4 | setIn 31 | zukHp 86 | chosen 15,14 | walk - | weapon Rune Crossbow | untilShot 4 | target TzKal-Zuk[zuk] | gate ok | overhead none | JalTok-Jad@24,25 TAGGED; TzKal-Zuk@22,8 TAGGED
t2422 | 15,14 | 10..14|E|frz1 | zukIn 3 | setIn 30 | zukHp 86 | chosen 15,14 | walk - | weapon Rune Crossbow | untilShot 3 | target TzKal-Zuk[zuk] | gate ok | overhead Protect from Range | JalTok-Jad@24,25 TAGGED; TzKal-Zuk@22,8 TAGGED
t2423 | 15,14 | 10..14|E|frz0 | zukIn 2 | setIn 29 | zukHp 86 | chosen 15,14 | walk - | weapon Rune Crossbow | untilShot 2 | target TzKal-Zuk[zuk] | gate ok | overhead none | JalTok-Jad@24,25 TAGGED; TzKal-Zuk@22,8 TAGGED
t2424 | 15,14 | 11..15|E|frz-1 | zukIn 1 | setIn 28 | zukHp 86 | chosen 15,14 | walk - | weapon Rune Crossbow | untilShot 1 | target TzKal-Zuk[zuk] | gate ok | overhead none | JalTok-Jad@24,25 TAGGED; TzKal-Zuk@22,8 TAGGED
t2425 | 15,14 | 12..16|E|frz-2 | zukIn 7 | setIn 27 | zukHp 86 | chosen 23,14 | walk ->23,14 | weapon Rune Crossbow | untilShot 5 | target -[-] | gate - | overhead none | JalTok-Jad@24,25 TAGGED; TzKal-Zuk@22,8 TAGGED
FIRED t2425 | 15,14 | Rune Crossbow | TzKal-Zuk
t2426 | 17,14 | 13..17|E|frz-3 | zukIn 6 | setIn 26 | zukHp 86 | chosen 23,14 | walk ->23,14 | weapon Rune Crossbow | untilShot 4 | target TzKal-Zuk[zuk] | gate - | overhead none | JalTok-Jad@24,25 TAGGED; TzKal-Zuk@22,8 TAGGED
t2427 | 19,14 | 14..18|E|frz-4 | zukIn 5 | setIn 25 | zukHp 86 | chosen 23,14 | walk ->23,14 | weapon Rune Crossbow | untilShot 3 | target TzKal-Zuk[zuk] | gate ok | overhead none | JalTok-Jad@24,25 TAGGED; TzKal-Zuk@22,8 TAGGED
t2428 | 21,14 | 15..19|E|frz-5 | zukIn 4 | setIn 24 | zukHp 82 | chosen 23,14 | walk ->23,14 | weapon Rune Crossbow | untilShot 2 | target TzKal-Zuk[zuk] | gate ok | overhead none | JalTok-Jad@24,25 TAGGED; TzKal-Zuk@22,8 TAGGED
t2429 | 23,14 | 16..20|E|frz-6 | zukIn 3 | setIn 23 | zukHp 82 | chosen 23,14 | walk - | weapon Rune Crossbow | untilShot 1 | target TzKal-Zuk[zuk] | gate ok | overhead none | JalTok-Jad@24,25 TAGGED; TzKal-Zuk@22,8 TAGGED
t2430 | 23,14 | 17..21|E|frz-7 | zukIn 2 | setIn 22 | zukHp 82 | chosen 23,14 | walk - | weapon Rune Crossbow | untilShot 5 | target TzKal-Zuk[zuk] | gate ok | overhead Protect from Range | JalTok-Jad@24,25 TAGGED; TzKal-Zuk@22,8 TAGGED
FIRED t2430 | 23,14 | Rune Crossbow | TzKal-Zuk
t2431 | 23,14 | 18..22|E|frz-8 | zukIn 1 | setIn 21 | zukHp 82 | chosen 23,14 | walk - | weapon Rune Crossbow | untilShot 4 | target TzKal-Zuk[zuk] | gate ok | overhead none | JalTok-Jad@24,25 TAGGED; TzKal-Zuk@22,8 TAGGED
t2432 | 23,14 | 19..23|E|frz-9 | zukIn 7 | setIn 20 | zukHp 82 | chosen 30,14 | walk ->30,14 | weapon Rune Crossbow | untilShot 3 | target -[-] | gate - | overhead none | JalTok-Jad@24,25 TAGGED; TzKal-Zuk@22,8 TAGGED
t2433 | 25,14 | 20..24|E|frz-10 | zukIn 6 | setIn 19 | zukHp 82 | chosen 30,14 | walk ->30,14 | weapon Rune Crossbow | untilShot 2 | target TzKal-Zuk[zuk] | gate ok | overhead none | JalTok-Jad@24,25 TAGGED; TzKal-Zuk@22,8 TAGGED
t2434 | 27,14 | 21..25|E|frz-11 | zukIn 5 | setIn 18 | zukHp 82 | chosen 30,14 | walk ->30,14 | weapon Rune Crossbow | untilShot 1 | target TzKal-Zuk[zuk] | gate ok | overhead none | JalTok-Jad@24,25 TAGGED; TzKal-Zuk@22,8 TAGGED
t2435 | 27,14 | 22..26|E|frz-12 | zukIn 4 | setIn 17 | zukHp 82 | chosen 30,14 | walk ->30,14 | weapon Rune Crossbow | untilShot 5 | target -[-] | gate - | overhead none | JalTok-Jad@24,25 TAGGED; TzKal-Zuk@22,8 TAGGED
FIRED t2435 | 27,14 | Rune Crossbow | TzKal-Zuk
t2436 | 29,14 | 23..27|E|frz-13 | zukIn 3 | setIn 16 | zukHp 82 | chosen 30,14 | walk ->30,14 | weapon Rune Crossbow | untilShot 4 | target TzKal-Zuk[zuk] | gate ok | overhead none | JalTok-Jad@24,25 TAGGED; TzKal-Zuk@22,8 TAGGED
t2437 | 30,14 | 24..28|E|frz-14 | zukIn 2 | setIn 15 | zukHp 82 | chosen 30,14 | walk - | weapon Rune Crossbow | untilShot 3 | target TzKal-Zuk[zuk] | gate ok | overhead none | JalTok-Jad@24,25 TAGGED; TzKal-Zuk@22,8 TAGGED
t2438 | 30,14 | 25..29|E|frz-15 | zukIn 1 | setIn 14 | zukHp 68 | chosen 30,14 | walk - | weapon Rune Crossbow | untilShot 2 | target TzKal-Zuk[zuk] | gate ok | overhead Protect from Magic | JalTok-Jad@24,25 TAGGED; TzKal-Zuk@22,8 TAGGED
t2439 | 30,14 | 26..30|E|frz-16 | zukIn 7 | setIn 13 | zukHp 68 | chosen 35,14 | walk ->35,14 | weapon Rune Crossbow | untilShot 1 | target -[-] | gate - | overhead none | JalTok-Jad@24,25 TAGGED; TzKal-Zuk@22,8 TAGGED
t2440 | 32,14 | 27..31|E|frz-17 | zukIn 6 | setIn 12 | zukHp 68 | chosen 35,14 | walk ->35,14 | weapon Rune Crossbow | untilShot 1 | target TzKal-Zuk[zuk] | gate - | overhead none | JalTok-Jad@24,25 TAGGED; TzKal-Zuk@22,8 TAGGED
t2441 | 34,14 | 28..32|E|frz-18 | zukIn 5 | setIn 11 | zukHp 68 | chosen 35,14 | walk ->35,14 | weapon Rune Crossbow | untilShot 1 | target TzKal-Zuk[zuk] | gate - | overhead none | JalTok-Jad@24,25 TAGGED; TzKal-Zuk@22,8 TAGGED
t2442 | 35,14 | 29..33|E|frz-19 | zukIn 4 | setIn 10 | zukHp 68 | chosen 35,14 | walk - | weapon Rune Crossbow | untilShot 1 | target TzKal-Zuk[zuk] | gate ok | overhead none | JalTok-Jad@24,25 TAGGED; TzKal-Zuk@22,8 TAGGED
t2443 | 35,14 | 30..34|E|frz-20 | zukIn 3 | setIn 9 | zukHp 68 | chosen 35,14 | walk - | weapon Rune Crossbow | untilShot 5 | target TzKal-Zuk[zuk] | gate ok | overhead none | JalTok-Jad@24,25 TAGGED; TzKal-Zuk@22,8 TAGGED
FIRED t2443 | 35,14 | Rune Crossbow | TzKal-Zuk
t2444 | 35,14 | 31..35|E|frz-21 | zukIn 2 | setIn 8 | zukHp 68 | chosen 35,14 | walk - | weapon Rune Crossbow | untilShot 4 | target TzKal-Zuk[zuk] | gate ok | overhead none | JalTok-Jad@24,25 TAGGED; TzKal-Zuk@22,8 TAGGED
t2445 | 35,14 | 32..36|E|frz-22 | zukIn 1 | setIn 7 | zukHp 68 | chosen 35,14 | walk - | weapon Rune Crossbow | untilShot 3 | target TzKal-Zuk[zuk] | gate ok | overhead none | JalTok-Jad@24,25 TAGGED; TzKal-Zuk@22,8 TAGGED
t2446 | 35,14 | 33..37|E|frz-23 | zukIn 7 | setIn 6 | zukHp 61 | chosen 36,14 | walk ->36,14 | weapon Rune Crossbow | untilShot 2 | target -[-] | gate - | overhead Protect from Magic | JalTok-Jad@24,25 TAGGED; TzKal-Zuk@22,8 TAGGED
t2447 | 36,14 | 34..38|E|frz-24 | zukIn 6 | setIn 5 | zukHp 61 | chosen 35,14 | walk ->35,14 | weapon Rune Crossbow | untilShot 1 | target -[-] | gate - | overhead none | JalTok-Jad@24,25 TAGGED; TzKal-Zuk@22,8 TAGGED
t2448 | 35,14 | 35..39|E|frz-25 | zukIn 5 | setIn 4 | zukHp 61 | chosen 35,14 | walk - | weapon Rune Crossbow | untilShot 1 | target TzKal-Zuk[zuk] | gate ok | overhead none | JalTok-Jad@24,25 TAGGED; TzKal-Zuk@22,8 TAGGED
t2449 | 35,14 | 36..40|W|frz4 | zukIn 4 | setIn 3 | zukHp 61 | chosen 36,14 | walk ->36,14 | weapon Rune Crossbow | untilShot 5 | target -[-] | gate - | overhead none | JalTok-Jad@24,25 TAGGED; TzKal-Zuk@22,8 TAGGED
FIRED t2449 | 35,14 | Rune Crossbow | TzKal-Zuk
t2450 | 36,14 | 36..40|W|frz3 | zukIn 3 | setIn 2 | zukHp 61 | chosen 36,14 | walk - | weapon Rune Crossbow | untilShot 4 | target TzKal-Zuk[zuk] | gate - | overhead none | JalTok-Jad@24,25 TAGGED; TzKal-Zuk@22,8 TAGGED
t2451 | 36,14 | 36..40|W|frz2 | zukIn 2 | setIn 1 | zukHp 61 | chosen 36,14 | walk - | weapon Rune Crossbow | untilShot 3 | target TzKal-Zuk[zuk] | gate - | overhead none | JalTok-Jad@24,25 TAGGED; TzKal-Zuk@22,8 TAGGED
t2452 | 36,14 | 36..40|W|frz1 | zukIn 1 | setIn 0 | zukHp 61 | chosen 36,14 | walk - | weapon Rune Crossbow | untilShot 2 | target TzKal-Zuk[zuk] | gate - | overhead none | JalTok-Jad@24,25 TAGGED; TzKal-Zuk@22,8 TAGGED; Zek@20,21 onShield; Xil@29,21 onShield
t2453 | 36,14 | 36..40|W|frz0 | zukIn 7 | setIn 349 | zukHp 61 | chosen 29,14 | walk ->29,14 | weapon Rune Crossbow | untilShot 1 | target -[-] | gate - | overhead none | Zek@20,21 onShield; Xil@29,21 onShield; JalTok-Jad@24,25 TAGGED; TzKal-Zuk@22,8 TAGGED
t2454 | 34,14 | 35..39|W|frz-1 | zukIn 6 | setIn 348 | zukHp 61 | chosen 29,14 | walk ->29,14 | weapon Rune Crossbow | untilShot 1 | target Jal-Xil[untagged-tag] | gate ok | overhead Protect from Magic | Zek@20,21 onShield; Xil@29,21 onShield; JalTok-Jad@24,25 TAGGED; TzKal-Zuk@22,8 TAGGED
t2455 | 34,14 | 34..38|W|frz-2 | zukIn 5 | setIn 347 | zukHp 61 | chosen 29,14 | walk ->29,14 | weapon Rune Crossbow | untilShot 5 | target -[-] | gate - | overhead none | Zek@20,21 onShield; Xil@29,21 onShield; JalTok-Jad@24,25 TAGGED; TzKal-Zuk@22,8 TAGGED
FIRED t2455 | 34,14 | Rune Crossbow | Jal-Xil
t2456 | 32,14 | 33..37|W|frz-3 | zukIn 4 | setIn 346 | zukHp 61 | chosen 29,14 | walk ->29,14 | weapon Rune Crossbow | untilShot 4 | target Jal-Xil[untagged-tag] | gate ok | overhead none | Zek@20,21 onShield; Xil@29,21 onShield; JalTok-Jad@24,25 TAGGED; TzKal-Zuk@22,8 TAGGED
t2457 | 30,14 | 32..36|W|frz-4 | zukIn 3 | setIn 345 | zukHp 61 | chosen 29,14 | walk ->29,14 | weapon Rune Crossbow | untilShot 3 | target Jal-Zek[untagged-tag] | gate ok | overhead none | Zek@20,21 onShield; Xil@29,21 onShield; JalTok-Jad@24,25 TAGGED; TzKal-Zuk@22,8 TAGGED
t2458 | 29,14 | 31..35|W|frz-5 | zukIn 2 | setIn 344 | zukHp 61 | chosen 29,14 | walk - | weapon Rune Crossbow | untilShot 2 | target Jal-Zek[untagged-tag] | gate ok | overhead none | Zek@20,21 onShield; Xil@29,21 TAGGED; JalTok-Jad@24,25 TAGGED; TzKal-Zuk@22,8 TAGGED
t2459 | 29,14 | 30..34|W|frz-6 | zukIn 1 | setIn 343 | zukHp 61 | chosen 29,14 | walk - | weapon Rune Crossbow | untilShot 1 | target Jal-Zek[held] | gate HELD: magic would share tick +6 with range | overhead none | Zek@20,21 onShield; Xil@29,21 TAGGED; JalTok-Jad@24,25 TAGGED; TzKal-Zuk@22,8 TAGGED
t2460 | 29,14 | 29..33|W|frz-7 | zukIn 7 | setIn 342 | zukHp 61 | chosen 22,14 | walk ->22,14 | weapon Rune Crossbow | untilShot 1 | target -[-] | gate - | overhead none | Zek@20,21 onShield; Xil@29,21 TAGGED; JalTok-Jad@24,25 TAGGED; TzKal-Zuk@22,8 TAGGED
t2461 | 27,14 | 28..32|W|frz-8 | zukIn 6 | setIn 341 | zukHp 61 | chosen 22,14 | walk ->22,14 | weapon Rune Crossbow | untilShot 1 | target Jal-Zek[untagged-tag] | gate ok | overhead Protect from Range | Zek@20,21 onShield; Xil@29,21 TAGGED; JalTok-Jad@24,25 TAGGED; TzKal-Zuk@22,8 TAGGED
t2462 | 27,14 | 27..31|W|frz-9 | zukIn 5 | setIn 340 | zukHp 61 | chosen 22,14 | walk ->22,14 | weapon Rune Crossbow | untilShot 5 | target -[-] | gate - | overhead Protect from Magic | Zek@20,21 onShield; Xil@29,21 TAGGED; JalTok-Jad@24,25 TAGGED; TzKal-Zuk@22,8 TAGGED
FIRED t2462 | 27,14 | Rune Crossbow | Jal-Zek
t2463 | 25,14 | 26..30|W|frz-10 | zukIn 4 | setIn 339 | zukHp 61 | chosen 22,14 | walk ->22,14 | weapon Rune Crossbow | untilShot 4 | target Jal-Zek[untagged-tag] | gate ok | overhead none | Zek@20,21 onShield; Xil@29,21 TAGGED; JalTok-Jad@24,25 TAGGED; TzKal-Zuk@22,8 TAGGED
t2464 | 23,14 | 25..29|W|frz-11 | zukIn 3 | setIn 338 | zukHp 61 | chosen 22,14 | walk ->22,14 | weapon Rune Crossbow | untilShot 3 | target Jal-Zek[untagged-tag] | gate ok | overhead none | Zek@20,21 onShield; Xil@29,21 TAGGED; JalTok-Jad@24,25 TAGGED; TzKal-Zuk@22,8 TAGGED
t2465 | 22,14 | 24..28|W|frz-12 | zukIn 2 | setIn 337 | zukHp 61 | chosen 22,14 | walk - | weapon Rune Crossbow | untilShot 2 | target Jal-Xil[ranger-kill] | gate ok | overhead Protect from Range | Zek@20,21 TAGGED; Xil@29,21 TAGGED; JalTok-Jad@24,25 TAGGED; TzKal-Zuk@22,8 TAGGED
t2466 | 22,14 | 23..27|W|frz-13 | zukIn 1 | setIn 336 | zukHp 61 | chosen 22,14 | walk - | weapon Rune Crossbow | untilShot 1 | target Jal-Xil[ranger-kill] | gate ok | overhead none | Zek@20,21 TAGGED; Xil@29,21 TAGGED; JalTok-Jad@24,25 TAGGED; TzKal-Zuk@22,8 TAGGED
t2467 | 22,14 | 22..26|W|frz-14 | zukIn 7 | setIn 335 | zukHp 61 | chosen 15,14 | walk ->15,14 | weapon Rune Crossbow | untilShot 5 | target -[-] | gate - | overhead Protect from Magic | Zek@20,21 TAGGED; Xil@29,21 TAGGED; JalTok-Jad@24,25 TAGGED; TzKal-Zuk@22,8 TAGGED
FIRED t2467 | 22,14 | Rune Crossbow | Jal-Xil
t2468 | 20,14 | 21..25|W|frz-15 | zukIn 6 | setIn 334 | zukHp 61 | chosen 15,14 | walk ->15,14 | weapon Rune Crossbow | untilShot 4 | target Jal-Zek[mager-kill] | gate ok | overhead none | Zek@20,21 TAGGED; Xil@29,21 TAGGED; JalTok-Jad@24,25 TAGGED; TzKal-Zuk@22,8 TAGGED
t2469 | 18,14 | 20..24|W|frz-16 | zukIn 5 | setIn 333 | zukHp 61 | chosen 15,14 | walk ->15,14 | weapon Rune Crossbow | untilShot 3 | target Jal-Zek[mager-kill] | gate ok | overhead Protect from Range | Zek@20,21 TAGGED; Xil@29,21 TAGGED; JalTok-Jad@24,25 TAGGED; TzKal-Zuk@22,8 TAGGED
t2470 | 16,14 | 19..23|W|frz-17 | zukIn 4 | setIn 332 | zukHp 61 | chosen 15,14 | walk ->15,14 | weapon Rune Crossbow | untilShot 2 | target Jal-Zek[mager-kill] | gate ok | overhead Protect from Range | Zek@20,21 TAGGED; Xil@29,21 TAGGED; JalTok-Jad@24,25 TAGGED; TzKal-Zuk@22,8 TAGGED
t2471 | 15,14 | 18..22|W|frz-18 | zukIn 3 | setIn 331 | zukHp 61 | chosen 15,14 | walk - | weapon Toxic Blowpipe | untilShot 1 | target Jal-Zek[mager-kill] | gate ok | overhead Protect from Magic | Zek@20,21 TAGGED; Xil@29,21 TAGGED; JalTok-Jad@24,25 TAGGED; TzKal-Zuk@22,8 TAGGED
t2472 | 15,14 | 17..21|W|frz-19 | zukIn 2 | setIn 330 | zukHp 61 | chosen 15,14 | walk - | weapon Toxic Blowpipe | untilShot 2 | target Jal-Zek[mager-kill] | gate ok | overhead none | Zek@20,21 TAGGED; Xil@29,21 TAGGED; JalTok-Jad@24,25 TAGGED; TzKal-Zuk@22,8 TAGGED
FIRED t2472 | 15,14 | Toxic Blowpipe | Jal-Zek
t2473 | 15,14 | 16..20|W|frz-20 | zukIn 1 | setIn 329 | zukHp 61 | chosen 15,14 | walk - | weapon Toxic Blowpipe | untilShot 1 | target Jal-Zek[mager-kill] | gate ok | overhead Protect from Range | Zek@20,21 TAGGED; Xil@29,21 TAGGED; JalTok-Jad@24,25 TAGGED; TzKal-Zuk@22,8 TAGGED
t2474 | 15,14 | 15..19|W|frz-21 | zukIn 7 | setIn 328 | zukHp 61 | chosen 14,14 | walk ->14,14 | weapon Toxic Blowpipe | untilShot 2 | target -[-] | gate - | overhead none | Zek@20,21 TAGGED; Xil@29,21 TAGGED; JalTok-Jad@24,25 TAGGED; TzKal-Zuk@22,8 TAGGED
FIRED t2474 | 15,14 | Toxic Blowpipe | Jal-Zek
t2475 | 14,14 | 14..18|W|frz-22 | zukIn 6 | setIn 327 | zukHp 61 | chosen 14,14 | walk - | weapon Toxic Blowpipe | untilShot 1 | target Jal-Zek[mager-kill] | gate ok | overhead Protect from Magic | Zek@20,21 TAGGED; Xil@29,21 TAGGED; JalTok-Jad@24,25 TAGGED; TzKal-Zuk@22,8 TAGGED
t2476 | 14,14 | 13..17|W|frz-23 | zukIn 5 | setIn 326 | zukHp 61 | chosen 14,14 | walk - | weapon Rune Crossbow | untilShot 1 | target Jal-Zek[mager-kill] | gate ok | overhead none | Zek@20,21 TAGGED; Xil@29,21 TAGGED; JalTok-Jad@24,25 TAGGED; TzKal-Zuk@22,8 TAGGED
t2477 | 14,14 | 12..16|W|frz-24 | zukIn 4 | setIn 325 | zukHp 61 | chosen 14,14 | walk - | weapon Rune Crossbow | untilShot 5 | target Jal-Zek[mager-kill] | gate ok | overhead Protect from Range | Zek@20,21 TAGGED; Xil@29,21 TAGGED; JalTok-Jad@24,25 TAGGED; TzKal-Zuk@22,8 TAGGED
FIRED t2477 | 14,14 | Rune Crossbow | Jal-Zek
t2478 | 14,14 | 11..15|W|frz-25 | zukIn 3 | setIn 324 | zukHp 61 | chosen 14,14 | walk - | weapon Rune Crossbow | untilShot 4 | target Jal-Zek[mager-kill] | gate ok | overhead Protect from Magic | Zek@20,21 TAGGED; Xil@29,21 TAGGED; JalTok-Jad@24,25 TAGGED; TzKal-Zuk@22,8 TAGGED
t2479 | 14,14 | 10..14|E|frz4 | zukIn 2 | setIn 323 | zukHp 61 | chosen 14,14 | walk - | weapon Rune Crossbow | untilShot 3 | target Jal-Zek[mager-kill] | gate ok | overhead Protect from Magic | Zek@20,21 TAGGED; Xil@29,21 TAGGED; JalTok-Jad@24,25 TAGGED; TzKal-Zuk@22,8 TAGGED
t2480 | 14,14 | 10..14|E|frz3 | zukIn 1 | setIn 322 | zukHp 61 | chosen 14,14 | walk - | weapon Rune Crossbow | untilShot 2 | target Jal-Zek[mager-kill] | gate ok | overhead none | Zek@20,21 TAGGED; Xil@29,21 TAGGED; JalTok-Jad@24,25 TAGGED; TzKal-Zuk@22,8 TAGGED
t2481 | 14,14 | 10..14|E|frz2 | zukIn 7 | setIn 321 | zukHp 61 | chosen 19,14 | walk ->19,14 | weapon Rune Crossbow | untilShot 1 | target -[-] | gate - | overhead Protect from Range | Zek@20,21 TAGGED; Xil@29,21 TAGGED; JalTok-Jad@24,25 TAGGED; TzKal-Zuk@22,8 TAGGED
t2482 | 16,14 | 10..14|E|frz1 | zukIn 6 | setIn 320 | zukHp 61 | chosen 19,14 | walk ->19,14 | weapon Rune Crossbow | untilShot 1 | target Jal-Zek[mager-kill] | gate ok | overhead none | Zek@20,21 TAGGED; Xil@29,21 TAGGED; JalTok-Jad@24,25 TAGGED; TzKal-Zuk@22,8 TAGGED
t2483 | 16,14 | 10..14|E|frz0 | zukIn 5 | setIn 319 | zukHp 61 | chosen 19,14 | walk ->19,14 | weapon Rune Crossbow | untilShot 5 | target -[-] | gate - | overhead Protect from Magic | Zek@20,21 TAGGED; Xil@29,21 TAGGED; JalTok-Jad@24,25 TAGGED; TzKal-Zuk@22,8 TAGGED
FIRED t2483 | 16,14 | Rune Crossbow | Jal-Zek
t2484 | 18,14 | 11..15|E|frz-1 | zukIn 4 | setIn 318 | zukHp 61 | chosen 19,14 | walk ->19,14 | weapon Rune Crossbow | untilShot 4 | target Jal-Zek[mager-kill] | gate ok | overhead none | Zek@20,21 TAGGED; Xil@29,21 TAGGED; JalTok-Jad@24,25 TAGGED; TzKal-Zuk@22,8 TAGGED
t2485 | 19,14 | 12..16|E|frz-2 | zukIn 3 | setIn 317 | zukHp 61 | chosen 19,14 | walk - | weapon Rune Crossbow | untilShot 3 | target Jal-Zek[mager-kill] | gate ok | overhead Protect from Range | Zek@20,21 TAGGED; Xil@29,21 TAGGED; JalTok-Jad@24,25 TAGGED; TzKal-Zuk@22,8 TAGGED
t2486 | 19,14 | 13..17|E|frz-3 | zukIn 2 | setIn 316 | zukHp 61 | chosen 19,14 | walk - | weapon Rune Crossbow | untilShot 2 | target Jal-Zek[mager-kill] | gate ok | overhead Protect from Range | Zek@20,21 TAGGED; Xil@29,21 TAGGED; JalTok-Jad@24,25 TAGGED; TzKal-Zuk@22,8 TAGGED
t2487 | 19,14 | 14..18|E|frz-4 | zukIn 1 | setIn 315 | zukHp 61 | chosen 19,14 | walk - | weapon Toxic Blowpipe | untilShot 1 | target Jal-Zek[mager-kill] | gate ok | overhead Protect from Magic | Zek@20,21 TAGGED; Xil@29,21 TAGGED; JalTok-Jad@24,25 TAGGED; TzKal-Zuk@22,8 TAGGED
t2488 | 19,14 | 15..19|E|frz-5 | zukIn 7 | setIn 314 | zukHp 61 | chosen 26,14 | walk ->26,14 | weapon Toxic Blowpipe | untilShot 2 | target -[-] | gate - | overhead none | Zek@20,21 TAGGED; Xil@29,21 TAGGED; JalTok-Jad@24,25 TAGGED; TzKal-Zuk@22,8 TAGGED
FIRED t2488 | 19,14 | Toxic Blowpipe | Jal-Zek
t2489 | 21,14 | 16..20|E|frz-6 | zukIn 6 | setIn 313 | zukHp 61 | chosen 26,14 | walk ->26,14 | weapon Toxic Blowpipe | untilShot 1 | target Jal-Zek[mager-kill] | gate ok | overhead Protect from Range | Zek@20,21 TAGGED; Xil@29,21 TAGGED; JalTok-Jad@24,25 TAGGED; TzKal-Zuk@22,8 TAGGED
t2490 | 21,14 | 17..21|E|frz-7 | zukIn 5 | setIn 312 | zukHp 61 | chosen 26,14 | walk ->26,14 | weapon Toxic Blowpipe | untilShot 2 | target -[-] | gate - | overhead none | Zek@20,21 TAGGED; Xil@29,21 TAGGED; JalTok-Jad@24,25 TAGGED; TzKal-Zuk@22,8 TAGGED
FIRED t2490 | 21,14 | Toxic Blowpipe | Jal-Zek
t2491 | 23,14 | 18..22|E|frz-8 | zukIn 4 | setIn 311 | zukHp 61 | chosen 26,14 | walk ->26,14 | weapon Toxic Blowpipe | untilShot 1 | target Jal-Xil[ranger-kill] | gate ok | overhead Protect from Magic | Zek@20,21 TAGGED; Xil@29,21 TAGGED; JalTok-Jad@24,25 TAGGED; TzKal-Zuk@22,8 TAGGED
t2492 | 25,14 | 19..23|E|frz-9 | zukIn 3 | setIn 310 | zukHp 61 | chosen 26,14 | walk ->26,14 | weapon Rune Crossbow | untilShot 1 | target Jal-Xil[ranger-kill] | gate ok | overhead none | Zek@20,21 TAGGED; Xil@29,21 TAGGED; JalTok-Jad@24,25 TAGGED; TzKal-Zuk@22,8 TAGGED
t2493 | 25,14 | 20..24|E|frz-10 | zukIn 2 | setIn 309 | zukHp 61 | chosen 26,14 | walk ->26,14 | weapon Rune Crossbow | untilShot 5 | target -[-] | gate - | overhead Protect from Range | Zek@20,21 TAGGED; Xil@29,21 TAGGED; JalTok-Jad@24,25 TAGGED; TzKal-Zuk@22,8 TAGGED
FIRED t2493 | 25,14 | Rune Crossbow | Jal-Xil
t2494 | 26,14 | 21..25|E|frz-11 | zukIn 1 | setIn 308 | zukHp 61 | chosen 26,14 | walk - | weapon Rune Crossbow | untilShot 4 | target Jal-Xil[ranger-kill] | gate ok | overhead Protect from Range | Zek@20,21 TAGGED; Xil@29,21 TAGGED; JalTok-Jad@24,25 TAGGED; TzKal-Zuk@22,8 TAGGED
t2495 | 26,14 | 22..26|E|frz-12 | zukIn 7 | setIn 307 | zukHp 61 | chosen 33,14 | walk ->33,14 | weapon Rune Crossbow | untilShot 3 | target -[-] | gate - | overhead Protect from Magic | Zek@20,21 TAGGED; Xil@29,21 TAGGED; JalTok-Jad@24,25 TAGGED; TzKal-Zuk@22,8 TAGGED
t2496 | 28,14 | 23..27|E|frz-13 | zukIn 6 | setIn 306 | zukHp 61 | chosen 33,14 | walk ->33,14 | weapon Rune Crossbow | untilShot 2 | target Jal-Xil[ranger-kill] | gate ok | overhead none | Zek@20,21 TAGGED; Xil@29,21 TAGGED; JalTok-Jad@24,25 TAGGED; TzKal-Zuk@22,8 TAGGED
t2497 | 30,14 | 24..28|E|frz-14 | zukIn 5 | setIn 305 | zukHp 61 | chosen 33,14 | walk ->33,14 | weapon Toxic Blowpipe | untilShot 1 | target Jal-Xil[ranger-kill] | gate ok | overhead Protect from Range | Zek@20,21 TAGGED; Xil@29,21 TAGGED; JalTok-Jad@24,25 TAGGED; TzKal-Zuk@22,8 TAGGED
t2498 | 30,14 | 25..29|E|frz-15 | zukIn 4 | setIn 304 | zukHp 61 | chosen 33,14 | walk ->33,14 | weapon Toxic Blowpipe | untilShot 2 | target -[-] | gate - | overhead none | Zek@20,21 TAGGED; Xil@29,21 TAGGED; JalTok-Jad@24,25 TAGGED; TzKal-Zuk@22,8 TAGGED
FIRED t2498 | 30,14 | Toxic Blowpipe | Jal-Xil
t2499 | 32,14 | 26..30|E|frz-16 | zukIn 3 | setIn 303 | zukHp 61 | chosen 33,14 | walk ->33,14 | weapon Toxic Blowpipe | untilShot 1 | target Jal-Xil[ranger-kill] | gate ok | overhead Protect from Magic | Zek@20,21 TAGGED; Xil@29,21 TAGGED; JalTok-Jad@24,25 TAGGED; TzKal-Zuk@22,8 TAGGED
t2500 | 32,14 | 27..31|E|frz-17 | zukIn 2 | setIn 302 | zukHp 61 | chosen 33,14 | walk ->33,14 | weapon Toxic Blowpipe | untilShot 2 | target -[-] | gate - | overhead none | Zek@20,21 TAGGED; Xil@29,21 TAGGED; JalTok-Jad@24,25 TAGGED; TzKal-Zuk@22,8 TAGGED
FIRED t2500 | 32,14 | Toxic Blowpipe | Jal-Xil
t2501 | 33,14 | 28..32|E|frz-18 | zukIn 1 | setIn 301 | zukHp 61 | chosen 33,14 | walk - | weapon Toxic Blowpipe | untilShot 1 | target Jal-Xil[ranger-kill] | gate ok | overhead Protect from Range | Zek@20,21 TAGGED; Xil@29,21 TAGGED; JalTok-Jad@24,25 TAGGED; TzKal-Zuk@22,8 TAGGED
t2502 | 33,14 | 29..33|E|frz-19 | zukIn 7 | setIn 300 | zukHp 61 | chosen 36,14 | walk ->36,14 | weapon Toxic Blowpipe | untilShot 2 | target -[-] | gate - | overhead Protect from Magic | Zek@20,21 TAGGED; Xil@29,21 TAGGED; JalTok-Jad@24,25 TAGGED; TzKal-Zuk@22,8 TAGGED
FIRED t2502 | 33,14 | Toxic Blowpipe | Jal-Xil
t2503 | 35,14 | 30..34|E|frz-20 | zukIn 6 | setIn 299 | zukHp 61 | chosen 36,14 | walk ->36,14 | weapon Toxic Blowpipe | untilShot 1 | target Jal-Xil[ranger-kill] | gate ok | overhead Protect from Magic | Zek@20,21 TAGGED; Xil@29,21 TAGGED; JalTok-Jad@24,25 TAGGED; TzKal-Zuk@22,8 TAGGED
t2504 | 35,14 | 31..35|E|frz-21 | zukIn 5 | setIn 298 | zukHp 61 | chosen 36,14 | walk ->36,14 | weapon Toxic Blowpipe | untilShot 2 | target -[-] | gate - | overhead none | Zek@20,21 TAGGED; Xil@29,21 TAGGED; JalTok-Jad@24,25 TAGGED; TzKal-Zuk@22,8 TAGGED
FIRED t2504 | 35,14 | Toxic Blowpipe | Jal-Xil
t2505 | 36,14 | 32..36|E|frz-22 | zukIn 4 | setIn 297 | zukHp 61 | chosen 36,14 | walk - | weapon Toxic Blowpipe | untilShot 1 | target Jal-Xil[ranger-kill] | gate ok | overhead Protect from Range | Zek@20,21 TAGGED; Xil@29,21 TAGGED; JalTok-Jad@24,25 TAGGED; TzKal-Zuk@22,8 TAGGED
t2506 | 36,14 | 33..37|E|frz-23 | zukIn 3 | setIn 296 | zukHp 61 | chosen 36,14 | walk - | weapon Toxic Blowpipe | untilShot 2 | target Jal-Xil[ranger-kill] | gate ok | overhead none | Zek@20,21 TAGGED; Xil@29,21 TAGGED; JalTok-Jad@24,25 TAGGED; TzKal-Zuk@22,8 TAGGED
FIRED t2506 | 36,14 | Toxic Blowpipe | Jal-Xil
t2507 | 36,14 | 34..38|E|frz-24 | zukIn 2 | setIn 295 | zukHp 61 | chosen 36,14 | walk - | weapon Toxic Blowpipe | untilShot 1 | target Jal-Xil[ranger-kill] | gate ok | overhead Protect from Magic | Zek@20,21 TAGGED; Xil@29,21 TAGGED; JalTok-Jad@24,25 TAGGED; TzKal-Zuk@22,8 TAGGED
t2508 | 36,14 | 35..39|E|frz-25 | zukIn 1 | setIn 294 | zukHp 61 | chosen 36,14 | walk - | weapon Toxic Blowpipe | untilShot 2 | target Jal-Xil[ranger-kill] | gate ok | overhead none | Zek@20,21 TAGGED; Xil@29,21 TAGGED; JalTok-Jad@24,25 TAGGED; TzKal-Zuk@22,8 TAGGED
FIRED t2508 | 36,14 | Toxic Blowpipe | Jal-Xil
t2509 | 36,14 | 36..40|W|frz4 | zukIn 7 | setIn 293 | zukHp 61 | chosen 33,14 | walk ->33,14 | weapon Toxic Blowpipe | untilShot 1 | target -[-] | gate - | overhead Protect from Range | Zek@20,21 TAGGED; Xil@29,21 TAGGED; JalTok-Jad@24,25 TAGGED; TzKal-Zuk@22,8 TAGGED
t2510 | 34,14 | 36..40|W|frz3 | zukIn 6 | setIn 292 | zukHp 61 | chosen 33,14 | walk ->33,14 | weapon Toxic Blowpipe | untilShot 1 | target Jal-Xil[ranger-kill] | gate ok | overhead Protect from Magic | Zek@20,21 TAGGED; Xil@29,21 TAGGED; JalTok-Jad@24,25 TAGGED; TzKal-Zuk@22,8 TAGGED
t2511 | 34,14 | 36..40|W|frz2 | zukIn 5 | setIn 291 | zukHp 61 | chosen 33,14 | walk ->33,14 | weapon Toxic Blowpipe | untilShot 2 | target -[-] | gate - | overhead Protect from Magic | Zek@20,21 TAGGED; Xil@29,21 TAGGED; JalTok-Jad@24,25 TAGGED; TzKal-Zuk@22,8 TAGGED
FIRED t2511 | 34,14 | Toxic Blowpipe | Jal-Xil
t2512 | 33,14 | 36..40|W|frz1 | zukIn 4 | setIn 290 | zukHp 61 | chosen 33,14 | walk - | weapon Toxic Blowpipe | untilShot 1 | target Jal-Xil[ranger-kill] | gate ok | overhead none | Zek@20,21 TAGGED; Xil@29,21 TAGGED; JalTok-Jad@24,25 TAGGED; TzKal-Zuk@22,8 TAGGED
t2513 | 33,14 | 36..40|W|frz0 | zukIn 3 | setIn 289 | zukHp 61 | chosen 33,14 | walk - | weapon Toxic Blowpipe | untilShot 1 | target TzKal-Zuk[zuk] | gate - | overhead Protect from Range | Zek@20,21 TAGGED; JalTok-Jad@24,25 TAGGED; TzKal-Zuk@22,8 TAGGED
t2514 | 33,14 | 35..39|W|frz-1 | zukIn 2 | setIn 288 | zukHp 61 | chosen 33,14 | walk - | weapon Toxic Blowpipe | untilShot 1 | target TzKal-Zuk[zuk] | gate - | overhead none | Zek@20,21 TAGGED; JalTok-Jad@24,25 TAGGED; TzKal-Zuk@22,8 TAGGED
t2515 | 33,14 | 34..38|W|frz-2 | zukIn 1 | setIn 287 | zukHp 61 | chosen 33,14 | walk - | weapon Toxic Blowpipe | untilShot 1 | target TzKal-Zuk[zuk] | gate - | overhead Protect from Magic | Zek@20,21 TAGGED; JalTok-Jad@24,25 TAGGED; TzKal-Zuk@22,8 TAGGED
t2516 | 33,14 | 33..37|W|frz-3 | zukIn 7 | setIn 286 | zukHp 61 | chosen 26,14 | walk ->26,14 | weapon Toxic Blowpipe | untilShot 1 | target -[-] | gate - | overhead none | Zek@20,21 TAGGED; JalTok-Jad@24,25 TAGGED; TzKal-Zuk@22,8 TAGGED
t2517 | 31,14 | 32..36|W|frz-4 | zukIn 6 | setIn 285 | zukHp 61 | chosen 26,14 | walk ->26,14 | weapon Toxic Blowpipe | untilShot 1 | target TzKal-Zuk[zuk] | gate - | overhead none | Zek@20,21 TAGGED; JalTok-Jad@24,25 TAGGED; TzKal-Zuk@22,8 TAGGED
t2518 | 29,14 | 31..35|W|frz-5 | zukIn 5 | setIn 284 | zukHp 61 | chosen 26,14 | walk ->26,14 | weapon Toxic Blowpipe | untilShot 1 | target Jal-Zek[mager-kill] | gate ok | overhead Protect from Magic | Zek@20,21 TAGGED; JalTok-Jad@24,25 TAGGED; TzKal-Zuk@22,8 TAGGED
t2519 | 27,14 | 30..34|W|frz-6 | zukIn 4 | setIn 283 | zukHp 61 | chosen 26,14 | walk ->26,14 | weapon Rune Crossbow | untilShot 1 | target Jal-Zek[mager-kill] | gate ok | overhead Protect from Magic | Zek@20,21 TAGGED; JalTok-Jad@24,25 TAGGED; TzKal-Zuk@22,8 TAGGED
t2520 | 27,14 | 29..33|W|frz-7 | zukIn 3 | setIn 282 | zukHp 61 | chosen 26,14 | walk ->26,14 | weapon Rune Crossbow | untilShot 5 | target -[-] | gate - | overhead none | Zek@20,21 TAGGED; JalTok-Jad@24,25 TAGGED; TzKal-Zuk@22,8 TAGGED
FIRED t2520 | 27,14 | Rune Crossbow | Jal-Zek
t2521 | 26,14 | 28..32|W|frz-8 | zukIn 2 | setIn 281 | zukHp 61 | chosen 26,14 | walk - | weapon Rune Crossbow | untilShot 4 | target Jal-Zek[mager-kill] | gate ok | overhead none | Zek@20,21 TAGGED; JalTok-Jad@24,25 TAGGED; TzKal-Zuk@22,8 TAGGED
t2522 | 26,14 | 27..31|W|frz-9 | zukIn 1 | setIn 280 | zukHp 61 | chosen 26,14 | walk - | weapon Rune Crossbow | untilShot 3 | target Jal-Zek[mager-kill] | gate ok | overhead none | Zek@20,21 TAGGED; JalTok-Jad@24,25 TAGGED; TzKal-Zuk@22,8 TAGGED
t2523 | 26,14 | 26..30|W|frz-10 | zukIn 7 | setIn 279 | zukHp 61 | chosen 19,14 | walk ->19,14 | weapon Rune Crossbow | untilShot 2 | target -[-] | gate - | overhead Protect from Magic | Zek@20,21 TAGGED; JalTok-Jad@24,25 TAGGED; TzKal-Zuk@22,8 TAGGED
t2524 | 24,14 | 25..29|W|frz-11 | zukIn 6 | setIn 278 | zukHp 61 | chosen 19,14 | walk ->19,14 | weapon Rune Crossbow | untilShot 1 | target Jal-Zek[mager-kill] | gate ok | overhead none | Zek@20,21 TAGGED; JalTok-Jad@24,25 TAGGED; TzKal-Zuk@22,8 TAGGED
t2525 | 24,14 | 24..28|W|frz-12 | zukIn 5 | setIn 277 | zukHp 61 | chosen 19,14 | walk ->19,14 | weapon Rune Crossbow | untilShot 5 | target -[-] | gate - | overhead none | Zek@20,21 TAGGED; JalTok-Jad@24,25 TAGGED; TzKal-Zuk@22,8 TAGGED
FIRED t2525 | 24,14 | Rune Crossbow | Jal-Zek
t2526 | 22,14 | 23..27|W|frz-13 | zukIn 4 | setIn 276 | zukHp 61 | chosen 19,14 | walk ->19,14 | weapon Rune Crossbow | untilShot 4 | target Jal-Zek[mager-kill] | gate ok | overhead Protect from Range | Zek@20,21 TAGGED; JalTok-Jad@24,25 TAGGED; TzKal-Zuk@22,8 TAGGED
t2527 | 20,14 | 22..26|W|frz-14 | zukIn 3 | setIn 275 | zukHp 61 | chosen 19,14 | walk ->19,14 | weapon Rune Crossbow | untilShot 3 | target Jal-Zek[mager-kill] | gate ok | overhead Protect from Magic | Zek@20,21 TAGGED; JalTok-Jad@24,25 TAGGED; TzKal-Zuk@22,8 TAGGED
t2528 | 19,14 | 21..25|W|frz-15 | zukIn 2 | setIn 274 | zukHp 61 | chosen 19,14 | walk - | weapon Rune Crossbow | untilShot 2 | target Jal-Zek[mager-kill] | gate ok | overhead none | Zek@20,21 TAGGED; JalTok-Jad@24,25 TAGGED; TzKal-Zuk@22,8 TAGGED
t2529 | 19,14 | 20..24|W|frz-16 | zukIn 1 | setIn 273 | zukHp 61 | chosen 19,14 | walk - | weapon Toxic Blowpipe | untilShot 1 | target Jal-Zek[mager-kill] | gate ok | overhead none | Zek@20,21 TAGGED; JalTok-Jad@24,25 TAGGED; TzKal-Zuk@22,8 TAGGED
t2530 | 19,14 | 19..23|W|frz-17 | zukIn 7 | setIn 272 | zukHp 61 | chosen 15,14 | walk ->15,14 | weapon Toxic Blowpipe | untilShot 2 | target -[-] | gate - | overhead none | Zek@20,21 TAGGED; JalTok-Jad@24,25 TAGGED; TzKal-Zuk@22,8 TAGGED
FIRED t2530 | 19,14 | Toxic Blowpipe | Jal-Zek
t2531 | 17,14 | 18..22|W|frz-18 | zukIn 6 | setIn 271 | zukHp 61 | chosen 15,14 | walk ->15,14 | weapon Toxic Blowpipe | untilShot 1 | target Jal-Zek[mager-kill] | gate ok | overhead Protect from Magic | Zek@20,21 TAGGED; JalTok-Jad@24,25 TAGGED; TzKal-Zuk@22,8 TAGGED
t2532 | 17,14 | 17..21|W|frz-19 | zukIn 5 | setIn 270 | zukHp 61 | chosen 15,14 | walk ->15,14 | weapon Toxic Blowpipe | untilShot 2 | target -[-] | gate - | overhead none | Zek@20,21 TAGGED; JalTok-Jad@24,25 TAGGED; TzKal-Zuk@22,8 TAGGED
FIRED t2532 | 17,14 | Toxic Blowpipe | Jal-Zek
t2533 | 15,14 | 16..20|W|frz-20 | zukIn 4 | setIn 269 | zukHp 61 | chosen 15,14 | walk - | weapon Toxic Blowpipe | untilShot 1 | target Jal-Zek[mager-kill] | gate ok | overhead none | Zek@20,21 TAGGED; JalTok-Jad@24,25 TAGGED; TzKal-Zuk@22,8 TAGGED
t2534 | 15,14 | 15..19|W|frz-21 | zukIn 3 | setIn 268 | zukHp 61 | chosen 15,14 | walk - | weapon Toxic Blowpipe | untilShot 2 | target Jal-Zek[mager-kill] | gate ok | overhead Protect from Magic | Zek@20,21 TAGGED; JalTok-Jad@24,25 TAGGED; TzKal-Zuk@22,8 TAGGED
FIRED t2534 | 15,14 | Toxic Blowpipe | Jal-Zek
t2535 | 15,14 | 14..18|W|frz-22 | zukIn 2 | setIn 267 | zukHp 61 | chosen 15,14 | walk - | weapon Toxic Blowpipe | untilShot 1 | target Jal-Zek[mager-kill] | gate ok | overhead Protect from Magic | Zek@20,21 TAGGED; JalTok-Jad@24,25 TAGGED; TzKal-Zuk@22,8 TAGGED
t2536 | 15,14 | 13..17|W|frz-23 | zukIn 1 | setIn 266 | zukHp 61 | chosen 15,14 | walk - | weapon Toxic Blowpipe | untilShot 2 | target Jal-Zek[mager-kill] | gate ok | overhead none | Zek@20,21 TAGGED; JalTok-Jad@24,25 TAGGED; TzKal-Zuk@22,8 TAGGED
FIRED t2536 | 15,14 | Toxic Blowpipe | Jal-Zek
t2537 | 15,14 | 12..16|W|frz-24 | zukIn 7 | setIn 265 | zukHp 61 | chosen 15,14 | walk - | weapon Toxic Blowpipe | untilShot 1 | target Jal-Zek[mager-kill] | gate ok | overhead none | Zek@20,21 TAGGED; JalTok-Jad@24,25 TAGGED; TzKal-Zuk@22,8 TAGGED
t2538 | 15,14 | 11..15|W|frz-25 | zukIn 6 | setIn 264 | zukHp 61 | chosen 15,14 | walk - | weapon Toxic Blowpipe | untilShot 2 | target Jal-Zek[mager-kill] | gate ok | overhead none | Zek@20,21 TAGGED; JalTok-Jad@24,25 TAGGED; TzKal-Zuk@22,8 TAGGED
FIRED t2538 | 15,14 | Toxic Blowpipe | Jal-Zek
t2539 | 15,14 | 10..14|E|frz4 | zukIn 5 | setIn 263 | zukHp 61 | chosen 15,14 | walk - | weapon Toxic Blowpipe | untilShot 1 | target Jal-Zek[mager-kill] | gate ok | overhead Protect from Magic | Zek@20,21 TAGGED; JalTok-Jad@24,25 TAGGED; TzKal-Zuk@22,8 TAGGED
t2540 | 15,14 | 10..14|E|frz3 | zukIn 4 | setIn 262 | zukHp 61 | chosen 15,14 | walk - | weapon Toxic Blowpipe | untilShot 2 | target Jal-Zek[mager-kill] | gate ok | overhead none | Zek@20,21 TAGGED; JalTok-Jad@24,25 TAGGED; TzKal-Zuk@22,8 TAGGED
FIRED t2540 | 15,14 | Toxic Blowpipe | Jal-Zek
t2541 | 15,14 | 10..14|E|frz2 | zukIn 3 | setIn 261 | zukHp 61 | chosen 15,14 | walk - | weapon Toxic Blowpipe | untilShot 1 | target Jal-Zek[mager-kill] | gate ok | overhead none | Zek@20,21 TAGGED; JalTok-Jad@24,25 TAGGED; TzKal-Zuk@22,8 TAGGED
t2542 | 15,14 | 10..14|E|frz1 | zukIn 2 | setIn 260 | zukHp 61 | chosen 15,14 | walk - | weapon Toxic Blowpipe | untilShot 2 | target Jal-Zek[mager-kill] | gate ok | overhead Protect from Range | Zek@20,21 TAGGED; JalTok-Jad@24,25 TAGGED; TzKal-Zuk@22,8 TAGGED
FIRED t2542 | 15,14 | Toxic Blowpipe | Jal-Zek
t2543 | 15,14 | 10..14|E|frz0 | zukIn 1 | setIn 259 | zukHp 61 | chosen 15,14 | walk - | weapon Toxic Blowpipe | untilShot 1 | target Jal-Zek[mager-kill] | gate ok | overhead Protect from Magic | Zek@20,21 TAGGED; JalTok-Jad@24,25 TAGGED; TzKal-Zuk@22,8 TAGGED
t2544 | 15,14 | 11..15|E|frz-1 | zukIn 7 | setIn 258 | zukHp 61 | chosen 22,14 | walk ->22,14 | weapon Toxic Blowpipe | untilShot 2 | target -[-] | gate - | overhead none | Zek@20,21 TAGGED; JalTok-Jad@24,25 TAGGED; TzKal-Zuk@22,8 TAGGED
FIRED t2544 | 15,14 | Toxic Blowpipe | Jal-Zek
t2545 | 17,14 | 12..16|E|frz-2 | zukIn 6 | setIn 257 | zukHp 61 | chosen 22,14 | walk ->22,14 | weapon Toxic Blowpipe | untilShot 1 | target Jal-Zek[mager-kill] | gate ok | overhead none | Zek@20,21 TAGGED; JalTok-Jad@24,25 TAGGED; TzKal-Zuk@22,8 TAGGED
t2546 | 17,14 | 13..17|E|frz-3 | zukIn 5 | setIn 256 | zukHp 61 | chosen 22,14 | walk ->22,14 | weapon Toxic Blowpipe | untilShot 2 | target -[-] | gate - | overhead none | Zek@20,21 TAGGED; JalTok-Jad@24,25 TAGGED; TzKal-Zuk@22,8 TAGGED
FIRED t2546 | 17,14 | Toxic Blowpipe | Jal-Zek
t2547 | 19,14 | 14..18|E|frz-4 | zukIn 4 | setIn 255 | zukHp 61 | chosen 22,14 | walk ->22,14 | weapon Toxic Blowpipe | untilShot 1 | target Jal-Zek[mager-kill] | gate ok | overhead Protect from Magic | Zek@20,21 TAGGED; JalTok-Jad@24,25 TAGGED; TzKal-Zuk@22,8 TAGGED
t2548 | 19,14 | 15..19|E|frz-5 | zukIn 3 | setIn 254 | zukHp 61 | chosen 22,14 | walk ->22,14 | weapon Toxic Blowpipe | untilShot 2 | target -[-] | gate - | overhead none | Zek@20,21 TAGGED; JalTok-Jad@24,25 TAGGED; TzKal-Zuk@22,8 TAGGED
FIRED t2548 | 19,14 | Toxic Blowpipe | Jal-Zek
t2549 | 21,14 | 16..20|E|frz-6 | zukIn 2 | setIn 253 | zukHp 61 | chosen 22,14 | walk ->22,14 | weapon Toxic Blowpipe | untilShot 1 | target Jal-Zek[mager-kill] | gate ok | overhead none | Zek@20,21 TAGGED; JalTok-Jad@24,25 TAGGED; TzKal-Zuk@22,8 TAGGED
t2550 | 21,14 | 17..21|E|frz-7 | zukIn 1 | setIn 252 | zukHp 61 | chosen 21,14 | walk - | weapon Toxic Blowpipe | untilShot 2 | target Jal-Zek[mager-kill] | gate ok | overhead Protect from Magic | Zek@20,21 TAGGED; JalTok-Jad@24,25 TAGGED; TzKal-Zuk@22,8 TAGGED
FIRED t2550 | 21,14 | Toxic Blowpipe | Jal-Zek
t2551 | 21,14 | 18..22|E|frz-8 | zukIn 7 | setIn 251 | zukHp 61 | chosen 29,14 | walk ->29,14 | weapon Toxic Blowpipe | untilShot 1 | target -[-] | gate - | overhead Protect from Magic | Zek@20,21 TAGGED; JalTok-Jad@24,25 TAGGED; TzKal-Zuk@22,8 TAGGED
t2552 | 23,14 | 19..23|E|frz-9 | zukIn 6 | setIn 250 | zukHp 61 | chosen 29,14 | walk ->29,14 | weapon Toxic Blowpipe | untilShot 1 | target Jal-Zek[mager-kill] | gate ok | overhead none | Zek@20,21 TAGGED; JalTok-Jad@24,25 TAGGED; TzKal-Zuk@22,8 TAGGED
t2553 | 23,14 | 20..24|E|frz-10 | zukIn 5 | setIn 249 | zukHp 61 | chosen 29,14 | walk ->29,14 | weapon Toxic Blowpipe | untilShot 2 | target -[-] | gate - | overhead none | Zek@20,21 TAGGED; JalTok-Jad@24,25 TAGGED; TzKal-Zuk@22,8 TAGGED
FIRED t2553 | 23,14 | Toxic Blowpipe | Jal-Zek
t2554 | 25,14 | 21..25|E|frz-11 | zukIn 4 | setIn 248 | zukHp 61 | chosen 29,14 | walk ->29,14 | weapon Toxic Blowpipe | untilShot 1 | target Jal-Zek[mager-kill] | gate ok | overhead none | Zek@20,21 TAGGED; JalTok-Jad@24,25 TAGGED; TzKal-Zuk@22,8 TAGGED
t2555 | 25,14 | 22..26|E|frz-12 | zukIn 3 | setIn 247 | zukHp 61 | chosen 29,14 | walk ->29,14 | weapon Toxic Blowpipe | untilShot 2 | target -[-] | gate - | overhead Protect from Magic | Zek@20,21 TAGGED; JalTok-Jad@24,25 TAGGED; TzKal-Zuk@22,8 TAGGED
FIRED t2555 | 25,14 | Toxic Blowpipe | Jal-Zek
t2556 | 27,14 | 23..27|E|frz-13 | zukIn 2 | setIn 246 | zukHp 61 | chosen 29,14 | walk ->29,14 | weapon Toxic Blowpipe | untilShot 1 | target Jal-Zek[mager-kill] | gate ok | overhead none | Zek@20,21 TAGGED; JalTok-Jad@24,25 TAGGED; TzKal-Zuk@22,8 TAGGED
t2557 | 27,14 | 24..28|E|frz-14 | zukIn 1 | setIn 245 | zukHp 61 | chosen 27,14 | walk - | weapon Toxic Blowpipe | untilShot 2 | target Jal-Zek[mager-kill] | gate ok | overhead none | Zek@20,21 TAGGED; JalTok-Jad@24,25 TAGGED; TzKal-Zuk@22,8 TAGGED
FIRED t2557 | 27,14 | Toxic Blowpipe | Jal-Zek
t2558 | 27,14 | 25..29|E|frz-15 | zukIn 7 | setIn 244 | zukHp 61 | chosen 36,14 | walk ->36,14 | weapon Toxic Blowpipe | untilShot 1 | target -[-] | gate - | overhead Protect from Magic | Zek@20,21 TAGGED; JalTok-Jad@24,25 TAGGED; TzKal-Zuk@22,8 TAGGED
t2559 | 29,14 | 26..30|E|frz-16 | zukIn 6 | setIn 243 | zukHp 61 | chosen 36,14 | walk ->36,14 | weapon Toxic Blowpipe | untilShot 1 | target Jal-Zek[mager-kill] | gate ok | overhead Protect from Magic | Zek@20,21 TAGGED; JalTok-Jad@24,25 TAGGED; TzKal-Zuk@22,8 TAGGED
t2560 | 31,14 | 27..31|E|frz-17 | zukIn 5 | setIn 242 | zukHp 61 | chosen 36,14 | walk ->36,14 | weapon Rune Crossbow | untilShot 1 | target TzKal-Zuk[zuk] | gate - | overhead none | Zek@20,21 TAGGED; JalTok-Jad@24,25 TAGGED; TzKal-Zuk@22,8 TAGGED
t2561 | 33,14 | 28..32|E|frz-18 | zukIn 4 | setIn 241 | zukHp 61 | chosen 36,14 | walk ->36,14 | weapon Rune Crossbow | untilShot 1 | target TzKal-Zuk[zuk] | gate - | overhead none | Zek@20,21 TAGGED; JalTok-Jad@24,25 TAGGED; TzKal-Zuk@22,8 TAGGED
t2562 | 35,14 | 29..33|E|frz-19 | zukIn 3 | setIn 240 | zukHp 61 | chosen 36,14 | walk ->36,14 | weapon Rune Crossbow | untilShot 1 | target TzKal-Zuk[zuk] | gate - | overhead none | Zek@20,21 TAGGED; JalTok-Jad@24,25 TAGGED; TzKal-Zuk@22,8 TAGGED
t2563 | 36,14 | 30..34|E|frz-20 | zukIn 2 | setIn 239 | zukHp 61 | chosen 36,14 | walk - | weapon Rune Crossbow | untilShot 1 | target TzKal-Zuk[zuk] | gate - | overhead Protect from Magic | Zek@20,21 TAGGED; JalTok-Jad@24,25 TAGGED; TzKal-Zuk@22,8 TAGGED
t2564 | 36,14 | 31..35|E|frz-21 | zukIn 1 | setIn 238 | zukHp 61 | chosen 36,14 | walk - | weapon Rune Crossbow | untilShot 1 | target TzKal-Zuk[zuk] | gate - | overhead none | Zek@20,21 TAGGED; JalTok-Jad@24,25 TAGGED; TzKal-Zuk@22,8 TAGGED
t2565 | 36,14 | 32..36|E|frz-22 | zukIn 7 | setIn 237 | zukHp 61 | chosen 36,14 | walk - | weapon Rune Crossbow | untilShot 1 | target TzKal-Zuk[zuk] | gate - | overhead none | Zek@20,21 TAGGED; JalTok-Jad@24,25 TAGGED; TzKal-Zuk@22,8 TAGGED
t2566 | 36,14 | 33..37|E|frz-23 | zukIn 6 | setIn 236 | zukHp 61 | chosen 36,14 | walk - | weapon Rune Crossbow | untilShot 1 | target TzKal-Zuk[zuk] | gate - | overhead Protect from Magic | Zek@20,21 TAGGED; JalTok-Jad@24,25 TAGGED; TzKal-Zuk@22,8 TAGGED
t2567 | 36,14 | 34..38|E|frz-24 | zukIn 5 | setIn 235 | zukHp 61 | chosen 36,14 | walk - | weapon Rune Crossbow | untilShot 1 | target TzKal-Zuk[zuk] | gate - | overhead Protect from Magic | Zek@20,21 TAGGED; JalTok-Jad@24,25 TAGGED; TzKal-Zuk@22,8 TAGGED
t2568 | 36,14 | 35..39|E|frz-25 | zukIn 4 | setIn 234 | zukHp 61 | chosen 36,14 | walk - | weapon Rune Crossbow | untilShot 1 | target TzKal-Zuk[zuk] | gate - | overhead none | Zek@20,21 TAGGED; JalTok-Jad@24,25 TAGGED; TzKal-Zuk@22,8 TAGGED
t2569 | 36,14 | 36..40|W|frz4 | zukIn 3 | setIn 233 | zukHp 61 | chosen 36,14 | walk - | weapon Rune Crossbow | untilShot 1 | target TzKal-Zuk[zuk] | gate - | overhead none | Zek@20,21 TAGGED; JalTok-Jad@24,25 TAGGED; TzKal-Zuk@22,8 TAGGED
t2570 | 36,14 | 36..40|W|frz3 | zukIn 2 | setIn 232 | zukHp 61 | chosen 36,14 | walk - | weapon Rune Crossbow | untilShot 1 | target TzKal-Zuk[zuk] | gate - | overhead none | Zek@20,21 TAGGED; JalTok-Jad@24,25 TAGGED; TzKal-Zuk@22,8 TAGGED
t2571 | 36,14 | 36..40|W|frz2 | zukIn 1 | setIn 231 | zukHp 61 | chosen 36,14 | walk - | weapon Rune Crossbow | untilShot 1 | target TzKal-Zuk[zuk] | gate - | overhead Protect from Magic | Zek@20,21 TAGGED; JalTok-Jad@24,25 TAGGED; TzKal-Zuk@22,8 TAGGED
t2572 | 36,14 | 36..40|W|frz1 | zukIn 7 | setIn 230 | zukHp 61 | chosen 30,14 | walk ->30,14 | weapon Rune Crossbow | untilShot 1 | target -[-] | gate - | overhead none | Zek@20,21 TAGGED; JalTok-Jad@24,25 TAGGED; TzKal-Zuk@22,8 TAGGED
t2573 | 34,14 | 36..40|W|frz0 | zukIn 6 | setIn 229 | zukHp 61 | chosen 30,14 | walk ->30,14 | weapon Rune Crossbow | untilShot 1 | target TzKal-Zuk[zuk] | gate - | overhead none | Zek@20,21 TAGGED; JalTok-Jad@24,25 TAGGED; TzKal-Zuk@22,8 TAGGED
t2574 | 32,14 | 35..39|W|frz-1 | zukIn 5 | setIn 228 | zukHp 61 | chosen 30,14 | walk ->30,14 | weapon Rune Crossbow | untilShot 1 | target TzKal-Zuk[zuk] | gate - | overhead Protect from Magic | Zek@20,21 TAGGED; JalTok-Jad@24,25 TAGGED; TzKal-Zuk@22,8 TAGGED
t2575 | 30,14 | 34..38|W|frz-2 | zukIn 4 | setIn 227 | zukHp 61 | chosen 30,14 | walk - | weapon Rune Crossbow | untilShot 1 | target Jal-Zek[mager-kill] | gate ok | overhead Protect from Magic | Zek@20,21 TAGGED; JalTok-Jad@24,25 TAGGED; TzKal-Zuk@22,8 TAGGED
t2576 | 30,14 | 33..37|W|frz-3 | zukIn 3 | setIn 226 | zukHp 61 | chosen 30,14 | walk - | weapon Rune Crossbow | untilShot 5 | target Jal-Zek[mager-kill] | gate ok | overhead none | Zek@20,21 TAGGED; JalTok-Jad@24,25 TAGGED; TzKal-Zuk@22,8 TAGGED
FIRED t2576 | 30,14 | Rune Crossbow | Jal-Zek
t2577 | 30,14 | 32..36|W|frz-4 | zukIn 2 | setIn 225 | zukHp 61 | chosen 30,14 | walk - | weapon Rune Crossbow | untilShot 4 | target Jal-Zek[mager-kill] | gate ok | overhead none | Zek@20,21 TAGGED; JalTok-Jad@24,25 TAGGED; TzKal-Zuk@22,8 TAGGED
t2578 | 30,14 | 31..35|W|frz-5 | zukIn 1 | setIn 224 | zukHp 61 | chosen 30,14 | walk - | weapon Rune Crossbow | untilShot 3 | target Jal-Zek[mager-kill] | gate ok | overhead none | Zek@20,21 TAGGED; JalTok-Jad@24,25 TAGGED; TzKal-Zuk@22,8 TAGGED
t2579 | 30,14 | 30..34|W|frz-6 | zukIn 7 | setIn 223 | zukHp 61 | chosen 23,14 | walk ->23,14 | weapon Rune Crossbow | untilShot 2 | target -[-] | gate - | overhead Protect from Magic | Zek@20,21 TAGGED; JalTok-Jad@24,25 TAGGED; TzKal-Zuk@22,8 TAGGED
t2580 | 28,14 | 29..33|W|frz-7 | zukIn 6 | setIn 222 | zukHp 61 | chosen 23,14 | walk ->23,14 | weapon Rune Crossbow | untilShot 1 | target Jal-Zek[mager-kill] | gate ok | overhead none | Zek@20,21 TAGGED; JalTok-Jad@24,25 TAGGED; TzKal-Zuk@22,8 TAGGED
t2581 | 28,14 | 28..32|W|frz-8 | zukIn 5 | setIn 221 | zukHp 61 | chosen 23,14 | walk ->23,14 | weapon Rune Crossbow | untilShot 5 | target -[-] | gate - | overhead none | Zek@20,21 TAGGED; JalTok-Jad@24,25 TAGGED; TzKal-Zuk@22,8 TAGGED
FIRED t2581 | 28,14 | Rune Crossbow | Jal-Zek
t2582 | 26,14 | 27..31|W|frz-9 | zukIn 4 | setIn 220 | zukHp 61 | chosen 23,14 | walk ->23,14 | weapon Rune Crossbow | untilShot 4 | target Jal-Zek[mager-kill] | gate ok | overhead Protect from Range | Zek@20,21 TAGGED; JalTok-Jad@24,25 TAGGED; TzKal-Zuk@22,8 TAGGED
t2583 | 24,14 | 26..30|W|frz-10 | zukIn 3 | setIn 219 | zukHp 61 | chosen 23,14 | walk ->23,14 | weapon Rune Crossbow | untilShot 3 | target Jal-Zek[mager-kill] | gate ok | overhead Protect from Magic | Zek@20,21 TAGGED; JalTok-Jad@24,25 TAGGED; TzKal-Zuk@22,8 TAGGED
t2584 | 23,14 | 25..29|W|frz-11 | zukIn 2 | setIn 218 | zukHp 61 | chosen 23,14 | walk - | weapon Rune Crossbow | untilShot 2 | target Jal-Zek[mager-kill] | gate ok | overhead none | Zek@20,21 TAGGED; JalTok-Jad@24,25 TAGGED; TzKal-Zuk@22,8 TAGGED
t2585 | 23,14 | 24..28|W|frz-12 | zukIn 1 | setIn 217 | zukHp 61 | chosen 23,14 | walk - | weapon Toxic Blowpipe | untilShot 1 | target Jal-Zek[mager-kill] | gate ok | overhead none | Zek@20,21 TAGGED; JalTok-Jad@24,25 TAGGED; TzKal-Zuk@22,8 TAGGED
t2586 | 23,14 | 23..27|W|frz-13 | zukIn 7 | setIn 216 | zukHp 61 | chosen 16,14 | walk ->16,14 | weapon Toxic Blowpipe | untilShot 2 | target -[-] | gate - | overhead none | Zek@20,21 TAGGED; JalTok-Jad@24,25 TAGGED; TzKal-Zuk@22,8 TAGGED
FIRED t2586 | 23,14 | Toxic Blowpipe | Jal-Zek
t2587 | 21,14 | 22..26|W|frz-14 | zukIn 6 | setIn 215 | zukHp 61 | chosen 16,14 | walk ->16,14 | weapon Toxic Blowpipe | untilShot 1 | target Jal-Zek[mager-kill] | gate ok | overhead Protect from Magic | Zek@20,21 TAGGED; JalTok-Jad@24,25 TAGGED; TzKal-Zuk@22,8 TAGGED
t2588 | 21,14 | 21..25|W|frz-15 | zukIn 5 | setIn 214 | zukHp 61 | chosen 16,14 | walk ->16,14 | weapon Toxic Blowpipe | untilShot 2 | target -[-] | gate - | overhead none | Zek@20,21 TAGGED; JalTok-Jad@24,25 TAGGED; TzKal-Zuk@22,8 TAGGED
FIRED t2588 | 21,14 | Toxic Blowpipe | Jal-Zek
t2589 | 19,14 | 20..24|W|frz-16 | zukIn 4 | setIn 213 | zukHp 61 | chosen 16,14 | walk ->16,14 | weapon Toxic Blowpipe | untilShot 1 | target Jal-Zek[mager-kill] | gate ok | overhead none | Zek@20,21 TAGGED; JalTok-Jad@24,25 TAGGED; TzKal-Zuk@22,8 TAGGED
t2590 | 19,14 | 19..23|W|frz-17 | zukIn 3 | setIn 212 | zukHp 61 | chosen 16,14 | walk ->16,14 | weapon Toxic Blowpipe | untilShot 2 | target -[-] | gate - | overhead Protect from Magic | Zek@20,21 TAGGED; JalTok-Jad@24,25 TAGGED; TzKal-Zuk@22,8 TAGGED
FIRED t2590 | 19,14 | Toxic Blowpipe | Jal-Zek
t2591 | 17,14 | 18..22|W|frz-18 | zukIn 2 | setIn 211 | zukHp 61 | chosen 16,14 | walk ->16,14 | weapon Toxic Blowpipe | untilShot 1 | target Jal-Zek[mager-kill] | gate ok | overhead Protect from Magic | Zek@20,21 TAGGED; JalTok-Jad@24,25 TAGGED; TzKal-Zuk@22,8 TAGGED
t2592 | 17,14 | 17..21|W|frz-19 | zukIn 1 | setIn 210 | zukHp 61 | chosen 17,14 | walk - | weapon Toxic Blowpipe | untilShot 2 | target Jal-Zek[mager-kill] | gate ok | overhead none | Zek@20,21 TAGGED; JalTok-Jad@24,25 TAGGED; TzKal-Zuk@22,8 TAGGED
FIRED t2592 | 17,14 | Toxic Blowpipe | Jal-Zek
t2593 | 17,14 | 16..20|W|frz-20 | zukIn 7 | setIn 209 | zukHp 61 | chosen 14,14 | walk ->14,14 | weapon Toxic Blowpipe | untilShot 1 | target -[-] | gate - | overhead none | Zek@20,21 TAGGED; JalTok-Jad@24,25 TAGGED; TzKal-Zuk@22,8 TAGGED
t2594 | 15,14 | 15..19|W|frz-21 | zukIn 6 | setIn 208 | zukHp 61 | chosen 14,14 | walk ->14,14 | weapon Toxic Blowpipe | untilShot 1 | target Jal-Zek[mager-kill] | gate ok | overhead none | Zek@20,21 TAGGED; JalTok-Jad@24,25 TAGGED; TzKal-Zuk@22,8 TAGGED
t2595 | 15,14 | 14..18|W|frz-22 | zukIn 5 | setIn 207 | zukHp 61 | chosen 14,14 | walk ->14,14 | weapon Toxic Blowpipe | untilShot 2 | target -[-] | gate - | overhead Protect from Magic | Zek@20,21 TAGGED; JalTok-Jad@24,25 TAGGED; TzKal-Zuk@22,8 TAGGED
FIRED t2595 | 15,14 | Toxic Blowpipe | Jal-Zek
t2596 | 14,14 | 13..17|W|frz-23 | zukIn 4 | setIn 206 | zukHp 61 | chosen 14,14 | walk - | weapon Toxic Blowpipe | untilShot 1 | target Jal-Zek[mager-kill] | gate ok | overhead none | Zek@20,21 TAGGED; JalTok-Jad@24,25 TAGGED; TzKal-Zuk@22,8 TAGGED
t2597 | 14,14 | 12..16|W|frz-24 | zukIn 3 | setIn 205 | zukHp 61 | chosen 14,14 | walk - | weapon Rune Crossbow | untilShot 1 | target Jal-Zek[mager-kill] | gate ok | overhead none | Zek@20,21 TAGGED; JalTok-Jad@24,25 TAGGED; TzKal-Zuk@22,8 TAGGED
t2598 | 14,14 | 11..15|W|frz-25 | zukIn 2 | setIn 204 | zukHp 61 | chosen 14,14 | walk - | weapon Rune Crossbow | untilShot 5 | target Jal-Zek[mager-kill] | gate ok | overhead Protect from Magic | Zek@20,21 TAGGED; JalTok-Jad@24,25 TAGGED; TzKal-Zuk@22,8 TAGGED
FIRED t2598 | 14,14 | Rune Crossbow | Jal-Zek
t2599 | 14,14 | 10..14|E|frz4 | zukIn 1 | setIn 203 | zukHp 61 | chosen 14,14 | walk - | weapon Rune Crossbow | untilShot 4 | target Jal-Zek[mager-kill] | gate ok | overhead Protect from Magic | Zek@20,21 TAGGED; JalTok-Jad@24,25 TAGGED; TzKal-Zuk@22,8 TAGGED
t2600 | 14,14 | 10..14|E|frz3 | zukIn 7 | setIn 202 | zukHp 61 | chosen 18,14 | walk ->18,14 | weapon Rune Crossbow | untilShot 3 | target -[-] | gate - | overhead none | Zek@20,21 TAGGED; JalTok-Jad@24,25 TAGGED; TzKal-Zuk@22,8 TAGGED
t2601 | 16,14 | 10..14|E|frz2 | zukIn 6 | setIn 201 | zukHp 61 | chosen 18,14 | walk ->18,14 | weapon Rune Crossbow | untilShot 2 | target Jal-Zek[mager-kill] | gate ok | overhead none | Zek@20,21 TAGGED; JalTok-Jad@24,25 TAGGED; TzKal-Zuk@22,8 TAGGED
t2602 | 18,14 | 10..14|E|frz1 | zukIn 5 | setIn 200 | zukHp 61 | chosen 18,14 | walk - | weapon Toxic Blowpipe | untilShot 1 | target Jal-Zek[mager-kill] | gate ok | overhead none | Zek@20,21 TAGGED; JalTok-Jad@24,25 TAGGED; TzKal-Zuk@22,8 TAGGED
t2603 | 18,14 | 10..14|E|frz0 | zukIn 4 | setIn 199 | zukHp 61 | chosen 18,14 | walk - | weapon Toxic Blowpipe | untilShot 2 | target Jal-Zek[mager-kill] | gate ok | overhead Protect from Magic | Zek@20,21 TAGGED; JalTok-Jad@24,25 TAGGED; TzKal-Zuk@22,8 TAGGED
FIRED t2603 | 18,14 | Toxic Blowpipe | Jal-Zek
t2604 | 18,14 | 11..15|E|frz-1 | zukIn 3 | setIn 198 | zukHp 61 | chosen 18,14 | walk - | weapon Toxic Blowpipe | untilShot 1 | target Jal-Zek[mager-kill] | gate ok | overhead none | Zek@20,21 TAGGED; JalTok-Jad@24,25 TAGGED; TzKal-Zuk@22,8 TAGGED
t2605 | 18,14 | 12..16|E|frz-2 | zukIn 2 | setIn 197 | zukHp 61 | chosen 18,14 | walk - | weapon Toxic Blowpipe | untilShot 2 | target Jal-Zek[mager-kill] | gate ok | overhead none | Zek@20,21 TAGGED; JalTok-Jad@24,25 TAGGED; TzKal-Zuk@22,8 TAGGED
FIRED t2605 | 18,14 | Toxic Blowpipe | Jal-Zek
t2606 | 18,14 | 13..17|E|frz-3 | zukIn 1 | setIn 196 | zukHp 61 | chosen 18,14 | walk - | weapon Toxic Blowpipe | untilShot 1 | target Jal-Zek[mager-kill] | gate ok | overhead Protect from Range | Zek@20,21 TAGGED; JalTok-Jad@24,25 TAGGED; TzKal-Zuk@22,8 TAGGED
t2607 | 18,14 | 14..18|E|frz-4 | zukIn 7 | setIn 195 | zukHp 61 | chosen 25,14 | walk ->25,14 | weapon Toxic Blowpipe | untilShot 2 | target -[-] | gate - | overhead Protect from Magic | Zek@20,21 TAGGED; JalTok-Jad@24,25 TAGGED; TzKal-Zuk@22,8 TAGGED
FIRED t2607 | 18,14 | Toxic Blowpipe | Jal-Zek
t2608 | 20,14 | 15..19|E|frz-5 | zukIn 6 | setIn 194 | zukHp 61 | chosen 25,14 | walk ->25,14 | weapon Toxic Blowpipe | untilShot 1 | target Jal-Zek[mager-kill] | gate ok | overhead none | Zek@20,21 TAGGED; JalTok-Jad@24,25 TAGGED; TzKal-Zuk@22,8 TAGGED
t2609 | 20,14 | 16..20|E|frz-6 | zukIn 5 | setIn 193 | zukHp 61 | chosen 25,14 | walk ->25,14 | weapon Toxic Blowpipe | untilShot 2 | target -[-] | gate - | overhead none | Zek@20,21 TAGGED; JalTok-Jad@24,25 TAGGED; TzKal-Zuk@22,8 TAGGED
FIRED t2609 | 20,14 | Toxic Blowpipe | Jal-Zek
t2610 | 22,14 | 17..21|E|frz-7 | zukIn 4 | setIn 192 | zukHp 61 | chosen 25,14 | walk ->25,14 | weapon Toxic Blowpipe | untilShot 1 | target Jal-Zek[mager-kill] | gate ok | overhead none | Zek@20,21 TAGGED; JalTok-Jad@24,25 TAGGED; TzKal-Zuk@22,8 TAGGED
t2611 | 22,14 | 18..22|E|frz-8 | zukIn 3 | setIn 191 | zukHp 61 | chosen 25,14 | walk ->25,14 | weapon Toxic Blowpipe | untilShot 2 | target -[-] | gate - | overhead Protect from Magic | Zek@20,21 TAGGED; JalTok-Jad@24,25 TAGGED; TzKal-Zuk@22,8 TAGGED
FIRED t2611 | 22,14 | Toxic Blowpipe | Jal-Zek
t2612 | 24,14 | 19..23|E|frz-9 | zukIn 2 | setIn 190 | zukHp 61 | chosen 25,14 | walk ->25,14 | weapon Toxic Blowpipe | untilShot 1 | target Jal-Zek[mager-kill] | gate ok | overhead none | Zek@20,21 TAGGED; JalTok-Jad@24,25 TAGGED; TzKal-Zuk@22,8 TAGGED
t2613 | 24,14 | 20..24|E|frz-10 | zukIn 1 | setIn 189 | zukHp 61 | chosen 24,14 | walk - | weapon Toxic Blowpipe | untilShot 1 | target TzKal-Zuk[zuk] | gate ok | overhead none | JalTok-Jad@24,25 TAGGED; TzKal-Zuk@22,8 TAGGED
t2614 | 24,14 | 21..25|E|frz-11 | zukIn 7 | setIn 188 | zukHp 61 | chosen 31,14 | walk ->31,14 | weapon Rune Crossbow | untilShot 1 | target -[-] | gate - | overhead Protect from Magic | JalTok-Jad@24,25 TAGGED; TzKal-Zuk@22,8 TAGGED
t2615 | 26,14 | 22..26|E|frz-12 | zukIn 6 | setIn 187 | zukHp 61 | chosen 31,14 | walk ->31,14 | weapon Rune Crossbow | untilShot 1 | target TzKal-Zuk[zuk] | gate ok | overhead none | JalTok-Jad@24,25 TAGGED; TzKal-Zuk@22,8 TAGGED
t2616 | 26,14 | 23..27|E|frz-13 | zukIn 5 | setIn 186 | zukHp 61 | chosen 31,14 | walk ->31,14 | weapon Rune Crossbow | untilShot 5 | target -[-] | gate - | overhead none | JalTok-Jad@24,25 TAGGED; TzKal-Zuk@22,8 TAGGED
FIRED t2616 | 26,14 | Rune Crossbow | TzKal-Zuk
t2617 | 28,14 | 24..28|E|frz-14 | zukIn 4 | setIn 185 | zukHp 61 | chosen 31,14 | walk ->31,14 | weapon Rune Crossbow | untilShot 4 | target TzKal-Zuk[zuk] | gate ok | overhead none | JalTok-Jad@24,25 TAGGED; TzKal-Zuk@22,8 TAGGED
t2618 | 30,14 | 25..29|E|frz-15 | zukIn 3 | setIn 184 | zukHp 61 | chosen 31,14 | walk ->31,14 | weapon Rune Crossbow | untilShot 3 | target TzKal-Zuk[zuk] | gate ok | overhead none | JalTok-Jad@24,25 TAGGED; TzKal-Zuk@22,8 TAGGED
t2619 | 31,14 | 26..30|E|frz-16 | zukIn 2 | setIn 183 | zukHp 61 | chosen 31,14 | walk - | weapon Rune Crossbow | untilShot 2 | target TzKal-Zuk[zuk] | gate ok | overhead none | JalTok-Jad@24,25 TAGGED; TzKal-Zuk@22,8 TAGGED
t2620 | 31,14 | 27..31|E|frz-17 | zukIn 1 | setIn 182 | zukHp 61 | chosen 31,14 | walk - | weapon Rune Crossbow | untilShot 1 | target TzKal-Zuk[zuk] | gate ok | overhead none | JalTok-Jad@24,25 TAGGED; TzKal-Zuk@22,8 TAGGED
t2621 | 31,14 | 28..32|E|frz-18 | zukIn 7 | setIn 181 | zukHp 61 | chosen 36,14 | walk ->36,14 | weapon Rune Crossbow | untilShot 5 | target -[-] | gate - | overhead none | JalTok-Jad@24,25 TAGGED; TzKal-Zuk@22,8 TAGGED
FIRED t2621 | 31,14 | Rune Crossbow | TzKal-Zuk
t2622 | 33,14 | 29..33|E|frz-19 | zukIn 6 | setIn 180 | zukHp 61 | chosen 36,14 | walk ->36,14 | weapon Rune Crossbow | untilShot 4 | target TzKal-Zuk[zuk] | gate - | overhead Protect from Range | JalTok-Jad@24,25 TAGGED; TzKal-Zuk@22,8 TAGGED
t2623 | 35,14 | 30..34|E|frz-20 | zukIn 5 | setIn 179 | zukHp 61 | chosen 36,14 | walk ->36,14 | weapon Rune Crossbow | untilShot 3 | target TzKal-Zuk[zuk] | gate ok | overhead none | JalTok-Jad@24,25 TAGGED; TzKal-Zuk@22,8 TAGGED
t2624 | 36,14 | 31..35|E|frz-21 | zukIn 4 | setIn 178 | zukHp 54 | chosen 36,14 | walk - | weapon Rune Crossbow | untilShot 2 | target TzKal-Zuk[zuk] | gate - | overhead none | JalTok-Jad@24,25 TAGGED; TzKal-Zuk@22,8 TAGGED
t2625 | 36,14 | 32..36|E|frz-22 | zukIn 3 | setIn 177 | zukHp 54 | chosen 36,14 | walk - | weapon Rune Crossbow | untilShot 1 | target TzKal-Zuk[zuk] | gate - | overhead none | JalTok-Jad@24,25 TAGGED; TzKal-Zuk@22,8 TAGGED
t2626 | 36,14 | 33..37|E|frz-23 | zukIn 2 | setIn 176 | zukHp 54 | chosen 36,14 | walk - | weapon Rune Crossbow | untilShot 1 | target TzKal-Zuk[zuk] | gate - | overhead none | JalTok-Jad@24,25 TAGGED; TzKal-Zuk@22,8 TAGGED
t2627 | 36,14 | 34..38|E|frz-24 | zukIn 1 | setIn 175 | zukHp 54 | chosen 36,14 | walk - | weapon Rune Crossbow | untilShot 1 | target TzKal-Zuk[zuk] | gate - | overhead none | JalTok-Jad@24,25 TAGGED; TzKal-Zuk@22,8 TAGGED
t2628 | 36,14 | 35..39|E|frz-25 | zukIn 7 | setIn 174 | zukHp 54 | chosen 35,14 | walk ->35,14 | weapon Rune Crossbow | untilShot 1 | target -[-] | gate - | overhead none | JalTok-Jad@24,25 TAGGED; TzKal-Zuk@22,8 TAGGED
t2629 | 35,14 | 36..40|W|frz4 | zukIn 6 | setIn 173 | zukHp 54 | chosen 35,14 | walk - | weapon Rune Crossbow | untilShot 1 | target TzKal-Zuk[zuk] | gate ok | overhead none | JalTok-Jad@24,25 TAGGED; TzKal-Zuk@22,8 TAGGED
t2630 | 35,14 | 36..40|W|frz3 | zukIn 5 | setIn 172 | zukHp 54 | chosen 35,14 | walk - | weapon Rune Crossbow | untilShot 5 | target TzKal-Zuk[zuk] | gate ok | overhead Protect from Magic | JalTok-Jad@24,25 TAGGED; TzKal-Zuk@22,8 TAGGED
FIRED t2630 | 35,14 | Rune Crossbow | TzKal-Zuk
t2631 | 35,14 | 36..40|W|frz2 | zukIn 4 | setIn 171 | zukHp 54 | chosen 35,14 | walk - | weapon Rune Crossbow | untilShot 4 | target TzKal-Zuk[zuk] | gate ok | overhead none | JalTok-Jad@24,25 TAGGED; TzKal-Zuk@22,8 TAGGED
t2632 | 35,14 | 36..40|W|frz1 | zukIn 3 | setIn 170 | zukHp 54 | chosen 35,14 | walk - | weapon Rune Crossbow | untilShot 3 | target TzKal-Zuk[zuk] | gate ok | overhead none | JalTok-Jad@24,25 TAGGED; TzKal-Zuk@22,8 TAGGED
t2633 | 35,14 | 36..40|W|frz0 | zukIn 2 | setIn 169 | zukHp 54 | chosen 35,14 | walk - | weapon Rune Crossbow | untilShot 2 | target TzKal-Zuk[zuk] | gate ok | overhead none | JalTok-Jad@24,25 TAGGED; TzKal-Zuk@22,8 TAGGED
t2634 | 35,14 | 35..39|W|frz-1 | zukIn 1 | setIn 168 | zukHp 54 | chosen 35,14 | walk - | weapon Rune Crossbow | untilShot 1 | target TzKal-Zuk[zuk] | gate ok | overhead none | JalTok-Jad@24,25 TAGGED; TzKal-Zuk@22,8 TAGGED
t2635 | 35,14 | 34..38|W|frz-2 | zukIn 7 | setIn 167 | zukHp 54 | chosen 27,14 | walk ->27,14 | weapon Rune Crossbow | untilShot 5 | target -[-] | gate - | overhead none | JalTok-Jad@24,25 TAGGED; TzKal-Zuk@22,8 TAGGED
FIRED t2635 | 35,14 | Rune Crossbow | TzKal-Zuk
t2636 | 33,14 | 33..37|W|frz-3 | zukIn 6 | setIn 166 | zukHp 54 | chosen 27,14 | walk ->27,14 | weapon Rune Crossbow | untilShot 4 | target TzKal-Zuk[zuk] | gate - | overhead none | JalTok-Jad@24,25 TAGGED; TzKal-Zuk@22,8 TAGGED
t2637 | 31,14 | 32..36|W|frz-4 | zukIn 5 | setIn 165 | zukHp 54 | chosen 27,14 | walk ->27,14 | weapon Rune Crossbow | untilShot 3 | target TzKal-Zuk[zuk] | gate ok | overhead none | JalTok-Jad@24,25 TAGGED; TzKal-Zuk@22,8 TAGGED
t2638 | 29,14 | 31..35|W|frz-5 | zukIn 4 | setIn 164 | zukHp 54 | chosen 27,14 | walk ->27,14 | weapon Rune Crossbow | untilShot 2 | target TzKal-Zuk[zuk] | gate ok | overhead Protect from Range | JalTok-Jad@24,25 TAGGED; TzKal-Zuk@22,8 TAGGED
t2639 | 27,14 | 30..34|W|frz-6 | zukIn 3 | setIn 163 | zukHp 54 | chosen 27,14 | walk - | weapon Rune Crossbow | untilShot 1 | target TzKal-Zuk[zuk] | gate ok | overhead none | JalTok-Jad@24,25 TAGGED; TzKal-Zuk@22,8 TAGGED
t2640 | 27,14 | 29..33|W|frz-7 | zukIn 2 | setIn 162 | zukHp 54 | chosen 27,14 | walk - | weapon Rune Crossbow | untilShot 5 | target TzKal-Zuk[zuk] | gate ok | overhead none | JalTok-Jad@24,25 TAGGED; TzKal-Zuk@22,8 TAGGED
FIRED t2640 | 27,14 | Rune Crossbow | TzKal-Zuk
t2641 | 27,14 | 28..32|W|frz-8 | zukIn 1 | setIn 161 | zukHp 54 | chosen 27,14 | walk - | weapon Rune Crossbow | untilShot 4 | target TzKal-Zuk[zuk] | gate ok | overhead none | JalTok-Jad@24,25 TAGGED; TzKal-Zuk@22,8 TAGGED
t2642 | 27,14 | 27..31|W|frz-9 | zukIn 7 | setIn 160 | zukHp 54 | chosen 20,14 | walk ->20,14 | weapon Rune Crossbow | untilShot 3 | target -[-] | gate - | overhead none | JalTok-Jad@24,25 TAGGED; TzKal-Zuk@22,8 TAGGED
t2643 | 25,14 | 26..30|W|frz-10 | zukIn 6 | setIn 159 | zukHp 54 | chosen 20,14 | walk ->20,14 | weapon Rune Crossbow | untilShot 2 | target TzKal-Zuk[zuk] | gate ok | overhead none | JalTok-Jad@24,25 TAGGED; TzKal-Zuk@22,8 TAGGED
t2644 | 23,14 | 25..29|W|frz-11 | zukIn 5 | setIn 158 | zukHp 54 | chosen 20,14 | walk ->20,14 | weapon Rune Crossbow | untilShot 1 | target TzKal-Zuk[zuk] | gate ok | overhead none | JalTok-Jad@24,25 TAGGED; TzKal-Zuk@22,8 TAGGED
t2645 | 23,14 | 24..28|W|frz-12 | zukIn 4 | setIn 157 | zukHp 54 | chosen 20,14 | walk ->20,14 | weapon Rune Crossbow | untilShot 5 | target -[-] | gate - | overhead none | JalTok-Jad@24,25 TAGGED; TzKal-Zuk@22,8 TAGGED
FIRED t2645 | 23,14 | Rune Crossbow | TzKal-Zuk
t2646 | 21,14 | 23..27|W|frz-13 | zukIn 3 | setIn 156 | zukHp 54 | chosen 20,14 | walk ->20,14 | weapon Rune Crossbow | untilShot 4 | target TzKal-Zuk[zuk] | gate ok | overhead Protect from Magic | JalTok-Jad@24,25 TAGGED; TzKal-Zuk@22,8 TAGGED
t2647 | 20,14 | 22..26|W|frz-14 | zukIn 2 | setIn 155 | zukHp 54 | chosen 20,14 | walk - | weapon Rune Crossbow | untilShot 3 | target TzKal-Zuk[zuk] | gate ok | overhead none | JalTok-Jad@24,25 TAGGED; TzKal-Zuk@22,8 TAGGED
t2648 | 20,14 | 21..25|W|frz-15 | zukIn 1 | setIn 154 | zukHp 36 | chosen 20,14 | walk - | weapon Rune Crossbow | untilShot 2 | target TzKal-Zuk[zuk] | gate ok | overhead none | JalTok-Jad@24,25 TAGGED; TzKal-Zuk@22,8 TAGGED
t2649 | 20,14 | 20..24|W|frz-16 | zukIn 7 | setIn 153 | zukHp 36 | chosen 15,14 | walk ->15,14 | weapon Rune Crossbow | untilShot 1 | target -[-] | gate - | overhead none | JalTok-Jad@24,25 TAGGED; TzKal-Zuk@22,8 TAGGED
t2650 | 18,14 | 19..23|W|frz-17 | zukIn 6 | setIn 152 | zukHp 36 | chosen 15,14 | walk ->15,14 | weapon Rune Crossbow | untilShot 1 | target TzKal-Zuk[zuk] | gate - | overhead none | JalTok-Jad@24,25 TAGGED; TzKal-Zuk@22,8 TAGGED
t2651 | 16,14 | 18..22|W|frz-18 | zukIn 5 | setIn 151 | zukHp 36 | chosen 15,14 | walk ->15,14 | weapon Rune Crossbow | untilShot 1 | target TzKal-Zuk[zuk] | gate - | overhead none | JalTok-Jad@24,25 TAGGED; TzKal-Zuk@22,8 TAGGED
t2652 | 15,14 | 17..21|W|frz-19 | zukIn 4 | setIn 150 | zukHp 36 | chosen 15,14 | walk - | weapon Rune Crossbow | untilShot 1 | target TzKal-Zuk[zuk] | gate ok | overhead none | JalTok-Jad@24,25 TAGGED; TzKal-Zuk@22,8 TAGGED
t2653 | 15,14 | 16..20|W|frz-20 | zukIn 3 | setIn 149 | zukHp 36 | chosen 15,14 | walk - | weapon Rune Crossbow | untilShot 5 | target TzKal-Zuk[zuk] | gate ok | overhead none | JalTok-Jad@24,25 TAGGED; TzKal-Zuk@22,8 TAGGED
FIRED t2653 | 15,14 | Rune Crossbow | TzKal-Zuk
t2654 | 15,14 | 15..19|W|frz-21 | zukIn 2 | setIn 148 | zukHp 36 | chosen 15,14 | walk - | weapon Rune Crossbow | untilShot 4 | target TzKal-Zuk[zuk] | gate ok | overhead Protect from Range | JalTok-Jad@24,25 TAGGED; TzKal-Zuk@22,8 TAGGED
t2655 | 15,14 | 14..18|W|frz-22 | zukIn 1 | setIn 147 | zukHp 36 | chosen 15,14 | walk - | weapon Rune Crossbow | untilShot 3 | target TzKal-Zuk[zuk] | gate ok | overhead none | JalTok-Jad@24,25 TAGGED; TzKal-Zuk@22,8 TAGGED
t2656 | 15,14 | 13..17|W|frz-23 | zukIn 7 | setIn 146 | zukHp 36 | chosen 14,14 | walk ->14,14 | weapon Rune Crossbow | untilShot 2 | target -[-] | gate - | overhead none | JalTok-Jad@24,25 TAGGED; TzKal-Zuk@22,8 TAGGED
t2657 | 14,14 | 12..16|W|frz-24 | zukIn 6 | setIn 145 | zukHp 36 | chosen 15,14 | walk ->15,14 | weapon Rune Crossbow | untilShot 1 | target -[-] | gate - | overhead none | JalTok-Jad@24,25 TAGGED; TzKal-Zuk@22,8 TAGGED
t2658 | 15,14 | 11..15|W|frz-25 | zukIn 5 | setIn 144 | zukHp 36 | chosen 15,14 | walk - | weapon Rune Crossbow | untilShot 1 | target TzKal-Zuk[zuk] | gate ok | overhead none | JalTok-Jad@24,25 TAGGED; TzKal-Zuk@22,8 TAGGED
t2659 | 15,14 | 10..14|E|frz4 | zukIn 4 | setIn 143 | zukHp 36 | chosen 14,14 | walk ->14,14 | weapon Rune Crossbow | untilShot 5 | target -[-] | gate - | overhead none | JalTok-Jad@24,25 TAGGED; TzKal-Zuk@22,8 TAGGED
FIRED t2659 | 15,14 | Rune Crossbow | TzKal-Zuk
t2660 | 14,14 | 10..14|E|frz3 | zukIn 3 | setIn 142 | zukHp 36 | chosen 14,14 | walk - | weapon Rune Crossbow | untilShot 4 | target TzKal-Zuk[zuk] | gate - | overhead none | JalTok-Jad@24,25 TAGGED; TzKal-Zuk@22,8 TAGGED
t2661 | 14,14 | 10..14|E|frz2 | zukIn 2 | setIn 141 | zukHp 36 | chosen 14,14 | walk - | weapon Rune Crossbow | untilShot 3 | target TzKal-Zuk[zuk] | gate - | overhead none | JalTok-Jad@24,25 TAGGED; TzKal-Zuk@22,8 TAGGED
t2662 | 14,14 | 10..14|E|frz1 | zukIn 1 | setIn 140 | zukHp 36 | chosen 14,14 | walk - | weapon Rune Crossbow | untilShot 2 | target TzKal-Zuk[zuk] | gate - | overhead Protect from Magic | JalTok-Jad@24,25 TAGGED; TzKal-Zuk@22,8 TAGGED
t2663 | 14,14 | 10..14|E|frz0 | zukIn 7 | setIn 139 | zukHp 36 | chosen 21,14 | walk ->21,14 | weapon Rune Crossbow | untilShot 1 | target -[-] | gate - | overhead none | JalTok-Jad@24,25 TAGGED; TzKal-Zuk@22,8 TAGGED
t2664 | 16,14 | 11..15|E|frz-1 | zukIn 6 | setIn 138 | zukHp 36 | chosen 21,14 | walk ->21,14 | weapon Rune Crossbow | untilShot 1 | target TzKal-Zuk[zuk] | gate - | overhead none | JalTok-Jad@24,25 TAGGED; TzKal-Zuk@22,8 TAGGED
t2665 | 18,14 | 12..16|E|frz-2 | zukIn 5 | setIn 137 | zukHp 36 | chosen 21,14 | walk ->21,14 | weapon Rune Crossbow | untilShot 1 | target TzKal-Zuk[zuk] | gate - | overhead none | JalTok-Jad@24,25 TAGGED; TzKal-Zuk@22,8 TAGGED
t2666 | 20,14 | 13..17|E|frz-3 | zukIn 4 | setIn 136 | zukHp 36 | chosen 21,14 | walk ->21,14 | weapon Rune Crossbow | untilShot 1 | target TzKal-Zuk[zuk] | gate ok | overhead none | JalTok-Jad@24,25 TAGGED; TzKal-Zuk@22,8 TAGGED
t2667 | 20,14 | 14..18|E|frz-4 | zukIn 3 | setIn 135 | zukHp 36 | chosen 21,14 | walk ->21,14 | weapon Rune Crossbow | untilShot 5 | target -[-] | gate - | overhead none | JalTok-Jad@24,25 TAGGED; TzKal-Zuk@22,8 TAGGED
FIRED t2667 | 20,14 | Rune Crossbow | TzKal-Zuk
t2668 | 21,14 | 15..19|E|frz-5 | zukIn 2 | setIn 134 | zukHp 36 | chosen 21,14 | walk - | weapon Rune Crossbow | untilShot 4 | target TzKal-Zuk[zuk] | gate ok | overhead none | JalTok-Jad@24,25 TAGGED; TzKal-Zuk@22,8 TAGGED
t2669 | 21,14 | 16..20|E|frz-6 | zukIn 1 | setIn 133 | zukHp 36 | chosen 21,14 | walk - | weapon Rune Crossbow | untilShot 3 | target TzKal-Zuk[zuk] | gate ok | overhead none | JalTok-Jad@24,25 TAGGED; TzKal-Zuk@22,8 TAGGED
t2670 | 21,14 | 17..21|E|frz-7 | zukIn 7 | setIn 132 | zukHp 21 | chosen 28,14 | walk ->28,14 | weapon Rune Crossbow | untilShot 2 | target -[-] | gate - | overhead Protect from Magic | JalTok-Jad@24,25 TAGGED; TzKal-Zuk@22,8 TAGGED
t2671 | 23,14 | 18..22|E|frz-8 | zukIn 6 | setIn 131 | zukHp 21 | chosen 28,14 | walk ->28,14 | weapon Rune Crossbow | untilShot 1 | target TzKal-Zuk[zuk] | gate ok | overhead none | JalTok-Jad@24,25 TAGGED; TzKal-Zuk@22,8 TAGGED
t2672 | 23,14 | 19..23|E|frz-9 | zukIn 5 | setIn 130 | zukHp 21 | chosen 28,14 | walk ->28,14 | weapon Rune Crossbow | untilShot 5 | target -[-] | gate - | overhead none | JalTok-Jad@24,25 TAGGED; TzKal-Zuk@22,8 TAGGED
FIRED t2672 | 23,14 | Rune Crossbow | TzKal-Zuk
t2673 | 25,14 | 20..24|E|frz-10 | zukIn 4 | setIn 129 | zukHp 21 | chosen 28,14 | walk ->28,14 | weapon Rune Crossbow | untilShot 4 | target TzKal-Zuk[zuk] | gate ok | overhead none | JalTok-Jad@24,25 TAGGED; TzKal-Zuk@22,8 TAGGED
t2674 | 27,14 | 21..25|E|frz-11 | zukIn 3 | setIn 128 | zukHp 21 | chosen 28,14 | walk ->28,14 | weapon Rune Crossbow | untilShot 3 | target TzKal-Zuk[zuk] | gate ok | overhead none | JalTok-Jad@24,25 TAGGED; TzKal-Zuk@22,8 TAGGED
t2675 | 28,14 | 22..26|E|frz-12 | zukIn 2 | setIn 127 | zukHp 17 | chosen 28,14 | walk - | weapon Rune Crossbow | untilShot 2 | target TzKal-Zuk[zuk] | gate ok | overhead none | JalTok-Jad@24,25 TAGGED; TzKal-Zuk@22,8 TAGGED
t2676 | 28,14 | 23..27|E|frz-13 | zukIn 1 | setIn 126 | zukHp 17 | chosen 28,14 | walk - | weapon Rune Crossbow | untilShot 1 | target TzKal-Zuk[zuk] | gate ok | overhead none | JalTok-Jad@24,25 TAGGED; TzKal-Zuk@22,8 TAGGED
t2677 | 28,14 | 24..28|E|frz-14 | zukIn 7 | setIn 125 | zukHp 17 | chosen 35,14 | walk ->35,14 | weapon Rune Crossbow | untilShot 5 | target -[-] | gate - | overhead none | JalTok-Jad@24,25 TAGGED; TzKal-Zuk@22,8 TAGGED
FIRED t2677 | 28,14 | Rune Crossbow | TzKal-Zuk
t2678 | 30,14 | 25..29|E|frz-15 | zukIn 6 | setIn 124 | zukHp 17 | chosen 35,14 | walk ->35,14 | weapon Rune Crossbow | untilShot 4 | target TzKal-Zuk[zuk] | gate ok | overhead Protect from Magic | JalTok-Jad@24,25 TAGGED; TzKal-Zuk@22,8 TAGGED
t2679 | 32,14 | 26..30|E|frz-16 | zukIn 5 | setIn 123 | zukHp 17 | chosen 35,14 | walk ->35,14 | weapon Rune Crossbow | untilShot 3 | target TzKal-Zuk[zuk] | gate - | overhead none | JalTok-Jad@24,25 TAGGED; TzKal-Zuk@22,8 TAGGED
t2680 | 34,14 | 27..31|E|frz-17 | zukIn 4 | setIn 122 | zukHp 17 | chosen 35,14 | walk ->35,14 | weapon Rune Crossbow | untilShot 2 | target TzKal-Zuk[zuk] | gate - | overhead none | JalTok-Jad@24,25 TAGGED; TzKal-Zuk@22,8 TAGGED
t2681 | 35,14 | 28..32|E|frz-18 | zukIn 3 | setIn 121 | zukHp 17 | chosen 35,14 | walk - | weapon Rune Crossbow | untilShot 1 | target TzKal-Zuk[zuk] | gate ok | overhead none | JalTok-Jad@24,25 TAGGED; TzKal-Zuk@22,8 TAGGED
t2682 | 35,14 | 29..33|E|frz-19 | zukIn 2 | setIn 120 | zukHp 17 | chosen 35,14 | walk - | weapon Rune Crossbow | untilShot 5 | target TzKal-Zuk[zuk] | gate ok | overhead none | JalTok-Jad@24,25 TAGGED; TzKal-Zuk@22,8 TAGGED
FIRED t2682 | 35,14 | Rune Crossbow | TzKal-Zuk
t2683 | 35,14 | 30..34|E|frz-20 | zukIn 1 | setIn 119 | zukHp 17 | chosen 35,14 | walk - | weapon Rune Crossbow | untilShot 4 | target TzKal-Zuk[zuk] | gate ok | overhead none | JalTok-Jad@24,25 TAGGED; TzKal-Zuk@22,8 TAGGED
t2684 | 35,14 | 31..35|E|frz-21 | zukIn 7 | setIn 118 | zukHp 17 | chosen 36,14 | walk ->36,14 | weapon Rune Crossbow | untilShot 3 | target -[-] | gate - | overhead none | JalTok-Jad@24,25 TAGGED; TzKal-Zuk@22,8 TAGGED
t2685 | 36,14 | 32..36|E|frz-22 | zukIn 6 | setIn 117 | zukHp 11 | chosen 35,14 | walk ->35,14 | weapon Rune Crossbow | untilShot 2 | target -[-] | gate - | overhead none | JalTok-Jad@24,25 TAGGED; TzKal-Zuk@22,8 TAGGED
t2686 | 35,14 | 33..37|E|frz-23 | zukIn 5 | setIn 116 | zukHp 11 | chosen 35,14 | walk - | weapon Rune Crossbow | untilShot 1 | target TzKal-Zuk[zuk] | gate ok | overhead Protect from Range | JalTok-Jad@24,25 TAGGED; TzKal-Zuk@22,8 TAGGED
t2687 | 35,14 | 34..38|E|frz-24 | zukIn 4 | setIn 115 | zukHp 11 | chosen 36,14 | walk ->36,14 | weapon Rune Crossbow | untilShot 5 | target -[-] | gate - | overhead none | JalTok-Jad@24,25 TAGGED; TzKal-Zuk@22,8 TAGGED
FIRED t2687 | 35,14 | Rune Crossbow | TzKal-Zuk
t2688 | 36,14 | 35..39|E|frz-25 | zukIn 3 | setIn 114 | zukHp 11 | chosen 36,14 | walk - | weapon Rune Crossbow | untilShot 4 | target TzKal-Zuk[zuk] | gate - | overhead none | JalTok-Jad@24,25 TAGGED; TzKal-Zuk@22,8 TAGGED
t2689 | 36,14 | 36..40|W|frz4 | zukIn 2 | setIn 113 | zukHp 11 | chosen 36,14 | walk - | weapon Rune Crossbow | untilShot 3 | target TzKal-Zuk[zuk] | gate - | overhead none | JalTok-Jad@24,25 TAGGED; TzKal-Zuk@22,8 TAGGED
t2690 | 36,14 | 36..40|W|frz3 | zukIn 1 | setIn 112 | zukHp 11 | chosen 36,14 | walk - | weapon Rune Crossbow | untilShot 2 | target TzKal-Zuk[zuk] | gate - | overhead none | JalTok-Jad@24,25 TAGGED; TzKal-Zuk@22,8 TAGGED
t2691 | 36,14 | 36..40|W|frz2 | zukIn 7 | setIn 111 | zukHp 11 | chosen 31,14 | walk ->31,14 | weapon Rune Crossbow | untilShot 1 | target -[-] | gate - | overhead none | JalTok-Jad@24,25 TAGGED; TzKal-Zuk@22,8 TAGGED
t2692 | 34,14 | 36..40|W|frz1 | zukIn 6 | setIn 110 | zukHp 11 | chosen 31,14 | walk ->31,14 | weapon Rune Crossbow | untilShot 1 | target TzKal-Zuk[zuk] | gate - | overhead none | JalTok-Jad@24,25 TAGGED; TzKal-Zuk@22,8 TAGGED
t2693 | 32,14 | 36..40|W|frz0 | zukIn 5 | setIn 109 | zukHp 11 | chosen 31,14 | walk ->31,14 | weapon Rune Crossbow | untilShot 1 | target TzKal-Zuk[zuk] | gate - | overhead none | JalTok-Jad@24,25 TAGGED; TzKal-Zuk@22,8 TAGGED
t2694 | 31,14 | 35..39|W|frz-1 | zukIn 4 | setIn 108 | zukHp 11 | chosen 31,14 | walk - | weapon Rune Crossbow | untilShot 1 | target TzKal-Zuk[zuk] | gate ok | overhead Protect from Range | JalTok-Jad@24,25 TAGGED; TzKal-Zuk@22,8 TAGGED
t2695 | 31,14 | 34..38|W|frz-2 | zukIn 3 | setIn 107 | zukHp 11 | chosen 31,14 | walk - | weapon Rune Crossbow | untilShot 5 | target TzKal-Zuk[zuk] | gate ok | overhead none | JalTok-Jad@24,25 TAGGED; TzKal-Zuk@22,8 TAGGED
FIRED t2695 | 31,14 | Rune Crossbow | TzKal-Zuk
t2696 | 31,14 | 33..37|W|frz-3 | zukIn 2 | setIn 106 | zukHp 11 | chosen 31,14 | walk - | weapon Rune Crossbow | untilShot 4 | target TzKal-Zuk[zuk] | gate ok | overhead none | JalTok-Jad@24,25 TAGGED; TzKal-Zuk@22,8 TAGGED
t2697 | 31,14 | 32..36|W|frz-4 | zukIn 1 | setIn 105 | zukHp 11 | chosen 31,14 | walk - | weapon Rune Crossbow | untilShot 3 | target TzKal-Zuk[zuk] | gate ok | overhead none | JalTok-Jad@24,25 TAGGED; TzKal-Zuk@22,8 TAGGED
t2698 | 31,14 | 31..35|W|frz-5 | zukIn 7 | setIn 104 | zukHp 11 | chosen 24,14 | walk ->24,14 | weapon Rune Crossbow | untilShot 2 | target -[-] | gate - | overhead none | JalTok-Jad@24,25 TAGGED; TzKal-Zuk@22,8 TAGGED
t2699 | 29,14 | 30..34|W|frz-6 | zukIn 6 | setIn 103 | zukHp 11 | chosen 24,14 | walk ->24,14 | weapon Rune Crossbow | untilShot 1 | target TzKal-Zuk[zuk] | gate ok | overhead none | JalTok-Jad@24,25 TAGGED; TzKal-Zuk@22,8 TAGGED
t2700 | 29,14 | 29..33|W|frz-7 | zukIn 5 | setIn 102 | zukHp 11 | chosen 24,14 | walk ->24,14 | weapon Rune Crossbow | untilShot 5 | target -[-] | gate - | overhead none | JalTok-Jad@24,25 TAGGED; TzKal-Zuk@22,8 TAGGED
FIRED t2700 | 29,14 | Rune Crossbow | TzKal-Zuk
t2701 | 27,14 | 28..32|W|frz-8 | zukIn 4 | setIn 101 | zukHp 11 | chosen 24,14 | walk ->24,14 | weapon Rune Crossbow | untilShot 4 | target TzKal-Zuk[zuk] | gate ok | overhead none | JalTok-Jad@24,25 TAGGED; TzKal-Zuk@22,8 TAGGED
t2702 | 25,14 | 27..31|W|frz-9 | zukIn 3 | setIn 100 | zukHp 11 | chosen 24,14 | walk ->24,14 | weapon Rune Crossbow | untilShot 3 | target TzKal-Zuk[zuk] | gate ok | overhead Protect from Range | JalTok-Jad@24,25 TAGGED; TzKal-Zuk@22,8 TAGGED
t2703 | 24,14 | 26..30|W|frz-10 | zukIn 2 | setIn 99 | zukHp 11 | chosen 24,14 | walk - | weapon Rune Crossbow | untilShot 2 | target TzKal-Zuk[zuk] | gate ok | overhead none | JalTok-Jad@24,25 TAGGED; TzKal-Zuk@22,8 TAGGED
t2704 | 24,14 | 25..29|W|frz-11 | zukIn 1 | setIn 98 | zukHp 11 | chosen 24,14 | walk - | weapon Rune Crossbow | untilShot 1 | target TzKal-Zuk[zuk] | gate ok | overhead none | JalTok-Jad@24,25 TAGGED; TzKal-Zuk@22,8 TAGGED
t2705 | 24,14 | 24..28|W|frz-12 | zukIn 7 | setIn 97 | zukHp 11 | chosen 19,14 | walk ->19,14 | weapon Rune Crossbow | untilShot 5 | target -[-] | gate - | overhead none | JalTok-Jad@24,25 TAGGED; TzKal-Zuk@22,8 TAGGED
FIRED t2705 | 24,14 | Rune Crossbow | TzKal-Zuk
t2706 | 22,14 | 23..27|W|frz-13 | zukIn 6 | setIn 96 | zukHp 11 | chosen 19,14 | walk ->19,14 | weapon Rune Crossbow | untilShot 4 | target TzKal-Zuk[zuk] | gate ok | overhead none | JalTok-Jad@24,25 TAGGED; TzKal-Zuk@22,8 TAGGED
t2707 | 20,14 | 22..26|W|frz-14 | zukIn 5 | setIn 95 | zukHp 11 | chosen 19,14 | walk ->19,14 | weapon Rune Crossbow | untilShot 3 | target TzKal-Zuk[zuk] | gate ok | overhead none | JalTok-Jad@24,25 TAGGED; TzKal-Zuk@22,8 TAGGED
t2708 | 19,14 | gone | zukIn - | setIn - | zukHp - | chosen - | walk - | weapon Rune Crossbow | untilShot 2 | target -[zuk] | gate - | overhead none | no mobs
