t1 | 25,15 | 23..27|E|frz1 | zukIn - | setIn - | zukHp 1200 | chosen - | walk - | weapon Rune Crossbow | untilShot 1 | target -[-] | gate - | overhead none | TzKal-Zuk@22,8 TAGGED
t2 | 25,15 | 23..27|E|frz1 | zukIn - | setIn - | zukHp 1200 | chosen - | walk - | weapon Rune Crossbow | untilShot 1 | target -[-] | gate - | overhead none | TzKal-Zuk@22,8 TAGGED
t3 | 25,15 | 23..27|E|frz1 | zukIn - | setIn - | zukHp 1200 | chosen - | walk - | weapon Rune Crossbow | untilShot 1 | target -[-] | gate - | overhead none | TzKal-Zuk@22,8 TAGGED
t4 | 25,15 | 23..27|E|frz1 | zukIn - | setIn - | zukHp 1200 | chosen - | walk - | weapon Rune Crossbow | untilShot 1 | target -[-] | gate - | overhead none | TzKal-Zuk@22,8 TAGGED
t5 | 25,15 | 23..27|E|frz1 | zukIn - | setIn - | zukHp 1200 | chosen - | walk - | weapon Rune Crossbow | untilShot 1 | target -[-] | gate - | overhead none | TzKal-Zuk@22,8 TAGGED
t6 | 25,15 | 23..27|E|frz0 | zukIn - | setIn 71 | zukHp 1200 | chosen 27,14 | walk ->27,14 | weapon Rune Crossbow | untilShot 1 | target -[-] | gate - | overhead none | TzKal-Zuk@22,8 TAGGED
t7 | 27,14 | 24..28|E|frz-1 | zukIn - | setIn 70 | zukHp 1200 | chosen 28,14 | walk ->28,14 | weapon Rune Crossbow | untilShot 1 | target -[-] | gate - | overhead none | TzKal-Zuk@22,8 TAGGED
t8 | 28,14 | 25..29|E|frz-2 | zukIn - | setIn 69 | zukHp 1200 | chosen 29,14 | walk ->29,14 | weapon Rune Crossbow | untilShot 1 | target -[-] | gate - | overhead none | TzKal-Zuk@22,8 TAGGED
t9 | 29,14 | 26..30|E|frz-3 | zukIn - | setIn 68 | zukHp 1200 | chosen 30,14 | walk ->30,14 | weapon Rune Crossbow | untilShot 1 | target -[-] | gate - | overhead none | TzKal-Zuk@22,8 TAGGED
t10 | 30,14 | 27..31|E|frz-4 | zukIn - | setIn 67 | zukHp 1200 | chosen 31,14 | walk ->31,14 | weapon Rune Crossbow | untilShot 1 | target -[-] | gate - | overhead none | TzKal-Zuk@22,8 TAGGED
t11 | 31,14 | 28..32|E|frz-5 | zukIn - | setIn 66 | zukHp 1200 | chosen 31,14 | walk - | weapon Rune Crossbow | untilShot 1 | target TzKal-Zuk[zuk] | gate ok | overhead none | TzKal-Zuk@22,8 TAGGED
t12 | 31,14 | 29..33|E|frz-6 | zukIn - | setIn 65 | zukHp 1200 | chosen 33,14 | walk ->33,14 | weapon Rune Crossbow | untilShot 5 | target -[-] | gate - | overhead none | TzKal-Zuk@22,8 TAGGED
FIRED t12 | 31,14 | Rune Crossbow | TzKal-Zuk
t13 | 33,14 | 30..34|E|frz-7 | zukIn - | setIn 64 | zukHp 1200 | chosen 34,14 | walk ->34,14 | weapon Rune Crossbow | untilShot 4 | target -[-] | gate - | overhead none | TzKal-Zuk@22,8 TAGGED
t14 | 34,14 | 31..35|E|frz-8 | zukIn - | setIn 63 | zukHp 1200 | chosen 35,14 | walk ->35,14 | weapon Rune Crossbow | untilShot 3 | target -[-] | gate - | overhead none | TzKal-Zuk@22,8 TAGGED
t15 | 35,14 | 32..36|E|frz-9 | zukIn - | setIn 62 | zukHp 1183 | chosen 35,14 | walk - | weapon Rune Crossbow | untilShot 2 | target TzKal-Zuk[zuk] | gate ok | overhead none | TzKal-Zuk@22,8 TAGGED
t16 | 35,14 | 33..37|E|frz-10 | zukIn - | setIn 61 | zukHp 1183 | chosen 36,14 | walk ->36,14 | weapon Rune Crossbow | untilShot 1 | target -[-] | gate - | overhead none | TzKal-Zuk@22,8 TAGGED
t17 | 36,14 | 34..38|E|frz-11 | zukIn - | setIn 60 | zukHp 1183 | chosen 36,14 | walk - | weapon Rune Crossbow | untilShot 1 | target TzKal-Zuk[zuk] | gate - | overhead none | TzKal-Zuk@22,8 TAGGED
t18 | 36,14 | 35..39|E|frz-12 | zukIn - | setIn 59 | zukHp 1183 | chosen 36,14 | walk - | weapon Rune Crossbow | untilShot 1 | target TzKal-Zuk[zuk] | gate - | overhead none | TzKal-Zuk@22,8 TAGGED
t19 | 36,14 | 36..40|W|frz4 | zukIn 10 | setIn 58 | zukHp 1183 | chosen 30,14 | walk ->30,14 | weapon Rune Crossbow | untilShot 1 | target -[-] | gate - | overhead none | TzKal-Zuk@22,8 TAGGED
t20 | 34,14 | 36..40|W|frz3 | zukIn 9 | setIn 57 | zukHp 1183 | chosen 30,14 | walk ->30,14 | weapon Rune Crossbow | untilShot 1 | target TzKal-Zuk[zuk] | gate - | overhead none | TzKal-Zuk@22,8 TAGGED
t21 | 32,14 | 36..40|W|frz2 | zukIn 8 | setIn 56 | zukHp 1183 | chosen 30,14 | walk ->30,14 | weapon Rune Crossbow | untilShot 1 | target TzKal-Zuk[zuk] | gate - | overhead none | TzKal-Zuk@22,8 TAGGED
t22 | 30,14 | 36..40|W|frz1 | zukIn 7 | setIn 55 | zukHp 1183 | chosen 30,14 | walk - | weapon Rune Crossbow | untilShot 1 | target TzKal-Zuk[zuk] | gate ok | overhead none | TzKal-Zuk@22,8 TAGGED
t23 | 30,14 | 36..40|W|frz0 | zukIn 6 | setIn 54 | zukHp 1183 | chosen 30,14 | walk - | weapon Rune Crossbow | untilShot 5 | target TzKal-Zuk[zuk] | gate ok | overhead none | TzKal-Zuk@22,8 TAGGED
FIRED t23 | 30,14 | Rune Crossbow | TzKal-Zuk
t24 | 30,14 | 35..39|W|frz-1 | zukIn 5 | setIn 53 | zukHp 1183 | chosen 30,14 | walk - | weapon Rune Crossbow | untilShot 4 | target TzKal-Zuk[zuk] | gate ok | overhead none | TzKal-Zuk@22,8 TAGGED
t25 | 30,14 | 34..38|W|frz-2 | zukIn 4 | setIn 52 | zukHp 1183 | chosen 30,14 | walk - | weapon Rune Crossbow | untilShot 3 | target TzKal-Zuk[zuk] | gate ok | overhead none | TzKal-Zuk@22,8 TAGGED
t26 | 30,14 | 33..37|W|frz-3 | zukIn 3 | setIn 51 | zukHp 1183 | chosen 30,14 | walk - | weapon Rune Crossbow | untilShot 2 | target TzKal-Zuk[zuk] | gate ok | overhead none | TzKal-Zuk@22,8 TAGGED
t27 | 30,14 | 32..36|W|frz-4 | zukIn 2 | setIn 50 | zukHp 1183 | chosen 30,14 | walk - | weapon Rune Crossbow | untilShot 1 | target TzKal-Zuk[zuk] | gate ok | overhead none | TzKal-Zuk@22,8 TAGGED
t28 | 30,14 | 31..35|W|frz-5 | zukIn 1 | setIn 49 | zukHp 1183 | chosen 30,14 | walk - | weapon Rune Crossbow | untilShot 5 | target TzKal-Zuk[zuk] | gate ok | overhead none | TzKal-Zuk@22,8 TAGGED
FIRED t28 | 30,14 | Rune Crossbow | TzKal-Zuk
t29 | 30,14 | 30..34|W|frz-6 | zukIn 10 | setIn 48 | zukHp 1183 | chosen 20,14 | walk ->20,14 | weapon Rune Crossbow | untilShot 4 | target -[-] | gate - | overhead none | TzKal-Zuk@22,8 TAGGED
t30 | 28,14 | 29..33|W|frz-7 | zukIn 9 | setIn 47 | zukHp 1183 | chosen 20,14 | walk ->20,14 | weapon Rune Crossbow | untilShot 3 | target TzKal-Zuk[zuk] | gate ok | overhead none | TzKal-Zuk@22,8 TAGGED
t31 | 26,14 | 28..32|W|frz-8 | zukIn 8 | setIn 46 | zukHp 1183 | chosen 20,14 | walk ->20,14 | weapon Rune Crossbow | untilShot 2 | target TzKal-Zuk[zuk] | gate ok | overhead none | TzKal-Zuk@22,8 TAGGED
t32 | 24,14 | 27..31|W|frz-9 | zukIn 7 | setIn 45 | zukHp 1183 | chosen 20,14 | walk ->20,14 | weapon Rune Crossbow | untilShot 1 | target TzKal-Zuk[zuk] | gate ok | overhead none | TzKal-Zuk@22,8 TAGGED
t33 | 24,14 | 26..30|W|frz-10 | zukIn 6 | setIn 44 | zukHp 1183 | chosen 20,14 | walk ->20,14 | weapon Rune Crossbow | untilShot 5 | target -[-] | gate - | overhead none | TzKal-Zuk@22,8 TAGGED
FIRED t33 | 24,14 | Rune Crossbow | TzKal-Zuk
t34 | 22,14 | 25..29|W|frz-11 | zukIn 5 | setIn 43 | zukHp 1183 | chosen 20,14 | walk ->20,14 | weapon Rune Crossbow | untilShot 4 | target TzKal-Zuk[zuk] | gate ok | overhead none | TzKal-Zuk@22,8 TAGGED
t35 | 20,14 | 24..28|W|frz-12 | zukIn 4 | setIn 42 | zukHp 1183 | chosen 20,14 | walk - | weapon Rune Crossbow | untilShot 3 | target TzKal-Zuk[zuk] | gate ok | overhead none | TzKal-Zuk@22,8 TAGGED
t36 | 20,14 | 23..27|W|frz-13 | zukIn 3 | setIn 41 | zukHp 1170 | chosen 20,14 | walk - | weapon Rune Crossbow | untilShot 2 | target TzKal-Zuk[zuk] | gate ok | overhead none | TzKal-Zuk@22,8 TAGGED
t37 | 20,14 | 22..26|W|frz-14 | zukIn 2 | setIn 40 | zukHp 1170 | chosen 20,14 | walk - | weapon Rune Crossbow | untilShot 1 | target TzKal-Zuk[zuk] | gate ok | overhead none | TzKal-Zuk@22,8 TAGGED
t38 | 20,14 | 21..25|W|frz-15 | zukIn 1 | setIn 39 | zukHp 1170 | chosen 20,14 | walk - | weapon Rune Crossbow | untilShot 5 | target TzKal-Zuk[zuk] | gate ok | overhead none | TzKal-Zuk@22,8 TAGGED
FIRED t38 | 20,14 | Rune Crossbow | TzKal-Zuk
t39 | 20,14 | 20..24|W|frz-16 | zukIn 10 | setIn 38 | zukHp 1170 | chosen 15,14 | walk ->15,14 | weapon Rune Crossbow | untilShot 4 | target -[-] | gate - | overhead none | TzKal-Zuk@22,8 TAGGED
t40 | 18,14 | 19..23|W|frz-17 | zukIn 9 | setIn 37 | zukHp 1170 | chosen 15,14 | walk ->15,14 | weapon Rune Crossbow | untilShot 3 | target TzKal-Zuk[zuk] | gate - | overhead none | TzKal-Zuk@22,8 TAGGED
t41 | 16,14 | 18..22|W|frz-18 | zukIn 8 | setIn 36 | zukHp 1154 | chosen 15,14 | walk ->15,14 | weapon Rune Crossbow | untilShot 2 | target TzKal-Zuk[zuk] | gate - | overhead none | TzKal-Zuk@22,8 TAGGED
t42 | 15,14 | 17..21|W|frz-19 | zukIn 7 | setIn 35 | zukHp 1154 | chosen 15,14 | walk - | weapon Rune Crossbow | untilShot 1 | target TzKal-Zuk[zuk] | gate ok | overhead none | TzKal-Zuk@22,8 TAGGED
t43 | 15,14 | 16..20|W|frz-20 | zukIn 6 | setIn 34 | zukHp 1154 | chosen 14,14 | walk ->14,14 | weapon Rune Crossbow | untilShot 5 | target -[-] | gate - | overhead none | TzKal-Zuk@22,8 TAGGED
FIRED t43 | 15,14 | Rune Crossbow | TzKal-Zuk
t44 | 14,14 | 15..19|W|frz-21 | zukIn 5 | setIn 33 | zukHp 1154 | chosen 14,14 | walk - | weapon Rune Crossbow | untilShot 4 | target TzKal-Zuk[zuk] | gate - | overhead none | TzKal-Zuk@22,8 TAGGED
t45 | 14,14 | 14..18|W|frz-22 | zukIn 4 | setIn 32 | zukHp 1154 | chosen 14,14 | walk - | weapon Rune Crossbow | untilShot 3 | target TzKal-Zuk[zuk] | gate - | overhead none | TzKal-Zuk@22,8 TAGGED
t46 | 14,14 | 13..17|W|frz-23 | zukIn 3 | setIn 31 | zukHp 1148 | chosen 14,14 | walk - | weapon Rune Crossbow | untilShot 2 | target TzKal-Zuk[zuk] | gate - | overhead none | TzKal-Zuk@22,8 TAGGED
t47 | 14,14 | 12..16|W|frz-24 | zukIn 2 | setIn 30 | zukHp 1148 | chosen 14,14 | walk - | weapon Rune Crossbow | untilShot 1 | target TzKal-Zuk[zuk] | gate - | overhead none | TzKal-Zuk@22,8 TAGGED
t48 | 14,14 | 11..15|W|frz-25 | zukIn 1 | setIn 29 | zukHp 1148 | chosen 14,14 | walk - | weapon Rune Crossbow | untilShot 1 | target TzKal-Zuk[zuk] | gate - | overhead none | TzKal-Zuk@22,8 TAGGED
t49 | 14,14 | 10..14|E|frz4 | zukIn 10 | setIn 28 | zukHp 1148 | chosen 20,14 | walk ->20,14 | weapon Rune Crossbow | untilShot 1 | target -[-] | gate - | overhead none | TzKal-Zuk@22,8 TAGGED
t50 | 16,14 | 10..14|E|frz3 | zukIn 9 | setIn 27 | zukHp 1148 | chosen 20,14 | walk ->20,14 | weapon Rune Crossbow | untilShot 1 | target TzKal-Zuk[zuk] | gate - | overhead none | TzKal-Zuk@22,8 TAGGED
t51 | 18,14 | 10..14|E|frz2 | zukIn 8 | setIn 26 | zukHp 1148 | chosen 20,14 | walk ->20,14 | weapon Rune Crossbow | untilShot 1 | target TzKal-Zuk[zuk] | gate - | overhead none | TzKal-Zuk@22,8 TAGGED
t52 | 20,14 | 10..14|E|frz1 | zukIn 7 | setIn 25 | zukHp 1148 | chosen 20,14 | walk - | weapon Rune Crossbow | untilShot 1 | target TzKal-Zuk[zuk] | gate ok | overhead none | TzKal-Zuk@22,8 TAGGED
t53 | 20,14 | 10..14|E|frz0 | zukIn 6 | setIn 24 | zukHp 1148 | chosen 20,14 | walk - | weapon Rune Crossbow | untilShot 5 | target TzKal-Zuk[zuk] | gate ok | overhead none | TzKal-Zuk@22,8 TAGGED
FIRED t53 | 20,14 | Rune Crossbow | TzKal-Zuk
t54 | 20,14 | 11..15|E|frz-1 | zukIn 5 | setIn 23 | zukHp 1148 | chosen 20,14 | walk - | weapon Rune Crossbow | untilShot 4 | target TzKal-Zuk[zuk] | gate ok | overhead none | TzKal-Zuk@22,8 TAGGED
t55 | 20,14 | 12..16|E|frz-2 | zukIn 4 | setIn 22 | zukHp 1148 | chosen 20,14 | walk - | weapon Rune Crossbow | untilShot 3 | target TzKal-Zuk[zuk] | gate ok | overhead none | TzKal-Zuk@22,8 TAGGED
t56 | 20,14 | 13..17|E|frz-3 | zukIn 3 | setIn 21 | zukHp 1148 | chosen 20,14 | walk - | weapon Rune Crossbow | untilShot 2 | target TzKal-Zuk[zuk] | gate ok | overhead none | TzKal-Zuk@22,8 TAGGED
t57 | 20,14 | 14..18|E|frz-4 | zukIn 2 | setIn 20 | zukHp 1148 | chosen 20,14 | walk - | weapon Rune Crossbow | untilShot 1 | target TzKal-Zuk[zuk] | gate ok | overhead none | TzKal-Zuk@22,8 TAGGED
t58 | 20,14 | 15..19|E|frz-5 | zukIn 1 | setIn 19 | zukHp 1148 | chosen 20,14 | walk - | weapon Rune Crossbow | untilShot 5 | target TzKal-Zuk[zuk] | gate ok | overhead none | TzKal-Zuk@22,8 TAGGED
FIRED t58 | 20,14 | Rune Crossbow | TzKal-Zuk
t59 | 20,14 | 16..20|E|frz-6 | zukIn 10 | setIn 18 | zukHp 1148 | chosen 30,14 | walk ->30,14 | weapon Rune Crossbow | untilShot 4 | target -[-] | gate - | overhead none | TzKal-Zuk@22,8 TAGGED
t60 | 22,14 | 17..21|E|frz-7 | zukIn 9 | setIn 17 | zukHp 1148 | chosen 30,14 | walk ->30,14 | weapon Rune Crossbow | untilShot 3 | target TzKal-Zuk[zuk] | gate ok | overhead none | TzKal-Zuk@22,8 TAGGED
t61 | 24,14 | 18..22|E|frz-8 | zukIn 8 | setIn 16 | zukHp 1127 | chosen 30,14 | walk ->30,14 | weapon Rune Crossbow | untilShot 2 | target TzKal-Zuk[zuk] | gate ok | overhead none | TzKal-Zuk@22,8 TAGGED
t62 | 26,14 | 19..23|E|frz-9 | zukIn 7 | setIn 15 | zukHp 1127 | chosen 30,14 | walk ->30,14 | weapon Rune Crossbow | untilShot 1 | target TzKal-Zuk[zuk] | gate ok | overhead none | TzKal-Zuk@22,8 TAGGED
t63 | 26,14 | 20..24|E|frz-10 | zukIn 6 | setIn 14 | zukHp 1127 | chosen 30,14 | walk ->30,14 | weapon Rune Crossbow | untilShot 5 | target -[-] | gate - | overhead none | TzKal-Zuk@22,8 TAGGED
FIRED t63 | 26,14 | Rune Crossbow | TzKal-Zuk
t64 | 28,14 | 21..25|E|frz-11 | zukIn 5 | setIn 13 | zukHp 1127 | chosen 30,14 | walk ->30,14 | weapon Rune Crossbow | untilShot 4 | target TzKal-Zuk[zuk] | gate ok | overhead none | TzKal-Zuk@22,8 TAGGED
t65 | 30,14 | 22..26|E|frz-12 | zukIn 4 | setIn 12 | zukHp 1127 | chosen 30,14 | walk - | weapon Rune Crossbow | untilShot 3 | target TzKal-Zuk[zuk] | gate ok | overhead none | TzKal-Zuk@22,8 TAGGED
t66 | 30,14 | 23..27|E|frz-13 | zukIn 3 | setIn 11 | zukHp 1127 | chosen 30,14 | walk - | weapon Rune Crossbow | untilShot 2 | target TzKal-Zuk[zuk] | gate ok | overhead none | TzKal-Zuk@22,8 TAGGED
t67 | 30,14 | 24..28|E|frz-14 | zukIn 2 | setIn 10 | zukHp 1127 | chosen 30,14 | walk - | weapon Rune Crossbow | untilShot 1 | target TzKal-Zuk[zuk] | gate ok | overhead none | TzKal-Zuk@22,8 TAGGED
t68 | 30,14 | 25..29|E|frz-15 | zukIn 1 | setIn 9 | zukHp 1127 | chosen 30,14 | walk - | weapon Rune Crossbow | untilShot 5 | target TzKal-Zuk[zuk] | gate ok | overhead none | TzKal-Zuk@22,8 TAGGED
FIRED t68 | 30,14 | Rune Crossbow | TzKal-Zuk
t69 | 30,14 | 26..30|E|frz-16 | zukIn 10 | setIn 8 | zukHp 1127 | chosen 35,14 | walk ->35,14 | weapon Rune Crossbow | untilShot 4 | target -[-] | gate - | overhead none | TzKal-Zuk@22,8 TAGGED
t70 | 32,14 | 27..31|E|frz-17 | zukIn 9 | setIn 7 | zukHp 1127 | chosen 35,14 | walk ->35,14 | weapon Rune Crossbow | untilShot 3 | target TzKal-Zuk[zuk] | gate - | overhead none | TzKal-Zuk@22,8 TAGGED
t71 | 34,14 | 28..32|E|frz-18 | zukIn 8 | setIn 6 | zukHp 1127 | chosen 35,14 | walk ->35,14 | weapon Rune Crossbow | untilShot 2 | target TzKal-Zuk[zuk] | gate - | overhead none | TzKal-Zuk@22,8 TAGGED
t72 | 35,14 | 29..33|E|frz-19 | zukIn 7 | setIn 5 | zukHp 1127 | chosen 35,14 | walk - | weapon Rune Crossbow | untilShot 1 | target TzKal-Zuk[zuk] | gate ok | overhead none | TzKal-Zuk@22,8 TAGGED
t73 | 35,14 | 30..34|E|frz-20 | zukIn 6 | setIn 4 | zukHp 1127 | chosen 36,14 | walk ->36,14 | weapon Rune Crossbow | untilShot 5 | target -[-] | gate - | overhead none | TzKal-Zuk@22,8 TAGGED
FIRED t73 | 35,14 | Rune Crossbow | TzKal-Zuk
t74 | 36,14 | 31..35|E|frz-21 | zukIn 5 | setIn 3 | zukHp 1127 | chosen 36,14 | walk - | weapon Rune Crossbow | untilShot 4 | target TzKal-Zuk[zuk] | gate - | overhead none | TzKal-Zuk@22,8 TAGGED
t75 | 36,14 | 32..36|E|frz-22 | zukIn 4 | setIn 2 | zukHp 1127 | chosen 36,14 | walk - | weapon Rune Crossbow | untilShot 3 | target TzKal-Zuk[zuk] | gate - | overhead none | TzKal-Zuk@22,8 TAGGED
t76 | 36,14 | 33..37|E|frz-23 | zukIn 3 | setIn 1 | zukHp 1117 | chosen 36,14 | walk - | weapon Rune Crossbow | untilShot 2 | target TzKal-Zuk[zuk] | gate - | overhead none | TzKal-Zuk@22,8 TAGGED
t77 | 36,14 | 34..38|E|frz-24 | zukIn 2 | setIn 0 | zukHp 1117 | chosen 36,14 | walk - | weapon Rune Crossbow | untilShot 1 | target TzKal-Zuk[zuk] | gate - | overhead none | TzKal-Zuk@22,8 TAGGED; Zek@20,21 onShield; Xil@29,21 onShield
t78 | 36,14 | 35..39|E|frz-25 | zukIn 1 | setIn 349 | zukHp 1117 | chosen 36,14 | walk - | weapon Rune Crossbow | untilShot 1 | target Jal-Xil[untagged-tag] | gate ok | overhead none | Zek@20,21 onShield; Xil@29,21 onShield; TzKal-Zuk@22,8 TAGGED
t79 | 36,14 | 36..40|W|frz4 | zukIn 10 | setIn 348 | zukHp 1117 | chosen 30,14 | walk ->30,14 | weapon Rune Crossbow | untilShot 5 | target -[-] | gate - | overhead none | Zek@20,21 onShield; Xil@29,21 onShield; TzKal-Zuk@22,8 TAGGED
FIRED t79 | 36,14 | Rune Crossbow | Jal-Xil
t80 | 34,14 | 36..40|W|frz3 | zukIn 9 | setIn 347 | zukHp 1117 | chosen 30,14 | walk ->30,14 | weapon Rune Crossbow | untilShot 4 | target Jal-Xil[untagged-tag] | gate ok | overhead none | Zek@20,21 onShield; Xil@29,21 onShield; TzKal-Zuk@22,8 TAGGED
t81 | 32,14 | 36..40|W|frz2 | zukIn 8 | setIn 346 | zukHp 1117 | chosen 30,14 | walk ->30,14 | weapon Rune Crossbow | untilShot 3 | target Jal-Xil[untagged-tag] | gate ok | overhead none | Zek@20,21 onShield; Xil@29,21 onShield; TzKal-Zuk@22,8 TAGGED
t82 | 30,14 | 36..40|W|frz1 | zukIn 7 | setIn 345 | zukHp 1117 | chosen 30,14 | walk - | weapon Rune Crossbow | untilShot 2 | target Jal-Zek[untagged-tag] | gate ok | overhead none | Zek@20,21 onShield; Xil@29,21 TAGGED; TzKal-Zuk@22,8 TAGGED
t83 | 30,14 | 36..40|W|frz0 | zukIn 6 | setIn 344 | zukHp 1117 | chosen 30,14 | walk - | weapon Rune Crossbow | untilShot 1 | target Jal-Zek[untagged-tag] | gate ok | overhead none | Zek@20,21 onShield; Xil@29,21 TAGGED; TzKal-Zuk@22,8 TAGGED
t84 | 30,14 | 35..39|W|frz-1 | zukIn 5 | setIn 343 | zukHp 1117 | chosen 30,14 | walk - | weapon Rune Crossbow | untilShot 5 | target Jal-Zek[untagged-tag] | gate ok | overhead none | Zek@20,21 onShield; Xil@29,21 TAGGED; TzKal-Zuk@22,8 TAGGED
FIRED t84 | 30,14 | Rune Crossbow | Jal-Zek
t85 | 30,14 | 34..38|W|frz-2 | zukIn 4 | setIn 342 | zukHp 1117 | chosen 30,14 | walk - | weapon Rune Crossbow | untilShot 4 | target Jal-Zek[untagged-tag] | gate ok | overhead none | Zek@20,21 onShield; Xil@29,21 TAGGED; TzKal-Zuk@22,8 TAGGED
t86 | 30,14 | 33..37|W|frz-3 | zukIn 3 | setIn 341 | zukHp 1117 | chosen 30,14 | walk - | weapon Rune Crossbow | untilShot 3 | target Jal-Zek[untagged-tag] | gate ok | overhead none | Zek@20,21 onShield; Xil@29,21 TAGGED; TzKal-Zuk@22,8 TAGGED
t87 | 30,14 | 32..36|W|frz-4 | zukIn 2 | setIn 340 | zukHp 1117 | chosen 30,14 | walk - | weapon Rune Crossbow | untilShot 2 | target Jal-Xil[ranger-kill] | gate ok | overhead none | Zek@20,21 TAGGED; Xil@29,21 TAGGED; TzKal-Zuk@22,8 TAGGED
t88 | 30,14 | 31..35|W|frz-5 | zukIn 1 | setIn 339 | zukHp 1117 | chosen 30,14 | walk - | weapon Toxic Blowpipe | untilShot 1 | target Jal-Xil[ranger-kill] | gate ok | overhead none | Zek@20,21 TAGGED; Xil@29,21 TAGGED; TzKal-Zuk@22,8 TAGGED
t89 | 30,14 | 30..34|W|frz-6 | zukIn 10 | setIn 338 | zukHp 1117 | chosen 20,14 | walk ->20,14 | weapon Toxic Blowpipe | untilShot 2 | target -[-] | gate - | overhead Protect from Magic | Zek@20,21 TAGGED; Xil@29,21 TAGGED; TzKal-Zuk@22,8 TAGGED
FIRED t89 | 30,14 | Toxic Blowpipe | Jal-Xil
t90 | 28,14 | 29..33|W|frz-7 | zukIn 9 | setIn 337 | zukHp 1117 | chosen 20,14 | walk ->20,14 | weapon Toxic Blowpipe | untilShot 1 | target Jal-Xil[ranger-kill] | gate ok | overhead Protect from Range | Zek@20,21 TAGGED; Xil@29,21 TAGGED; TzKal-Zuk@22,8 TAGGED
t91 | 28,14 | 28..32|W|frz-8 | zukIn 8 | setIn 336 | zukHp 1117 | chosen 20,14 | walk ->20,14 | weapon Toxic Blowpipe | untilShot 2 | target -[-] | gate - | overhead none | Zek@20,21 TAGGED; Xil@29,21 TAGGED; TzKal-Zuk@22,8 TAGGED
FIRED t91 | 28,14 | Toxic Blowpipe | Jal-Xil
t92 | 26,14 | 27..31|W|frz-9 | zukIn 7 | setIn 335 | zukHp 1117 | chosen 20,14 | walk ->20,14 | weapon Toxic Blowpipe | untilShot 1 | target Jal-Xil[ranger-kill] | gate ok | overhead none | Zek@20,21 TAGGED; Xil@29,21 TAGGED; TzKal-Zuk@22,8 TAGGED
t93 | 26,14 | 26..30|W|frz-10 | zukIn 6 | setIn 334 | zukHp 1117 | chosen 20,14 | walk ->20,14 | weapon Toxic Blowpipe | untilShot 2 | target -[-] | gate - | overhead Protect from Magic | Zek@20,21 TAGGED; Xil@29,21 TAGGED; TzKal-Zuk@22,8 TAGGED
FIRED t93 | 26,14 | Toxic Blowpipe | Jal-Xil
t94 | 24,14 | 25..29|W|frz-11 | zukIn 5 | setIn 333 | zukHp 1117 | chosen 20,14 | walk ->20,14 | weapon Toxic Blowpipe | untilShot 1 | target Jal-Xil[ranger-kill] | gate ok | overhead Protect from Range | Zek@20,21 TAGGED; Xil@29,21 TAGGED; TzKal-Zuk@22,8 TAGGED
t95 | 24,14 | 24..28|W|frz-12 | zukIn 4 | setIn 332 | zukHp 1117 | chosen 20,14 | walk ->20,14 | weapon Toxic Blowpipe | untilShot 2 | target -[-] | gate - | overhead none | Zek@20,21 TAGGED; Xil@29,21 TAGGED; TzKal-Zuk@22,8 TAGGED
FIRED t95 | 24,14 | Toxic Blowpipe | Jal-Xil
t96 | 22,14 | 23..27|W|frz-13 | zukIn 3 | setIn 331 | zukHp 1117 | chosen 20,14 | walk ->20,14 | weapon Toxic Blowpipe | untilShot 1 | target Jal-Xil[ranger-kill] | gate ok | overhead none | Zek@20,21 TAGGED; Xil@29,21 TAGGED; TzKal-Zuk@22,8 TAGGED
t97 | 20,14 | 22..26|W|frz-14 | zukIn 2 | setIn 330 | zukHp 1117 | chosen 20,14 | walk - | weapon Rune Crossbow | untilShot 1 | target TzKal-Zuk[zuk] | gate ok | overhead Protect from Magic | Zek@20,21 TAGGED; Xil@29,21 TAGGED; TzKal-Zuk@22,8 TAGGED
t98 | 20,14 | 21..25|W|frz-15 | zukIn 1 | setIn 329 | zukHp 1117 | chosen 20,14 | walk - | weapon Rune Crossbow | untilShot 5 | target TzKal-Zuk[zuk] | gate ok | overhead Protect from Range | Zek@20,21 TAGGED; Xil@29,21 TAGGED; TzKal-Zuk@22,8 TAGGED
FIRED t98 | 20,14 | Rune Crossbow | TzKal-Zuk
t99 | 20,14 | 20..24|W|frz-16 | zukIn 10 | setIn 328 | zukHp 1117 | chosen 14,14 | walk ->14,14 | weapon Rune Crossbow | untilShot 4 | target -[-] | gate - | overhead none | Zek@20,21 TAGGED; Xil@29,21 TAGGED; TzKal-Zuk@22,8 TAGGED
t100 | 18,14 | 19..23|W|frz-17 | zukIn 9 | setIn 327 | zukHp 1117 | chosen 14,14 | walk ->14,14 | weapon Rune Crossbow | untilShot 3 | target TzKal-Zuk[zuk] | gate - | overhead none | Zek@20,21 TAGGED; Xil@29,21 TAGGED; TzKal-Zuk@22,8 TAGGED
t101 | 16,14 | 18..22|W|frz-18 | zukIn 8 | setIn 326 | zukHp 1117 | chosen 14,14 | walk ->14,14 | weapon Rune Crossbow | untilShot 2 | target TzKal-Zuk[zuk] | gate - | overhead Protect from Magic | Zek@20,21 TAGGED; Xil@29,21 TAGGED; TzKal-Zuk@22,8 TAGGED
t102 | 14,14 | 17..21|W|frz-19 | zukIn 7 | setIn 325 | zukHp 1117 | chosen 14,14 | walk - | weapon Rune Crossbow | untilShot 1 | target TzKal-Zuk[zuk] | gate - | overhead Protect from Range | Zek@20,21 TAGGED; Xil@29,21 TAGGED; TzKal-Zuk@22,8 TAGGED
t103 | 14,14 | 16..20|W|frz-20 | zukIn 6 | setIn 324 | zukHp 1117 | chosen 14,14 | walk - | weapon Rune Crossbow | untilShot 1 | target TzKal-Zuk[zuk] | gate - | overhead none | Zek@20,21 TAGGED; Xil@29,21 TAGGED; TzKal-Zuk@22,8 TAGGED
t104 | 14,14 | 15..19|W|frz-21 | zukIn 5 | setIn 323 | zukHp 1117 | chosen 14,14 | walk - | weapon Rune Crossbow | untilShot 1 | target TzKal-Zuk[zuk] | gate - | overhead none | Zek@20,21 TAGGED; Xil@29,21 TAGGED; TzKal-Zuk@22,8 TAGGED
t105 | 14,14 | 14..18|W|frz-22 | zukIn 4 | setIn 322 | zukHp 1117 | chosen 14,14 | walk - | weapon Rune Crossbow | untilShot 1 | target TzKal-Zuk[zuk] | gate - | overhead Protect from Magic | Zek@20,21 TAGGED; Xil@29,21 TAGGED; TzKal-Zuk@22,8 TAGGED
t106 | 14,14 | 13..17|W|frz-23 | zukIn 3 | setIn 321 | zukHp 1117 | chosen 14,14 | walk - | weapon Rune Crossbow | untilShot 1 | target TzKal-Zuk[zuk] | gate - | overhead Protect from Range | Zek@20,21 TAGGED; Xil@29,21 TAGGED; TzKal-Zuk@22,8 TAGGED
t107 | 14,14 | 12..16|W|frz-24 | zukIn 2 | setIn 320 | zukHp 1117 | chosen 14,14 | walk - | weapon Rune Crossbow | untilShot 1 | target TzKal-Zuk[zuk] | gate - | overhead none | Zek@20,21 TAGGED; Xil@29,21 TAGGED; TzKal-Zuk@22,8 TAGGED
t108 | 14,14 | 11..15|W|frz-25 | zukIn 1 | setIn 319 | zukHp 1117 | chosen 14,14 | walk - | weapon Rune Crossbow | untilShot 1 | target TzKal-Zuk[zuk] | gate - | overhead none | Zek@20,21 TAGGED; Xil@29,21 TAGGED; TzKal-Zuk@22,8 TAGGED
t109 | 14,14 | 10..14|E|frz4 | zukIn 10 | setIn 318 | zukHp 1117 | chosen 20,14 | walk ->20,14 | weapon Rune Crossbow | untilShot 1 | target -[-] | gate - | overhead Protect from Magic | Zek@20,21 TAGGED; Xil@29,21 TAGGED; TzKal-Zuk@22,8 TAGGED
t110 | 16,14 | 10..14|E|frz3 | zukIn 9 | setIn 317 | zukHp 1117 | chosen 20,14 | walk ->20,14 | weapon Rune Crossbow | untilShot 1 | target TzKal-Zuk[zuk] | gate - | overhead Protect from Range | Zek@20,21 TAGGED; Xil@29,21 TAGGED; TzKal-Zuk@22,8 TAGGED
t111 | 18,14 | 10..14|E|frz2 | zukIn 8 | setIn 316 | zukHp 1117 | chosen 20,14 | walk ->20,14 | weapon Rune Crossbow | untilShot 1 | target TzKal-Zuk[zuk] | gate - | overhead none | Zek@20,21 TAGGED; Xil@29,21 TAGGED; TzKal-Zuk@22,8 TAGGED
t112 | 20,14 | 10..14|E|frz1 | zukIn 7 | setIn 315 | zukHp 1117 | chosen 20,14 | walk - | weapon Rune Crossbow | untilShot 1 | target TzKal-Zuk[zuk] | gate ok | overhead none | Zek@20,21 TAGGED; Xil@29,21 TAGGED; TzKal-Zuk@22,8 TAGGED
t113 | 20,14 | 10..14|E|frz0 | zukIn 6 | setIn 314 | zukHp 1117 | chosen 20,14 | walk - | weapon Rune Crossbow | untilShot 5 | target TzKal-Zuk[zuk] | gate ok | overhead Protect from Magic | Zek@20,21 TAGGED; Xil@29,21 TAGGED; TzKal-Zuk@22,8 TAGGED
FIRED t113 | 20,14 | Rune Crossbow | TzKal-Zuk
t114 | 20,14 | 11..15|E|frz-1 | zukIn 5 | setIn 313 | zukHp 1117 | chosen 20,14 | walk - | weapon Rune Crossbow | untilShot 4 | target TzKal-Zuk[zuk] | gate ok | overhead Protect from Range | Zek@20,21 TAGGED; Xil@29,21 TAGGED; TzKal-Zuk@22,8 TAGGED
t115 | 20,14 | 12..16|E|frz-2 | zukIn 4 | setIn 312 | zukHp 1117 | chosen 20,14 | walk - | weapon Rune Crossbow | untilShot 3 | target TzKal-Zuk[zuk] | gate ok | overhead none | Zek@20,21 TAGGED; Xil@29,21 TAGGED; TzKal-Zuk@22,8 TAGGED
t116 | 20,14 | 13..17|E|frz-3 | zukIn 3 | setIn 311 | zukHp 1108 | chosen 20,14 | walk - | weapon Rune Crossbow | untilShot 2 | target TzKal-Zuk[zuk] | gate ok | overhead none | Zek@20,21 TAGGED; Xil@29,21 TAGGED; TzKal-Zuk@22,8 TAGGED
t117 | 20,14 | 14..18|E|frz-4 | zukIn 2 | setIn 310 | zukHp 1108 | chosen 20,14 | walk - | weapon Rune Crossbow | untilShot 1 | target TzKal-Zuk[zuk] | gate ok | overhead Protect from Magic | Zek@20,21 TAGGED; Xil@29,21 TAGGED; TzKal-Zuk@22,8 TAGGED
t118 | 20,14 | 15..19|E|frz-5 | zukIn 1 | setIn 309 | zukHp 1108 | chosen 20,14 | walk - | weapon Rune Crossbow | untilShot 5 | target TzKal-Zuk[zuk] | gate ok | overhead Protect from Range | Zek@20,21 TAGGED; Xil@29,21 TAGGED; TzKal-Zuk@22,8 TAGGED
FIRED t118 | 20,14 | Rune Crossbow | TzKal-Zuk
t119 | 20,14 | 16..20|E|frz-6 | zukIn 10 | setIn 308 | zukHp 1108 | chosen 30,14 | walk ->30,14 | weapon Rune Crossbow | untilShot 4 | target -[-] | gate - | overhead none | Zek@20,21 TAGGED; Xil@29,21 TAGGED; TzKal-Zuk@22,8 TAGGED
t120 | 22,14 | 17..21|E|frz-7 | zukIn 9 | setIn 307 | zukHp 1108 | chosen 30,14 | walk ->30,14 | weapon Rune Crossbow | untilShot 3 | target Jal-Xil[ranger-kill] | gate ok | overhead none | Zek@20,21 TAGGED; Xil@29,21 TAGGED; TzKal-Zuk@22,8 TAGGED
t121 | 24,14 | 18..22|E|frz-8 | zukIn 8 | setIn 306 | zukHp 1108 | chosen 30,14 | walk ->30,14 | weapon Rune Crossbow | untilShot 2 | target Jal-Xil[ranger-kill] | gate ok | overhead Protect from Magic | Zek@20,21 TAGGED; Xil@29,21 TAGGED; TzKal-Zuk@22,8 TAGGED
t122 | 26,14 | 19..23|E|frz-9 | zukIn 7 | setIn 305 | zukHp 1108 | chosen 30,14 | walk ->30,14 | weapon Toxic Blowpipe | untilShot 1 | target Jal-Xil[ranger-kill] | gate ok | overhead Protect from Range | Zek@20,21 TAGGED; Xil@29,21 TAGGED; TzKal-Zuk@22,8 TAGGED
t123 | 26,14 | 20..24|E|frz-10 | zukIn 6 | setIn 304 | zukHp 1108 | chosen 30,14 | walk ->30,14 | weapon Toxic Blowpipe | untilShot 2 | target -[-] | gate - | overhead none | Zek@20,21 TAGGED; Xil@29,21 TAGGED; TzKal-Zuk@22,8 TAGGED
FIRED t123 | 26,14 | Toxic Blowpipe | Jal-Xil
t124 | 28,14 | 21..25|E|frz-11 | zukIn 5 | setIn 303 | zukHp 1108 | chosen 30,14 | walk ->30,14 | weapon Toxic Blowpipe | untilShot 1 | target Jal-Xil[ranger-kill] | gate ok | overhead none | Zek@20,21 TAGGED; Xil@29,21 TAGGED; TzKal-Zuk@22,8 TAGGED
t125 | 28,14 | 22..26|E|frz-12 | zukIn 4 | setIn 302 | zukHp 1108 | chosen 30,14 | walk ->30,14 | weapon Toxic Blowpipe | untilShot 2 | target -[-] | gate - | overhead Protect from Magic | Zek@20,21 TAGGED; Xil@29,21 TAGGED; TzKal-Zuk@22,8 TAGGED
FIRED t125 | 28,14 | Toxic Blowpipe | Jal-Xil
t126 | 30,14 | 23..27|E|frz-13 | zukIn 3 | setIn 301 | zukHp 1108 | chosen 30,14 | walk - | weapon Toxic Blowpipe | untilShot 1 | target Jal-Xil[ranger-kill] | gate ok | overhead Protect from Range | Zek@20,21 TAGGED; Xil@29,21 TAGGED; TzKal-Zuk@22,8 TAGGED
t127 | 30,14 | 24..28|E|frz-14 | zukIn 2 | setIn 300 | zukHp 1108 | chosen 30,14 | walk - | weapon Toxic Blowpipe | untilShot 2 | target Jal-Xil[ranger-kill] | gate ok | overhead none | Zek@20,21 TAGGED; Xil@29,21 TAGGED; TzKal-Zuk@22,8 TAGGED
FIRED t127 | 30,14 | Toxic Blowpipe | Jal-Xil
t128 | 30,14 | 25..29|E|frz-15 | zukIn 1 | setIn 299 | zukHp 1108 | chosen 30,14 | walk - | weapon Toxic Blowpipe | untilShot 1 | target Jal-Xil[ranger-kill] | gate ok | overhead none | Zek@20,21 TAGGED; Xil@29,21 TAGGED; TzKal-Zuk@22,8 TAGGED
t129 | 30,14 | 26..30|E|frz-16 | zukIn 10 | setIn 298 | zukHp 1108 | chosen 36,14 | walk ->36,14 | weapon Toxic Blowpipe | untilShot 2 | target -[-] | gate - | overhead Protect from Magic | Zek@20,21 TAGGED; Xil@29,21 TAGGED; TzKal-Zuk@22,8 TAGGED
FIRED t129 | 30,14 | Toxic Blowpipe | Jal-Xil
t130 | 32,14 | 27..31|E|frz-17 | zukIn 9 | setIn 297 | zukHp 1108 | chosen 36,14 | walk ->36,14 | weapon Toxic Blowpipe | untilShot 1 | target Jal-Xil[ranger-kill] | gate ok | overhead Protect from Range | Zek@20,21 TAGGED; Xil@29,21 TAGGED; TzKal-Zuk@22,8 TAGGED
t131 | 32,14 | 28..32|E|frz-18 | zukIn 8 | setIn 296 | zukHp 1108 | chosen 36,14 | walk ->36,14 | weapon Toxic Blowpipe | untilShot 2 | target -[-] | gate - | overhead none | Zek@20,21 TAGGED; Xil@29,21 TAGGED; TzKal-Zuk@22,8 TAGGED
FIRED t131 | 32,14 | Toxic Blowpipe | Jal-Xil
t132 | 34,14 | 29..33|E|frz-19 | zukIn 7 | setIn 295 | zukHp 1108 | chosen 36,14 | walk ->36,14 | weapon Toxic Blowpipe | untilShot 1 | target Jal-Xil[ranger-kill] | gate ok | overhead none | Zek@20,21 TAGGED; Xil@29,21 TAGGED; TzKal-Zuk@22,8 TAGGED
t133 | 34,14 | 30..34|E|frz-20 | zukIn 6 | setIn 294 | zukHp 1108 | chosen 36,14 | walk ->36,14 | weapon Toxic Blowpipe | untilShot 2 | target -[-] | gate - | overhead Protect from Magic | Zek@20,21 TAGGED; Xil@29,21 TAGGED; TzKal-Zuk@22,8 TAGGED
FIRED t133 | 34,14 | Toxic Blowpipe | Jal-Xil
t134 | 36,14 | 31..35|E|frz-21 | zukIn 5 | setIn 293 | zukHp 1108 | chosen 36,14 | walk - | weapon Toxic Blowpipe | untilShot 1 | target Jal-Xil[ranger-kill] | gate ok | overhead Protect from Range | Zek@20,21 TAGGED; Xil@29,21 TAGGED; TzKal-Zuk@22,8 TAGGED
t135 | 36,14 | 32..36|E|frz-22 | zukIn 4 | setIn 292 | zukHp 1108 | chosen 36,14 | walk - | weapon Toxic Blowpipe | untilShot 1 | target TzKal-Zuk[zuk] | gate - | overhead none | Zek@20,21 TAGGED; TzKal-Zuk@22,8 TAGGED
t136 | 36,14 | 33..37|E|frz-23 | zukIn 3 | setIn 291 | zukHp 1108 | chosen 36,14 | walk - | weapon Toxic Blowpipe | untilShot 1 | target TzKal-Zuk[zuk] | gate - | overhead none | Zek@20,21 TAGGED; TzKal-Zuk@22,8 TAGGED
t137 | 36,14 | 34..38|E|frz-24 | zukIn 2 | setIn 290 | zukHp 1108 | chosen 36,14 | walk - | weapon Toxic Blowpipe | untilShot 1 | target TzKal-Zuk[zuk] | gate - | overhead Protect from Magic | Zek@20,21 TAGGED; TzKal-Zuk@22,8 TAGGED
t138 | 36,14 | 35..39|E|frz-25 | zukIn 1 | setIn 289 | zukHp 1108 | chosen 36,14 | walk - | weapon Toxic Blowpipe | untilShot 1 | target TzKal-Zuk[zuk] | gate - | overhead none | Zek@20,21 TAGGED; TzKal-Zuk@22,8 TAGGED
t139 | 36,14 | 36..40|W|frz4 | zukIn 10 | setIn 288 | zukHp 1108 | chosen 30,14 | walk ->30,14 | weapon Toxic Blowpipe | untilShot 1 | target -[-] | gate - | overhead none | Zek@20,21 TAGGED; TzKal-Zuk@22,8 TAGGED
t140 | 34,14 | 36..40|W|frz3 | zukIn 9 | setIn 287 | zukHp 1108 | chosen 30,14 | walk ->30,14 | weapon Toxic Blowpipe | untilShot 1 | target TzKal-Zuk[zuk] | gate - | overhead none | Zek@20,21 TAGGED; TzKal-Zuk@22,8 TAGGED
t141 | 32,14 | 36..40|W|frz2 | zukIn 8 | setIn 286 | zukHp 1108 | chosen 30,14 | walk ->30,14 | weapon Toxic Blowpipe | untilShot 1 | target TzKal-Zuk[zuk] | gate - | overhead Protect from Magic | Zek@20,21 TAGGED; TzKal-Zuk@22,8 TAGGED
t142 | 30,14 | 36..40|W|frz1 | zukIn 7 | setIn 285 | zukHp 1108 | chosen 30,14 | walk - | weapon Toxic Blowpipe | untilShot 1 | target TzKal-Zuk[zuk] | gate ok | overhead none | Zek@20,21 TAGGED; TzKal-Zuk@22,8 TAGGED
t143 | 30,14 | 36..40|W|frz0 | zukIn 6 | setIn 284 | zukHp 1108 | chosen 30,14 | walk - | weapon Rune Crossbow | untilShot 1 | target TzKal-Zuk[zuk] | gate ok | overhead none | Zek@20,21 TAGGED; TzKal-Zuk@22,8 TAGGED
t144 | 30,14 | 35..39|W|frz-1 | zukIn 5 | setIn 283 | zukHp 1108 | chosen 30,14 | walk - | weapon Rune Crossbow | untilShot 5 | target TzKal-Zuk[zuk] | gate ok | overhead none | Zek@20,21 TAGGED; TzKal-Zuk@22,8 TAGGED
FIRED t144 | 30,14 | Rune Crossbow | TzKal-Zuk
t145 | 30,14 | 34..38|W|frz-2 | zukIn 4 | setIn 282 | zukHp 1108 | chosen 30,14 | walk - | weapon Rune Crossbow | untilShot 4 | target TzKal-Zuk[zuk] | gate ok | overhead Protect from Magic | Zek@20,21 TAGGED; TzKal-Zuk@22,8 TAGGED
t146 | 30,14 | 33..37|W|frz-3 | zukIn 3 | setIn 281 | zukHp 1108 | chosen 30,14 | walk - | weapon Rune Crossbow | untilShot 3 | target TzKal-Zuk[zuk] | gate ok | overhead none | Zek@20,21 TAGGED; TzKal-Zuk@22,8 TAGGED
t147 | 30,14 | 32..36|W|frz-4 | zukIn 2 | setIn 280 | zukHp 1108 | chosen 30,14 | walk - | weapon Rune Crossbow | untilShot 2 | target TzKal-Zuk[zuk] | gate ok | overhead none | Zek@20,21 TAGGED; TzKal-Zuk@22,8 TAGGED
t148 | 30,14 | 31..35|W|frz-5 | zukIn 1 | setIn 279 | zukHp 1108 | chosen 30,14 | walk - | weapon Rune Crossbow | untilShot 1 | target TzKal-Zuk[zuk] | gate ok | overhead none | Zek@20,21 TAGGED; TzKal-Zuk@22,8 TAGGED
t149 | 30,14 | 30..34|W|frz-6 | zukIn 10 | setIn 278 | zukHp 1108 | chosen 20,14 | walk ->20,14 | weapon Rune Crossbow | untilShot 5 | target -[-] | gate - | overhead Protect from Magic | Zek@20,21 TAGGED; TzKal-Zuk@22,8 TAGGED
FIRED t149 | 30,14 | Rune Crossbow | TzKal-Zuk
t150 | 28,14 | 29..33|W|frz-7 | zukIn 9 | setIn 277 | zukHp 1108 | chosen 20,14 | walk ->20,14 | weapon Rune Crossbow | untilShot 4 | target TzKal-Zuk[zuk] | gate ok | overhead none | Zek@20,21 TAGGED; TzKal-Zuk@22,8 TAGGED
t151 | 26,14 | 28..32|W|frz-8 | zukIn 8 | setIn 276 | zukHp 1108 | chosen 20,14 | walk ->20,14 | weapon Rune Crossbow | untilShot 3 | target TzKal-Zuk[zuk] | gate ok | overhead none | Zek@20,21 TAGGED; TzKal-Zuk@22,8 TAGGED
t152 | 24,14 | 27..31|W|frz-9 | zukIn 7 | setIn 275 | zukHp 1102 | chosen 20,14 | walk ->20,14 | weapon Rune Crossbow | untilShot 2 | target TzKal-Zuk[zuk] | gate ok | overhead none | Zek@20,21 TAGGED; TzKal-Zuk@22,8 TAGGED
t153 | 22,14 | 26..30|W|frz-10 | zukIn 6 | setIn 274 | zukHp 1102 | chosen 20,14 | walk ->20,14 | weapon Rune Crossbow | untilShot 1 | target TzKal-Zuk[zuk] | gate ok | overhead Protect from Magic | Zek@20,21 TAGGED; TzKal-Zuk@22,8 TAGGED
t154 | 22,14 | 25..29|W|frz-11 | zukIn 5 | setIn 273 | zukHp 1102 | chosen 20,14 | walk ->20,14 | weapon Rune Crossbow | untilShot 5 | target -[-] | gate - | overhead none | Zek@20,21 TAGGED; TzKal-Zuk@22,8 TAGGED
FIRED t154 | 22,14 | Rune Crossbow | TzKal-Zuk
t155 | 20,14 | 24..28|W|frz-12 | zukIn 4 | setIn 272 | zukHp 1102 | chosen 20,14 | walk - | weapon Rune Crossbow | untilShot 4 | target TzKal-Zuk[zuk] | gate ok | overhead none | Zek@20,21 TAGGED; TzKal-Zuk@22,8 TAGGED
t156 | 20,14 | 23..27|W|frz-13 | zukIn 3 | setIn 271 | zukHp 1102 | chosen 20,14 | walk - | weapon Rune Crossbow | untilShot 3 | target TzKal-Zuk[zuk] | gate ok | overhead none | Zek@20,21 TAGGED; TzKal-Zuk@22,8 TAGGED
t157 | 20,14 | 22..26|W|frz-14 | zukIn 2 | setIn 270 | zukHp 1102 | chosen 20,14 | walk - | weapon Rune Crossbow | untilShot 2 | target TzKal-Zuk[zuk] | gate ok | overhead Protect from Magic | Zek@20,21 TAGGED; TzKal-Zuk@22,8 TAGGED
t158 | 20,14 | 21..25|W|frz-15 | zukIn 1 | setIn 269 | zukHp 1102 | chosen 20,14 | walk - | weapon Rune Crossbow | untilShot 1 | target TzKal-Zuk[zuk] | gate ok | overhead none | Zek@20,21 TAGGED; TzKal-Zuk@22,8 TAGGED
t159 | 20,14 | 20..24|W|frz-16 | zukIn 10 | setIn 268 | zukHp 1102 | chosen 14,14 | walk ->14,14 | weapon Rune Crossbow | untilShot 5 | target -[-] | gate - | overhead none | Zek@20,21 TAGGED; TzKal-Zuk@22,8 TAGGED
FIRED t159 | 20,14 | Rune Crossbow | TzKal-Zuk
t160 | 18,14 | 19..23|W|frz-17 | zukIn 9 | setIn 267 | zukHp 1102 | chosen 14,14 | walk ->14,14 | weapon Rune Crossbow | untilShot 4 | target TzKal-Zuk[zuk] | gate - | overhead none | Zek@20,21 TAGGED; TzKal-Zuk@22,8 TAGGED
t161 | 16,14 | 18..22|W|frz-18 | zukIn 8 | setIn 266 | zukHp 1102 | chosen 19,14 | walk ->19,14 | weapon Rune Crossbow | untilShot 3 | target -[-] | gate - | overhead Protect from Magic | Zek@20,21 TAGGED; TzKal-Zuk@22,8 TAGGED
t162 | 18,14 | 17..21|W|frz-19 | zukIn 7 | setIn 265 | zukHp 1072 | chosen 15,14 | walk ->15,14 | weapon Rune Crossbow | untilShot 2 | target -[-] | gate - | overhead none | Zek@20,21 TAGGED; TzKal-Zuk@22,8 TAGGED
t163 | 16,14 | 16..20|W|frz-20 | zukIn 6 | setIn 264 | zukHp 1072 | chosen 15,14 | walk ->15,14 | weapon Rune Crossbow | untilShot 1 | target TzKal-Zuk[zuk] | gate - | overhead none | Zek@20,21 TAGGED; TzKal-Zuk@22,8 TAGGED
t164 | 15,14 | 15..19|W|frz-21 | zukIn 5 | setIn 263 | zukHp 1072 | chosen 15,14 | walk - | weapon Rune Crossbow | untilShot 1 | target TzKal-Zuk[zuk] | gate ok | overhead none | Zek@20,21 TAGGED; TzKal-Zuk@22,8 TAGGED
t165 | 15,14 | 14..18|W|frz-22 | zukIn 4 | setIn 262 | zukHp 1072 | chosen 14,14 | walk ->14,14 | weapon Rune Crossbow | untilShot 5 | target -[-] | gate - | overhead Protect from Magic | Zek@20,21 TAGGED; TzKal-Zuk@22,8 TAGGED
FIRED t165 | 15,14 | Rune Crossbow | TzKal-Zuk
t166 | 14,14 | 13..17|W|frz-23 | zukIn 3 | setIn 261 | zukHp 1072 | chosen 14,14 | walk - | weapon Rune Crossbow | untilShot 4 | target TzKal-Zuk[zuk] | gate - | overhead none | Zek@20,21 TAGGED; TzKal-Zuk@22,8 TAGGED
t167 | 14,14 | 12..16|W|frz-24 | zukIn 2 | setIn 260 | zukHp 1072 | chosen 14,14 | walk - | weapon Rune Crossbow | untilShot 3 | target TzKal-Zuk[zuk] | gate - | overhead none | Zek@20,21 TAGGED; TzKal-Zuk@22,8 TAGGED
t168 | 14,14 | 11..15|W|frz-25 | zukIn 1 | setIn 259 | zukHp 1072 | chosen 14,14 | walk - | weapon Rune Crossbow | untilShot 2 | target TzKal-Zuk[zuk] | gate - | overhead none | Zek@20,21 TAGGED; TzKal-Zuk@22,8 TAGGED
t169 | 14,14 | 10..14|E|frz4 | zukIn 10 | setIn 258 | zukHp 1072 | chosen 20,14 | walk ->20,14 | weapon Rune Crossbow | untilShot 1 | target -[-] | gate - | overhead Protect from Magic | Zek@20,21 TAGGED; TzKal-Zuk@22,8 TAGGED
t170 | 16,14 | 10..14|E|frz3 | zukIn 9 | setIn 257 | zukHp 1072 | chosen 20,14 | walk ->20,14 | weapon Rune Crossbow | untilShot 1 | target TzKal-Zuk[zuk] | gate - | overhead none | Zek@20,21 TAGGED; TzKal-Zuk@22,8 TAGGED
t171 | 18,14 | 10..14|E|frz2 | zukIn 8 | setIn 256 | zukHp 1072 | chosen 20,14 | walk ->20,14 | weapon Rune Crossbow | untilShot 1 | target TzKal-Zuk[zuk] | gate - | overhead none | Zek@20,21 TAGGED; TzKal-Zuk@22,8 TAGGED
t172 | 20,14 | 10..14|E|frz1 | zukIn 7 | setIn 255 | zukHp 1072 | chosen 20,14 | walk - | weapon Rune Crossbow | untilShot 1 | target TzKal-Zuk[zuk] | gate ok | overhead none | Zek@20,21 TAGGED; TzKal-Zuk@22,8 TAGGED
t173 | 20,14 | 10..14|E|frz0 | zukIn 6 | setIn 254 | zukHp 1072 | chosen 20,14 | walk - | weapon Rune Crossbow | untilShot 5 | target TzKal-Zuk[zuk] | gate ok | overhead Protect from Magic | Zek@20,21 TAGGED; TzKal-Zuk@22,8 TAGGED
FIRED t173 | 20,14 | Rune Crossbow | TzKal-Zuk
t174 | 20,14 | 11..15|E|frz-1 | zukIn 5 | setIn 253 | zukHp 1072 | chosen 20,14 | walk - | weapon Rune Crossbow | untilShot 4 | target TzKal-Zuk[zuk] | gate ok | overhead none | Zek@20,21 TAGGED; TzKal-Zuk@22,8 TAGGED
t175 | 20,14 | 12..16|E|frz-2 | zukIn 4 | setIn 252 | zukHp 1072 | chosen 20,14 | walk - | weapon Rune Crossbow | untilShot 3 | target TzKal-Zuk[zuk] | gate ok | overhead none | Zek@20,21 TAGGED; TzKal-Zuk@22,8 TAGGED
t176 | 20,14 | 13..17|E|frz-3 | zukIn 3 | setIn 251 | zukHp 1055 | chosen 20,14 | walk - | weapon Rune Crossbow | untilShot 2 | target TzKal-Zuk[zuk] | gate ok | overhead none | Zek@20,21 TAGGED; TzKal-Zuk@22,8 TAGGED
t177 | 20,14 | 14..18|E|frz-4 | zukIn 2 | setIn 250 | zukHp 1055 | chosen 20,14 | walk - | weapon Rune Crossbow | untilShot 1 | target TzKal-Zuk[zuk] | gate ok | overhead Protect from Magic | Zek@20,21 TAGGED; TzKal-Zuk@22,8 TAGGED
t178 | 20,14 | 15..19|E|frz-5 | zukIn 1 | setIn 249 | zukHp 1055 | chosen 20,14 | walk - | weapon Rune Crossbow | untilShot 5 | target TzKal-Zuk[zuk] | gate ok | overhead none | Zek@20,21 TAGGED; TzKal-Zuk@22,8 TAGGED
FIRED t178 | 20,14 | Rune Crossbow | TzKal-Zuk
t179 | 20,14 | 16..20|E|frz-6 | zukIn 10 | setIn 248 | zukHp 1055 | chosen 30,14 | walk ->30,14 | weapon Rune Crossbow | untilShot 4 | target -[-] | gate - | overhead none | Zek@20,21 TAGGED; TzKal-Zuk@22,8 TAGGED
t180 | 22,14 | 17..21|E|frz-7 | zukIn 9 | setIn 247 | zukHp 1055 | chosen 30,14 | walk ->30,14 | weapon Rune Crossbow | untilShot 3 | target TzKal-Zuk[zuk] | gate ok | overhead none | Zek@20,21 TAGGED; TzKal-Zuk@22,8 TAGGED
t181 | 24,14 | 18..22|E|frz-8 | zukIn 8 | setIn 246 | zukHp 1023 | chosen 30,14 | walk ->30,14 | weapon Rune Crossbow | untilShot 2 | target TzKal-Zuk[zuk] | gate ok | overhead Protect from Magic | Zek@20,21 TAGGED; TzKal-Zuk@22,8 TAGGED
t182 | 26,14 | 19..23|E|frz-9 | zukIn 7 | setIn 245 | zukHp 1023 | chosen 30,14 | walk ->30,14 | weapon Rune Crossbow | untilShot 1 | target TzKal-Zuk[zuk] | gate ok | overhead none | Zek@20,21 TAGGED; TzKal-Zuk@22,8 TAGGED
t183 | 26,14 | 20..24|E|frz-10 | zukIn 6 | setIn 244 | zukHp 1023 | chosen 30,14 | walk ->30,14 | weapon Rune Crossbow | untilShot 5 | target -[-] | gate - | overhead none | Zek@20,21 TAGGED; TzKal-Zuk@22,8 TAGGED
FIRED t183 | 26,14 | Rune Crossbow | TzKal-Zuk
t184 | 28,14 | 21..25|E|frz-11 | zukIn 5 | setIn 243 | zukHp 1023 | chosen 30,14 | walk ->30,14 | weapon Rune Crossbow | untilShot 4 | target TzKal-Zuk[zuk] | gate ok | overhead none | Zek@20,21 TAGGED; TzKal-Zuk@22,8 TAGGED
t185 | 30,14 | 22..26|E|frz-12 | zukIn 4 | setIn 242 | zukHp 1023 | chosen 30,14 | walk - | weapon Rune Crossbow | untilShot 3 | target TzKal-Zuk[zuk] | gate ok | overhead Protect from Magic | Zek@20,21 TAGGED; TzKal-Zuk@22,8 TAGGED
t186 | 30,14 | 23..27|E|frz-13 | zukIn 3 | setIn 241 | zukHp 1023 | chosen 30,14 | walk - | weapon Rune Crossbow | untilShot 2 | target TzKal-Zuk[zuk] | gate ok | overhead none | Zek@20,21 TAGGED; TzKal-Zuk@22,8 TAGGED
t187 | 30,14 | 24..28|E|frz-14 | zukIn 2 | setIn 240 | zukHp 1023 | chosen 30,14 | walk - | weapon Rune Crossbow | untilShot 1 | target TzKal-Zuk[zuk] | gate ok | overhead none | Zek@20,21 TAGGED; TzKal-Zuk@22,8 TAGGED
t188 | 30,14 | 25..29|E|frz-15 | zukIn 1 | setIn 239 | zukHp 1023 | chosen 30,14 | walk - | weapon Rune Crossbow | untilShot 5 | target TzKal-Zuk[zuk] | gate ok | overhead none | Zek@20,21 TAGGED; TzKal-Zuk@22,8 TAGGED
FIRED t188 | 30,14 | Rune Crossbow | TzKal-Zuk
t189 | 30,14 | 26..30|E|frz-16 | zukIn 10 | setIn 238 | zukHp 1023 | chosen 35,14 | walk ->35,14 | weapon Rune Crossbow | untilShot 4 | target -[-] | gate - | overhead Protect from Magic | Zek@20,21 TAGGED; TzKal-Zuk@22,8 TAGGED
t190 | 32,14 | 27..31|E|frz-17 | zukIn 9 | setIn 237 | zukHp 1023 | chosen 35,14 | walk ->35,14 | weapon Rune Crossbow | untilShot 3 | target TzKal-Zuk[zuk] | gate - | overhead none | Zek@20,21 TAGGED; TzKal-Zuk@22,8 TAGGED
t191 | 34,14 | 28..32|E|frz-18 | zukIn 8 | setIn 236 | zukHp 1023 | chosen 35,14 | walk ->35,14 | weapon Rune Crossbow | untilShot 2 | target TzKal-Zuk[zuk] | gate - | overhead none | Zek@20,21 TAGGED; TzKal-Zuk@22,8 TAGGED
t192 | 35,14 | 29..33|E|frz-19 | zukIn 7 | setIn 235 | zukHp 1023 | chosen 35,14 | walk - | weapon Rune Crossbow | untilShot 1 | target TzKal-Zuk[zuk] | gate ok | overhead none | Zek@20,21 TAGGED; TzKal-Zuk@22,8 TAGGED
t193 | 35,14 | 30..34|E|frz-20 | zukIn 6 | setIn 234 | zukHp 1023 | chosen 36,14 | walk ->36,14 | weapon Rune Crossbow | untilShot 5 | target -[-] | gate - | overhead Protect from Magic | Zek@20,21 TAGGED; TzKal-Zuk@22,8 TAGGED
FIRED t193 | 35,14 | Rune Crossbow | TzKal-Zuk
t194 | 36,14 | 31..35|E|frz-21 | zukIn 5 | setIn 233 | zukHp 1023 | chosen 36,14 | walk - | weapon Rune Crossbow | untilShot 4 | target TzKal-Zuk[zuk] | gate - | overhead none | Zek@20,21 TAGGED; TzKal-Zuk@22,8 TAGGED
t195 | 36,14 | 32..36|E|frz-22 | zukIn 4 | setIn 232 | zukHp 1023 | chosen 36,14 | walk - | weapon Rune Crossbow | untilShot 3 | target TzKal-Zuk[zuk] | gate - | overhead none | Zek@20,21 TAGGED; TzKal-Zuk@22,8 TAGGED
t196 | 36,14 | 33..37|E|frz-23 | zukIn 3 | setIn 231 | zukHp 1021 | chosen 36,14 | walk - | weapon Rune Crossbow | untilShot 2 | target TzKal-Zuk[zuk] | gate - | overhead none | Zek@20,21 TAGGED; TzKal-Zuk@22,8 TAGGED
t197 | 36,14 | 34..38|E|frz-24 | zukIn 2 | setIn 230 | zukHp 1021 | chosen 36,14 | walk - | weapon Rune Crossbow | untilShot 1 | target TzKal-Zuk[zuk] | gate - | overhead Protect from Magic | Zek@20,21 TAGGED; TzKal-Zuk@22,8 TAGGED
t198 | 36,14 | 35..39|E|frz-25 | zukIn 1 | setIn 229 | zukHp 1021 | chosen 36,14 | walk - | weapon Rune Crossbow | untilShot 1 | target TzKal-Zuk[zuk] | gate - | overhead none | Zek@20,21 TAGGED; TzKal-Zuk@22,8 TAGGED
t199 | 36,14 | 36..40|W|frz4 | zukIn 10 | setIn 228 | zukHp 1021 | chosen 30,14 | walk ->30,14 | weapon Rune Crossbow | untilShot 1 | target -[-] | gate - | overhead none | Zek@20,21 TAGGED; TzKal-Zuk@22,8 TAGGED
t200 | 34,14 | 36..40|W|frz3 | zukIn 9 | setIn 227 | zukHp 1021 | chosen 30,14 | walk ->30,14 | weapon Rune Crossbow | untilShot 1 | target TzKal-Zuk[zuk] | gate - | overhead none | Zek@20,21 TAGGED; TzKal-Zuk@22,8 TAGGED
t201 | 32,14 | 36..40|W|frz2 | zukIn 8 | setIn 226 | zukHp 1021 | chosen 30,14 | walk ->30,14 | weapon Rune Crossbow | untilShot 1 | target TzKal-Zuk[zuk] | gate - | overhead Protect from Magic | Zek@20,21 TAGGED; TzKal-Zuk@22,8 TAGGED
t202 | 30,14 | 36..40|W|frz1 | zukIn 7 | setIn 225 | zukHp 1021 | chosen 30,14 | walk - | weapon Rune Crossbow | untilShot 1 | target TzKal-Zuk[zuk] | gate ok | overhead none | Zek@20,21 TAGGED; TzKal-Zuk@22,8 TAGGED
t203 | 30,14 | 36..40|W|frz0 | zukIn 6 | setIn 224 | zukHp 1021 | chosen 30,14 | walk - | weapon Rune Crossbow | untilShot 5 | target TzKal-Zuk[zuk] | gate ok | overhead none | Zek@20,21 TAGGED; TzKal-Zuk@22,8 TAGGED
FIRED t203 | 30,14 | Rune Crossbow | TzKal-Zuk
t204 | 30,14 | 35..39|W|frz-1 | zukIn 5 | setIn 223 | zukHp 1021 | chosen 30,14 | walk - | weapon Rune Crossbow | untilShot 4 | target TzKal-Zuk[zuk] | gate ok | overhead none | Zek@20,21 TAGGED; TzKal-Zuk@22,8 TAGGED
t205 | 30,14 | 34..38|W|frz-2 | zukIn 4 | setIn 222 | zukHp 1021 | chosen 30,14 | walk - | weapon Rune Crossbow | untilShot 3 | target TzKal-Zuk[zuk] | gate ok | overhead Protect from Magic | Zek@20,21 TAGGED; TzKal-Zuk@22,8 TAGGED
t206 | 30,14 | 33..37|W|frz-3 | zukIn 3 | setIn 221 | zukHp 993 | chosen 30,14 | walk - | weapon Rune Crossbow | untilShot 2 | target TzKal-Zuk[zuk] | gate ok | overhead none | Zek@20,21 TAGGED; TzKal-Zuk@22,8 TAGGED
t207 | 30,14 | 32..36|W|frz-4 | zukIn 2 | setIn 220 | zukHp 993 | chosen 30,14 | walk - | weapon Rune Crossbow | untilShot 1 | target TzKal-Zuk[zuk] | gate ok | overhead none | Zek@20,21 TAGGED; TzKal-Zuk@22,8 TAGGED
t208 | 30,14 | 31..35|W|frz-5 | zukIn 1 | setIn 219 | zukHp 993 | chosen 30,14 | walk - | weapon Rune Crossbow | untilShot 5 | target TzKal-Zuk[zuk] | gate ok | overhead none | Zek@20,21 TAGGED; TzKal-Zuk@22,8 TAGGED
FIRED t208 | 30,14 | Rune Crossbow | TzKal-Zuk
t209 | 30,14 | 30..34|W|frz-6 | zukIn 10 | setIn 218 | zukHp 993 | chosen 20,14 | walk ->20,14 | weapon Rune Crossbow | untilShot 4 | target -[-] | gate - | overhead Protect from Magic | Zek@20,21 TAGGED; TzKal-Zuk@22,8 TAGGED
t210 | 28,14 | 29..33|W|frz-7 | zukIn 9 | setIn 217 | zukHp 993 | chosen 20,14 | walk ->20,14 | weapon Rune Crossbow | untilShot 3 | target TzKal-Zuk[zuk] | gate ok | overhead none | Zek@20,21 TAGGED; TzKal-Zuk@22,8 TAGGED
t211 | 26,14 | 28..32|W|frz-8 | zukIn 8 | setIn 216 | zukHp 993 | chosen 20,14 | walk ->20,14 | weapon Rune Crossbow | untilShot 2 | target TzKal-Zuk[zuk] | gate ok | overhead none | Zek@20,21 TAGGED; TzKal-Zuk@22,8 TAGGED
t212 | 24,14 | 27..31|W|frz-9 | zukIn 7 | setIn 215 | zukHp 993 | chosen 20,14 | walk ->20,14 | weapon Rune Crossbow | untilShot 1 | target TzKal-Zuk[zuk] | gate ok | overhead none | Zek@20,21 TAGGED; TzKal-Zuk@22,8 TAGGED
t213 | 24,14 | 26..30|W|frz-10 | zukIn 6 | setIn 214 | zukHp 993 | chosen 20,14 | walk ->20,14 | weapon Rune Crossbow | untilShot 5 | target -[-] | gate - | overhead Protect from Magic | Zek@20,21 TAGGED; TzKal-Zuk@22,8 TAGGED
FIRED t213 | 24,14 | Rune Crossbow | TzKal-Zuk
t214 | 22,14 | 25..29|W|frz-11 | zukIn 5 | setIn 213 | zukHp 993 | chosen 20,14 | walk ->20,14 | weapon Rune Crossbow | untilShot 4 | target TzKal-Zuk[zuk] | gate ok | overhead none | Zek@20,21 TAGGED; TzKal-Zuk@22,8 TAGGED
t215 | 20,14 | 24..28|W|frz-12 | zukIn 4 | setIn 212 | zukHp 993 | chosen 20,14 | walk - | weapon Rune Crossbow | untilShot 3 | target TzKal-Zuk[zuk] | gate ok | overhead none | Zek@20,21 TAGGED; TzKal-Zuk@22,8 TAGGED
t216 | 20,14 | 23..27|W|frz-13 | zukIn 3 | setIn 211 | zukHp 993 | chosen 20,14 | walk - | weapon Rune Crossbow | untilShot 2 | target TzKal-Zuk[zuk] | gate ok | overhead none | Zek@20,21 TAGGED; TzKal-Zuk@22,8 TAGGED
t217 | 20,14 | 22..26|W|frz-14 | zukIn 2 | setIn 210 | zukHp 993 | chosen 20,14 | walk - | weapon Rune Crossbow | untilShot 1 | target TzKal-Zuk[zuk] | gate ok | overhead Protect from Magic | Zek@20,21 TAGGED; TzKal-Zuk@22,8 TAGGED
t218 | 20,14 | 21..25|W|frz-15 | zukIn 1 | setIn 209 | zukHp 993 | chosen 20,14 | walk - | weapon Rune Crossbow | untilShot 5 | target TzKal-Zuk[zuk] | gate ok | overhead none | Zek@20,21 TAGGED; TzKal-Zuk@22,8 TAGGED
FIRED t218 | 20,14 | Rune Crossbow | TzKal-Zuk
t219 | 20,14 | 20..24|W|frz-16 | zukIn 10 | setIn 208 | zukHp 993 | chosen 15,14 | walk ->15,14 | weapon Rune Crossbow | untilShot 4 | target -[-] | gate - | overhead none | Zek@20,21 TAGGED; TzKal-Zuk@22,8 TAGGED
t220 | 18,14 | 19..23|W|frz-17 | zukIn 9 | setIn 207 | zukHp 993 | chosen 15,14 | walk ->15,14 | weapon Rune Crossbow | untilShot 3 | target TzKal-Zuk[zuk] | gate - | overhead none | Zek@20,21 TAGGED; TzKal-Zuk@22,8 TAGGED
t221 | 16,14 | 18..22|W|frz-18 | zukIn 8 | setIn 206 | zukHp 993 | chosen 15,14 | walk ->15,14 | weapon Rune Crossbow | untilShot 2 | target TzKal-Zuk[zuk] | gate - | overhead Protect from Magic | Zek@20,21 TAGGED; TzKal-Zuk@22,8 TAGGED
t222 | 15,14 | 17..21|W|frz-19 | zukIn 7 | setIn 205 | zukHp 993 | chosen 15,14 | walk - | weapon Rune Crossbow | untilShot 1 | target TzKal-Zuk[zuk] | gate ok | overhead none | Zek@20,21 TAGGED; TzKal-Zuk@22,8 TAGGED
t223 | 15,14 | 16..20|W|frz-20 | zukIn 6 | setIn 204 | zukHp 993 | chosen 14,14 | walk ->14,14 | weapon Rune Crossbow | untilShot 5 | target -[-] | gate - | overhead none | Zek@20,21 TAGGED; TzKal-Zuk@22,8 TAGGED
FIRED t223 | 15,14 | Rune Crossbow | TzKal-Zuk
t224 | 14,14 | 15..19|W|frz-21 | zukIn 5 | setIn 203 | zukHp 993 | chosen 14,14 | walk - | weapon Rune Crossbow | untilShot 4 | target TzKal-Zuk[zuk] | gate - | overhead none | Zek@20,21 TAGGED; TzKal-Zuk@22,8 TAGGED
t225 | 14,14 | 14..18|W|frz-22 | zukIn 4 | setIn 202 | zukHp 993 | chosen 14,14 | walk - | weapon Rune Crossbow | untilShot 3 | target TzKal-Zuk[zuk] | gate - | overhead Protect from Magic | Zek@20,21 TAGGED; TzKal-Zuk@22,8 TAGGED
t226 | 14,14 | 13..17|W|frz-23 | zukIn 3 | setIn 201 | zukHp 967 | chosen 14,14 | walk - | weapon Rune Crossbow | untilShot 2 | target TzKal-Zuk[zuk] | gate - | overhead none | Zek@20,21 TAGGED; TzKal-Zuk@22,8 TAGGED
t227 | 14,14 | 12..16|W|frz-24 | zukIn 2 | setIn 200 | zukHp 967 | chosen 14,14 | walk - | weapon Rune Crossbow | untilShot 1 | target TzKal-Zuk[zuk] | gate - | overhead none | Zek@20,21 TAGGED; TzKal-Zuk@22,8 TAGGED
t228 | 14,14 | 11..15|W|frz-25 | zukIn 1 | setIn 199 | zukHp 967 | chosen 14,14 | walk - | weapon Rune Crossbow | untilShot 1 | target TzKal-Zuk[zuk] | gate - | overhead none | Zek@20,21 TAGGED; TzKal-Zuk@22,8 TAGGED
t229 | 14,14 | 10..14|E|frz4 | zukIn 10 | setIn 198 | zukHp 967 | chosen 20,14 | walk ->20,14 | weapon Rune Crossbow | untilShot 1 | target -[-] | gate - | overhead Protect from Magic | Zek@20,21 TAGGED; TzKal-Zuk@22,8 TAGGED
t230 | 16,14 | 10..14|E|frz3 | zukIn 9 | setIn 197 | zukHp 967 | chosen 20,14 | walk ->20,14 | weapon Rune Crossbow | untilShot 1 | target TzKal-Zuk[zuk] | gate - | overhead none | Zek@20,21 TAGGED; TzKal-Zuk@22,8 TAGGED
t231 | 18,14 | 10..14|E|frz2 | zukIn 8 | setIn 196 | zukHp 967 | chosen 20,14 | walk ->20,14 | weapon Rune Crossbow | untilShot 1 | target TzKal-Zuk[zuk] | gate - | overhead none | Zek@20,21 TAGGED; TzKal-Zuk@22,8 TAGGED
t232 | 20,14 | 10..14|E|frz1 | zukIn 7 | setIn 195 | zukHp 967 | chosen 20,14 | walk - | weapon Rune Crossbow | untilShot 1 | target TzKal-Zuk[zuk] | gate ok | overhead none | Zek@20,21 TAGGED; TzKal-Zuk@22,8 TAGGED
t233 | 20,14 | 10..14|E|frz0 | zukIn 6 | setIn 194 | zukHp 967 | chosen 20,14 | walk - | weapon Rune Crossbow | untilShot 5 | target TzKal-Zuk[zuk] | gate ok | overhead Protect from Magic | Zek@20,21 TAGGED; TzKal-Zuk@22,8 TAGGED
FIRED t233 | 20,14 | Rune Crossbow | TzKal-Zuk
t234 | 20,14 | 11..15|E|frz-1 | zukIn 5 | setIn 193 | zukHp 967 | chosen 20,14 | walk - | weapon Rune Crossbow | untilShot 4 | target TzKal-Zuk[zuk] | gate ok | overhead none | Zek@20,21 TAGGED; TzKal-Zuk@22,8 TAGGED
t235 | 20,14 | 12..16|E|frz-2 | zukIn 4 | setIn 192 | zukHp 967 | chosen 20,14 | walk - | weapon Rune Crossbow | untilShot 3 | target TzKal-Zuk[zuk] | gate ok | overhead none | Zek@20,21 TAGGED; TzKal-Zuk@22,8 TAGGED
t236 | 20,14 | 13..17|E|frz-3 | zukIn 3 | setIn 191 | zukHp 948 | chosen 20,14 | walk - | weapon Rune Crossbow | untilShot 2 | target TzKal-Zuk[zuk] | gate ok | overhead none | Zek@20,21 TAGGED; TzKal-Zuk@22,8 TAGGED
t237 | 20,14 | 14..18|E|frz-4 | zukIn 2 | setIn 190 | zukHp 948 | chosen 20,14 | walk - | weapon Rune Crossbow | untilShot 1 | target TzKal-Zuk[zuk] | gate ok | overhead Protect from Magic | Zek@20,21 TAGGED; TzKal-Zuk@22,8 TAGGED
t238 | 20,14 | 15..19|E|frz-5 | zukIn 1 | setIn 189 | zukHp 948 | chosen 20,14 | walk - | weapon Rune Crossbow | untilShot 5 | target TzKal-Zuk[zuk] | gate ok | overhead none | Zek@20,21 TAGGED; TzKal-Zuk@22,8 TAGGED
FIRED t238 | 20,14 | Rune Crossbow | TzKal-Zuk
t239 | 20,14 | 16..20|E|frz-6 | zukIn 10 | setIn 188 | zukHp 948 | chosen 30,14 | walk ->30,14 | weapon Rune Crossbow | untilShot 4 | target -[-] | gate - | overhead none | Zek@20,21 TAGGED; TzKal-Zuk@22,8 TAGGED
t240 | 22,14 | 17..21|E|frz-7 | zukIn 9 | setIn 187 | zukHp 948 | chosen 30,14 | walk ->30,14 | weapon Rune Crossbow | untilShot 3 | target TzKal-Zuk[zuk] | gate ok | overhead none | Zek@20,21 TAGGED; TzKal-Zuk@22,8 TAGGED
t241 | 24,14 | 18..22|E|frz-8 | zukIn 8 | setIn 186 | zukHp 948 | chosen 30,14 | walk ->30,14 | weapon Rune Crossbow | untilShot 2 | target TzKal-Zuk[zuk] | gate ok | overhead Protect from Magic | Zek@20,21 TAGGED; TzKal-Zuk@22,8 TAGGED
t242 | 26,14 | 19..23|E|frz-9 | zukIn 7 | setIn 185 | zukHp 948 | chosen 30,14 | walk ->30,14 | weapon Rune Crossbow | untilShot 1 | target TzKal-Zuk[zuk] | gate ok | overhead none | Zek@20,21 TAGGED; TzKal-Zuk@22,8 TAGGED
t243 | 26,14 | 20..24|E|frz-10 | zukIn 6 | setIn 184 | zukHp 948 | chosen 30,14 | walk ->30,14 | weapon Rune Crossbow | untilShot 5 | target -[-] | gate - | overhead none | Zek@20,21 TAGGED; TzKal-Zuk@22,8 TAGGED
FIRED t243 | 26,14 | Rune Crossbow | TzKal-Zuk
t244 | 28,14 | 21..25|E|frz-11 | zukIn 5 | setIn 183 | zukHp 948 | chosen 30,14 | walk ->30,14 | weapon Rune Crossbow | untilShot 4 | target TzKal-Zuk[zuk] | gate ok | overhead none | Zek@20,21 TAGGED; TzKal-Zuk@22,8 TAGGED
t245 | 30,14 | 22..26|E|frz-12 | zukIn 4 | setIn 182 | zukHp 948 | chosen 30,14 | walk - | weapon Rune Crossbow | untilShot 3 | target TzKal-Zuk[zuk] | gate ok | overhead Protect from Magic | Zek@20,21 TAGGED; TzKal-Zuk@22,8 TAGGED
t246 | 30,14 | 23..27|E|frz-13 | zukIn 3 | setIn 181 | zukHp 928 | chosen 30,14 | walk - | weapon Rune Crossbow | untilShot 2 | target TzKal-Zuk[zuk] | gate ok | overhead none | Zek@20,21 TAGGED; TzKal-Zuk@22,8 TAGGED
t247 | 30,14 | 24..28|E|frz-14 | zukIn 2 | setIn 180 | zukHp 928 | chosen 30,14 | walk - | weapon Rune Crossbow | untilShot 1 | target TzKal-Zuk[zuk] | gate ok | overhead none | Zek@20,21 TAGGED; TzKal-Zuk@22,8 TAGGED
t248 | 30,14 | 25..29|E|frz-15 | zukIn 1 | setIn 179 | zukHp 928 | chosen 30,14 | walk - | weapon Rune Crossbow | untilShot 5 | target TzKal-Zuk[zuk] | gate ok | overhead none | Zek@20,21 TAGGED; TzKal-Zuk@22,8 TAGGED
FIRED t248 | 30,14 | Rune Crossbow | TzKal-Zuk
t249 | 30,14 | 26..30|E|frz-16 | zukIn 10 | setIn 178 | zukHp 928 | chosen 35,14 | walk ->35,14 | weapon Rune Crossbow | untilShot 4 | target -[-] | gate - | overhead Protect from Magic | Zek@20,21 TAGGED; TzKal-Zuk@22,8 TAGGED
t250 | 32,14 | 27..31|E|frz-17 | zukIn 9 | setIn 177 | zukHp 928 | chosen 35,14 | walk ->35,14 | weapon Rune Crossbow | untilShot 3 | target TzKal-Zuk[zuk] | gate - | overhead none | Zek@20,21 TAGGED; TzKal-Zuk@22,8 TAGGED
t251 | 34,14 | 28..32|E|frz-18 | zukIn 8 | setIn 176 | zukHp 928 | chosen 35,14 | walk ->35,14 | weapon Rune Crossbow | untilShot 2 | target TzKal-Zuk[zuk] | gate - | overhead none | Zek@20,21 TAGGED; TzKal-Zuk@22,8 TAGGED
t252 | 35,14 | 29..33|E|frz-19 | zukIn 7 | setIn 175 | zukHp 928 | chosen 35,14 | walk - | weapon Rune Crossbow | untilShot 1 | target TzKal-Zuk[zuk] | gate ok | overhead none | Zek@20,21 TAGGED; TzKal-Zuk@22,8 TAGGED
t253 | 35,14 | 30..34|E|frz-20 | zukIn 6 | setIn 174 | zukHp 928 | chosen 36,14 | walk ->36,14 | weapon Rune Crossbow | untilShot 5 | target -[-] | gate - | overhead Protect from Magic | Zek@20,21 TAGGED; TzKal-Zuk@22,8 TAGGED
FIRED t253 | 35,14 | Rune Crossbow | TzKal-Zuk
t254 | 36,14 | 31..35|E|frz-21 | zukIn 5 | setIn 173 | zukHp 928 | chosen 36,14 | walk - | weapon Rune Crossbow | untilShot 4 | target TzKal-Zuk[zuk] | gate - | overhead none | Zek@20,21 TAGGED; TzKal-Zuk@22,8 TAGGED
t255 | 36,14 | 32..36|E|frz-22 | zukIn 4 | setIn 172 | zukHp 928 | chosen 36,14 | walk - | weapon Rune Crossbow | untilShot 3 | target TzKal-Zuk[zuk] | gate - | overhead none | Zek@20,21 TAGGED; TzKal-Zuk@22,8 TAGGED
t256 | 36,14 | 33..37|E|frz-23 | zukIn 3 | setIn 171 | zukHp 928 | chosen 36,14 | walk - | weapon Rune Crossbow | untilShot 2 | target TzKal-Zuk[zuk] | gate - | overhead none | Zek@20,21 TAGGED; TzKal-Zuk@22,8 TAGGED
t257 | 36,14 | 34..38|E|frz-24 | zukIn 2 | setIn 170 | zukHp 928 | chosen 36,14 | walk - | weapon Rune Crossbow | untilShot 1 | target TzKal-Zuk[zuk] | gate - | overhead Protect from Magic | Zek@20,21 TAGGED; TzKal-Zuk@22,8 TAGGED
t258 | 36,14 | 35..39|E|frz-25 | zukIn 1 | setIn 169 | zukHp 928 | chosen 36,14 | walk - | weapon Rune Crossbow | untilShot 1 | target TzKal-Zuk[zuk] | gate - | overhead none | Zek@20,21 TAGGED; TzKal-Zuk@22,8 TAGGED
t259 | 36,14 | 36..40|W|frz4 | zukIn 10 | setIn 168 | zukHp 928 | chosen 30,14 | walk ->30,14 | weapon Rune Crossbow | untilShot 1 | target -[-] | gate - | overhead none | Zek@20,21 TAGGED; TzKal-Zuk@22,8 TAGGED
t260 | 34,14 | 36..40|W|frz3 | zukIn 9 | setIn 167 | zukHp 928 | chosen 30,14 | walk ->30,14 | weapon Rune Crossbow | untilShot 1 | target TzKal-Zuk[zuk] | gate - | overhead none | Zek@20,21 TAGGED; TzKal-Zuk@22,8 TAGGED
t261 | 32,14 | 36..40|W|frz2 | zukIn 8 | setIn 166 | zukHp 928 | chosen 30,14 | walk ->30,14 | weapon Rune Crossbow | untilShot 1 | target TzKal-Zuk[zuk] | gate - | overhead Protect from Magic | Zek@20,21 TAGGED; TzKal-Zuk@22,8 TAGGED
t262 | 30,14 | 36..40|W|frz1 | zukIn 7 | setIn 165 | zukHp 928 | chosen 30,14 | walk - | weapon Rune Crossbow | untilShot 1 | target TzKal-Zuk[zuk] | gate ok | overhead none | Zek@20,21 TAGGED; TzKal-Zuk@22,8 TAGGED
t263 | 30,14 | 36..40|W|frz0 | zukIn 6 | setIn 164 | zukHp 928 | chosen 30,14 | walk - | weapon Rune Crossbow | untilShot 5 | target TzKal-Zuk[zuk] | gate ok | overhead none | Zek@20,21 TAGGED; TzKal-Zuk@22,8 TAGGED
FIRED t263 | 30,14 | Rune Crossbow | TzKal-Zuk
t264 | 30,14 | 35..39|W|frz-1 | zukIn 5 | setIn 163 | zukHp 928 | chosen 30,14 | walk - | weapon Rune Crossbow | untilShot 4 | target TzKal-Zuk[zuk] | gate ok | overhead none | Zek@20,21 TAGGED; TzKal-Zuk@22,8 TAGGED
t265 | 30,14 | 34..38|W|frz-2 | zukIn 4 | setIn 162 | zukHp 928 | chosen 30,14 | walk - | weapon Rune Crossbow | untilShot 3 | target TzKal-Zuk[zuk] | gate ok | overhead Protect from Magic | Zek@20,21 TAGGED; TzKal-Zuk@22,8 TAGGED
t266 | 30,14 | 33..37|W|frz-3 | zukIn 3 | setIn 161 | zukHp 903 | chosen 30,14 | walk - | weapon Rune Crossbow | untilShot 2 | target TzKal-Zuk[zuk] | gate ok | overhead none | Zek@20,21 TAGGED; TzKal-Zuk@22,8 TAGGED
t267 | 30,14 | 32..36|W|frz-4 | zukIn 2 | setIn 160 | zukHp 903 | chosen 30,14 | walk - | weapon Rune Crossbow | untilShot 1 | target TzKal-Zuk[zuk] | gate ok | overhead none | Zek@20,21 TAGGED; TzKal-Zuk@22,8 TAGGED
t268 | 30,14 | 31..35|W|frz-5 | zukIn 1 | setIn 159 | zukHp 903 | chosen 30,14 | walk - | weapon Rune Crossbow | untilShot 5 | target TzKal-Zuk[zuk] | gate ok | overhead none | Zek@20,21 TAGGED; TzKal-Zuk@22,8 TAGGED
FIRED t268 | 30,14 | Rune Crossbow | TzKal-Zuk
t269 | 30,14 | 30..34|W|frz-6 | zukIn 10 | setIn 158 | zukHp 903 | chosen 20,14 | walk ->20,14 | weapon Rune Crossbow | untilShot 4 | target -[-] | gate - | overhead Protect from Magic | Zek@20,21 TAGGED; TzKal-Zuk@22,8 TAGGED
t270 | 28,14 | 29..33|W|frz-7 | zukIn 9 | setIn 157 | zukHp 903 | chosen 20,14 | walk ->20,14 | weapon Rune Crossbow | untilShot 3 | target TzKal-Zuk[zuk] | gate ok | overhead none | Zek@20,21 TAGGED; TzKal-Zuk@22,8 TAGGED
t271 | 26,14 | 28..32|W|frz-8 | zukIn 8 | setIn 156 | zukHp 878 | chosen 20,14 | walk ->20,14 | weapon Rune Crossbow | untilShot 2 | target TzKal-Zuk[zuk] | gate ok | overhead none | Zek@20,21 TAGGED; TzKal-Zuk@22,8 TAGGED
t272 | 24,14 | 27..31|W|frz-9 | zukIn 7 | setIn 155 | zukHp 878 | chosen 20,14 | walk ->20,14 | weapon Rune Crossbow | untilShot 1 | target TzKal-Zuk[zuk] | gate ok | overhead none | Zek@20,21 TAGGED; TzKal-Zuk@22,8 TAGGED
t273 | 24,14 | 26..30|W|frz-10 | zukIn 6 | setIn 154 | zukHp 878 | chosen 20,14 | walk ->20,14 | weapon Rune Crossbow | untilShot 5 | target -[-] | gate - | overhead Protect from Magic | Zek@20,21 TAGGED; TzKal-Zuk@22,8 TAGGED
FIRED t273 | 24,14 | Rune Crossbow | TzKal-Zuk
t274 | 22,14 | 25..29|W|frz-11 | zukIn 5 | setIn 153 | zukHp 878 | chosen 20,14 | walk ->20,14 | weapon Rune Crossbow | untilShot 4 | target TzKal-Zuk[zuk] | gate ok | overhead none | Zek@20,21 TAGGED; TzKal-Zuk@22,8 TAGGED
t275 | 20,14 | 24..28|W|frz-12 | zukIn 4 | setIn 152 | zukHp 878 | chosen 20,14 | walk - | weapon Rune Crossbow | untilShot 3 | target TzKal-Zuk[zuk] | gate ok | overhead none | Zek@20,21 TAGGED; TzKal-Zuk@22,8 TAGGED
t276 | 20,14 | 23..27|W|frz-13 | zukIn 3 | setIn 151 | zukHp 878 | chosen 20,14 | walk - | weapon Rune Crossbow | untilShot 2 | target TzKal-Zuk[zuk] | gate ok | overhead none | Zek@20,21 TAGGED; TzKal-Zuk@22,8 TAGGED
t277 | 20,14 | 22..26|W|frz-14 | zukIn 2 | setIn 150 | zukHp 878 | chosen 20,14 | walk - | weapon Rune Crossbow | untilShot 1 | target TzKal-Zuk[zuk] | gate ok | overhead Protect from Magic | Zek@20,21 TAGGED; TzKal-Zuk@22,8 TAGGED
t278 | 20,14 | 21..25|W|frz-15 | zukIn 1 | setIn 149 | zukHp 878 | chosen 20,14 | walk - | weapon Rune Crossbow | untilShot 5 | target TzKal-Zuk[zuk] | gate ok | overhead none | Zek@20,21 TAGGED; TzKal-Zuk@22,8 TAGGED
FIRED t278 | 20,14 | Rune Crossbow | TzKal-Zuk
t279 | 20,14 | 20..24|W|frz-16 | zukIn 10 | setIn 148 | zukHp 878 | chosen 15,14 | walk ->15,14 | weapon Rune Crossbow | untilShot 4 | target -[-] | gate - | overhead none | Zek@20,21 TAGGED; TzKal-Zuk@22,8 TAGGED
t280 | 18,14 | 19..23|W|frz-17 | zukIn 9 | setIn 147 | zukHp 878 | chosen 15,14 | walk ->15,14 | weapon Rune Crossbow | untilShot 3 | target TzKal-Zuk[zuk] | gate - | overhead none | Zek@20,21 TAGGED; TzKal-Zuk@22,8 TAGGED
t281 | 16,14 | 18..22|W|frz-18 | zukIn 8 | setIn 146 | zukHp 878 | chosen 15,14 | walk ->15,14 | weapon Rune Crossbow | untilShot 2 | target TzKal-Zuk[zuk] | gate - | overhead Protect from Magic | Zek@20,21 TAGGED; TzKal-Zuk@22,8 TAGGED
t282 | 15,14 | 17..21|W|frz-19 | zukIn 7 | setIn 145 | zukHp 878 | chosen 15,14 | walk - | weapon Rune Crossbow | untilShot 1 | target TzKal-Zuk[zuk] | gate ok | overhead none | Zek@20,21 TAGGED; TzKal-Zuk@22,8 TAGGED
t283 | 15,14 | 16..20|W|frz-20 | zukIn 6 | setIn 144 | zukHp 878 | chosen 14,14 | walk ->14,14 | weapon Rune Crossbow | untilShot 5 | target -[-] | gate - | overhead none | Zek@20,21 TAGGED; TzKal-Zuk@22,8 TAGGED
FIRED t283 | 15,14 | Rune Crossbow | TzKal-Zuk
t284 | 14,14 | 15..19|W|frz-21 | zukIn 5 | setIn 143 | zukHp 878 | chosen 14,14 | walk - | weapon Rune Crossbow | untilShot 4 | target TzKal-Zuk[zuk] | gate - | overhead none | Zek@20,21 TAGGED; TzKal-Zuk@22,8 TAGGED
t285 | 14,14 | 14..18|W|frz-22 | zukIn 4 | setIn 142 | zukHp 878 | chosen 14,14 | walk - | weapon Rune Crossbow | untilShot 3 | target TzKal-Zuk[zuk] | gate - | overhead Protect from Magic | Zek@20,21 TAGGED; TzKal-Zuk@22,8 TAGGED
t286 | 14,14 | 13..17|W|frz-23 | zukIn 3 | setIn 141 | zukHp 878 | chosen 14,14 | walk - | weapon Rune Crossbow | untilShot 2 | target TzKal-Zuk[zuk] | gate - | overhead none | Zek@20,21 TAGGED; TzKal-Zuk@22,8 TAGGED
t287 | 14,14 | 12..16|W|frz-24 | zukIn 2 | setIn 140 | zukHp 878 | chosen 14,14 | walk - | weapon Rune Crossbow | untilShot 1 | target TzKal-Zuk[zuk] | gate - | overhead none | Zek@20,21 TAGGED; TzKal-Zuk@22,8 TAGGED
t288 | 14,14 | 11..15|W|frz-25 | zukIn 1 | setIn 139 | zukHp 878 | chosen 14,14 | walk - | weapon Rune Crossbow | untilShot 1 | target TzKal-Zuk[zuk] | gate - | overhead none | Zek@20,21 TAGGED; TzKal-Zuk@22,8 TAGGED
t289 | 14,14 | 10..14|E|frz4 | zukIn 10 | setIn 138 | zukHp 878 | chosen 20,14 | walk ->20,14 | weapon Rune Crossbow | untilShot 1 | target -[-] | gate - | overhead Protect from Magic | Zek@20,21 TAGGED; TzKal-Zuk@22,8 TAGGED
t290 | 16,14 | 10..14|E|frz3 | zukIn 9 | setIn 137 | zukHp 878 | chosen 20,14 | walk ->20,14 | weapon Rune Crossbow | untilShot 1 | target TzKal-Zuk[zuk] | gate - | overhead none | Zek@20,21 TAGGED; TzKal-Zuk@22,8 TAGGED
t291 | 18,14 | 10..14|E|frz2 | zukIn 8 | setIn 136 | zukHp 878 | chosen 20,14 | walk ->20,14 | weapon Rune Crossbow | untilShot 1 | target TzKal-Zuk[zuk] | gate - | overhead none | Zek@20,21 TAGGED; TzKal-Zuk@22,8 TAGGED
t292 | 20,14 | 10..14|E|frz1 | zukIn 7 | setIn 135 | zukHp 878 | chosen 20,14 | walk - | weapon Rune Crossbow | untilShot 1 | target TzKal-Zuk[zuk] | gate ok | overhead none | Zek@20,21 TAGGED; TzKal-Zuk@22,8 TAGGED
t293 | 20,14 | 10..14|E|frz0 | zukIn 6 | setIn 134 | zukHp 878 | chosen 20,14 | walk - | weapon Rune Crossbow | untilShot 5 | target TzKal-Zuk[zuk] | gate ok | overhead Protect from Magic | Zek@20,21 TAGGED; TzKal-Zuk@22,8 TAGGED
FIRED t293 | 20,14 | Rune Crossbow | TzKal-Zuk
t294 | 20,14 | 11..15|E|frz-1 | zukIn 5 | setIn 133 | zukHp 878 | chosen 20,14 | walk - | weapon Rune Crossbow | untilShot 4 | target TzKal-Zuk[zuk] | gate ok | overhead none | Zek@20,21 TAGGED; TzKal-Zuk@22,8 TAGGED
t295 | 20,14 | 12..16|E|frz-2 | zukIn 4 | setIn 132 | zukHp 878 | chosen 20,14 | walk - | weapon Rune Crossbow | untilShot 3 | target TzKal-Zuk[zuk] | gate ok | overhead none | Zek@20,21 TAGGED; TzKal-Zuk@22,8 TAGGED
t296 | 20,14 | 13..17|E|frz-3 | zukIn 3 | setIn 131 | zukHp 862 | chosen 20,14 | walk - | weapon Rune Crossbow | untilShot 2 | target TzKal-Zuk[zuk] | gate ok | overhead none | Zek@20,21 TAGGED; TzKal-Zuk@22,8 TAGGED
t297 | 20,14 | 14..18|E|frz-4 | zukIn 2 | setIn 130 | zukHp 862 | chosen 20,14 | walk - | weapon Rune Crossbow | untilShot 1 | target TzKal-Zuk[zuk] | gate ok | overhead Protect from Magic | Zek@20,21 TAGGED; TzKal-Zuk@22,8 TAGGED
t298 | 20,14 | 15..19|E|frz-5 | zukIn 1 | setIn 129 | zukHp 862 | chosen 20,14 | walk - | weapon Rune Crossbow | untilShot 5 | target TzKal-Zuk[zuk] | gate ok | overhead none | Zek@20,21 TAGGED; TzKal-Zuk@22,8 TAGGED
FIRED t298 | 20,14 | Rune Crossbow | TzKal-Zuk
t299 | 20,14 | 16..20|E|frz-6 | zukIn 10 | setIn 128 | zukHp 862 | chosen 30,14 | walk ->30,14 | weapon Rune Crossbow | untilShot 4 | target -[-] | gate - | overhead none | Zek@20,21 TAGGED; TzKal-Zuk@22,8 TAGGED
t300 | 22,14 | 17..21|E|frz-7 | zukIn 9 | setIn 127 | zukHp 862 | chosen 30,14 | walk ->30,14 | weapon Rune Crossbow | untilShot 3 | target TzKal-Zuk[zuk] | gate ok | overhead none | Zek@20,21 TAGGED; TzKal-Zuk@22,8 TAGGED
t301 | 24,14 | 18..22|E|frz-8 | zukIn 8 | setIn 126 | zukHp 862 | chosen 30,14 | walk ->30,14 | weapon Rune Crossbow | untilShot 2 | target TzKal-Zuk[zuk] | gate ok | overhead Protect from Magic | Zek@20,21 TAGGED; TzKal-Zuk@22,8 TAGGED
t302 | 26,14 | 19..23|E|frz-9 | zukIn 7 | setIn 125 | zukHp 862 | chosen 30,14 | walk ->30,14 | weapon Rune Crossbow | untilShot 1 | target TzKal-Zuk[zuk] | gate ok | overhead none | Zek@20,21 TAGGED; TzKal-Zuk@22,8 TAGGED
t303 | 26,14 | 20..24|E|frz-10 | zukIn 6 | setIn 124 | zukHp 862 | chosen 30,14 | walk ->30,14 | weapon Rune Crossbow | untilShot 5 | target -[-] | gate - | overhead none | Zek@20,21 TAGGED; TzKal-Zuk@22,8 TAGGED
FIRED t303 | 26,14 | Rune Crossbow | TzKal-Zuk
t304 | 28,14 | 21..25|E|frz-11 | zukIn 5 | setIn 123 | zukHp 862 | chosen 30,14 | walk ->30,14 | weapon Rune Crossbow | untilShot 4 | target TzKal-Zuk[zuk] | gate ok | overhead none | Zek@20,21 TAGGED; TzKal-Zuk@22,8 TAGGED
t305 | 30,14 | 22..26|E|frz-12 | zukIn 4 | setIn 122 | zukHp 862 | chosen 30,14 | walk - | weapon Rune Crossbow | untilShot 3 | target TzKal-Zuk[zuk] | gate ok | overhead Protect from Magic | Zek@20,21 TAGGED; TzKal-Zuk@22,8 TAGGED
t306 | 30,14 | 23..27|E|frz-13 | zukIn 3 | setIn 121 | zukHp 862 | chosen 30,14 | walk - | weapon Rune Crossbow | untilShot 2 | target TzKal-Zuk[zuk] | gate ok | overhead none | Zek@20,21 TAGGED; TzKal-Zuk@22,8 TAGGED
t307 | 30,14 | 24..28|E|frz-14 | zukIn 2 | setIn 120 | zukHp 862 | chosen 30,14 | walk - | weapon Rune Crossbow | untilShot 1 | target TzKal-Zuk[zuk] | gate ok | overhead none | Zek@20,21 TAGGED; TzKal-Zuk@22,8 TAGGED
t308 | 30,14 | 25..29|E|frz-15 | zukIn 1 | setIn 119 | zukHp 862 | chosen 30,14 | walk - | weapon Rune Crossbow | untilShot 5 | target TzKal-Zuk[zuk] | gate ok | overhead none | Zek@20,21 TAGGED; TzKal-Zuk@22,8 TAGGED
FIRED t308 | 30,14 | Rune Crossbow | TzKal-Zuk
t309 | 30,14 | 26..30|E|frz-16 | zukIn 10 | setIn 118 | zukHp 862 | chosen 35,14 | walk ->35,14 | weapon Rune Crossbow | untilShot 4 | target -[-] | gate - | overhead Protect from Magic | Zek@20,21 TAGGED; TzKal-Zuk@22,8 TAGGED
t310 | 32,14 | 27..31|E|frz-17 | zukIn 9 | setIn 117 | zukHp 862 | chosen 35,14 | walk ->35,14 | weapon Rune Crossbow | untilShot 3 | target TzKal-Zuk[zuk] | gate - | overhead none | Zek@20,21 TAGGED; TzKal-Zuk@22,8 TAGGED
t311 | 34,14 | 28..32|E|frz-18 | zukIn 8 | setIn 116 | zukHp 844 | chosen 35,14 | walk ->35,14 | weapon Rune Crossbow | untilShot 2 | target TzKal-Zuk[zuk] | gate - | overhead none | Zek@20,21 TAGGED; TzKal-Zuk@22,8 TAGGED
t312 | 35,14 | 29..33|E|frz-19 | zukIn 7 | setIn 115 | zukHp 844 | chosen 35,14 | walk - | weapon Rune Crossbow | untilShot 1 | target TzKal-Zuk[zuk] | gate ok | overhead none | Zek@20,21 TAGGED; TzKal-Zuk@22,8 TAGGED
t313 | 35,14 | 30..34|E|frz-20 | zukIn 6 | setIn 114 | zukHp 844 | chosen 36,14 | walk ->36,14 | weapon Rune Crossbow | untilShot 5 | target -[-] | gate - | overhead Protect from Magic | Zek@20,21 TAGGED; TzKal-Zuk@22,8 TAGGED
FIRED t313 | 35,14 | Rune Crossbow | TzKal-Zuk
t314 | 36,14 | 31..35|E|frz-21 | zukIn 5 | setIn 113 | zukHp 844 | chosen 36,14 | walk - | weapon Rune Crossbow | untilShot 4 | target TzKal-Zuk[zuk] | gate - | overhead none | Zek@20,21 TAGGED; TzKal-Zuk@22,8 TAGGED
t315 | 36,14 | 32..36|E|frz-22 | zukIn 4 | setIn 112 | zukHp 844 | chosen 36,14 | walk - | weapon Rune Crossbow | untilShot 3 | target TzKal-Zuk[zuk] | gate - | overhead none | Zek@20,21 TAGGED; TzKal-Zuk@22,8 TAGGED
t316 | 36,14 | 33..37|E|frz-23 | zukIn 3 | setIn 111 | zukHp 844 | chosen 36,14 | walk - | weapon Rune Crossbow | untilShot 2 | target TzKal-Zuk[zuk] | gate - | overhead none | Zek@20,21 TAGGED; TzKal-Zuk@22,8 TAGGED
t317 | 36,14 | 34..38|E|frz-24 | zukIn 2 | setIn 110 | zukHp 844 | chosen 36,14 | walk - | weapon Rune Crossbow | untilShot 1 | target TzKal-Zuk[zuk] | gate - | overhead Protect from Magic | Zek@20,21 TAGGED; TzKal-Zuk@22,8 TAGGED
t318 | 36,14 | 35..39|E|frz-25 | zukIn 1 | setIn 109 | zukHp 844 | chosen 36,14 | walk - | weapon Rune Crossbow | untilShot 1 | target TzKal-Zuk[zuk] | gate - | overhead none | Zek@20,21 TAGGED; TzKal-Zuk@22,8 TAGGED
t319 | 36,14 | 36..40|W|frz4 | zukIn 10 | setIn 108 | zukHp 844 | chosen 30,14 | walk ->30,14 | weapon Rune Crossbow | untilShot 1 | target -[-] | gate - | overhead none | Zek@20,21 TAGGED; TzKal-Zuk@22,8 TAGGED
t320 | 34,14 | 36..40|W|frz3 | zukIn 9 | setIn 107 | zukHp 844 | chosen 30,14 | walk ->30,14 | weapon Rune Crossbow | untilShot 1 | target TzKal-Zuk[zuk] | gate - | overhead none | Zek@20,21 TAGGED; TzKal-Zuk@22,8 TAGGED
t321 | 32,14 | 36..40|W|frz2 | zukIn 8 | setIn 106 | zukHp 844 | chosen 30,14 | walk ->30,14 | weapon Rune Crossbow | untilShot 1 | target TzKal-Zuk[zuk] | gate - | overhead Protect from Magic | Zek@20,21 TAGGED; TzKal-Zuk@22,8 TAGGED
t322 | 30,14 | 36..40|W|frz1 | zukIn 7 | setIn 105 | zukHp 844 | chosen 30,14 | walk - | weapon Rune Crossbow | untilShot 1 | target TzKal-Zuk[zuk] | gate ok | overhead none | Zek@20,21 TAGGED; TzKal-Zuk@22,8 TAGGED
t323 | 30,14 | 36..40|W|frz0 | zukIn 6 | setIn 104 | zukHp 844 | chosen 30,14 | walk - | weapon Rune Crossbow | untilShot 5 | target TzKal-Zuk[zuk] | gate ok | overhead none | Zek@20,21 TAGGED; TzKal-Zuk@22,8 TAGGED
FIRED t323 | 30,14 | Rune Crossbow | TzKal-Zuk
t324 | 30,14 | 35..39|W|frz-1 | zukIn 5 | setIn 103 | zukHp 844 | chosen 30,14 | walk - | weapon Rune Crossbow | untilShot 4 | target TzKal-Zuk[zuk] | gate ok | overhead none | Zek@20,21 TAGGED; TzKal-Zuk@22,8 TAGGED
t325 | 30,14 | 34..38|W|frz-2 | zukIn 4 | setIn 102 | zukHp 844 | chosen 30,14 | walk - | weapon Rune Crossbow | untilShot 3 | target TzKal-Zuk[zuk] | gate ok | overhead Protect from Magic | Zek@20,21 TAGGED; TzKal-Zuk@22,8 TAGGED
t326 | 30,14 | 33..37|W|frz-3 | zukIn 3 | setIn 101 | zukHp 840 | chosen 30,14 | walk - | weapon Rune Crossbow | untilShot 2 | target TzKal-Zuk[zuk] | gate ok | overhead none | Zek@20,21 TAGGED; TzKal-Zuk@22,8 TAGGED
t327 | 30,14 | 32..36|W|frz-4 | zukIn 2 | setIn 100 | zukHp 840 | chosen 30,14 | walk - | weapon Rune Crossbow | untilShot 1 | target TzKal-Zuk[zuk] | gate ok | overhead none | Zek@20,21 TAGGED; TzKal-Zuk@22,8 TAGGED
t328 | 30,14 | 31..35|W|frz-5 | zukIn 1 | setIn 99 | zukHp 840 | chosen 30,14 | walk - | weapon Rune Crossbow | untilShot 5 | target TzKal-Zuk[zuk] | gate ok | overhead none | Zek@20,21 TAGGED; TzKal-Zuk@22,8 TAGGED
FIRED t328 | 30,14 | Rune Crossbow | TzKal-Zuk
t329 | 30,14 | 30..34|W|frz-6 | zukIn 10 | setIn 98 | zukHp 840 | chosen 20,14 | walk ->20,14 | weapon Rune Crossbow | untilShot 4 | target -[-] | gate - | overhead Protect from Magic | Zek@20,21 TAGGED; TzKal-Zuk@22,8 TAGGED
t330 | 28,14 | 29..33|W|frz-7 | zukIn 9 | setIn 97 | zukHp 840 | chosen 20,14 | walk ->20,14 | weapon Rune Crossbow | untilShot 3 | target TzKal-Zuk[zuk] | gate ok | overhead none | Zek@20,21 TAGGED; TzKal-Zuk@22,8 TAGGED
t331 | 26,14 | 28..32|W|frz-8 | zukIn 8 | setIn 96 | zukHp 840 | chosen 20,14 | walk ->20,14 | weapon Rune Crossbow | untilShot 2 | target TzKal-Zuk[zuk] | gate ok | overhead none | Zek@20,21 TAGGED; TzKal-Zuk@22,8 TAGGED
t332 | 24,14 | 27..31|W|frz-9 | zukIn 7 | setIn 95 | zukHp 840 | chosen 20,14 | walk ->20,14 | weapon Rune Crossbow | untilShot 1 | target TzKal-Zuk[zuk] | gate ok | overhead none | Zek@20,21 TAGGED; TzKal-Zuk@22,8 TAGGED
t333 | 24,14 | 26..30|W|frz-10 | zukIn 6 | setIn 94 | zukHp 840 | chosen 20,14 | walk ->20,14 | weapon Rune Crossbow | untilShot 5 | target -[-] | gate - | overhead Protect from Magic | Zek@20,21 TAGGED; TzKal-Zuk@22,8 TAGGED
FIRED t333 | 24,14 | Rune Crossbow | TzKal-Zuk
t334 | 22,14 | 25..29|W|frz-11 | zukIn 5 | setIn 93 | zukHp 840 | chosen 20,14 | walk ->20,14 | weapon Rune Crossbow | untilShot 4 | target TzKal-Zuk[zuk] | gate ok | overhead none | Zek@20,21 TAGGED; TzKal-Zuk@22,8 TAGGED
t335 | 20,14 | 24..28|W|frz-12 | zukIn 4 | setIn 92 | zukHp 840 | chosen 20,14 | walk - | weapon Rune Crossbow | untilShot 3 | target TzKal-Zuk[zuk] | gate ok | overhead none | Zek@20,21 TAGGED; TzKal-Zuk@22,8 TAGGED
t336 | 20,14 | 23..27|W|frz-13 | zukIn 3 | setIn 91 | zukHp 820 | chosen 20,14 | walk - | weapon Rune Crossbow | untilShot 2 | target TzKal-Zuk[zuk] | gate ok | overhead none | Zek@20,21 TAGGED; TzKal-Zuk@22,8 TAGGED
t337 | 20,14 | 22..26|W|frz-14 | zukIn 2 | setIn 90 | zukHp 820 | chosen 20,14 | walk - | weapon Rune Crossbow | untilShot 1 | target TzKal-Zuk[zuk] | gate ok | overhead Protect from Magic | Zek@20,21 TAGGED; TzKal-Zuk@22,8 TAGGED
t338 | 20,14 | 21..25|W|frz-15 | zukIn 1 | setIn 89 | zukHp 820 | chosen 20,14 | walk - | weapon Rune Crossbow | untilShot 5 | target TzKal-Zuk[zuk] | gate ok | overhead none | Zek@20,21 TAGGED; TzKal-Zuk@22,8 TAGGED
FIRED t338 | 20,14 | Rune Crossbow | TzKal-Zuk
t339 | 20,14 | 20..24|W|frz-16 | zukIn 10 | setIn 88 | zukHp 820 | chosen 15,14 | walk ->15,14 | weapon Rune Crossbow | untilShot 4 | target -[-] | gate - | overhead none | Zek@20,21 TAGGED; TzKal-Zuk@22,8 TAGGED
t340 | 18,14 | 19..23|W|frz-17 | zukIn 9 | setIn 87 | zukHp 820 | chosen 15,14 | walk ->15,14 | weapon Rune Crossbow | untilShot 3 | target TzKal-Zuk[zuk] | gate - | overhead none | Zek@20,21 TAGGED; TzKal-Zuk@22,8 TAGGED
t341 | 16,14 | 18..22|W|frz-18 | zukIn 8 | setIn 86 | zukHp 820 | chosen 15,14 | walk ->15,14 | weapon Rune Crossbow | untilShot 2 | target TzKal-Zuk[zuk] | gate - | overhead Protect from Magic | Zek@20,21 TAGGED; TzKal-Zuk@22,8 TAGGED
t342 | 15,14 | 17..21|W|frz-19 | zukIn 7 | setIn 85 | zukHp 820 | chosen 15,14 | walk - | weapon Rune Crossbow | untilShot 1 | target TzKal-Zuk[zuk] | gate ok | overhead none | Zek@20,21 TAGGED; TzKal-Zuk@22,8 TAGGED
t343 | 15,14 | 16..20|W|frz-20 | zukIn 6 | setIn 84 | zukHp 820 | chosen 14,14 | walk ->14,14 | weapon Rune Crossbow | untilShot 5 | target -[-] | gate - | overhead none | Zek@20,21 TAGGED; TzKal-Zuk@22,8 TAGGED
FIRED t343 | 15,14 | Rune Crossbow | TzKal-Zuk
t344 | 14,14 | 15..19|W|frz-21 | zukIn 5 | setIn 83 | zukHp 820 | chosen 14,14 | walk - | weapon Rune Crossbow | untilShot 4 | target TzKal-Zuk[zuk] | gate - | overhead none | Zek@20,21 TAGGED; TzKal-Zuk@22,8 TAGGED
t345 | 14,14 | 14..18|W|frz-22 | zukIn 4 | setIn 82 | zukHp 820 | chosen 14,14 | walk - | weapon Rune Crossbow | untilShot 3 | target TzKal-Zuk[zuk] | gate - | overhead Protect from Magic | Zek@20,21 TAGGED; TzKal-Zuk@22,8 TAGGED
t346 | 14,14 | 13..17|W|frz-23 | zukIn 3 | setIn 81 | zukHp 809 | chosen 14,14 | walk - | weapon Rune Crossbow | untilShot 2 | target TzKal-Zuk[zuk] | gate - | overhead none | Zek@20,21 TAGGED; TzKal-Zuk@22,8 TAGGED
t347 | 14,14 | 12..16|W|frz-24 | zukIn 2 | setIn 80 | zukHp 809 | chosen 14,14 | walk - | weapon Rune Crossbow | untilShot 1 | target TzKal-Zuk[zuk] | gate - | overhead none | Zek@20,21 TAGGED; TzKal-Zuk@22,8 TAGGED
t348 | 14,14 | 11..15|W|frz-25 | zukIn 1 | setIn 79 | zukHp 809 | chosen 14,14 | walk - | weapon Rune Crossbow | untilShot 1 | target TzKal-Zuk[zuk] | gate - | overhead none | Zek@20,21 TAGGED; TzKal-Zuk@22,8 TAGGED
t349 | 14,14 | 10..14|E|frz4 | zukIn 10 | setIn 78 | zukHp 809 | chosen 20,14 | walk ->20,14 | weapon Rune Crossbow | untilShot 1 | target -[-] | gate - | overhead Protect from Magic | Zek@20,21 TAGGED; TzKal-Zuk@22,8 TAGGED
t350 | 16,14 | 10..14|E|frz3 | zukIn 9 | setIn 77 | zukHp 809 | chosen 20,14 | walk ->20,14 | weapon Rune Crossbow | untilShot 1 | target TzKal-Zuk[zuk] | gate - | overhead none | Zek@20,21 TAGGED; TzKal-Zuk@22,8 TAGGED
t351 | 18,14 | 10..14|E|frz2 | zukIn 8 | setIn 76 | zukHp 809 | chosen 20,14 | walk ->20,14 | weapon Rune Crossbow | untilShot 1 | target TzKal-Zuk[zuk] | gate - | overhead none | Zek@20,21 TAGGED; TzKal-Zuk@22,8 TAGGED
t352 | 20,14 | 10..14|E|frz1 | zukIn 7 | setIn 75 | zukHp 809 | chosen 20,14 | walk - | weapon Rune Crossbow | untilShot 1 | target TzKal-Zuk[zuk] | gate ok | overhead none | Zek@20,21 TAGGED; TzKal-Zuk@22,8 TAGGED
t353 | 20,14 | 10..14|E|frz0 | zukIn 6 | setIn 74 | zukHp 809 | chosen 20,14 | walk - | weapon Rune Crossbow | untilShot 5 | target TzKal-Zuk[zuk] | gate ok | overhead Protect from Magic | Zek@20,21 TAGGED; TzKal-Zuk@22,8 TAGGED
FIRED t353 | 20,14 | Rune Crossbow | TzKal-Zuk
t354 | 20,14 | 11..15|E|frz-1 | zukIn 5 | setIn 73 | zukHp 809 | chosen 20,14 | walk - | weapon Rune Crossbow | untilShot 4 | target TzKal-Zuk[zuk] | gate ok | overhead none | Zek@20,21 TAGGED; TzKal-Zuk@22,8 TAGGED
t355 | 20,14 | 12..16|E|frz-2 | zukIn 4 | setIn 72 | zukHp 809 | chosen 20,14 | walk - | weapon Rune Crossbow | untilShot 3 | target TzKal-Zuk[zuk] | gate ok | overhead none | Zek@20,21 TAGGED; TzKal-Zuk@22,8 TAGGED
t356 | 20,14 | 13..17|E|frz-3 | zukIn 3 | setIn 71 | zukHp 809 | chosen 20,14 | walk - | weapon Rune Crossbow | untilShot 2 | target TzKal-Zuk[zuk] | gate ok | overhead none | Zek@20,21 TAGGED; TzKal-Zuk@22,8 TAGGED
t357 | 20,14 | 14..18|E|frz-4 | zukIn 2 | setIn 70 | zukHp 809 | chosen 20,14 | walk - | weapon Rune Crossbow | untilShot 1 | target TzKal-Zuk[zuk] | gate ok | overhead Protect from Magic | Zek@20,21 TAGGED; TzKal-Zuk@22,8 TAGGED
t358 | 20,14 | 15..19|E|frz-5 | zukIn 1 | setIn 69 | zukHp 809 | chosen 20,14 | walk - | weapon Rune Crossbow | untilShot 5 | target TzKal-Zuk[zuk] | gate ok | overhead none | Zek@20,21 TAGGED; TzKal-Zuk@22,8 TAGGED
FIRED t358 | 20,14 | Rune Crossbow | TzKal-Zuk
t359 | 20,14 | 16..20|E|frz-6 | zukIn 10 | setIn 68 | zukHp 809 | chosen 30,14 | walk ->30,14 | weapon Rune Crossbow | untilShot 4 | target -[-] | gate - | overhead none | Zek@20,21 TAGGED; TzKal-Zuk@22,8 TAGGED
t360 | 22,14 | 17..21|E|frz-7 | zukIn 9 | setIn 67 | zukHp 809 | chosen 30,14 | walk ->30,14 | weapon Rune Crossbow | untilShot 3 | target TzKal-Zuk[zuk] | gate ok | overhead none | Zek@20,21 TAGGED; TzKal-Zuk@22,8 TAGGED
t361 | 24,14 | 18..22|E|frz-8 | zukIn 8 | setIn 66 | zukHp 809 | chosen 30,14 | walk ->30,14 | weapon Rune Crossbow | untilShot 2 | target TzKal-Zuk[zuk] | gate ok | overhead Protect from Magic | Zek@20,21 TAGGED; TzKal-Zuk@22,8 TAGGED
t362 | 26,14 | 19..23|E|frz-9 | zukIn 7 | setIn 65 | zukHp 809 | chosen 30,14 | walk ->30,14 | weapon Rune Crossbow | untilShot 1 | target TzKal-Zuk[zuk] | gate ok | overhead none | Zek@20,21 TAGGED; TzKal-Zuk@22,8 TAGGED
t363 | 26,14 | 20..24|E|frz-10 | zukIn 6 | setIn 64 | zukHp 809 | chosen 30,14 | walk ->30,14 | weapon Rune Crossbow | untilShot 5 | target -[-] | gate - | overhead none | Zek@20,21 TAGGED; TzKal-Zuk@22,8 TAGGED
FIRED t363 | 26,14 | Rune Crossbow | TzKal-Zuk
t364 | 28,14 | 21..25|E|frz-11 | zukIn 5 | setIn 63 | zukHp 809 | chosen 30,14 | walk ->30,14 | weapon Rune Crossbow | untilShot 4 | target TzKal-Zuk[zuk] | gate ok | overhead none | Zek@20,21 TAGGED; TzKal-Zuk@22,8 TAGGED
t365 | 30,14 | 22..26|E|frz-12 | zukIn 4 | setIn 62 | zukHp 809 | chosen 30,14 | walk - | weapon Rune Crossbow | untilShot 3 | target TzKal-Zuk[zuk] | gate ok | overhead Protect from Magic | Zek@20,21 TAGGED; TzKal-Zuk@22,8 TAGGED
t366 | 30,14 | 23..27|E|frz-13 | zukIn 3 | setIn 61 | zukHp 809 | chosen 30,14 | walk - | weapon Rune Crossbow | untilShot 2 | target TzKal-Zuk[zuk] | gate ok | overhead none | Zek@20,21 TAGGED; TzKal-Zuk@22,8 TAGGED
t367 | 30,14 | 24..28|E|frz-14 | zukIn 2 | setIn 60 | zukHp 809 | chosen 30,14 | walk - | weapon Rune Crossbow | untilShot 1 | target TzKal-Zuk[zuk] | gate ok | overhead none | Zek@20,21 TAGGED; TzKal-Zuk@22,8 TAGGED
t368 | 30,14 | 25..29|E|frz-15 | zukIn 1 | setIn 59 | zukHp 809 | chosen 30,14 | walk - | weapon Rune Crossbow | untilShot 5 | target TzKal-Zuk[zuk] | gate ok | overhead none | Zek@20,21 TAGGED; TzKal-Zuk@22,8 TAGGED
FIRED t368 | 30,14 | Rune Crossbow | TzKal-Zuk
t369 | 30,14 | 26..30|E|frz-16 | zukIn 10 | setIn 58 | zukHp 809 | chosen 35,14 | walk ->35,14 | weapon Rune Crossbow | untilShot 4 | target -[-] | gate - | overhead Protect from Magic | Zek@20,21 TAGGED; TzKal-Zuk@22,8 TAGGED
t370 | 32,14 | 27..31|E|frz-17 | zukIn 9 | setIn 57 | zukHp 809 | chosen 35,14 | walk ->35,14 | weapon Rune Crossbow | untilShot 3 | target TzKal-Zuk[zuk] | gate - | overhead none | Zek@20,21 TAGGED; TzKal-Zuk@22,8 TAGGED
t371 | 34,14 | 28..32|E|frz-18 | zukIn 8 | setIn 56 | zukHp 780 | chosen 35,14 | walk ->35,14 | weapon Rune Crossbow | untilShot 2 | target TzKal-Zuk[zuk] | gate - | overhead none | Zek@20,21 TAGGED; TzKal-Zuk@22,8 TAGGED
t372 | 35,14 | 29..33|E|frz-19 | zukIn 7 | setIn 55 | zukHp 780 | chosen 35,14 | walk - | weapon Rune Crossbow | untilShot 1 | target TzKal-Zuk[zuk] | gate ok | overhead none | Zek@20,21 TAGGED; TzKal-Zuk@22,8 TAGGED
t373 | 35,14 | 30..34|E|frz-20 | zukIn 6 | setIn 54 | zukHp 780 | chosen 36,14 | walk ->36,14 | weapon Rune Crossbow | untilShot 5 | target -[-] | gate - | overhead Protect from Magic | Zek@20,21 TAGGED; TzKal-Zuk@22,8 TAGGED
FIRED t373 | 35,14 | Rune Crossbow | TzKal-Zuk
t374 | 36,14 | 31..35|E|frz-21 | zukIn 5 | setIn 53 | zukHp 780 | chosen 36,14 | walk - | weapon Rune Crossbow | untilShot 4 | target TzKal-Zuk[zuk] | gate - | overhead none | Zek@20,21 TAGGED; TzKal-Zuk@22,8 TAGGED
t375 | 36,14 | 32..36|E|frz-22 | zukIn 4 | setIn 52 | zukHp 780 | chosen 36,14 | walk - | weapon Rune Crossbow | untilShot 3 | target TzKal-Zuk[zuk] | gate - | overhead none | Zek@20,21 TAGGED; TzKal-Zuk@22,8 TAGGED
t376 | 36,14 | 33..37|E|frz-23 | zukIn 3 | setIn 51 | zukHp 780 | chosen 36,14 | walk - | weapon Rune Crossbow | untilShot 2 | target TzKal-Zuk[zuk] | gate - | overhead none | Zek@20,21 TAGGED; TzKal-Zuk@22,8 TAGGED
t377 | 36,14 | 34..38|E|frz-24 | zukIn 2 | setIn 50 | zukHp 780 | chosen 36,14 | walk - | weapon Rune Crossbow | untilShot 1 | target TzKal-Zuk[zuk] | gate - | overhead Protect from Magic | Zek@20,21 TAGGED; TzKal-Zuk@22,8 TAGGED
t378 | 36,14 | 35..39|E|frz-25 | zukIn 1 | setIn 49 | zukHp 780 | chosen 36,14 | walk - | weapon Rune Crossbow | untilShot 1 | target TzKal-Zuk[zuk] | gate - | overhead none | Zek@20,21 TAGGED; TzKal-Zuk@22,8 TAGGED
t379 | 36,14 | 36..40|W|frz4 | zukIn 10 | setIn 48 | zukHp 780 | chosen 30,14 | walk ->30,14 | weapon Rune Crossbow | untilShot 1 | target -[-] | gate - | overhead none | Zek@20,21 TAGGED; TzKal-Zuk@22,8 TAGGED
t380 | 34,14 | 36..40|W|frz3 | zukIn 9 | setIn 47 | zukHp 780 | chosen 30,14 | walk ->30,14 | weapon Rune Crossbow | untilShot 1 | target TzKal-Zuk[zuk] | gate - | overhead none | Zek@20,21 TAGGED; TzKal-Zuk@22,8 TAGGED
t381 | 32,14 | 36..40|W|frz2 | zukIn 8 | setIn 46 | zukHp 780 | chosen 30,14 | walk ->30,14 | weapon Rune Crossbow | untilShot 1 | target TzKal-Zuk[zuk] | gate - | overhead Protect from Magic | Zek@20,21 TAGGED; TzKal-Zuk@22,8 TAGGED
t382 | 30,14 | 36..40|W|frz1 | zukIn 7 | setIn 45 | zukHp 780 | chosen 30,14 | walk - | weapon Rune Crossbow | untilShot 1 | target TzKal-Zuk[zuk] | gate ok | overhead none | Zek@20,21 TAGGED; TzKal-Zuk@22,8 TAGGED
t383 | 30,14 | 36..40|W|frz0 | zukIn 6 | setIn 44 | zukHp 780 | chosen 30,14 | walk - | weapon Rune Crossbow | untilShot 5 | target TzKal-Zuk[zuk] | gate ok | overhead none | Zek@20,21 TAGGED; TzKal-Zuk@22,8 TAGGED
FIRED t383 | 30,14 | Rune Crossbow | TzKal-Zuk
t384 | 30,14 | 35..39|W|frz-1 | zukIn 5 | setIn 43 | zukHp 780 | chosen 30,14 | walk - | weapon Rune Crossbow | untilShot 4 | target TzKal-Zuk[zuk] | gate ok | overhead none | Zek@20,21 TAGGED; TzKal-Zuk@22,8 TAGGED
t385 | 30,14 | 34..38|W|frz-2 | zukIn 4 | setIn 42 | zukHp 780 | chosen 30,14 | walk - | weapon Rune Crossbow | untilShot 3 | target TzKal-Zuk[zuk] | gate ok | overhead Protect from Magic | Zek@20,21 TAGGED; TzKal-Zuk@22,8 TAGGED
t386 | 30,14 | 33..37|W|frz-3 | zukIn 3 | setIn 41 | zukHp 780 | chosen 30,14 | walk - | weapon Rune Crossbow | untilShot 2 | target TzKal-Zuk[zuk] | gate ok | overhead none | Zek@20,21 TAGGED; TzKal-Zuk@22,8 TAGGED
t387 | 30,14 | 32..36|W|frz-4 | zukIn 2 | setIn 40 | zukHp 780 | chosen 30,14 | walk - | weapon Rune Crossbow | untilShot 1 | target TzKal-Zuk[zuk] | gate ok | overhead none | Zek@20,21 TAGGED; TzKal-Zuk@22,8 TAGGED
t388 | 30,14 | 31..35|W|frz-5 | zukIn 1 | setIn 39 | zukHp 780 | chosen 30,14 | walk - | weapon Rune Crossbow | untilShot 5 | target TzKal-Zuk[zuk] | gate ok | overhead none | Zek@20,21 TAGGED; TzKal-Zuk@22,8 TAGGED
FIRED t388 | 30,14 | Rune Crossbow | TzKal-Zuk
t389 | 30,14 | 30..34|W|frz-6 | zukIn 10 | setIn 38 | zukHp 780 | chosen 20,14 | walk ->20,14 | weapon Rune Crossbow | untilShot 4 | target -[-] | gate - | overhead Protect from Magic | Zek@20,21 TAGGED; TzKal-Zuk@22,8 TAGGED
t390 | 28,14 | 29..33|W|frz-7 | zukIn 9 | setIn 37 | zukHp 780 | chosen 20,14 | walk ->20,14 | weapon Rune Crossbow | untilShot 3 | target TzKal-Zuk[zuk] | gate ok | overhead none | Zek@20,21 TAGGED; TzKal-Zuk@22,8 TAGGED
t391 | 26,14 | 28..32|W|frz-8 | zukIn 8 | setIn 36 | zukHp 780 | chosen 20,14 | walk ->20,14 | weapon Rune Crossbow | untilShot 2 | target TzKal-Zuk[zuk] | gate ok | overhead none | Zek@20,21 TAGGED; TzKal-Zuk@22,8 TAGGED
t392 | 24,14 | 27..31|W|frz-9 | zukIn 7 | setIn 35 | zukHp 780 | chosen 20,14 | walk ->20,14 | weapon Rune Crossbow | untilShot 1 | target TzKal-Zuk[zuk] | gate ok | overhead none | Zek@20,21 TAGGED; TzKal-Zuk@22,8 TAGGED
t393 | 24,14 | 26..30|W|frz-10 | zukIn 6 | setIn 34 | zukHp 780 | chosen 20,14 | walk ->20,14 | weapon Rune Crossbow | untilShot 5 | target -[-] | gate - | overhead Protect from Magic | Zek@20,21 TAGGED; TzKal-Zuk@22,8 TAGGED
FIRED t393 | 24,14 | Rune Crossbow | TzKal-Zuk
t394 | 22,14 | 25..29|W|frz-11 | zukIn 5 | setIn 33 | zukHp 780 | chosen 20,14 | walk ->20,14 | weapon Rune Crossbow | untilShot 4 | target TzKal-Zuk[zuk] | gate ok | overhead none | Zek@20,21 TAGGED; TzKal-Zuk@22,8 TAGGED
t395 | 20,14 | 24..28|W|frz-12 | zukIn 4 | setIn 32 | zukHp 780 | chosen 20,14 | walk - | weapon Rune Crossbow | untilShot 3 | target TzKal-Zuk[zuk] | gate ok | overhead none | Zek@20,21 TAGGED; TzKal-Zuk@22,8 TAGGED
t396 | 20,14 | 23..27|W|frz-13 | zukIn 3 | setIn 31 | zukHp 758 | chosen 20,14 | walk - | weapon Rune Crossbow | untilShot 2 | target TzKal-Zuk[zuk] | gate ok | overhead none | Zek@20,21 TAGGED; TzKal-Zuk@22,8 TAGGED
t397 | 20,14 | 22..26|W|frz-14 | zukIn 2 | setIn 30 | zukHp 758 | chosen 20,14 | walk - | weapon Rune Crossbow | untilShot 1 | target TzKal-Zuk[zuk] | gate ok | overhead Protect from Magic | Zek@20,21 TAGGED; TzKal-Zuk@22,8 TAGGED
t398 | 20,14 | 21..25|W|frz-15 | zukIn 1 | setIn 29 | zukHp 758 | chosen 20,14 | walk - | weapon Rune Crossbow | untilShot 5 | target TzKal-Zuk[zuk] | gate ok | overhead none | Zek@20,21 TAGGED; TzKal-Zuk@22,8 TAGGED
FIRED t398 | 20,14 | Rune Crossbow | TzKal-Zuk
t399 | 20,14 | 20..24|W|frz-16 | zukIn 10 | setIn 28 | zukHp 758 | chosen 15,14 | walk ->15,14 | weapon Rune Crossbow | untilShot 4 | target -[-] | gate - | overhead none | Zek@20,21 TAGGED; TzKal-Zuk@22,8 TAGGED
t400 | 18,14 | 19..23|W|frz-17 | zukIn 9 | setIn 27 | zukHp 758 | chosen 15,14 | walk ->15,14 | weapon Rune Crossbow | untilShot 3 | target TzKal-Zuk[zuk] | gate - | overhead none | Zek@20,21 TAGGED; TzKal-Zuk@22,8 TAGGED
t401 | 16,14 | 18..22|W|frz-18 | zukIn 8 | setIn 26 | zukHp 758 | chosen 15,14 | walk ->15,14 | weapon Rune Crossbow | untilShot 2 | target TzKal-Zuk[zuk] | gate - | overhead Protect from Magic | Zek@20,21 TAGGED; TzKal-Zuk@22,8 TAGGED
t402 | 15,14 | 17..21|W|frz-19 | zukIn 7 | setIn 25 | zukHp 758 | chosen 15,14 | walk - | weapon Rune Crossbow | untilShot 1 | target TzKal-Zuk[zuk] | gate ok | overhead none | Zek@20,21 TAGGED; TzKal-Zuk@22,8 TAGGED
t403 | 15,14 | 16..20|W|frz-20 | zukIn 6 | setIn 24 | zukHp 758 | chosen 14,14 | walk ->14,14 | weapon Rune Crossbow | untilShot 5 | target -[-] | gate - | overhead none | Zek@20,21 TAGGED; TzKal-Zuk@22,8 TAGGED
FIRED t403 | 15,14 | Rune Crossbow | TzKal-Zuk
t404 | 14,14 | 15..19|W|frz-21 | zukIn 5 | setIn 23 | zukHp 758 | chosen 14,14 | walk - | weapon Rune Crossbow | untilShot 4 | target TzKal-Zuk[zuk] | gate - | overhead none | Zek@20,21 TAGGED; TzKal-Zuk@22,8 TAGGED
t405 | 14,14 | 14..18|W|frz-22 | zukIn 4 | setIn 22 | zukHp 758 | chosen 14,14 | walk - | weapon Rune Crossbow | untilShot 3 | target TzKal-Zuk[zuk] | gate - | overhead Protect from Magic | Zek@20,21 TAGGED; TzKal-Zuk@22,8 TAGGED
t406 | 14,14 | 13..17|W|frz-23 | zukIn 3 | setIn 21 | zukHp 737 | chosen 14,14 | walk - | weapon Rune Crossbow | untilShot 2 | target TzKal-Zuk[zuk] | gate - | overhead none | Zek@20,21 TAGGED; TzKal-Zuk@22,8 TAGGED
t407 | 14,14 | 12..16|W|frz-24 | zukIn 2 | setIn 20 | zukHp 737 | chosen 14,14 | walk - | weapon Rune Crossbow | untilShot 1 | target TzKal-Zuk[zuk] | gate - | overhead none | Zek@20,21 TAGGED; TzKal-Zuk@22,8 TAGGED
t408 | 14,14 | 11..15|W|frz-25 | zukIn 1 | setIn 19 | zukHp 737 | chosen 14,14 | walk - | weapon Rune Crossbow | untilShot 1 | target TzKal-Zuk[zuk] | gate - | overhead none | Zek@20,21 TAGGED; TzKal-Zuk@22,8 TAGGED
t409 | 14,14 | 10..14|E|frz4 | zukIn 10 | setIn 18 | zukHp 737 | chosen 20,14 | walk ->20,14 | weapon Rune Crossbow | untilShot 1 | target -[-] | gate - | overhead Protect from Magic | Zek@20,21 TAGGED; TzKal-Zuk@22,8 TAGGED
t410 | 16,14 | 10..14|E|frz3 | zukIn 9 | setIn 17 | zukHp 737 | chosen 20,14 | walk ->20,14 | weapon Rune Crossbow | untilShot 1 | target TzKal-Zuk[zuk] | gate - | overhead none | Zek@20,21 TAGGED; TzKal-Zuk@22,8 TAGGED
t411 | 18,14 | 10..14|E|frz2 | zukIn 8 | setIn 16 | zukHp 737 | chosen 20,14 | walk ->20,14 | weapon Rune Crossbow | untilShot 1 | target TzKal-Zuk[zuk] | gate - | overhead none | Zek@20,21 TAGGED; TzKal-Zuk@22,8 TAGGED
t412 | 20,14 | 10..14|E|frz1 | zukIn 7 | setIn 15 | zukHp 737 | chosen 20,14 | walk - | weapon Rune Crossbow | untilShot 1 | target TzKal-Zuk[zuk] | gate ok | overhead none | Zek@20,21 TAGGED; TzKal-Zuk@22,8 TAGGED
t413 | 20,14 | 10..14|E|frz0 | zukIn 6 | setIn 14 | zukHp 737 | chosen 20,14 | walk - | weapon Rune Crossbow | untilShot 5 | target TzKal-Zuk[zuk] | gate ok | overhead Protect from Magic | Zek@20,21 TAGGED; TzKal-Zuk@22,8 TAGGED
FIRED t413 | 20,14 | Rune Crossbow | TzKal-Zuk
t414 | 20,14 | 11..15|E|frz-1 | zukIn 5 | setIn 13 | zukHp 737 | chosen 20,14 | walk - | weapon Rune Crossbow | untilShot 4 | target TzKal-Zuk[zuk] | gate ok | overhead none | Zek@20,21 TAGGED; TzKal-Zuk@22,8 TAGGED
t415 | 20,14 | 12..16|E|frz-2 | zukIn 4 | setIn 12 | zukHp 737 | chosen 20,14 | walk - | weapon Rune Crossbow | untilShot 3 | target TzKal-Zuk[zuk] | gate ok | overhead none | Zek@20,21 TAGGED; TzKal-Zuk@22,8 TAGGED
t416 | 20,14 | 13..17|E|frz-3 | zukIn 3 | setIn 11 | zukHp 708 | chosen 20,14 | walk - | weapon Rune Crossbow | untilShot 2 | target TzKal-Zuk[zuk] | gate ok | overhead none | Zek@20,21 TAGGED; TzKal-Zuk@22,8 TAGGED
t417 | 20,14 | 14..18|E|frz-4 | zukIn 2 | setIn 10 | zukHp 708 | chosen 20,14 | walk - | weapon Rune Crossbow | untilShot 1 | target TzKal-Zuk[zuk] | gate ok | overhead Protect from Magic | Zek@20,21 TAGGED; TzKal-Zuk@22,8 TAGGED
t418 | 20,14 | 15..19|E|frz-5 | zukIn 1 | setIn 9 | zukHp 708 | chosen 20,14 | walk - | weapon Rune Crossbow | untilShot 5 | target TzKal-Zuk[zuk] | gate ok | overhead none | Zek@20,21 TAGGED; TzKal-Zuk@22,8 TAGGED
FIRED t418 | 20,14 | Rune Crossbow | TzKal-Zuk
t419 | 20,14 | 16..20|E|frz-6 | zukIn 10 | setIn 8 | zukHp 708 | chosen 30,14 | walk ->30,14 | weapon Rune Crossbow | untilShot 4 | target -[-] | gate - | overhead none | Zek@20,21 TAGGED; TzKal-Zuk@22,8 TAGGED
t420 | 22,14 | 17..21|E|frz-7 | zukIn 9 | setIn 7 | zukHp 708 | chosen 30,14 | walk ->30,14 | weapon Rune Crossbow | untilShot 3 | target TzKal-Zuk[zuk] | gate ok | overhead none | Zek@20,21 TAGGED; TzKal-Zuk@22,8 TAGGED
t421 | 24,14 | 18..22|E|frz-8 | zukIn 8 | setIn 6 | zukHp 708 | chosen 30,14 | walk ->30,14 | weapon Rune Crossbow | untilShot 2 | target TzKal-Zuk[zuk] | gate ok | overhead Protect from Magic | Zek@20,21 TAGGED; TzKal-Zuk@22,8 TAGGED
t422 | 26,14 | 19..23|E|frz-9 | zukIn 7 | setIn 5 | zukHp 708 | chosen 30,14 | walk ->30,14 | weapon Rune Crossbow | untilShot 1 | target TzKal-Zuk[zuk] | gate ok | overhead none | Zek@20,21 TAGGED; TzKal-Zuk@22,8 TAGGED
t423 | 26,14 | 20..24|E|frz-10 | zukIn 6 | setIn 4 | zukHp 708 | chosen 30,14 | walk ->30,14 | weapon Rune Crossbow | untilShot 5 | target -[-] | gate - | overhead none | Zek@20,21 TAGGED; TzKal-Zuk@22,8 TAGGED
FIRED t423 | 26,14 | Rune Crossbow | TzKal-Zuk
t424 | 28,14 | 21..25|E|frz-11 | zukIn 5 | setIn 3 | zukHp 708 | chosen 27,14 | walk ->27,14 | weapon Rune Crossbow | untilShot 4 | target -[-] | gate - | overhead none | Zek@20,21 TAGGED; TzKal-Zuk@22,8 TAGGED
t425 | 27,14 | 22..26|E|frz-12 | zukIn 4 | setIn 2 | zukHp 708 | chosen 27,14 | walk - | weapon Rune Crossbow | untilShot 3 | target TzKal-Zuk[zuk] | gate ok | overhead Protect from Magic | Zek@20,21 TAGGED; TzKal-Zuk@22,8 TAGGED
t426 | 27,14 | 23..27|E|frz-13 | zukIn 3 | setIn 1 | zukHp 685 | chosen 27,14 | walk - | weapon Rune Crossbow | untilShot 2 | target TzKal-Zuk[zuk] | gate ok | overhead none | Zek@20,21 TAGGED; TzKal-Zuk@22,8 TAGGED
t427 | 27,14 | 24..28|E|frz-14 | zukIn 2 | setIn 0 | zukHp 685 | chosen 27,14 | walk - | weapon Rune Crossbow | untilShot 1 | target TzKal-Zuk[zuk] | gate ok | overhead none | Zek@20,21 TAGGED; TzKal-Zuk@22,8 TAGGED; Zek@20,21 onShield; Xil@29,21 onShield
t428 | 27,14 | 25..29|E|frz-15 | zukIn 1 | setIn 349 | zukHp 685 | chosen 27,14 | walk - | weapon Rune Crossbow | untilShot 1 | target Jal-Zek[untagged-tag] | gate ok | overhead none | Zek@20,21 onShield; Xil@29,21 onShield; Zek@20,21 TAGGED; TzKal-Zuk@22,8 TAGGED
t429 | 27,14 | 26..30|E|frz-16 | zukIn 10 | setIn 348 | zukHp 685 | chosen 36,14 | walk ->36,14 | weapon Rune Crossbow | untilShot 5 | target -[-] | gate - | overhead Protect from Magic | Zek@20,21 onShield; Xil@29,21 onShield; Zek@20,21 TAGGED; TzKal-Zuk@22,8 TAGGED
FIRED t429 | 27,14 | Rune Crossbow | Jal-Zek
t430 | 29,14 | 27..31|E|frz-17 | zukIn 9 | setIn 347 | zukHp 685 | chosen 36,14 | walk ->36,14 | weapon Rune Crossbow | untilShot 4 | target Jal-Zek[untagged-tag] | gate ok | overhead none | Zek@20,21 onShield; Xil@29,21 onShield; Zek@20,21 TAGGED; TzKal-Zuk@22,8 TAGGED
t431 | 31,14 | 28..32|E|frz-18 | zukIn 8 | setIn 346 | zukHp 685 | chosen 36,14 | walk ->36,14 | weapon Rune Crossbow | untilShot 3 | target Jal-Xil[held] | gate HELD: range would share tick +6 with magic | overhead none | Zek@20,21 onShield; Xil@29,21 onShield; Zek@20,21 TAGGED; TzKal-Zuk@22,8 TAGGED
t432 | 33,14 | 29..33|E|frz-19 | zukIn 7 | setIn 345 | zukHp 685 | chosen 36,14 | walk ->36,14 | weapon Rune Crossbow | untilShot 2 | target Jal-Xil[held] | gate HELD: range would share tick +6 with magic | overhead none | Zek@20,21 TAGGED; Xil@29,21 onShield; Zek@20,21 TAGGED; TzKal-Zuk@22,8 TAGGED
t433 | 35,14 | 30..34|E|frz-20 | zukIn 6 | setIn 344 | zukHp 685 | chosen 36,14 | walk ->36,14 | weapon Rune Crossbow | untilShot 1 | target Jal-Xil[untagged-tag] | gate ok | overhead Protect from Magic | Zek@20,21 TAGGED; Xil@29,21 onShield; Zek@20,21 TAGGED; TzKal-Zuk@22,8 TAGGED
t434 | 35,14 | 31..35|E|frz-21 | zukIn 5 | setIn 343 | zukHp 685 | chosen 36,14 | walk ->36,14 | weapon Rune Crossbow | untilShot 5 | target -[-] | gate - | overhead Protect from Magic | Zek@20,21 TAGGED; Xil@29,21 onShield; Zek@20,21 TAGGED; TzKal-Zuk@22,8 TAGGED
FIRED t434 | 35,14 | Rune Crossbow | Jal-Xil
t435 | 36,14 | 32..36|E|frz-22 | zukIn 4 | setIn 342 | zukHp 685 | chosen 36,14 | walk - | weapon Rune Crossbow | untilShot 4 | target Jal-Xil[untagged-tag] | gate ok | overhead none | Zek@20,21 TAGGED; Xil@29,21 onShield; Zek@20,21 TAGGED; TzKal-Zuk@22,8 TAGGED
t436 | 36,14 | 33..37|E|frz-23 | zukIn 3 | setIn 341 | zukHp 685 | chosen 36,14 | walk - | weapon Rune Crossbow | untilShot 3 | target Jal-Xil[untagged-tag] | gate ok | overhead none | Zek@20,21 TAGGED; Xil@29,21 onShield; Zek@20,21 TAGGED; TzKal-Zuk@22,8 TAGGED
t437 | 36,14 | 34..38|E|frz-24 | zukIn 2 | setIn 340 | zukHp 685 | chosen 36,14 | walk - | weapon Rune Crossbow | untilShot 2 | target Jal-Xil[ranger-kill] | gate ok | overhead Protect from Magic | Zek@20,21 TAGGED; Xil@29,21 TAGGED; Zek@20,21 TAGGED; TzKal-Zuk@22,8 TAGGED
t438 | 36,14 | 35..39|E|frz-25 | zukIn 1 | setIn 339 | zukHp 685 | chosen 36,14 | walk - | weapon Toxic Blowpipe | untilShot 1 | target Jal-Xil[ranger-kill] | gate ok | overhead Protect from Magic | Zek@20,21 TAGGED; Xil@29,21 TAGGED; Zek@20,21 TAGGED; TzKal-Zuk@22,8 TAGGED
t439 | 36,14 | 36..40|W|frz4 | zukIn 10 | setIn 338 | zukHp 685 | chosen 30,14 | walk ->30,14 | weapon Toxic Blowpipe | untilShot 2 | target -[-] | gate - | overhead none | Zek@20,21 TAGGED; Xil@29,21 TAGGED; Zek@20,21 TAGGED; TzKal-Zuk@22,8 TAGGED
FIRED t439 | 36,14 | Toxic Blowpipe | Jal-Xil
t440 | 34,14 | 36..40|W|frz3 | zukIn 9 | setIn 337 | zukHp 685 | chosen 30,14 | walk ->30,14 | weapon Toxic Blowpipe | untilShot 1 | target Jal-Xil[ranger-kill] | gate ok | overhead Protect from Range | Zek@20,21 TAGGED; Xil@29,21 TAGGED; Zek@20,21 TAGGED; TzKal-Zuk@22,8 TAGGED
t441 | 34,14 | 36..40|W|frz2 | zukIn 8 | setIn 336 | zukHp 685 | chosen 30,14 | walk ->30,14 | weapon Toxic Blowpipe | untilShot 2 | target -[-] | gate - | overhead Protect from Magic | Zek@20,21 TAGGED; Xil@29,21 TAGGED; Zek@20,21 TAGGED; TzKal-Zuk@22,8 TAGGED
FIRED t441 | 34,14 | Toxic Blowpipe | Jal-Xil
t442 | 32,14 | 36..40|W|frz1 | zukIn 7 | setIn 335 | zukHp 685 | chosen 30,14 | walk ->30,14 | weapon Toxic Blowpipe | untilShot 1 | target Jal-Xil[ranger-kill] | gate ok | overhead Protect from Magic | Zek@20,21 TAGGED; Xil@29,21 TAGGED; Zek@20,21 TAGGED; TzKal-Zuk@22,8 TAGGED
t443 | 32,14 | 36..40|W|frz0 | zukIn 6 | setIn 334 | zukHp 685 | chosen 30,14 | walk ->30,14 | weapon Toxic Blowpipe | untilShot 2 | target -[-] | gate - | overhead none | Zek@20,21 TAGGED; Xil@29,21 TAGGED; Zek@20,21 TAGGED; TzKal-Zuk@22,8 TAGGED
FIRED t443 | 32,14 | Toxic Blowpipe | Jal-Xil
t444 | 30,14 | 35..39|W|frz-1 | zukIn 5 | setIn 333 | zukHp 685 | chosen 30,14 | walk - | weapon Toxic Blowpipe | untilShot 1 | target Jal-Xil[ranger-kill] | gate ok | overhead Protect from Range | Zek@20,21 TAGGED; Xil@29,21 TAGGED; Zek@20,21 TAGGED; TzKal-Zuk@22,8 TAGGED
t445 | 30,14 | 34..38|W|frz-2 | zukIn 4 | setIn 332 | zukHp 685 | chosen 30,14 | walk - | weapon Toxic Blowpipe | untilShot 2 | target Jal-Xil[ranger-kill] | gate ok | overhead Protect from Magic | Zek@20,21 TAGGED; Xil@29,21 TAGGED; Zek@20,21 TAGGED; TzKal-Zuk@22,8 TAGGED
FIRED t445 | 30,14 | Toxic Blowpipe | Jal-Xil
t446 | 30,14 | 33..37|W|frz-3 | zukIn 3 | setIn 331 | zukHp 685 | chosen 30,14 | walk - | weapon Toxic Blowpipe | untilShot 1 | target Jal-Xil[ranger-kill] | gate ok | overhead Protect from Magic | Zek@20,21 TAGGED; Xil@29,21 TAGGED; Zek@20,21 TAGGED; TzKal-Zuk@22,8 TAGGED
t447 | 30,14 | 32..36|W|frz-4 | zukIn 2 | setIn 330 | zukHp 685 | chosen 30,14 | walk - | weapon Toxic Blowpipe | untilShot 2 | target Jal-Xil[ranger-kill] | gate ok | overhead none | Zek@20,21 TAGGED; Xil@29,21 TAGGED; Zek@20,21 TAGGED; TzKal-Zuk@22,8 TAGGED
FIRED t447 | 30,14 | Toxic Blowpipe | Jal-Xil
t448 | 30,14 | 31..35|W|frz-5 | zukIn 1 | setIn 329 | zukHp 685 | chosen 30,14 | walk - | weapon Toxic Blowpipe | untilShot 1 | target Jal-Xil[ranger-kill] | gate ok | overhead Protect from Range | Zek@20,21 TAGGED; Xil@29,21 TAGGED; Zek@20,21 TAGGED; TzKal-Zuk@22,8 TAGGED
t449 | 30,14 | 30..34|W|frz-6 | zukIn 10 | setIn 328 | zukHp 685 | chosen 20,14 | walk ->20,14 | weapon Toxic Blowpipe | untilShot 2 | target -[-] | gate - | overhead Protect from Magic | Zek@20,21 TAGGED; Xil@29,21 TAGGED; Zek@20,21 TAGGED; TzKal-Zuk@22,8 TAGGED
FIRED t449 | 30,14 | Toxic Blowpipe | Jal-Xil
t450 | 28,14 | 29..33|W|frz-7 | zukIn 9 | setIn 327 | zukHp 685 | chosen 20,14 | walk ->20,14 | weapon Toxic Blowpipe | untilShot 1 | target Jal-Xil[ranger-kill] | gate ok | overhead Protect from Magic | Zek@20,21 TAGGED; Xil@29,21 TAGGED; Zek@20,21 TAGGED; TzKal-Zuk@22,8 TAGGED
t451 | 28,14 | 28..32|W|frz-8 | zukIn 8 | setIn 326 | zukHp 685 | chosen 20,14 | walk ->20,14 | weapon Toxic Blowpipe | untilShot 2 | target -[-] | gate - | overhead none | Zek@20,21 TAGGED; Xil@29,21 TAGGED; Zek@20,21 TAGGED; TzKal-Zuk@22,8 TAGGED
FIRED t451 | 28,14 | Toxic Blowpipe | Jal-Xil
t452 | 26,14 | 27..31|W|frz-9 | zukIn 7 | setIn 325 | zukHp 685 | chosen 20,14 | walk ->20,14 | weapon Toxic Blowpipe | untilShot 1 | target Jal-Xil[ranger-kill] | gate ok | overhead Protect from Range | Zek@20,21 TAGGED; Xil@29,21 TAGGED; Zek@20,21 TAGGED; TzKal-Zuk@22,8 TAGGED
t453 | 26,14 | 26..30|W|frz-10 | zukIn 6 | setIn 324 | zukHp 685 | chosen 20,14 | walk ->20,14 | weapon Toxic Blowpipe | untilShot 2 | target -[-] | gate - | overhead Protect from Magic | Zek@20,21 TAGGED; Xil@29,21 TAGGED; Zek@20,21 TAGGED; TzKal-Zuk@22,8 TAGGED
FIRED t453 | 26,14 | Toxic Blowpipe | Jal-Xil
t454 | 24,14 | 25..29|W|frz-11 | zukIn 5 | setIn 323 | zukHp 685 | chosen 20,14 | walk ->20,14 | weapon Toxic Blowpipe | untilShot 1 | target Jal-Xil[ranger-kill] | gate ok | overhead Protect from Magic | Zek@20,21 TAGGED; Xil@29,21 TAGGED; Zek@20,21 TAGGED; TzKal-Zuk@22,8 TAGGED
t455 | 24,14 | 24..28|W|frz-12 | zukIn 4 | setIn 322 | zukHp 685 | chosen 20,14 | walk ->20,14 | weapon Toxic Blowpipe | untilShot 2 | target -[-] | gate - | overhead none | Zek@20,21 TAGGED; Xil@29,21 TAGGED; Zek@20,21 TAGGED; TzKal-Zuk@22,8 TAGGED
FIRED t455 | 24,14 | Toxic Blowpipe | Jal-Xil
t456 | 22,14 | 23..27|W|frz-13 | zukIn 3 | setIn 321 | zukHp 685 | chosen 20,14 | walk ->20,14 | weapon Toxic Blowpipe | untilShot 1 | target Jal-Xil[ranger-kill] | gate ok | overhead Protect from Range | Zek@20,21 TAGGED; Xil@29,21 TAGGED; Zek@20,21 TAGGED; TzKal-Zuk@22,8 TAGGED
t457 | 20,14 | 22..26|W|frz-14 | zukIn 2 | setIn 320 | zukHp 685 | chosen 20,14 | walk - | weapon Rune Crossbow | untilShot 1 | target TzKal-Zuk[zuk] | gate ok | overhead Protect from Magic | Zek@20,21 TAGGED; Xil@29,21 TAGGED; Zek@20,21 TAGGED; TzKal-Zuk@22,8 TAGGED
t458 | 20,14 | 21..25|W|frz-15 | zukIn 1 | setIn 319 | zukHp 685 | chosen 20,14 | walk - | weapon Rune Crossbow | untilShot 5 | target TzKal-Zuk[zuk] | gate ok | overhead Protect from Magic | Zek@20,21 TAGGED; Xil@29,21 TAGGED; Zek@20,21 TAGGED; TzKal-Zuk@22,8 TAGGED
FIRED t458 | 20,14 | Rune Crossbow | TzKal-Zuk
t459 | 20,14 | 20..24|W|frz-16 | zukIn 10 | setIn 318 | zukHp 685 | chosen 14,14 | walk ->14,14 | weapon Rune Crossbow | untilShot 4 | target -[-] | gate - | overhead none | Zek@20,21 TAGGED; Xil@29,21 TAGGED; Zek@20,21 TAGGED; TzKal-Zuk@22,8 TAGGED
t460 | 18,14 | 19..23|W|frz-17 | zukIn 9 | setIn 317 | zukHp 685 | chosen 14,14 | walk ->14,14 | weapon Rune Crossbow | untilShot 3 | target TzKal-Zuk[zuk] | gate - | overhead Protect from Range | Zek@20,21 TAGGED; Xil@29,21 TAGGED; Zek@20,21 TAGGED; TzKal-Zuk@22,8 TAGGED
t461 | 16,14 | 18..22|W|frz-18 | zukIn 8 | setIn 316 | zukHp 674 | chosen 14,14 | walk ->14,14 | weapon Rune Crossbow | untilShot 2 | target TzKal-Zuk[zuk] | gate - | overhead Protect from Magic | Zek@20,21 TAGGED; Xil@29,21 TAGGED; Zek@20,21 TAGGED; TzKal-Zuk@22,8 TAGGED
t462 | 14,14 | 17..21|W|frz-19 | zukIn 7 | setIn 315 | zukHp 674 | chosen 14,14 | walk - | weapon Rune Crossbow | untilShot 1 | target TzKal-Zuk[zuk] | gate - | overhead Protect from Magic | Zek@20,21 TAGGED; Xil@29,21 TAGGED; Zek@20,21 TAGGED; TzKal-Zuk@22,8 TAGGED
t463 | 14,14 | 16..20|W|frz-20 | zukIn 6 | setIn 314 | zukHp 674 | chosen 14,14 | walk - | weapon Rune Crossbow | untilShot 1 | target TzKal-Zuk[zuk] | gate - | overhead none | Zek@20,21 TAGGED; Xil@29,21 TAGGED; Zek@20,21 TAGGED; TzKal-Zuk@22,8 TAGGED
t464 | 14,14 | 15..19|W|frz-21 | zukIn 5 | setIn 313 | zukHp 674 | chosen 14,14 | walk - | weapon Rune Crossbow | untilShot 1 | target TzKal-Zuk[zuk] | gate - | overhead Protect from Range | Zek@20,21 TAGGED; Xil@29,21 TAGGED; Zek@20,21 TAGGED; TzKal-Zuk@22,8 TAGGED
t465 | 14,14 | 14..18|W|frz-22 | zukIn 4 | setIn 312 | zukHp 674 | chosen 14,14 | walk - | weapon Rune Crossbow | untilShot 1 | target TzKal-Zuk[zuk] | gate - | overhead Protect from Magic | Zek@20,21 TAGGED; Xil@29,21 TAGGED; Zek@20,21 TAGGED; TzKal-Zuk@22,8 TAGGED
t466 | 14,14 | 13..17|W|frz-23 | zukIn 3 | setIn 311 | zukHp 674 | chosen 14,14 | walk - | weapon Rune Crossbow | untilShot 1 | target TzKal-Zuk[zuk] | gate - | overhead Protect from Magic | Zek@20,21 TAGGED; Xil@29,21 TAGGED; Zek@20,21 TAGGED; TzKal-Zuk@22,8 TAGGED
t467 | 14,14 | 12..16|W|frz-24 | zukIn 2 | setIn 310 | zukHp 674 | chosen 14,14 | walk - | weapon Rune Crossbow | untilShot 1 | target TzKal-Zuk[zuk] | gate - | overhead none | Zek@20,21 TAGGED; Xil@29,21 TAGGED; Zek@20,21 TAGGED; TzKal-Zuk@22,8 TAGGED
t468 | 14,14 | 11..15|W|frz-25 | zukIn 1 | setIn 309 | zukHp 674 | chosen 14,14 | walk - | weapon Rune Crossbow | untilShot 1 | target TzKal-Zuk[zuk] | gate - | overhead Protect from Range | Zek@20,21 TAGGED; Xil@29,21 TAGGED; Zek@20,21 TAGGED; TzKal-Zuk@22,8 TAGGED
t469 | 14,14 | 10..14|E|frz4 | zukIn 10 | setIn 308 | zukHp 674 | chosen 20,14 | walk ->20,14 | weapon Rune Crossbow | untilShot 1 | target -[-] | gate - | overhead Protect from Magic | Zek@20,21 TAGGED; Xil@29,21 TAGGED; Zek@20,21 TAGGED; TzKal-Zuk@22,8 TAGGED
t470 | 16,14 | 10..14|E|frz3 | zukIn 9 | setIn 307 | zukHp 674 | chosen 20,14 | walk ->20,14 | weapon Rune Crossbow | untilShot 1 | target TzKal-Zuk[zuk] | gate - | overhead Protect from Magic | Zek@20,21 TAGGED; Xil@29,21 TAGGED; Zek@20,21 TAGGED; TzKal-Zuk@22,8 TAGGED
t471 | 18,14 | 10..14|E|frz2 | zukIn 8 | setIn 306 | zukHp 674 | chosen 20,14 | walk ->20,14 | weapon Rune Crossbow | untilShot 1 | target TzKal-Zuk[zuk] | gate - | overhead none | Zek@20,21 TAGGED; Xil@29,21 TAGGED; Zek@20,21 TAGGED; TzKal-Zuk@22,8 TAGGED
t472 | 20,14 | 10..14|E|frz1 | zukIn 7 | setIn 305 | zukHp 674 | chosen 20,14 | walk - | weapon Rune Crossbow | untilShot 1 | target TzKal-Zuk[zuk] | gate ok | overhead Protect from Range | Zek@20,21 TAGGED; Xil@29,21 TAGGED; Zek@20,21 TAGGED; TzKal-Zuk@22,8 TAGGED
t473 | 20,14 | 10..14|E|frz0 | zukIn 6 | setIn 304 | zukHp 674 | chosen 20,14 | walk - | weapon Rune Crossbow | untilShot 5 | target TzKal-Zuk[zuk] | gate ok | overhead Protect from Magic | Zek@20,21 TAGGED; Xil@29,21 TAGGED; Zek@20,21 TAGGED; TzKal-Zuk@22,8 TAGGED
FIRED t473 | 20,14 | Rune Crossbow | TzKal-Zuk
t474 | 20,14 | 11..15|E|frz-1 | zukIn 5 | setIn 303 | zukHp 674 | chosen 20,14 | walk - | weapon Rune Crossbow | untilShot 4 | target TzKal-Zuk[zuk] | gate ok | overhead Protect from Magic | Zek@20,21 TAGGED; Xil@29,21 TAGGED; Zek@20,21 TAGGED; TzKal-Zuk@22,8 TAGGED
t475 | 20,14 | 12..16|E|frz-2 | zukIn 4 | setIn 302 | zukHp 674 | chosen 20,14 | walk - | weapon Rune Crossbow | untilShot 3 | target TzKal-Zuk[zuk] | gate ok | overhead none | Zek@20,21 TAGGED; Xil@29,21 TAGGED; Zek@20,21 TAGGED; TzKal-Zuk@22,8 TAGGED
t476 | 20,14 | 13..17|E|frz-3 | zukIn 3 | setIn 301 | zukHp 674 | chosen 20,14 | walk - | weapon Rune Crossbow | untilShot 2 | target TzKal-Zuk[zuk] | gate ok | overhead Protect from Range | Zek@20,21 TAGGED; Xil@29,21 TAGGED; Zek@20,21 TAGGED; TzKal-Zuk@22,8 TAGGED
t477 | 20,14 | 14..18|E|frz-4 | zukIn 2 | setIn 300 | zukHp 674 | chosen 20,14 | walk - | weapon Rune Crossbow | untilShot 1 | target TzKal-Zuk[zuk] | gate ok | overhead Protect from Magic | Zek@20,21 TAGGED; Xil@29,21 TAGGED; Zek@20,21 TAGGED; TzKal-Zuk@22,8 TAGGED
t478 | 20,14 | 15..19|E|frz-5 | zukIn 1 | setIn 299 | zukHp 674 | chosen 20,14 | walk - | weapon Rune Crossbow | untilShot 5 | target TzKal-Zuk[zuk] | gate ok | overhead Protect from Magic | Zek@20,21 TAGGED; Xil@29,21 TAGGED; Zek@20,21 TAGGED; TzKal-Zuk@22,8 TAGGED
FIRED t478 | 20,14 | Rune Crossbow | TzKal-Zuk
t479 | 20,14 | 16..20|E|frz-6 | zukIn 10 | setIn 298 | zukHp 674 | chosen 30,14 | walk ->30,14 | weapon Rune Crossbow | untilShot 4 | target -[-] | gate - | overhead none | Zek@20,21 TAGGED; Xil@29,21 TAGGED; Zek@20,21 TAGGED; TzKal-Zuk@22,8 TAGGED
t480 | 22,14 | 17..21|E|frz-7 | zukIn 9 | setIn 297 | zukHp 674 | chosen 30,14 | walk ->30,14 | weapon Rune Crossbow | untilShot 3 | target Jal-Xil[ranger-kill] | gate ok | overhead Protect from Range | Zek@20,21 TAGGED; Xil@29,21 TAGGED; Zek@20,21 TAGGED; TzKal-Zuk@22,8 TAGGED
t481 | 24,14 | 18..22|E|frz-8 | zukIn 8 | setIn 296 | zukHp 674 | chosen 30,14 | walk ->30,14 | weapon Rune Crossbow | untilShot 2 | target Jal-Xil[ranger-kill] | gate ok | overhead Protect from Magic | Zek@20,21 TAGGED; Xil@29,21 TAGGED; Zek@20,21 TAGGED; TzKal-Zuk@22,8 TAGGED
t482 | 26,14 | 19..23|E|frz-9 | zukIn 7 | setIn 295 | zukHp 674 | chosen 30,14 | walk ->30,14 | weapon Toxic Blowpipe | untilShot 1 | target Jal-Xil[ranger-kill] | gate ok | overhead Protect from Magic | Zek@20,21 TAGGED; Xil@29,21 TAGGED; Zek@20,21 TAGGED; TzKal-Zuk@22,8 TAGGED
t483 | 26,14 | 20..24|E|frz-10 | zukIn 6 | setIn 294 | zukHp 674 | chosen 30,14 | walk ->30,14 | weapon Toxic Blowpipe | untilShot 2 | target -[-] | gate - | overhead none | Zek@20,21 TAGGED; Xil@29,21 TAGGED; Zek@20,21 TAGGED; TzKal-Zuk@22,8 TAGGED
FIRED t483 | 26,14 | Toxic Blowpipe | Jal-Xil
t484 | 28,14 | 21..25|E|frz-11 | zukIn 5 | setIn 293 | zukHp 674 | chosen 30,14 | walk ->30,14 | weapon Toxic Blowpipe | untilShot 1 | target Jal-Xil[ranger-kill] | gate ok | overhead Protect from Range | Zek@20,21 TAGGED; Xil@29,21 TAGGED; Zek@20,21 TAGGED; TzKal-Zuk@22,8 TAGGED
t485 | 28,14 | 22..26|E|frz-12 | zukIn 4 | setIn 292 | zukHp 674 | chosen 30,14 | walk ->30,14 | weapon Toxic Blowpipe | untilShot 1 | target -[-] | gate - | overhead Protect from Magic | Zek@20,21 TAGGED; Zek@20,21 TAGGED; TzKal-Zuk@22,8 TAGGED
t486 | 30,14 | 23..27|E|frz-13 | zukIn 3 | setIn 291 | zukHp 674 | chosen 30,14 | walk - | weapon Toxic Blowpipe | untilShot 1 | target TzKal-Zuk[zuk] | gate ok | overhead Protect from Magic | Zek@20,21 TAGGED; Zek@20,21 TAGGED; TzKal-Zuk@22,8 TAGGED
t487 | 30,14 | 24..28|E|frz-14 | zukIn 2 | setIn 290 | zukHp 674 | chosen 30,14 | walk - | weapon Rune Crossbow | untilShot 1 | target TzKal-Zuk[zuk] | gate ok | overhead none | Zek@20,21 TAGGED; Zek@20,21 TAGGED; TzKal-Zuk@22,8 TAGGED
t488 | 30,14 | 25..29|E|frz-15 | zukIn 1 | setIn 289 | zukHp 674 | chosen 30,14 | walk - | weapon Rune Crossbow | untilShot 5 | target TzKal-Zuk[zuk] | gate ok | overhead none | Zek@20,21 TAGGED; Zek@20,21 TAGGED; TzKal-Zuk@22,8 TAGGED
FIRED t488 | 30,14 | Rune Crossbow | TzKal-Zuk
t489 | 30,14 | 26..30|E|frz-16 | zukIn 10 | setIn 288 | zukHp 674 | chosen 35,14 | walk ->35,14 | weapon Rune Crossbow | untilShot 4 | target -[-] | gate - | overhead Protect from Magic | Zek@20,21 TAGGED; Zek@20,21 TAGGED; TzKal-Zuk@22,8 TAGGED
t490 | 32,14 | 27..31|E|frz-17 | zukIn 9 | setIn 287 | zukHp 674 | chosen 35,14 | walk ->35,14 | weapon Rune Crossbow | untilShot 3 | target TzKal-Zuk[zuk] | gate - | overhead Protect from Magic | Zek@20,21 TAGGED; Zek@20,21 TAGGED; TzKal-Zuk@22,8 TAGGED
t491 | 34,14 | 28..32|E|frz-18 | zukIn 8 | setIn 286 | zukHp 674 | chosen 35,14 | walk ->35,14 | weapon Rune Crossbow | untilShot 2 | target TzKal-Zuk[zuk] | gate - | overhead none | Zek@20,21 TAGGED; Zek@20,21 TAGGED; TzKal-Zuk@22,8 TAGGED
t492 | 35,14 | 29..33|E|frz-19 | zukIn 7 | setIn 285 | zukHp 674 | chosen 35,14 | walk - | weapon Rune Crossbow | untilShot 1 | target TzKal-Zuk[zuk] | gate ok | overhead none | Zek@20,21 TAGGED; Zek@20,21 TAGGED; TzKal-Zuk@22,8 TAGGED
t493 | 35,14 | 30..34|E|frz-20 | zukIn 6 | setIn 284 | zukHp 674 | chosen 36,14 | walk ->36,14 | weapon Rune Crossbow | untilShot 5 | target -[-] | gate - | overhead Protect from Magic | Zek@20,21 TAGGED; Zek@20,21 TAGGED; TzKal-Zuk@22,8 TAGGED
FIRED t493 | 35,14 | Rune Crossbow | TzKal-Zuk
t494 | 36,14 | 31..35|E|frz-21 | zukIn 5 | setIn 283 | zukHp 674 | chosen 36,14 | walk - | weapon Rune Crossbow | untilShot 4 | target TzKal-Zuk[zuk] | gate - | overhead Protect from Magic | Zek@20,21 TAGGED; Zek@20,21 TAGGED; TzKal-Zuk@22,8 TAGGED
t495 | 36,14 | 32..36|E|frz-22 | zukIn 4 | setIn 282 | zukHp 674 | chosen 36,14 | walk - | weapon Rune Crossbow | untilShot 3 | target TzKal-Zuk[zuk] | gate - | overhead none | Zek@20,21 TAGGED; Zek@20,21 TAGGED; TzKal-Zuk@22,8 TAGGED
t496 | 36,14 | 33..37|E|frz-23 | zukIn 3 | setIn 281 | zukHp 665 | chosen 36,14 | walk - | weapon Rune Crossbow | untilShot 2 | target TzKal-Zuk[zuk] | gate - | overhead none | Zek@20,21 TAGGED; Zek@20,21 TAGGED; TzKal-Zuk@22,8 TAGGED
t497 | 36,14 | 34..38|E|frz-24 | zukIn 2 | setIn 280 | zukHp 665 | chosen 36,14 | walk - | weapon Rune Crossbow | untilShot 1 | target TzKal-Zuk[zuk] | gate - | overhead Protect from Magic | Zek@20,21 TAGGED; Zek@20,21 TAGGED; TzKal-Zuk@22,8 TAGGED
t498 | 36,14 | 35..39|E|frz-25 | zukIn 1 | setIn 279 | zukHp 665 | chosen 36,14 | walk - | weapon Rune Crossbow | untilShot 1 | target TzKal-Zuk[zuk] | gate - | overhead Protect from Magic | Zek@20,21 TAGGED; Zek@20,21 TAGGED; TzKal-Zuk@22,8 TAGGED
t499 | 36,14 | 36..40|W|frz4 | zukIn 10 | setIn 278 | zukHp 665 | chosen 30,14 | walk ->30,14 | weapon Rune Crossbow | untilShot 1 | target -[-] | gate - | overhead none | Zek@20,21 TAGGED; Zek@20,21 TAGGED; TzKal-Zuk@22,8 TAGGED
t500 | 34,14 | 36..40|W|frz3 | zukIn 9 | setIn 277 | zukHp 665 | chosen 30,14 | walk ->30,14 | weapon Rune Crossbow | untilShot 1 | target TzKal-Zuk[zuk] | gate - | overhead none | Zek@20,21 TAGGED; Zek@20,21 TAGGED; TzKal-Zuk@22,8 TAGGED
t501 | 32,14 | 36..40|W|frz2 | zukIn 8 | setIn 276 | zukHp 665 | chosen 30,14 | walk ->30,14 | weapon Rune Crossbow | untilShot 1 | target TzKal-Zuk[zuk] | gate - | overhead Protect from Magic | Zek@20,21 TAGGED; Zek@20,21 TAGGED; TzKal-Zuk@22,8 TAGGED
t502 | 30,14 | 36..40|W|frz1 | zukIn 7 | setIn 275 | zukHp 665 | chosen 30,14 | walk - | weapon Rune Crossbow | untilShot 1 | target TzKal-Zuk[zuk] | gate ok | overhead Protect from Magic | Zek@20,21 TAGGED; Zek@20,21 TAGGED; TzKal-Zuk@22,8 TAGGED
t503 | 30,14 | 36..40|W|frz0 | zukIn 6 | setIn 274 | zukHp 665 | chosen 30,14 | walk - | weapon Rune Crossbow | untilShot 5 | target TzKal-Zuk[zuk] | gate ok | overhead none | Zek@20,21 TAGGED; Zek@20,21 TAGGED; TzKal-Zuk@22,8 TAGGED
FIRED t503 | 30,14 | Rune Crossbow | TzKal-Zuk
t504 | 30,14 | 35..39|W|frz-1 | zukIn 5 | setIn 273 | zukHp 665 | chosen 30,14 | walk - | weapon Rune Crossbow | untilShot 4 | target TzKal-Zuk[zuk] | gate ok | overhead none | Zek@20,21 TAGGED; Zek@20,21 TAGGED; TzKal-Zuk@22,8 TAGGED
t505 | 30,14 | 34..38|W|frz-2 | zukIn 4 | setIn 272 | zukHp 665 | chosen 30,14 | walk - | weapon Rune Crossbow | untilShot 3 | target TzKal-Zuk[zuk] | gate ok | overhead Protect from Magic | Zek@20,21 TAGGED; Zek@20,21 TAGGED; TzKal-Zuk@22,8 TAGGED
t506 | 30,14 | 33..37|W|frz-3 | zukIn 3 | setIn 271 | zukHp 661 | chosen 30,14 | walk - | weapon Rune Crossbow | untilShot 2 | target TzKal-Zuk[zuk] | gate ok | overhead Protect from Magic | Zek@20,21 TAGGED; Zek@20,21 TAGGED; TzKal-Zuk@22,8 TAGGED
t507 | 30,14 | 32..36|W|frz-4 | zukIn 2 | setIn 270 | zukHp 661 | chosen 30,14 | walk - | weapon Rune Crossbow | untilShot 1 | target TzKal-Zuk[zuk] | gate ok | overhead none | Zek@20,21 TAGGED; Zek@20,21 TAGGED; TzKal-Zuk@22,8 TAGGED
t508 | 30,14 | 31..35|W|frz-5 | zukIn 1 | setIn 269 | zukHp 661 | chosen 30,14 | walk - | weapon Rune Crossbow | untilShot 5 | target TzKal-Zuk[zuk] | gate ok | overhead none | Zek@20,21 TAGGED; Zek@20,21 TAGGED; TzKal-Zuk@22,8 TAGGED
FIRED t508 | 30,14 | Rune Crossbow | TzKal-Zuk
t509 | 30,14 | 30..34|W|frz-6 | zukIn 10 | setIn 268 | zukHp 661 | chosen 20,14 | walk ->20,14 | weapon Rune Crossbow | untilShot 4 | target -[-] | gate - | overhead Protect from Magic | Zek@20,21 TAGGED; Zek@20,21 TAGGED; TzKal-Zuk@22,8 TAGGED
t510 | 28,14 | 29..33|W|frz-7 | zukIn 9 | setIn 267 | zukHp 661 | chosen 20,14 | walk ->20,14 | weapon Rune Crossbow | untilShot 3 | target TzKal-Zuk[zuk] | gate ok | overhead Protect from Magic | Zek@20,21 TAGGED; Zek@20,21 TAGGED; TzKal-Zuk@22,8 TAGGED
t511 | 26,14 | 28..32|W|frz-8 | zukIn 8 | setIn 266 | zukHp 659 | chosen 20,14 | walk ->20,14 | weapon Rune Crossbow | untilShot 2 | target TzKal-Zuk[zuk] | gate ok | overhead none | Zek@20,21 TAGGED; Zek@20,21 TAGGED; TzKal-Zuk@22,8 TAGGED
t512 | 24,14 | 27..31|W|frz-9 | zukIn 7 | setIn 265 | zukHp 659 | chosen 20,14 | walk ->20,14 | weapon Rune Crossbow | untilShot 1 | target TzKal-Zuk[zuk] | gate ok | overhead none | Zek@20,21 TAGGED; Zek@20,21 TAGGED; TzKal-Zuk@22,8 TAGGED
t513 | 24,14 | 26..30|W|frz-10 | zukIn 6 | setIn 264 | zukHp 659 | chosen 20,14 | walk ->20,14 | weapon Rune Crossbow | untilShot 5 | target -[-] | gate - | overhead Protect from Magic | Zek@20,21 TAGGED; Zek@20,21 TAGGED; TzKal-Zuk@22,8 TAGGED
FIRED t513 | 24,14 | Rune Crossbow | TzKal-Zuk
t514 | 22,14 | 25..29|W|frz-11 | zukIn 5 | setIn 263 | zukHp 659 | chosen 20,14 | walk ->20,14 | weapon Rune Crossbow | untilShot 4 | target TzKal-Zuk[zuk] | gate ok | overhead Protect from Magic | Zek@20,21 TAGGED; Zek@20,21 TAGGED; TzKal-Zuk@22,8 TAGGED
t515 | 20,14 | 24..28|W|frz-12 | zukIn 4 | setIn 262 | zukHp 659 | chosen 20,14 | walk - | weapon Rune Crossbow | untilShot 3 | target TzKal-Zuk[zuk] | gate ok | overhead none | Zek@20,21 TAGGED; Zek@20,21 TAGGED; TzKal-Zuk@22,8 TAGGED
t516 | 20,14 | 23..27|W|frz-13 | zukIn 3 | setIn 261 | zukHp 651 | chosen 20,14 | walk - | weapon Rune Crossbow | untilShot 2 | target TzKal-Zuk[zuk] | gate ok | overhead none | Zek@20,21 TAGGED; Zek@20,21 TAGGED; TzKal-Zuk@22,8 TAGGED
t517 | 20,14 | 22..26|W|frz-14 | zukIn 2 | setIn 260 | zukHp 651 | chosen 20,14 | walk - | weapon Rune Crossbow | untilShot 1 | target TzKal-Zuk[zuk] | gate ok | overhead Protect from Magic | Zek@20,21 TAGGED; Zek@20,21 TAGGED; TzKal-Zuk@22,8 TAGGED
t518 | 20,14 | 21..25|W|frz-15 | zukIn 1 | setIn 259 | zukHp 651 | chosen 20,14 | walk - | weapon Rune Crossbow | untilShot 5 | target TzKal-Zuk[zuk] | gate ok | overhead Protect from Magic | Zek@20,21 TAGGED; Zek@20,21 TAGGED; TzKal-Zuk@22,8 TAGGED
FIRED t518 | 20,14 | Rune Crossbow | TzKal-Zuk
t519 | 20,14 | 20..24|W|frz-16 | zukIn 10 | setIn 258 | zukHp 651 | chosen 15,14 | walk ->15,14 | weapon Rune Crossbow | untilShot 4 | target -[-] | gate - | overhead none | Zek@20,21 TAGGED; Zek@20,21 TAGGED; TzKal-Zuk@22,8 TAGGED
t520 | 18,14 | 19..23|W|frz-17 | zukIn 9 | setIn 257 | zukHp 651 | chosen 15,14 | walk ->15,14 | weapon Rune Crossbow | untilShot 3 | target TzKal-Zuk[zuk] | gate - | overhead none | Zek@20,21 TAGGED; Zek@20,21 TAGGED; TzKal-Zuk@22,8 TAGGED
t521 | 16,14 | 18..22|W|frz-18 | zukIn 8 | setIn 256 | zukHp 651 | chosen 15,14 | walk ->15,14 | weapon Rune Crossbow | untilShot 2 | target TzKal-Zuk[zuk] | gate - | overhead Protect from Magic | Zek@20,21 TAGGED; Zek@20,21 TAGGED; TzKal-Zuk@22,8 TAGGED
t522 | 15,14 | 17..21|W|frz-19 | zukIn 7 | setIn 255 | zukHp 651 | chosen 15,14 | walk - | weapon Rune Crossbow | untilShot 1 | target TzKal-Zuk[zuk] | gate ok | overhead Protect from Magic | Zek@20,21 TAGGED; Zek@20,21 TAGGED; TzKal-Zuk@22,8 TAGGED
t523 | 15,14 | 16..20|W|frz-20 | zukIn 6 | setIn 254 | zukHp 651 | chosen 14,14 | walk ->14,14 | weapon Rune Crossbow | untilShot 5 | target -[-] | gate - | overhead none | Zek@20,21 TAGGED; Zek@20,21 TAGGED; TzKal-Zuk@22,8 TAGGED
FIRED t523 | 15,14 | Rune Crossbow | TzKal-Zuk
t524 | 14,14 | 15..19|W|frz-21 | zukIn 5 | setIn 253 | zukHp 651 | chosen 14,14 | walk - | weapon Rune Crossbow | untilShot 4 | target TzKal-Zuk[zuk] | gate - | overhead none | Zek@20,21 TAGGED; Zek@20,21 TAGGED; TzKal-Zuk@22,8 TAGGED
t525 | 14,14 | 14..18|W|frz-22 | zukIn 4 | setIn 252 | zukHp 651 | chosen 14,14 | walk - | weapon Rune Crossbow | untilShot 3 | target TzKal-Zuk[zuk] | gate - | overhead Protect from Magic | Zek@20,21 TAGGED; Zek@20,21 TAGGED; TzKal-Zuk@22,8 TAGGED
t526 | 14,14 | 13..17|W|frz-23 | zukIn 3 | setIn 251 | zukHp 651 | chosen 14,14 | walk - | weapon Rune Crossbow | untilShot 2 | target TzKal-Zuk[zuk] | gate - | overhead Protect from Magic | Zek@20,21 TAGGED; Zek@20,21 TAGGED; TzKal-Zuk@22,8 TAGGED
t527 | 14,14 | 12..16|W|frz-24 | zukIn 2 | setIn 250 | zukHp 651 | chosen 14,14 | walk - | weapon Rune Crossbow | untilShot 1 | target TzKal-Zuk[zuk] | gate - | overhead none | Zek@20,21 TAGGED; Zek@20,21 TAGGED; TzKal-Zuk@22,8 TAGGED
t528 | 14,14 | 11..15|W|frz-25 | zukIn 1 | setIn 249 | zukHp 651 | chosen 14,14 | walk - | weapon Rune Crossbow | untilShot 1 | target TzKal-Zuk[zuk] | gate - | overhead none | Zek@20,21 TAGGED; Zek@20,21 TAGGED; TzKal-Zuk@22,8 TAGGED
t529 | 14,14 | 10..14|E|frz4 | zukIn 10 | setIn 248 | zukHp 651 | chosen 20,14 | walk ->20,14 | weapon Rune Crossbow | untilShot 1 | target -[-] | gate - | overhead Protect from Magic | Zek@20,21 TAGGED; Zek@20,21 TAGGED; TzKal-Zuk@22,8 TAGGED
t530 | 16,14 | 10..14|E|frz3 | zukIn 9 | setIn 247 | zukHp 651 | chosen 20,14 | walk ->20,14 | weapon Rune Crossbow | untilShot 1 | target TzKal-Zuk[zuk] | gate - | overhead Protect from Magic | Zek@20,21 TAGGED; Zek@20,21 TAGGED; TzKal-Zuk@22,8 TAGGED
t531 | 18,14 | 10..14|E|frz2 | zukIn 8 | setIn 246 | zukHp 651 | chosen 20,14 | walk ->20,14 | weapon Rune Crossbow | untilShot 1 | target TzKal-Zuk[zuk] | gate - | overhead none | Zek@20,21 TAGGED; Zek@20,21 TAGGED; TzKal-Zuk@22,8 TAGGED
t532 | 20,14 | 10..14|E|frz1 | zukIn 7 | setIn 245 | zukHp 651 | chosen 20,14 | walk - | weapon Rune Crossbow | untilShot 1 | target TzKal-Zuk[zuk] | gate ok | overhead none | Zek@20,21 TAGGED; Zek@20,21 TAGGED; TzKal-Zuk@22,8 TAGGED
t533 | 20,14 | 10..14|E|frz0 | zukIn 6 | setIn 244 | zukHp 651 | chosen 20,14 | walk - | weapon Rune Crossbow | untilShot 5 | target TzKal-Zuk[zuk] | gate ok | overhead Protect from Magic | Zek@20,21 TAGGED; Zek@20,21 TAGGED; TzKal-Zuk@22,8 TAGGED
FIRED t533 | 20,14 | Rune Crossbow | TzKal-Zuk
t534 | 20,14 | 11..15|E|frz-1 | zukIn 5 | setIn 243 | zukHp 651 | chosen 20,14 | walk - | weapon Rune Crossbow | untilShot 4 | target TzKal-Zuk[zuk] | gate ok | overhead Protect from Magic | Zek@20,21 TAGGED; Zek@20,21 TAGGED; TzKal-Zuk@22,8 TAGGED
t535 | 20,14 | 12..16|E|frz-2 | zukIn 4 | setIn 242 | zukHp 651 | chosen 20,14 | walk - | weapon Rune Crossbow | untilShot 3 | target TzKal-Zuk[zuk] | gate ok | overhead none | Zek@20,21 TAGGED; Zek@20,21 TAGGED; TzKal-Zuk@22,8 TAGGED
t536 | 20,14 | 13..17|E|frz-3 | zukIn 3 | setIn 241 | zukHp 640 | chosen 20,14 | walk - | weapon Rune Crossbow | untilShot 2 | target TzKal-Zuk[zuk] | gate ok | overhead none | Zek@20,21 TAGGED; Zek@20,21 TAGGED; TzKal-Zuk@22,8 TAGGED
t537 | 20,14 | 14..18|E|frz-4 | zukIn 2 | setIn 240 | zukHp 640 | chosen 20,14 | walk - | weapon Rune Crossbow | untilShot 1 | target TzKal-Zuk[zuk] | gate ok | overhead Protect from Magic | Zek@20,21 TAGGED; Zek@20,21 TAGGED; TzKal-Zuk@22,8 TAGGED
t538 | 20,14 | 15..19|E|frz-5 | zukIn 1 | setIn 239 | zukHp 640 | chosen 20,14 | walk - | weapon Rune Crossbow | untilShot 5 | target TzKal-Zuk[zuk] | gate ok | overhead Protect from Magic | Zek@20,21 TAGGED; Zek@20,21 TAGGED; TzKal-Zuk@22,8 TAGGED
FIRED t538 | 20,14 | Rune Crossbow | TzKal-Zuk
t539 | 20,14 | 16..20|E|frz-6 | zukIn 10 | setIn 238 | zukHp 640 | chosen 30,14 | walk ->30,14 | weapon Rune Crossbow | untilShot 4 | target -[-] | gate - | overhead none | Zek@20,21 TAGGED; Zek@20,21 TAGGED; TzKal-Zuk@22,8 TAGGED
t540 | 22,14 | 17..21|E|frz-7 | zukIn 9 | setIn 237 | zukHp 640 | chosen 30,14 | walk ->30,14 | weapon Rune Crossbow | untilShot 3 | target TzKal-Zuk[zuk] | gate ok | overhead none | Zek@20,21 TAGGED; Zek@20,21 TAGGED; TzKal-Zuk@22,8 TAGGED
t541 | 24,14 | 18..22|E|frz-8 | zukIn 8 | setIn 236 | zukHp 640 | chosen 30,14 | walk ->30,14 | weapon Rune Crossbow | untilShot 2 | target TzKal-Zuk[zuk] | gate ok | overhead Protect from Magic | Zek@20,21 TAGGED; Zek@20,21 TAGGED; TzKal-Zuk@22,8 TAGGED
t542 | 26,14 | 19..23|E|frz-9 | zukIn 7 | setIn 235 | zukHp 640 | chosen 30,14 | walk ->30,14 | weapon Rune Crossbow | untilShot 1 | target TzKal-Zuk[zuk] | gate ok | overhead Protect from Magic | Zek@20,21 TAGGED; Zek@20,21 TAGGED; TzKal-Zuk@22,8 TAGGED
t543 | 26,14 | 20..24|E|frz-10 | zukIn 6 | setIn 234 | zukHp 640 | chosen 30,14 | walk ->30,14 | weapon Rune Crossbow | untilShot 5 | target -[-] | gate - | overhead none | Zek@20,21 TAGGED; Zek@20,21 TAGGED; TzKal-Zuk@22,8 TAGGED
FIRED t543 | 26,14 | Rune Crossbow | TzKal-Zuk
t544 | 28,14 | 21..25|E|frz-11 | zukIn 5 | setIn 233 | zukHp 640 | chosen 30,14 | walk ->30,14 | weapon Rune Crossbow | untilShot 4 | target TzKal-Zuk[zuk] | gate ok | overhead none | Zek@20,21 TAGGED; Zek@20,21 TAGGED; TzKal-Zuk@22,8 TAGGED
t545 | 30,14 | 22..26|E|frz-12 | zukIn 4 | setIn 232 | zukHp 640 | chosen 30,14 | walk - | weapon Rune Crossbow | untilShot 3 | target TzKal-Zuk[zuk] | gate ok | overhead Protect from Magic | Zek@20,21 TAGGED; Zek@20,21 TAGGED; TzKal-Zuk@22,8 TAGGED
t546 | 30,14 | 23..27|E|frz-13 | zukIn 3 | setIn 231 | zukHp 640 | chosen 30,14 | walk - | weapon Rune Crossbow | untilShot 2 | target TzKal-Zuk[zuk] | gate ok | overhead Protect from Magic | Zek@20,21 TAGGED; Zek@20,21 TAGGED; TzKal-Zuk@22,8 TAGGED
t547 | 30,14 | 24..28|E|frz-14 | zukIn 2 | setIn 230 | zukHp 640 | chosen 30,14 | walk - | weapon Rune Crossbow | untilShot 1 | target TzKal-Zuk[zuk] | gate ok | overhead none | Zek@20,21 TAGGED; Zek@20,21 TAGGED; TzKal-Zuk@22,8 TAGGED
t548 | 30,14 | 25..29|E|frz-15 | zukIn 1 | setIn 229 | zukHp 640 | chosen 30,14 | walk - | weapon Rune Crossbow | untilShot 5 | target TzKal-Zuk[zuk] | gate ok | overhead none | Zek@20,21 TAGGED; Zek@20,21 TAGGED; TzKal-Zuk@22,8 TAGGED
FIRED t548 | 30,14 | Rune Crossbow | TzKal-Zuk
t549 | 30,14 | 26..30|E|frz-16 | zukIn 10 | setIn 228 | zukHp 640 | chosen 35,14 | walk ->35,14 | weapon Rune Crossbow | untilShot 4 | target -[-] | gate - | overhead Protect from Magic | Zek@20,21 TAGGED; Zek@20,21 TAGGED; TzKal-Zuk@22,8 TAGGED
t550 | 32,14 | 27..31|E|frz-17 | zukIn 9 | setIn 227 | zukHp 640 | chosen 35,14 | walk ->35,14 | weapon Rune Crossbow | untilShot 3 | target TzKal-Zuk[zuk] | gate - | overhead Protect from Magic | Zek@20,21 TAGGED; Zek@20,21 TAGGED; TzKal-Zuk@22,8 TAGGED
t551 | 34,14 | 28..32|E|frz-18 | zukIn 8 | setIn 226 | zukHp 640 | chosen 35,14 | walk ->35,14 | weapon Rune Crossbow | untilShot 2 | target TzKal-Zuk[zuk] | gate - | overhead none | Zek@20,21 TAGGED; Zek@20,21 TAGGED; TzKal-Zuk@22,8 TAGGED
t552 | 35,14 | 29..33|E|frz-19 | zukIn 7 | setIn 225 | zukHp 640 | chosen 35,14 | walk - | weapon Rune Crossbow | untilShot 1 | target TzKal-Zuk[zuk] | gate ok | overhead none | Zek@20,21 TAGGED; Zek@20,21 TAGGED; TzKal-Zuk@22,8 TAGGED
t553 | 35,14 | 30..34|E|frz-20 | zukIn 6 | setIn 224 | zukHp 640 | chosen 36,14 | walk ->36,14 | weapon Rune Crossbow | untilShot 5 | target -[-] | gate - | overhead Protect from Magic | Zek@20,21 TAGGED; Zek@20,21 TAGGED; TzKal-Zuk@22,8 TAGGED
FIRED t553 | 35,14 | Rune Crossbow | TzKal-Zuk
t554 | 36,14 | 31..35|E|frz-21 | zukIn 5 | setIn 223 | zukHp 640 | chosen 36,14 | walk - | weapon Rune Crossbow | untilShot 4 | target TzKal-Zuk[zuk] | gate - | overhead Protect from Magic | Zek@20,21 TAGGED; Zek@20,21 TAGGED; TzKal-Zuk@22,8 TAGGED
t555 | 36,14 | 32..36|E|frz-22 | zukIn 4 | setIn 222 | zukHp 640 | chosen 36,14 | walk - | weapon Rune Crossbow | untilShot 3 | target TzKal-Zuk[zuk] | gate - | overhead none | Zek@20,21 TAGGED; Zek@20,21 TAGGED; TzKal-Zuk@22,8 TAGGED
t556 | 36,14 | 33..37|E|frz-23 | zukIn 3 | setIn 221 | zukHp 627 | chosen 36,14 | walk - | weapon Rune Crossbow | untilShot 2 | target TzKal-Zuk[zuk] | gate - | overhead none | Zek@20,21 TAGGED; Zek@20,21 TAGGED; TzKal-Zuk@22,8 TAGGED
t557 | 36,14 | 34..38|E|frz-24 | zukIn 2 | setIn 220 | zukHp 627 | chosen 36,14 | walk - | weapon Rune Crossbow | untilShot 1 | target TzKal-Zuk[zuk] | gate - | overhead Protect from Magic | Zek@20,21 TAGGED; Zek@20,21 TAGGED; TzKal-Zuk@22,8 TAGGED
t558 | 36,14 | 35..39|E|frz-25 | zukIn 1 | setIn 219 | zukHp 627 | chosen 36,14 | walk - | weapon Rune Crossbow | untilShot 1 | target TzKal-Zuk[zuk] | gate - | overhead Protect from Magic | Zek@20,21 TAGGED; Zek@20,21 TAGGED; TzKal-Zuk@22,8 TAGGED
t559 | 36,14 | 36..40|W|frz4 | zukIn 10 | setIn 218 | zukHp 627 | chosen 30,14 | walk ->30,14 | weapon Rune Crossbow | untilShot 1 | target -[-] | gate - | overhead none | Zek@20,21 TAGGED; Zek@20,21 TAGGED; TzKal-Zuk@22,8 TAGGED
t560 | 34,14 | 36..40|W|frz3 | zukIn 9 | setIn 217 | zukHp 627 | chosen 30,14 | walk ->30,14 | weapon Rune Crossbow | untilShot 1 | target TzKal-Zuk[zuk] | gate - | overhead none | Zek@20,21 TAGGED; Zek@20,21 TAGGED; TzKal-Zuk@22,8 TAGGED
t561 | 32,14 | 36..40|W|frz2 | zukIn 8 | setIn 216 | zukHp 627 | chosen 30,14 | walk ->30,14 | weapon Rune Crossbow | untilShot 1 | target TzKal-Zuk[zuk] | gate - | overhead Protect from Magic | Zek@20,21 TAGGED; Zek@20,21 TAGGED; TzKal-Zuk@22,8 TAGGED
t562 | 30,14 | 36..40|W|frz1 | zukIn 7 | setIn 215 | zukHp 627 | chosen 30,14 | walk - | weapon Rune Crossbow | untilShot 1 | target TzKal-Zuk[zuk] | gate ok | overhead Protect from Magic | Zek@20,21 TAGGED; Zek@20,21 TAGGED; TzKal-Zuk@22,8 TAGGED
t563 | 30,14 | 36..40|W|frz0 | zukIn 6 | setIn 214 | zukHp 627 | chosen 30,14 | walk - | weapon Rune Crossbow | untilShot 5 | target TzKal-Zuk[zuk] | gate ok | overhead none | Zek@20,21 TAGGED; Zek@20,21 TAGGED; TzKal-Zuk@22,8 TAGGED
FIRED t563 | 30,14 | Rune Crossbow | TzKal-Zuk
t564 | 30,14 | 35..39|W|frz-1 | zukIn 5 | setIn 213 | zukHp 627 | chosen 30,14 | walk - | weapon Rune Crossbow | untilShot 4 | target TzKal-Zuk[zuk] | gate ok | overhead none | Zek@20,21 TAGGED; Zek@20,21 TAGGED; TzKal-Zuk@22,8 TAGGED
t565 | 30,14 | 34..38|W|frz-2 | zukIn 4 | setIn 212 | zukHp 627 | chosen 30,14 | walk - | weapon Rune Crossbow | untilShot 3 | target TzKal-Zuk[zuk] | gate ok | overhead Protect from Magic | Zek@20,21 TAGGED; Zek@20,21 TAGGED; TzKal-Zuk@22,8 TAGGED
t566 | 30,14 | 33..37|W|frz-3 | zukIn 3 | setIn 211 | zukHp 627 | chosen 30,14 | walk - | weapon Rune Crossbow | untilShot 2 | target TzKal-Zuk[zuk] | gate ok | overhead Protect from Magic | Zek@20,21 TAGGED; Zek@20,21 TAGGED; TzKal-Zuk@22,8 TAGGED
t567 | 30,14 | 32..36|W|frz-4 | zukIn 2 | setIn 210 | zukHp 627 | chosen 30,14 | walk - | weapon Rune Crossbow | untilShot 1 | target TzKal-Zuk[zuk] | gate ok | overhead none | Zek@20,21 TAGGED; Zek@20,21 TAGGED; TzKal-Zuk@22,8 TAGGED
t568 | 30,14 | 31..35|W|frz-5 | zukIn 1 | setIn 209 | zukHp 627 | chosen 30,14 | walk - | weapon Rune Crossbow | untilShot 5 | target TzKal-Zuk[zuk] | gate ok | overhead none | Zek@20,21 TAGGED; Zek@20,21 TAGGED; TzKal-Zuk@22,8 TAGGED
FIRED t568 | 30,14 | Rune Crossbow | TzKal-Zuk
t569 | 30,14 | 30..34|W|frz-6 | zukIn 10 | setIn 208 | zukHp 627 | chosen 20,14 | walk ->20,14 | weapon Rune Crossbow | untilShot 4 | target -[-] | gate - | overhead Protect from Magic | Zek@20,21 TAGGED; Zek@20,21 TAGGED; TzKal-Zuk@22,8 TAGGED
t570 | 28,14 | 29..33|W|frz-7 | zukIn 9 | setIn 207 | zukHp 627 | chosen 20,14 | walk ->20,14 | weapon Rune Crossbow | untilShot 3 | target TzKal-Zuk[zuk] | gate ok | overhead Protect from Magic | Zek@20,21 TAGGED; Zek@20,21 TAGGED; TzKal-Zuk@22,8 TAGGED
t571 | 26,14 | 28..32|W|frz-8 | zukIn 8 | setIn 206 | zukHp 627 | chosen 20,14 | walk ->20,14 | weapon Rune Crossbow | untilShot 2 | target TzKal-Zuk[zuk] | gate ok | overhead none | Zek@20,21 TAGGED; Zek@20,21 TAGGED; TzKal-Zuk@22,8 TAGGED
t572 | 24,14 | 27..31|W|frz-9 | zukIn 7 | setIn 205 | zukHp 627 | chosen 20,14 | walk ->20,14 | weapon Rune Crossbow | untilShot 1 | target TzKal-Zuk[zuk] | gate ok | overhead none | Zek@20,21 TAGGED; Zek@20,21 TAGGED; TzKal-Zuk@22,8 TAGGED
t573 | 24,14 | 26..30|W|frz-10 | zukIn 6 | setIn 204 | zukHp 627 | chosen 20,14 | walk ->20,14 | weapon Rune Crossbow | untilShot 5 | target -[-] | gate - | overhead Protect from Magic | Zek@20,21 TAGGED; Zek@20,21 TAGGED; TzKal-Zuk@22,8 TAGGED
FIRED t573 | 24,14 | Rune Crossbow | TzKal-Zuk
t574 | 22,14 | 25..29|W|frz-11 | zukIn 5 | setIn 203 | zukHp 627 | chosen 20,14 | walk ->20,14 | weapon Rune Crossbow | untilShot 4 | target TzKal-Zuk[zuk] | gate ok | overhead Protect from Magic | Zek@20,21 TAGGED; Zek@20,21 TAGGED; TzKal-Zuk@22,8 TAGGED
t575 | 20,14 | 24..28|W|frz-12 | zukIn 4 | setIn 202 | zukHp 627 | chosen 20,14 | walk - | weapon Rune Crossbow | untilShot 3 | target TzKal-Zuk[zuk] | gate ok | overhead none | Zek@20,21 TAGGED; Zek@20,21 TAGGED; TzKal-Zuk@22,8 TAGGED
t576 | 20,14 | 23..27|W|frz-13 | zukIn 3 | setIn 202P | zukHp 599 | chosen 20,14 | walk - | weapon Rune Crossbow | untilShot 2 | target Jal-Zek[mager-kill] | gate ok | overhead none | Zek@20,21 TAGGED; Zek@20,21 TAGGED; TzKal-Zuk@22,8 TAGGED
t577 | 20,14 | 22..26|W|frz-14 | zukIn 2 | setIn 202P | zukHp 599 | chosen 20,14 | walk - | weapon Toxic Blowpipe | untilShot 1 | target Jal-Zek[mager-kill] | gate ok | overhead Protect from Magic | Zek@20,21 TAGGED; Zek@20,21 TAGGED; TzKal-Zuk@22,8 TAGGED
t578 | 20,14 | 21..25|W|frz-15 | zukIn 1 | setIn 202P | zukHp 599 | chosen 20,14 | walk - | weapon Toxic Blowpipe | untilShot 2 | target Jal-Zek[mager-kill] | gate ok | overhead Protect from Magic | Zek@20,21 TAGGED; Zek@20,21 TAGGED; TzKal-Zuk@22,8 TAGGED
FIRED t578 | 20,14 | Toxic Blowpipe | Jal-Zek
t579 | 20,14 | 20..24|W|frz-16 | zukIn 10 | setIn 202P | zukHp 599 | chosen 14,14 | walk ->14,14 | weapon Toxic Blowpipe | untilShot 1 | target -[-] | gate - | overhead none | Zek@20,21 TAGGED; Zek@20,21 TAGGED; TzKal-Zuk@22,8 TAGGED
t580 | 18,14 | 19..23|W|frz-17 | zukIn 9 | setIn 202P | zukHp 599 | chosen 14,14 | walk ->14,14 | weapon Toxic Blowpipe | untilShot 1 | target Jal-Zek[mager-kill] | gate ok | overhead none | Zek@20,21 TAGGED; Zek@20,21 TAGGED; TzKal-Zuk@22,8 TAGGED
t581 | 18,14 | 18..22|W|frz-18 | zukIn 8 | setIn 202P | zukHp 599 | chosen 14,14 | walk ->14,14 | weapon Toxic Blowpipe | untilShot 2 | target -[-] | gate - | overhead Protect from Magic | Zek@20,21 TAGGED; Zek@20,21 TAGGED; TzKal-Zuk@22,8 TAGGED
FIRED t581 | 18,14 | Toxic Blowpipe | Jal-Zek
t582 | 16,14 | 17..21|W|frz-19 | zukIn 7 | setIn 202P | zukHp 599 | chosen 14,14 | walk ->14,14 | weapon Toxic Blowpipe | untilShot 1 | target Jal-Zek[mager-kill] | gate ok | overhead Protect from Magic | Zek@20,21 TAGGED; Zek@20,21 TAGGED; TzKal-Zuk@22,8 TAGGED
t583 | 16,14 | 16..20|W|frz-20 | zukIn 6 | setIn 202P | zukHp 599 | chosen 14,14 | walk ->14,14 | weapon Toxic Blowpipe | untilShot 2 | target -[-] | gate - | overhead none | Zek@20,21 TAGGED; Zek@20,21 TAGGED; TzKal-Zuk@22,8 TAGGED
FIRED t583 | 16,14 | Toxic Blowpipe | Jal-Zek
t584 | 14,14 | 15..19|W|frz-21 | zukIn 5 | setIn 202P | zukHp 599 | chosen 14,14 | walk - | weapon Toxic Blowpipe | untilShot 1 | target Jal-Zek[mager-kill] | gate ok | overhead none | Zek@20,21 TAGGED; Zek@20,21 TAGGED; TzKal-Zuk@22,8 TAGGED
t585 | 14,14 | 14..18|W|frz-22 | zukIn 4 | setIn 202P | zukHp 599 | chosen 14,14 | walk - | weapon Rune Crossbow | untilShot 1 | target Jal-Zek[mager-kill] | gate ok | overhead Protect from Magic | Zek@20,21 TAGGED; Zek@20,21 TAGGED; TzKal-Zuk@22,8 TAGGED
t586 | 14,14 | 13..17|W|frz-23 | zukIn 3 | setIn 202P | zukHp 599 | chosen 14,14 | walk - | weapon Rune Crossbow | untilShot 5 | target Jal-Zek[mager-kill] | gate ok | overhead Protect from Magic | Zek@20,21 TAGGED; Zek@20,21 TAGGED; TzKal-Zuk@22,8 TAGGED
FIRED t586 | 14,14 | Rune Crossbow | Jal-Zek
t587 | 14,14 | 12..16|W|frz-24 | zukIn 2 | setIn 202P | zukHp 599 | chosen 14,14 | walk - | weapon Rune Crossbow | untilShot 4 | target Jal-Zek[mager-kill] | gate ok | overhead none | Zek@20,21 TAGGED; Zek@20,21 TAGGED; TzKal-Zuk@22,8 TAGGED
t588 | 14,14 | 11..15|W|frz-25 | zukIn 1 | setIn 202P | zukHp 599 | chosen 14,14 | walk - | weapon Rune Crossbow | untilShot 3 | target Jal-Zek[mager-kill] | gate ok | overhead none | Zek@20,21 TAGGED; Zek@20,21 TAGGED; TzKal-Zuk@22,8 TAGGED
t589 | 14,14 | 10..14|E|frz4 | zukIn 10 | setIn 202P | zukHp 599 | chosen 20,14 | walk ->20,14 | weapon Rune Crossbow | untilShot 2 | target -[-] | gate - | overhead Protect from Magic | Zek@20,21 TAGGED; Zek@20,21 TAGGED; TzKal-Zuk@22,8 TAGGED
t590 | 16,14 | 10..14|E|frz3 | zukIn 9 | setIn 202P | zukHp 599 | chosen 20,14 | walk ->20,14 | weapon Rune Crossbow | untilShot 1 | target Jal-Zek[mager-kill] | gate ok | overhead Protect from Magic | Zek@20,21 TAGGED; Zek@20,21 TAGGED; TzKal-Zuk@22,8 TAGGED
t591 | 16,14 | 10..14|E|frz2 | zukIn 8 | setIn 202P | zukHp 599 | chosen 20,14 | walk ->20,14 | weapon Rune Crossbow | untilShot 5 | target -[-] | gate - | overhead none | Zek@20,21 TAGGED; Zek@20,21 TAGGED; TzKal-Zuk@22,8 TAGGED
FIRED t591 | 16,14 | Rune Crossbow | Jal-Zek
t592 | 18,14 | 10..14|E|frz1 | zukIn 7 | setIn 202P | zukHp 599 | chosen 20,14 | walk ->20,14 | weapon Rune Crossbow | untilShot 4 | target Jal-Zek[mager-kill] | gate ok | overhead none | Zek@20,21 TAGGED; Zek@20,21 TAGGED; TzKal-Zuk@22,8 TAGGED
t593 | 20,14 | 10..14|E|frz0 | zukIn 6 | setIn 202P | zukHp 599 | chosen 20,14 | walk - | weapon Rune Crossbow | untilShot 3 | target Jal-Zek[mager-kill] | gate ok | overhead Protect from Magic | Zek@20,21 TAGGED; Zek@20,21 TAGGED; TzKal-Zuk@22,8 TAGGED
t594 | 20,14 | 11..15|E|frz-1 | zukIn 5 | setIn 202P | zukHp 599 | chosen 20,14 | walk - | weapon Rune Crossbow | untilShot 2 | target Jal-Zek[mager-kill] | gate ok | overhead Protect from Magic | Zek@20,21 TAGGED; Zek@20,21 TAGGED; TzKal-Zuk@22,8 TAGGED
t595 | 20,14 | 12..16|E|frz-2 | zukIn 4 | setIn 202P | zukHp 599 | chosen 20,14 | walk - | weapon Toxic Blowpipe | untilShot 1 | target Jal-Zek[mager-kill] | gate ok | overhead none | Zek@20,21 TAGGED; Zek@20,21 TAGGED; TzKal-Zuk@22,8 TAGGED
t596 | 20,14 | 13..17|E|frz-3 | zukIn 3 | setIn 202P | zukHp 599 | chosen 20,14 | walk - | weapon Toxic Blowpipe | untilShot 2 | target Jal-Zek[mager-kill] | gate ok | overhead none | Zek@20,21 TAGGED; Zek@20,21 TAGGED; TzKal-Zuk@22,8 TAGGED
FIRED t596 | 20,14 | Toxic Blowpipe | Jal-Zek
t597 | 20,14 | 14..18|E|frz-4 | zukIn 2 | setIn 202P | zukHp 599 | chosen 20,14 | walk - | weapon Toxic Blowpipe | untilShot 1 | target Jal-Zek[mager-kill] | gate ok | overhead Protect from Magic | Zek@20,21 TAGGED; Zek@20,21 TAGGED; TzKal-Zuk@22,8 TAGGED
t598 | 20,14 | 15..19|E|frz-5 | zukIn 1 | setIn 202P | zukHp 599 | chosen 20,14 | walk - | weapon Toxic Blowpipe | untilShot 2 | target Jal-Zek[mager-kill] | gate ok | overhead Protect from Magic | Zek@20,21 TAGGED; Zek@20,21 TAGGED; TzKal-Zuk@22,8 TAGGED
FIRED t598 | 20,14 | Toxic Blowpipe | Jal-Zek
t599 | 20,14 | 16..20|E|frz-6 | zukIn 10 | setIn 202P | zukHp 599 | chosen 30,14 | walk ->30,14 | weapon Toxic Blowpipe | untilShot 1 | target -[-] | gate - | overhead none | Zek@20,21 TAGGED; Zek@20,21 TAGGED; TzKal-Zuk@22,8 TAGGED
t600 | 22,14 | 17..21|E|frz-7 | zukIn 9 | setIn 202P | zukHp 599 | chosen 30,14 | walk ->30,14 | weapon Toxic Blowpipe | untilShot 1 | target Jal-Zek[mager-kill] | gate ok | overhead none | Zek@20,21 TAGGED; Zek@20,21 TAGGED; TzKal-Zuk@22,8 TAGGED
t601 | 22,14 | 18..22|E|frz-8 | zukIn 8 | setIn 202P | zukHp 599 | chosen 30,14 | walk ->30,14 | weapon Toxic Blowpipe | untilShot 2 | target -[-] | gate - | overhead Protect from Magic | Zek@20,21 TAGGED; Zek@20,21 TAGGED; TzKal-Zuk@22,8 TAGGED
FIRED t601 | 22,14 | Toxic Blowpipe | Jal-Zek
t602 | 24,14 | 19..23|E|frz-9 | zukIn 7 | setIn 202P | zukHp 599 | chosen 30,14 | walk ->30,14 | weapon Toxic Blowpipe | untilShot 1 | target Jal-Zek[mager-kill] | gate ok | overhead Protect from Magic | Zek@20,21 TAGGED; Zek@20,21 TAGGED; TzKal-Zuk@22,8 TAGGED
t603 | 24,14 | 20..24|E|frz-10 | zukIn 6 | setIn 202P | zukHp 599 | chosen 30,14 | walk ->30,14 | weapon Toxic Blowpipe | untilShot 2 | target -[-] | gate - | overhead none | Zek@20,21 TAGGED; Zek@20,21 TAGGED; TzKal-Zuk@22,8 TAGGED
FIRED t603 | 24,14 | Toxic Blowpipe | Jal-Zek
t604 | 26,14 | 21..25|E|frz-11 | zukIn 5 | setIn 202P | zukHp 599 | chosen 30,14 | walk ->30,14 | weapon Toxic Blowpipe | untilShot 1 | target Jal-Zek[mager-kill] | gate ok | overhead none | Zek@20,21 TAGGED; Zek@20,21 TAGGED; TzKal-Zuk@22,8 TAGGED
t605 | 26,14 | 22..26|E|frz-12 | zukIn 4 | setIn 202P | zukHp 599 | chosen 30,14 | walk ->30,14 | weapon Toxic Blowpipe | untilShot 2 | target -[-] | gate - | overhead Protect from Magic | Zek@20,21 TAGGED; Zek@20,21 TAGGED; TzKal-Zuk@22,8 TAGGED
FIRED t605 | 26,14 | Toxic Blowpipe | Jal-Zek
t606 | 28,14 | 23..27|E|frz-13 | zukIn 3 | setIn 202P | zukHp 599 | chosen 30,14 | walk ->30,14 | weapon Toxic Blowpipe | untilShot 1 | target Jal-Zek[mager-kill] | gate ok | overhead Protect from Magic | Zek@20,21 TAGGED; Zek@20,21 TAGGED; TzKal-Zuk@22,8 TAGGED
t607 | 28,14 | 24..28|E|frz-14 | zukIn 2 | setIn 202P | zukHp 599 | chosen 30,14 | walk ->30,14 | weapon Toxic Blowpipe | untilShot 2 | target -[-] | gate - | overhead none | Zek@20,21 TAGGED; Zek@20,21 TAGGED; TzKal-Zuk@22,8 TAGGED
FIRED t607 | 28,14 | Toxic Blowpipe | Jal-Zek
t608 | 30,14 | 25..29|E|frz-15 | zukIn 1 | setIn 202P | zukHp 599 | chosen 30,14 | walk - | weapon Toxic Blowpipe | untilShot 1 | target Jal-Zek[mager-kill] | gate ok | overhead none | Zek@20,21 TAGGED; Zek@20,21 TAGGED; TzKal-Zuk@22,8 TAGGED
t609 | 30,14 | 26..30|E|frz-16 | zukIn 10 | setIn 202P | zukHp 599 | chosen 36,14 | walk ->36,14 | weapon Rune Crossbow | untilShot 1 | target -[-] | gate - | overhead Protect from Magic | Zek@20,21 TAGGED; Zek@20,21 TAGGED; TzKal-Zuk@22,8 TAGGED
t610 | 32,14 | 27..31|E|frz-17 | zukIn 9 | setIn 202P | zukHp 599 | chosen 36,14 | walk ->36,14 | weapon Rune Crossbow | untilShot 1 | target TzKal-Zuk[zuk] | gate - | overhead Protect from Magic | Zek@20,21 TAGGED; Zek@20,21 TAGGED; TzKal-Zuk@22,8 TAGGED
t611 | 34,14 | 28..32|E|frz-18 | zukIn 8 | setIn 202P | zukHp 599 | chosen 36,14 | walk ->36,14 | weapon Rune Crossbow | untilShot 1 | target TzKal-Zuk[zuk] | gate - | overhead none | Zek@20,21 TAGGED; Zek@20,21 TAGGED; TzKal-Zuk@22,8 TAGGED
t612 | 36,14 | 29..33|E|frz-19 | zukIn 7 | setIn 202P | zukHp 599 | chosen 36,14 | walk - | weapon Rune Crossbow | untilShot 1 | target TzKal-Zuk[zuk] | gate - | overhead none | Zek@20,21 TAGGED; Zek@20,21 TAGGED; TzKal-Zuk@22,8 TAGGED
t613 | 36,14 | 30..34|E|frz-20 | zukIn 6 | setIn 202P | zukHp 599 | chosen 36,14 | walk - | weapon Rune Crossbow | untilShot 1 | target TzKal-Zuk[zuk] | gate - | overhead Protect from Magic | Zek@20,21 TAGGED; Zek@20,21 TAGGED; TzKal-Zuk@22,8 TAGGED
t614 | 36,14 | 31..35|E|frz-21 | zukIn 5 | setIn 202P | zukHp 599 | chosen 36,14 | walk - | weapon Rune Crossbow | untilShot 1 | target TzKal-Zuk[zuk] | gate - | overhead Protect from Magic | Zek@20,21 TAGGED; Zek@20,21 TAGGED; TzKal-Zuk@22,8 TAGGED
t615 | 36,14 | 32..36|E|frz-22 | zukIn 4 | setIn 202P | zukHp 599 | chosen 36,14 | walk - | weapon Rune Crossbow | untilShot 1 | target TzKal-Zuk[zuk] | gate - | overhead none | Zek@20,21 TAGGED; Zek@20,21 TAGGED; TzKal-Zuk@22,8 TAGGED
t616 | 36,14 | 33..37|E|frz-23 | zukIn 3 | setIn 202P | zukHp 599 | chosen 36,14 | walk - | weapon Rune Crossbow | untilShot 1 | target TzKal-Zuk[zuk] | gate - | overhead none | Zek@20,21 TAGGED; Zek@20,21 TAGGED; TzKal-Zuk@22,8 TAGGED
t617 | 36,14 | 34..38|E|frz-24 | zukIn 2 | setIn 202P | zukHp 599 | chosen 36,14 | walk - | weapon Rune Crossbow | untilShot 1 | target TzKal-Zuk[zuk] | gate - | overhead Protect from Magic | Zek@20,21 TAGGED; Zek@20,21 TAGGED; TzKal-Zuk@22,8 TAGGED
t618 | 36,14 | 35..39|E|frz-25 | zukIn 1 | setIn 202P | zukHp 599 | chosen 36,14 | walk - | weapon Rune Crossbow | untilShot 1 | target TzKal-Zuk[zuk] | gate - | overhead Protect from Magic | Zek@20,21 TAGGED; Zek@20,21 TAGGED; TzKal-Zuk@22,8 TAGGED
t619 | 36,14 | 36..40|W|frz4 | zukIn 10 | setIn 202P | zukHp 599 | chosen 30,14 | walk ->30,14 | weapon Rune Crossbow | untilShot 1 | target -[-] | gate - | overhead none | Zek@20,21 TAGGED; Zek@20,21 TAGGED; TzKal-Zuk@22,8 TAGGED
t620 | 34,14 | 36..40|W|frz3 | zukIn 9 | setIn 202P | zukHp 599 | chosen 30,14 | walk ->30,14 | weapon Rune Crossbow | untilShot 1 | target TzKal-Zuk[zuk] | gate - | overhead none | Zek@20,21 TAGGED; Zek@20,21 TAGGED; TzKal-Zuk@22,8 TAGGED
t621 | 32,14 | 36..40|W|frz2 | zukIn 8 | setIn 202P | zukHp 599 | chosen 30,14 | walk ->30,14 | weapon Rune Crossbow | untilShot 1 | target TzKal-Zuk[zuk] | gate - | overhead Protect from Magic | Zek@20,21 TAGGED; Zek@20,21 TAGGED; TzKal-Zuk@22,8 TAGGED
t622 | 30,14 | 36..40|W|frz1 | zukIn 7 | setIn 202P | zukHp 599 | chosen 30,14 | walk - | weapon Rune Crossbow | untilShot 1 | target Jal-Zek[mager-kill] | gate ok | overhead Protect from Magic | Zek@20,21 TAGGED; Zek@20,21 TAGGED; TzKal-Zuk@22,8 TAGGED
t623 | 30,14 | 36..40|W|frz0 | zukIn 6 | setIn 202P | zukHp 599 | chosen 30,14 | walk - | weapon Rune Crossbow | untilShot 5 | target Jal-Zek[mager-kill] | gate ok | overhead none | Zek@20,21 TAGGED; Zek@20,21 TAGGED; TzKal-Zuk@22,8 TAGGED
FIRED t623 | 30,14 | Rune Crossbow | Jal-Zek
t624 | 30,14 | 35..39|W|frz-1 | zukIn 5 | setIn 202P | zukHp 599 | chosen 30,14 | walk - | weapon Rune Crossbow | untilShot 4 | target Jal-Zek[mager-kill] | gate ok | overhead none | Zek@20,21 TAGGED; Zek@20,21 TAGGED; TzKal-Zuk@22,8 TAGGED
t625 | 30,14 | 34..38|W|frz-2 | zukIn 4 | setIn 202P | zukHp 599 | chosen 30,14 | walk - | weapon Rune Crossbow | untilShot 3 | target Jal-Zek[mager-kill] | gate ok | overhead Protect from Magic | Zek@20,21 TAGGED; Zek@20,21 TAGGED; TzKal-Zuk@22,8 TAGGED
t626 | 30,14 | 33..37|W|frz-3 | zukIn 3 | setIn 202P | zukHp 599 | chosen 30,14 | walk - | weapon Rune Crossbow | untilShot 2 | target Jal-Zek[mager-kill] | gate ok | overhead Protect from Magic | Zek@20,21 TAGGED; Zek@20,21 TAGGED; TzKal-Zuk@22,8 TAGGED
t627 | 30,14 | 32..36|W|frz-4 | zukIn 2 | setIn 202P | zukHp 599 | chosen 30,14 | walk - | weapon Rune Crossbow | untilShot 1 | target Jal-Zek[mager-kill] | gate ok | overhead none | Zek@20,21 TAGGED; Zek@20,21 TAGGED; TzKal-Zuk@22,8 TAGGED
t628 | 30,14 | 31..35|W|frz-5 | zukIn 1 | setIn 202P | zukHp 599 | chosen 30,14 | walk - | weapon Rune Crossbow | untilShot 5 | target Jal-Zek[mager-kill] | gate ok | overhead none | Zek@20,21 TAGGED; Zek@20,21 TAGGED; TzKal-Zuk@22,8 TAGGED
FIRED t628 | 30,14 | Rune Crossbow | Jal-Zek
t629 | 30,14 | 30..34|W|frz-6 | zukIn 10 | setIn 202P | zukHp 599 | chosen 20,14 | walk ->20,14 | weapon Rune Crossbow | untilShot 4 | target -[-] | gate - | overhead Protect from Magic | Zek@20,21 TAGGED; Zek@20,21 TAGGED; TzKal-Zuk@22,8 TAGGED
t630 | 28,14 | 29..33|W|frz-7 | zukIn 9 | setIn 202P | zukHp 599 | chosen 20,14 | walk ->20,14 | weapon Rune Crossbow | untilShot 3 | target Jal-Zek[mager-kill] | gate ok | overhead Protect from Magic | Zek@20,21 TAGGED; Zek@20,21 TAGGED; TzKal-Zuk@22,8 TAGGED
t631 | 26,14 | 28..32|W|frz-8 | zukIn 8 | setIn 202P | zukHp 599 | chosen 20,14 | walk ->20,14 | weapon Rune Crossbow | untilShot 2 | target Jal-Zek[mager-kill] | gate ok | overhead none | Zek@20,21 TAGGED; Zek@20,21 TAGGED; TzKal-Zuk@22,8 TAGGED
t632 | 24,14 | 27..31|W|frz-9 | zukIn 7 | setIn 202P | zukHp 599 | chosen 20,14 | walk ->20,14 | weapon Toxic Blowpipe | untilShot 1 | target Jal-Zek[mager-kill] | gate ok | overhead none | Zek@20,21 TAGGED; Zek@20,21 TAGGED; TzKal-Zuk@22,8 TAGGED
t633 | 24,14 | 26..30|W|frz-10 | zukIn 6 | setIn 202P | zukHp 599 | chosen 20,14 | walk ->20,14 | weapon Toxic Blowpipe | untilShot 2 | target -[-] | gate - | overhead Protect from Magic | Zek@20,21 TAGGED; Zek@20,21 TAGGED; TzKal-Zuk@22,8 TAGGED
FIRED t633 | 24,14 | Toxic Blowpipe | Jal-Zek
t634 | 22,14 | 25..29|W|frz-11 | zukIn 5 | setIn 202P | zukHp 599 | chosen 20,14 | walk ->20,14 | weapon Toxic Blowpipe | untilShot 1 | target Jal-Zek[mager-kill] | gate ok | overhead Protect from Magic | Zek@20,21 TAGGED; Zek@20,21 TAGGED; TzKal-Zuk@22,8 TAGGED
t635 | 22,14 | 24..28|W|frz-12 | zukIn 4 | setIn 202P | zukHp 599 | chosen 20,14 | walk ->20,14 | weapon Toxic Blowpipe | untilShot 2 | target -[-] | gate - | overhead none | Zek@20,21 TAGGED; Zek@20,21 TAGGED; TzKal-Zuk@22,8 TAGGED
FIRED t635 | 22,14 | Toxic Blowpipe | Jal-Zek
t636 | 20,14 | 23..27|W|frz-13 | zukIn 3 | setIn 202P | zukHp 599 | chosen 20,14 | walk - | weapon Toxic Blowpipe | untilShot 1 | target Jal-Zek[mager-kill] | gate ok | overhead none | Zek@20,21 TAGGED; Zek@20,21 TAGGED; TzKal-Zuk@22,8 TAGGED
t637 | 20,14 | 22..26|W|frz-14 | zukIn 2 | setIn 202P | zukHp 599 | chosen 20,14 | walk - | weapon Toxic Blowpipe | untilShot 2 | target Jal-Zek[mager-kill] | gate ok | overhead Protect from Magic | Zek@20,21 TAGGED; Zek@20,21 TAGGED; TzKal-Zuk@22,8 TAGGED
FIRED t637 | 20,14 | Toxic Blowpipe | Jal-Zek
t638 | 20,14 | 21..25|W|frz-15 | zukIn 1 | setIn 202P | zukHp 599 | chosen 20,14 | walk - | weapon Toxic Blowpipe | untilShot 1 | target Jal-Zek[mager-kill] | gate ok | overhead Protect from Magic | Zek@20,21 TAGGED; Zek@20,21 TAGGED; TzKal-Zuk@22,8 TAGGED
t639 | 20,14 | 20..24|W|frz-16 | zukIn 10 | setIn 202P | zukHp 599 | chosen 14,14 | walk ->14,14 | weapon Toxic Blowpipe | untilShot 2 | target -[-] | gate - | overhead none | Zek@20,21 TAGGED; Zek@20,21 TAGGED; TzKal-Zuk@22,8 TAGGED
FIRED t639 | 20,14 | Toxic Blowpipe | Jal-Zek
t640 | 18,14 | 19..23|W|frz-17 | zukIn 9 | setIn 202P | zukHp 599 | chosen 14,14 | walk ->14,14 | weapon Toxic Blowpipe | untilShot 1 | target Jal-Zek[mager-kill] | gate ok | overhead none | Zek@20,21 TAGGED; Zek@20,21 TAGGED; TzKal-Zuk@22,8 TAGGED
t641 | 18,14 | 18..22|W|frz-18 | zukIn 8 | setIn 202P | zukHp 599 | chosen 14,14 | walk ->14,14 | weapon Toxic Blowpipe | untilShot 2 | target -[-] | gate - | overhead Protect from Magic | Zek@20,21 TAGGED; Zek@20,21 TAGGED; TzKal-Zuk@22,8 TAGGED
FIRED t641 | 18,14 | Toxic Blowpipe | Jal-Zek
t642 | 16,14 | 17..21|W|frz-19 | zukIn 7 | setIn 202P | zukHp 599 | chosen 14,14 | walk ->14,14 | weapon Toxic Blowpipe | untilShot 1 | target Jal-Zek[mager-kill] | gate ok | overhead Protect from Magic | Zek@20,21 TAGGED; Zek@20,21 TAGGED; TzKal-Zuk@22,8 TAGGED
t643 | 16,14 | 16..20|W|frz-20 | zukIn 6 | setIn 202P | zukHp 599 | chosen 14,14 | walk ->14,14 | weapon Toxic Blowpipe | untilShot 2 | target -[-] | gate - | overhead none | Zek@20,21 TAGGED; Zek@20,21 TAGGED; TzKal-Zuk@22,8 TAGGED
FIRED t643 | 16,14 | Toxic Blowpipe | Jal-Zek
t644 | 14,14 | 15..19|W|frz-21 | zukIn 5 | setIn 202P | zukHp 599 | chosen 14,14 | walk - | weapon Toxic Blowpipe | untilShot 1 | target Jal-Zek[mager-kill] | gate ok | overhead none | Zek@20,21 TAGGED; Zek@20,21 TAGGED; TzKal-Zuk@22,8 TAGGED
t645 | 14,14 | 14..18|W|frz-22 | zukIn 4 | setIn 202P | zukHp 599 | chosen 14,14 | walk - | weapon Rune Crossbow | untilShot 1 | target Jal-Zek[mager-kill] | gate ok | overhead Protect from Magic | Zek@20,21 TAGGED; Zek@20,21 TAGGED; TzKal-Zuk@22,8 TAGGED
t646 | 14,14 | 13..17|W|frz-23 | zukIn 3 | setIn 202P | zukHp 599 | chosen 14,14 | walk - | weapon Rune Crossbow | untilShot 5 | target Jal-Zek[mager-kill] | gate ok | overhead Protect from Magic | Zek@20,21 TAGGED; Zek@20,21 TAGGED; TzKal-Zuk@22,8 TAGGED
FIRED t646 | 14,14 | Rune Crossbow | Jal-Zek
t647 | 14,14 | 12..16|W|frz-24 | zukIn 2 | setIn 202P | zukHp 599 | chosen 14,14 | walk - | weapon Rune Crossbow | untilShot 4 | target Jal-Zek[mager-kill] | gate ok | overhead none | Zek@20,21 TAGGED; Zek@20,21 TAGGED; TzKal-Zuk@22,8 TAGGED
t648 | 14,14 | 11..15|W|frz-25 | zukIn 1 | setIn 202P | zukHp 599 | chosen 14,14 | walk - | weapon Rune Crossbow | untilShot 3 | target Jal-Zek[mager-kill] | gate ok | overhead none | Zek@20,21 TAGGED; Zek@20,21 TAGGED; TzKal-Zuk@22,8 TAGGED
t649 | 14,14 | 10..14|E|frz4 | zukIn 10 | setIn 202P | zukHp 599 | chosen 20,14 | walk ->20,14 | weapon Rune Crossbow | untilShot 2 | target -[-] | gate - | overhead Protect from Magic | Zek@20,21 TAGGED; Zek@20,21 TAGGED; TzKal-Zuk@22,8 TAGGED
t650 | 16,14 | 10..14|E|frz3 | zukIn 9 | setIn 202P | zukHp 599 | chosen 20,14 | walk ->20,14 | weapon Rune Crossbow | untilShot 1 | target Jal-Zek[mager-kill] | gate ok | overhead Protect from Magic | Zek@20,21 TAGGED; Zek@20,21 TAGGED; TzKal-Zuk@22,8 TAGGED
t651 | 16,14 | 10..14|E|frz2 | zukIn 8 | setIn 202P | zukHp 599 | chosen 20,14 | walk ->20,14 | weapon Rune Crossbow | untilShot 5 | target -[-] | gate - | overhead none | Zek@20,21 TAGGED; Zek@20,21 TAGGED; TzKal-Zuk@22,8 TAGGED
FIRED t651 | 16,14 | Rune Crossbow | Jal-Zek
t652 | 18,14 | 10..14|E|frz1 | zukIn 7 | setIn 202P | zukHp 599 | chosen 20,14 | walk ->20,14 | weapon Rune Crossbow | untilShot 4 | target Jal-Zek[mager-kill] | gate ok | overhead none | Zek@20,21 TAGGED; Zek@20,21 TAGGED; TzKal-Zuk@22,8 TAGGED
t653 | 20,14 | 10..14|E|frz0 | zukIn 6 | setIn 202P | zukHp 599 | chosen 20,14 | walk - | weapon Rune Crossbow | untilShot 3 | target Jal-Zek[mager-kill] | gate ok | overhead Protect from Magic | Zek@20,21 TAGGED; Zek@20,21 TAGGED; TzKal-Zuk@22,8 TAGGED
t654 | 20,14 | 11..15|E|frz-1 | zukIn 5 | setIn 202P | zukHp 599 | chosen 20,14 | walk - | weapon Rune Crossbow | untilShot 2 | target Jal-Zek[mager-kill] | gate ok | overhead Protect from Magic | Zek@20,21 TAGGED; Zek@20,21 TAGGED; TzKal-Zuk@22,8 TAGGED
t655 | 20,14 | 12..16|E|frz-2 | zukIn 4 | setIn 202P | zukHp 599 | chosen 20,14 | walk - | weapon Toxic Blowpipe | untilShot 1 | target Jal-Zek[mager-kill] | gate ok | overhead none | Zek@20,21 TAGGED; Zek@20,21 TAGGED; TzKal-Zuk@22,8 TAGGED
t656 | 20,14 | 13..17|E|frz-3 | zukIn 3 | setIn 202P | zukHp 599 | chosen 20,14 | walk - | weapon Toxic Blowpipe | untilShot 2 | target Jal-Zek[mager-kill] | gate ok | overhead none | Zek@20,21 TAGGED; Zek@20,21 TAGGED; TzKal-Zuk@22,8 TAGGED
FIRED t656 | 20,14 | Toxic Blowpipe | Jal-Zek
t657 | 20,14 | 14..18|E|frz-4 | zukIn 2 | setIn 202P | zukHp 599 | chosen 20,14 | walk - | weapon Toxic Blowpipe | untilShot 1 | target Jal-Zek[mager-kill] | gate ok | overhead Protect from Magic | Zek@20,21 TAGGED; Zek@20,21 TAGGED; TzKal-Zuk@22,8 TAGGED
t658 | 20,14 | 15..19|E|frz-5 | zukIn 1 | setIn 202P | zukHp 599 | chosen 20,14 | walk - | weapon Toxic Blowpipe | untilShot 2 | target Jal-Zek[mager-kill] | gate ok | overhead Protect from Magic | Zek@20,21 TAGGED; Zek@20,21 TAGGED; TzKal-Zuk@22,8 TAGGED
FIRED t658 | 20,14 | Toxic Blowpipe | Jal-Zek
t659 | 20,14 | 16..20|E|frz-6 | zukIn 10 | setIn 202P | zukHp 599 | chosen 30,14 | walk ->30,14 | weapon Toxic Blowpipe | untilShot 1 | target -[-] | gate - | overhead none | Zek@20,21 TAGGED; Zek@20,21 TAGGED; TzKal-Zuk@22,8 TAGGED
t660 | 22,14 | 17..21|E|frz-7 | zukIn 9 | setIn 202P | zukHp 599 | chosen 30,14 | walk ->30,14 | weapon Toxic Blowpipe | untilShot 1 | target Jal-Zek[mager-kill] | gate ok | overhead none | Zek@20,21 TAGGED; Zek@20,21 TAGGED; TzKal-Zuk@22,8 TAGGED
t661 | 22,14 | 18..22|E|frz-8 | zukIn 8 | setIn 202P | zukHp 599 | chosen 30,14 | walk ->30,14 | weapon Toxic Blowpipe | untilShot 2 | target -[-] | gate - | overhead Protect from Magic | Zek@20,21 TAGGED; Zek@20,21 TAGGED; TzKal-Zuk@22,8 TAGGED
FIRED t661 | 22,14 | Toxic Blowpipe | Jal-Zek
t662 | 24,14 | 19..23|E|frz-9 | zukIn 7 | setIn 202P | zukHp 599 | chosen 30,14 | walk ->30,14 | weapon Toxic Blowpipe | untilShot 1 | target Jal-Zek[mager-kill] | gate ok | overhead Protect from Magic | Zek@20,21 TAGGED; Zek@20,21 TAGGED; TzKal-Zuk@22,8 TAGGED
t663 | 24,14 | 20..24|E|frz-10 | zukIn 6 | setIn 202P | zukHp 599 | chosen 30,14 | walk ->30,14 | weapon Toxic Blowpipe | untilShot 2 | target -[-] | gate - | overhead none | Zek@20,21 TAGGED; Zek@20,21 TAGGED; TzKal-Zuk@22,8 TAGGED
FIRED t663 | 24,14 | Toxic Blowpipe | Jal-Zek
t664 | 26,14 | 21..25|E|frz-11 | zukIn 5 | setIn 202P | zukHp 599 | chosen 30,14 | walk ->30,14 | weapon Toxic Blowpipe | untilShot 1 | target Jal-Zek[mager-kill] | gate ok | overhead none | Zek@20,21 TAGGED; Zek@20,21 TAGGED; TzKal-Zuk@22,8 TAGGED
t665 | 26,14 | 22..26|E|frz-12 | zukIn 4 | setIn 202P | zukHp 599 | chosen 30,14 | walk ->30,14 | weapon Toxic Blowpipe | untilShot 2 | target -[-] | gate - | overhead Protect from Magic | Zek@20,21 TAGGED; Zek@20,21 TAGGED; TzKal-Zuk@22,8 TAGGED
FIRED t665 | 26,14 | Toxic Blowpipe | Jal-Zek
t666 | 28,14 | 23..27|E|frz-13 | zukIn 3 | setIn 202P | zukHp 599 | chosen 30,14 | walk ->30,14 | weapon Toxic Blowpipe | untilShot 1 | target Jal-Zek[mager-kill] | gate ok | overhead Protect from Magic | Zek@20,21 TAGGED; Zek@20,21 TAGGED; TzKal-Zuk@22,8 TAGGED
t667 | 28,14 | 24..28|E|frz-14 | zukIn 2 | setIn 202P | zukHp 599 | chosen 30,14 | walk ->30,14 | weapon Toxic Blowpipe | untilShot 2 | target -[-] | gate - | overhead none | Zek@20,21 TAGGED; Zek@20,21 TAGGED; TzKal-Zuk@22,8 TAGGED
FIRED t667 | 28,14 | Toxic Blowpipe | Jal-Zek
t668 | 30,14 | 25..29|E|frz-15 | zukIn 1 | setIn 202P | zukHp 599 | chosen 30,14 | walk - | weapon Toxic Blowpipe | untilShot 1 | target Jal-Zek[mager-kill] | gate ok | overhead none | Zek@20,21 TAGGED; Zek@20,21 TAGGED; TzKal-Zuk@22,8 TAGGED
t669 | 30,14 | 26..30|E|frz-16 | zukIn 10 | setIn 202P | zukHp 599 | chosen 36,14 | walk ->36,14 | weapon Rune Crossbow | untilShot 1 | target -[-] | gate - | overhead Protect from Magic | Zek@20,21 TAGGED; Zek@20,21 TAGGED; TzKal-Zuk@22,8 TAGGED
t670 | 32,14 | 27..31|E|frz-17 | zukIn 9 | setIn 202P | zukHp 599 | chosen 36,14 | walk ->36,14 | weapon Rune Crossbow | untilShot 1 | target TzKal-Zuk[zuk] | gate - | overhead Protect from Magic | Zek@20,21 TAGGED; Zek@20,21 TAGGED; TzKal-Zuk@22,8 TAGGED
t671 | 34,14 | 28..32|E|frz-18 | zukIn 8 | setIn 202P | zukHp 599 | chosen 36,14 | walk ->36,14 | weapon Rune Crossbow | untilShot 1 | target TzKal-Zuk[zuk] | gate - | overhead none | Zek@20,21 TAGGED; Zek@20,21 TAGGED; TzKal-Zuk@22,8 TAGGED
t672 | 36,14 | 29..33|E|frz-19 | zukIn 7 | setIn 202P | zukHp 599 | chosen 36,14 | walk - | weapon Rune Crossbow | untilShot 1 | target TzKal-Zuk[zuk] | gate - | overhead none | Zek@20,21 TAGGED; Zek@20,21 TAGGED; TzKal-Zuk@22,8 TAGGED
t673 | 36,14 | 30..34|E|frz-20 | zukIn 6 | setIn 202P | zukHp 599 | chosen 36,14 | walk - | weapon Rune Crossbow | untilShot 1 | target TzKal-Zuk[zuk] | gate - | overhead Protect from Magic | Zek@20,21 TAGGED; Zek@20,21 TAGGED; TzKal-Zuk@22,8 TAGGED
t674 | 36,14 | 31..35|E|frz-21 | zukIn 5 | setIn 202P | zukHp 599 | chosen 36,14 | walk - | weapon Rune Crossbow | untilShot 1 | target TzKal-Zuk[zuk] | gate - | overhead Protect from Magic | Zek@20,21 TAGGED; Zek@20,21 TAGGED; TzKal-Zuk@22,8 TAGGED
t675 | 36,14 | 32..36|E|frz-22 | zukIn 4 | setIn 202P | zukHp 599 | chosen 36,14 | walk - | weapon Rune Crossbow | untilShot 1 | target TzKal-Zuk[zuk] | gate - | overhead none | Zek@20,21 TAGGED; Zek@20,21 TAGGED; TzKal-Zuk@22,8 TAGGED
t676 | 36,14 | 33..37|E|frz-23 | zukIn 3 | setIn 202P | zukHp 599 | chosen 36,14 | walk - | weapon Rune Crossbow | untilShot 1 | target TzKal-Zuk[zuk] | gate - | overhead none | Zek@20,21 TAGGED; Zek@20,21 TAGGED; TzKal-Zuk@22,8 TAGGED
t677 | 36,14 | 34..38|E|frz-24 | zukIn 2 | setIn 202P | zukHp 599 | chosen 36,14 | walk - | weapon Rune Crossbow | untilShot 1 | target TzKal-Zuk[zuk] | gate - | overhead Protect from Magic | Zek@20,21 TAGGED; Zek@20,21 TAGGED; TzKal-Zuk@22,8 TAGGED
t678 | 36,14 | 35..39|E|frz-25 | zukIn 1 | setIn 202P | zukHp 599 | chosen 36,14 | walk - | weapon Rune Crossbow | untilShot 1 | target TzKal-Zuk[zuk] | gate - | overhead Protect from Magic | Zek@20,21 TAGGED; Zek@20,21 TAGGED; TzKal-Zuk@22,8 TAGGED
t679 | 36,14 | 36..40|W|frz4 | zukIn 10 | setIn 202P | zukHp 599 | chosen 30,14 | walk ->30,14 | weapon Rune Crossbow | untilShot 1 | target -[-] | gate - | overhead none | Zek@20,21 TAGGED; Zek@20,21 TAGGED; TzKal-Zuk@22,8 TAGGED
t680 | 34,14 | 36..40|W|frz3 | zukIn 9 | setIn 202P | zukHp 599 | chosen 30,14 | walk ->30,14 | weapon Rune Crossbow | untilShot 1 | target TzKal-Zuk[zuk] | gate - | overhead none | Zek@20,21 TAGGED; Zek@20,21 TAGGED; TzKal-Zuk@22,8 TAGGED
t681 | 32,14 | 36..40|W|frz2 | zukIn 8 | setIn 202P | zukHp 599 | chosen 30,14 | walk ->30,14 | weapon Rune Crossbow | untilShot 1 | target TzKal-Zuk[zuk] | gate - | overhead Protect from Magic | Zek@20,21 TAGGED; Zek@20,21 TAGGED; TzKal-Zuk@22,8 TAGGED
t682 | 30,14 | 36..40|W|frz1 | zukIn 7 | setIn 202P | zukHp 599 | chosen 30,14 | walk - | weapon Rune Crossbow | untilShot 1 | target Jal-Zek[mager-kill] | gate ok | overhead Protect from Magic | Zek@20,21 TAGGED; Zek@20,21 TAGGED; TzKal-Zuk@22,8 TAGGED
t683 | 30,14 | 36..40|W|frz0 | zukIn 6 | setIn 202P | zukHp 599 | chosen 30,14 | walk - | weapon Rune Crossbow | untilShot 5 | target Jal-Zek[mager-kill] | gate ok | overhead none | Zek@20,21 TAGGED; Zek@20,21 TAGGED; TzKal-Zuk@22,8 TAGGED
FIRED t683 | 30,14 | Rune Crossbow | Jal-Zek
t684 | 30,14 | 35..39|W|frz-1 | zukIn 5 | setIn 202P | zukHp 599 | chosen 30,14 | walk - | weapon Rune Crossbow | untilShot 4 | target Jal-Zek[mager-kill] | gate ok | overhead none | Zek@20,21 TAGGED; Zek@20,21 TAGGED; TzKal-Zuk@22,8 TAGGED
t685 | 30,14 | 34..38|W|frz-2 | zukIn 4 | setIn 202P | zukHp 599 | chosen 30,14 | walk - | weapon Rune Crossbow | untilShot 3 | target Jal-Zek[mager-kill] | gate ok | overhead Protect from Magic | Zek@20,21 TAGGED; Zek@20,21 TAGGED; TzKal-Zuk@22,8 TAGGED
t686 | 30,14 | 33..37|W|frz-3 | zukIn 3 | setIn 202P | zukHp 599 | chosen 30,14 | walk - | weapon Rune Crossbow | untilShot 2 | target Jal-Zek[mager-kill] | gate ok | overhead Protect from Magic | Zek@20,21 TAGGED; Zek@20,21 TAGGED; TzKal-Zuk@22,8 TAGGED
t687 | 30,14 | 32..36|W|frz-4 | zukIn 2 | setIn 202P | zukHp 599 | chosen 30,14 | walk - | weapon Rune Crossbow | untilShot 1 | target Jal-Zek[mager-kill] | gate ok | overhead none | Zek@20,21 TAGGED; Zek@20,21 TAGGED; TzKal-Zuk@22,8 TAGGED
t688 | 30,14 | 31..35|W|frz-5 | zukIn 1 | setIn 202P | zukHp 599 | chosen 30,14 | walk - | weapon Rune Crossbow | untilShot 5 | target Jal-Zek[mager-kill] | gate ok | overhead none | Zek@20,21 TAGGED; Zek@20,21 TAGGED; TzKal-Zuk@22,8 TAGGED
FIRED t688 | 30,14 | Rune Crossbow | Jal-Zek
t689 | 30,14 | 30..34|W|frz-6 | zukIn 10 | setIn 202P | zukHp 599 | chosen 20,14 | walk ->20,14 | weapon Rune Crossbow | untilShot 4 | target -[-] | gate - | overhead Protect from Magic | Zek@20,21 TAGGED; Zek@20,21 TAGGED; TzKal-Zuk@22,8 TAGGED
t690 | 28,14 | 29..33|W|frz-7 | zukIn 9 | setIn 202P | zukHp 599 | chosen 20,14 | walk ->20,14 | weapon Rune Crossbow | untilShot 3 | target Jal-Zek[mager-kill] | gate ok | overhead Protect from Magic | Zek@20,21 TAGGED; Zek@20,21 TAGGED; TzKal-Zuk@22,8 TAGGED
t691 | 26,14 | 28..32|W|frz-8 | zukIn 8 | setIn 202P | zukHp 599 | chosen 20,14 | walk ->20,14 | weapon Rune Crossbow | untilShot 2 | target Jal-Zek[mager-kill] | gate ok | overhead none | Zek@20,21 TAGGED; Zek@20,21 TAGGED; TzKal-Zuk@22,8 TAGGED
t692 | 24,14 | 27..31|W|frz-9 | zukIn 7 | setIn 202P | zukHp 599 | chosen 20,14 | walk ->20,14 | weapon Toxic Blowpipe | untilShot 1 | target Jal-Zek[mager-kill] | gate ok | overhead none | Zek@20,21 TAGGED; Zek@20,21 TAGGED; TzKal-Zuk@22,8 TAGGED
t693 | 24,14 | 26..30|W|frz-10 | zukIn 6 | setIn 202P | zukHp 599 | chosen 20,14 | walk ->20,14 | weapon Toxic Blowpipe | untilShot 2 | target -[-] | gate - | overhead Protect from Magic | Zek@20,21 TAGGED; Zek@20,21 TAGGED; TzKal-Zuk@22,8 TAGGED
FIRED t693 | 24,14 | Toxic Blowpipe | Jal-Zek
t694 | 22,14 | 25..29|W|frz-11 | zukIn 5 | setIn 202P | zukHp 599 | chosen 20,14 | walk ->20,14 | weapon Toxic Blowpipe | untilShot 1 | target Jal-Zek[mager-kill] | gate ok | overhead Protect from Magic | Zek@20,21 TAGGED; Zek@20,21 TAGGED; TzKal-Zuk@22,8 TAGGED
t695 | 22,14 | 24..28|W|frz-12 | zukIn 4 | setIn 202P | zukHp 599 | chosen 20,14 | walk ->20,14 | weapon Toxic Blowpipe | untilShot 2 | target -[-] | gate - | overhead none | Zek@20,21 TAGGED; Zek@20,21 TAGGED; TzKal-Zuk@22,8 TAGGED
FIRED t695 | 22,14 | Toxic Blowpipe | Jal-Zek
t696 | 20,14 | 23..27|W|frz-13 | zukIn 3 | setIn 202P | zukHp 599 | chosen 20,14 | walk - | weapon Toxic Blowpipe | untilShot 1 | target Jal-Zek[mager-kill] | gate ok | overhead none | Zek@20,21 TAGGED; Zek@20,21 TAGGED; TzKal-Zuk@22,8 TAGGED
t697 | 20,14 | 22..26|W|frz-14 | zukIn 2 | setIn 202P | zukHp 599 | chosen 20,14 | walk - | weapon Toxic Blowpipe | untilShot 2 | target Jal-Zek[mager-kill] | gate ok | overhead Protect from Magic | Zek@20,21 TAGGED; Zek@20,21 TAGGED; TzKal-Zuk@22,8 TAGGED
FIRED t697 | 20,14 | Toxic Blowpipe | Jal-Zek
t698 | 20,14 | 21..25|W|frz-15 | zukIn 1 | setIn 202P | zukHp 599 | chosen 20,14 | walk - | weapon Toxic Blowpipe | untilShot 1 | target Jal-Zek[mager-kill] | gate ok | overhead Protect from Magic | Zek@20,21 TAGGED; Zek@20,21 TAGGED; TzKal-Zuk@22,8 TAGGED
t699 | 20,14 | 20..24|W|frz-16 | zukIn 10 | setIn 202P | zukHp 599 | chosen 14,14 | walk ->14,14 | weapon Toxic Blowpipe | untilShot 2 | target -[-] | gate - | overhead none | Zek@20,21 TAGGED; Zek@20,21 TAGGED; TzKal-Zuk@22,8 TAGGED
FIRED t699 | 20,14 | Toxic Blowpipe | Jal-Zek
t700 | 18,14 | 19..23|W|frz-17 | zukIn 9 | setIn 202P | zukHp 599 | chosen 14,14 | walk ->14,14 | weapon Toxic Blowpipe | untilShot 1 | target Jal-Zek[mager-kill] | gate ok | overhead none | Zek@20,21 TAGGED; Zek@20,21 TAGGED; TzKal-Zuk@22,8 TAGGED
t701 | 18,14 | 18..22|W|frz-18 | zukIn 8 | setIn 202P | zukHp 599 | chosen 14,14 | walk ->14,14 | weapon Toxic Blowpipe | untilShot 2 | target -[-] | gate - | overhead Protect from Magic | Zek@20,21 TAGGED; Zek@20,21 TAGGED; TzKal-Zuk@22,8 TAGGED
FIRED t701 | 18,14 | Toxic Blowpipe | Jal-Zek
t702 | 16,14 | 17..21|W|frz-19 | zukIn 7 | setIn 202P | zukHp 599 | chosen 14,14 | walk ->14,14 | weapon Toxic Blowpipe | untilShot 1 | target Jal-Zek[mager-kill] | gate ok | overhead Protect from Magic | Zek@20,21 TAGGED; Zek@20,21 TAGGED; TzKal-Zuk@22,8 TAGGED
t703 | 16,14 | 16..20|W|frz-20 | zukIn 6 | setIn 202P | zukHp 599 | chosen 14,14 | walk ->14,14 | weapon Toxic Blowpipe | untilShot 2 | target -[-] | gate - | overhead none | Zek@20,21 TAGGED; Zek@20,21 TAGGED; TzKal-Zuk@22,8 TAGGED
FIRED t703 | 16,14 | Toxic Blowpipe | Jal-Zek
t704 | 14,14 | 15..19|W|frz-21 | zukIn 5 | setIn 202P | zukHp 599 | chosen 14,14 | walk - | weapon Toxic Blowpipe | untilShot 1 | target Jal-Zek[mager-kill] | gate ok | overhead none | Zek@20,21 TAGGED; Zek@20,21 TAGGED; TzKal-Zuk@22,8 TAGGED
t705 | 14,14 | 14..18|W|frz-22 | zukIn 4 | setIn 202P | zukHp 599 | chosen 14,14 | walk - | weapon Rune Crossbow | untilShot 1 | target Jal-Zek[mager-kill] | gate ok | overhead Protect from Magic | Zek@20,21 TAGGED; TzKal-Zuk@22,8 TAGGED
t706 | 14,14 | 13..17|W|frz-23 | zukIn 3 | setIn 202P | zukHp 599 | chosen 14,14 | walk - | weapon Rune Crossbow | untilShot 5 | target Jal-Zek[mager-kill] | gate ok | overhead none | Zek@20,21 TAGGED; TzKal-Zuk@22,8 TAGGED
FIRED t706 | 14,14 | Rune Crossbow | Jal-Zek
t707 | 14,14 | 12..16|W|frz-24 | zukIn 2 | setIn 202P | zukHp 599 | chosen 14,14 | walk - | weapon Rune Crossbow | untilShot 4 | target Jal-Zek[mager-kill] | gate ok | overhead none | Zek@20,21 TAGGED; TzKal-Zuk@22,8 TAGGED
t708 | 14,14 | 11..15|W|frz-25 | zukIn 1 | setIn 202P | zukHp 599 | chosen 14,14 | walk - | weapon Rune Crossbow | untilShot 3 | target Jal-Zek[mager-kill] | gate ok | overhead none | Zek@20,21 TAGGED; TzKal-Zuk@22,8 TAGGED
t709 | 14,14 | 10..14|E|frz4 | zukIn 10 | setIn 202P | zukHp 599 | chosen 20,14 | walk ->20,14 | weapon Rune Crossbow | untilShot 2 | target -[-] | gate - | overhead Protect from Magic | Zek@20,21 TAGGED; TzKal-Zuk@22,8 TAGGED
t710 | 16,14 | 10..14|E|frz3 | zukIn 9 | setIn 202P | zukHp 599 | chosen 20,14 | walk ->20,14 | weapon Rune Crossbow | untilShot 1 | target Jal-Zek[mager-kill] | gate ok | overhead none | Zek@20,21 TAGGED; TzKal-Zuk@22,8 TAGGED
t711 | 16,14 | 10..14|E|frz2 | zukIn 8 | setIn 202P | zukHp 599 | chosen 20,14 | walk ->20,14 | weapon Rune Crossbow | untilShot 5 | target -[-] | gate - | overhead none | Zek@20,21 TAGGED; TzKal-Zuk@22,8 TAGGED
FIRED t711 | 16,14 | Rune Crossbow | Jal-Zek
t712 | 18,14 | 10..14|E|frz1 | zukIn 7 | setIn 202P | zukHp 599 | chosen 20,14 | walk ->20,14 | weapon Rune Crossbow | untilShot 4 | target Jal-Zek[mager-kill] | gate ok | overhead none | Zek@20,21 TAGGED; TzKal-Zuk@22,8 TAGGED
t713 | 20,14 | 10..14|E|frz0 | zukIn 6 | setIn 202P | zukHp 599 | chosen 20,14 | walk - | weapon Rune Crossbow | untilShot 3 | target Jal-Zek[mager-kill] | gate ok | overhead Protect from Magic | Zek@20,21 TAGGED; TzKal-Zuk@22,8 TAGGED
t714 | 20,14 | 11..15|E|frz-1 | zukIn 5 | setIn 202P | zukHp 599 | chosen 20,14 | walk - | weapon Rune Crossbow | untilShot 2 | target Jal-Zek[mager-kill] | gate ok | overhead none | Zek@20,21 TAGGED; TzKal-Zuk@22,8 TAGGED
t715 | 20,14 | 12..16|E|frz-2 | zukIn 4 | setIn 202P | zukHp 599 | chosen 20,14 | walk - | weapon Toxic Blowpipe | untilShot 1 | target Jal-Zek[mager-kill] | gate ok | overhead none | Zek@20,21 TAGGED; TzKal-Zuk@22,8 TAGGED
t716 | 20,14 | 13..17|E|frz-3 | zukIn 3 | setIn 202P | zukHp 599 | chosen 20,14 | walk - | weapon Toxic Blowpipe | untilShot 2 | target Jal-Zek[mager-kill] | gate ok | overhead none | Zek@20,21 TAGGED; TzKal-Zuk@22,8 TAGGED
FIRED t716 | 20,14 | Toxic Blowpipe | Jal-Zek
t717 | 20,14 | 14..18|E|frz-4 | zukIn 2 | setIn 202P | zukHp 599 | chosen 20,14 | walk - | weapon Toxic Blowpipe | untilShot 1 | target Jal-Zek[mager-kill] | gate ok | overhead Protect from Magic | Zek@20,21 TAGGED; TzKal-Zuk@22,8 TAGGED
t718 | 20,14 | 15..19|E|frz-5 | zukIn 1 | setIn 202P | zukHp 599 | chosen 20,14 | walk - | weapon Toxic Blowpipe | untilShot 2 | target Jal-Zek[mager-kill] | gate ok | overhead none | Zek@20,21 TAGGED; TzKal-Zuk@22,8 TAGGED
FIRED t718 | 20,14 | Toxic Blowpipe | Jal-Zek
t719 | 20,14 | 16..20|E|frz-6 | zukIn 10 | setIn 202P | zukHp 599 | chosen 30,14 | walk ->30,14 | weapon Toxic Blowpipe | untilShot 1 | target -[-] | gate - | overhead none | Zek@20,21 TAGGED; TzKal-Zuk@22,8 TAGGED
t720 | 22,14 | 17..21|E|frz-7 | zukIn 9 | setIn 202P | zukHp 599 | chosen 30,14 | walk ->30,14 | weapon Toxic Blowpipe | untilShot 1 | target Jal-Zek[mager-kill] | gate ok | overhead none | Zek@20,21 TAGGED; TzKal-Zuk@22,8 TAGGED
t721 | 22,14 | 18..22|E|frz-8 | zukIn 8 | setIn 202P | zukHp 599 | chosen 30,14 | walk ->30,14 | weapon Toxic Blowpipe | untilShot 2 | target -[-] | gate - | overhead Protect from Magic | Zek@20,21 TAGGED; TzKal-Zuk@22,8 TAGGED
FIRED t721 | 22,14 | Toxic Blowpipe | Jal-Zek
t722 | 24,14 | 19..23|E|frz-9 | zukIn 7 | setIn 202P | zukHp 599 | chosen 30,14 | walk ->30,14 | weapon Toxic Blowpipe | untilShot 1 | target Jal-Zek[mager-kill] | gate ok | overhead none | Zek@20,21 TAGGED; TzKal-Zuk@22,8 TAGGED
t723 | 24,14 | 20..24|E|frz-10 | zukIn 6 | setIn 202P | zukHp 599 | chosen 30,14 | walk ->30,14 | weapon Toxic Blowpipe | untilShot 2 | target -[-] | gate - | overhead none | Zek@20,21 TAGGED; TzKal-Zuk@22,8 TAGGED
FIRED t723 | 24,14 | Toxic Blowpipe | Jal-Zek
t724 | 26,14 | 21..25|E|frz-11 | zukIn 5 | setIn 202P | zukHp 599 | chosen 30,14 | walk ->30,14 | weapon Toxic Blowpipe | untilShot 1 | target Jal-Zek[mager-kill] | gate ok | overhead none | Zek@20,21 TAGGED; TzKal-Zuk@22,8 TAGGED
t725 | 26,14 | 22..26|E|frz-12 | zukIn 4 | setIn 202P | zukHp 599 | chosen 30,14 | walk ->30,14 | weapon Toxic Blowpipe | untilShot 2 | target -[-] | gate - | overhead Protect from Magic | Zek@20,21 TAGGED; TzKal-Zuk@22,8 TAGGED
FIRED t725 | 26,14 | Toxic Blowpipe | Jal-Zek
t726 | 28,14 | 23..27|E|frz-13 | zukIn 3 | setIn 202P | zukHp 599 | chosen 30,14 | walk ->30,14 | weapon Toxic Blowpipe | untilShot 1 | target Jal-Zek[mager-kill] | gate ok | overhead none | Zek@20,21 TAGGED; TzKal-Zuk@22,8 TAGGED
t727 | 28,14 | 24..28|E|frz-14 | zukIn 2 | setIn 202P | zukHp 599 | chosen 30,14 | walk ->30,14 | weapon Toxic Blowpipe | untilShot 2 | target -[-] | gate - | overhead none | Zek@20,21 TAGGED; TzKal-Zuk@22,8 TAGGED
FIRED t727 | 28,14 | Toxic Blowpipe | Jal-Zek
t728 | 30,14 | 25..29|E|frz-15 | zukIn 1 | setIn 202P | zukHp 599 | chosen 30,14 | walk - | weapon Toxic Blowpipe | untilShot 1 | target Jal-Zek[mager-kill] | gate ok | overhead none | Zek@20,21 TAGGED; TzKal-Zuk@22,8 TAGGED
t729 | 30,14 | 26..30|E|frz-16 | zukIn 10 | setIn 202P | zukHp 599 | chosen 36,14 | walk ->36,14 | weapon Rune Crossbow | untilShot 1 | target -[-] | gate - | overhead Protect from Magic | Zek@20,21 TAGGED; TzKal-Zuk@22,8 TAGGED
t730 | 32,14 | 27..31|E|frz-17 | zukIn 9 | setIn 202P | zukHp 599 | chosen 36,14 | walk ->36,14 | weapon Rune Crossbow | untilShot 1 | target TzKal-Zuk[zuk] | gate - | overhead none | Zek@20,21 TAGGED; TzKal-Zuk@22,8 TAGGED
t731 | 34,14 | 28..32|E|frz-18 | zukIn 8 | setIn 202P | zukHp 599 | chosen 36,14 | walk ->36,14 | weapon Rune Crossbow | untilShot 1 | target TzKal-Zuk[zuk] | gate - | overhead none | Zek@20,21 TAGGED; TzKal-Zuk@22,8 TAGGED
t732 | 36,14 | 29..33|E|frz-19 | zukIn 7 | setIn 202P | zukHp 599 | chosen 36,14 | walk - | weapon Rune Crossbow | untilShot 1 | target TzKal-Zuk[zuk] | gate - | overhead none | Zek@20,21 TAGGED; TzKal-Zuk@22,8 TAGGED
t733 | 36,14 | 30..34|E|frz-20 | zukIn 6 | setIn 202P | zukHp 599 | chosen 36,14 | walk - | weapon Rune Crossbow | untilShot 1 | target TzKal-Zuk[zuk] | gate - | overhead Protect from Magic | Zek@20,21 TAGGED; TzKal-Zuk@22,8 TAGGED
t734 | 36,14 | 31..35|E|frz-21 | zukIn 5 | setIn 202P | zukHp 599 | chosen 36,14 | walk - | weapon Rune Crossbow | untilShot 1 | target TzKal-Zuk[zuk] | gate - | overhead none | Zek@20,21 TAGGED; TzKal-Zuk@22,8 TAGGED
t735 | 36,14 | 32..36|E|frz-22 | zukIn 4 | setIn 202P | zukHp 599 | chosen 36,14 | walk - | weapon Rune Crossbow | untilShot 1 | target TzKal-Zuk[zuk] | gate - | overhead none | Zek@20,21 TAGGED; TzKal-Zuk@22,8 TAGGED
t736 | 36,14 | 33..37|E|frz-23 | zukIn 3 | setIn 202P | zukHp 599 | chosen 36,14 | walk - | weapon Rune Crossbow | untilShot 1 | target TzKal-Zuk[zuk] | gate - | overhead none | Zek@20,21 TAGGED; TzKal-Zuk@22,8 TAGGED
t737 | 36,14 | 34..38|E|frz-24 | zukIn 2 | setIn 202P | zukHp 599 | chosen 36,14 | walk - | weapon Rune Crossbow | untilShot 1 | target TzKal-Zuk[zuk] | gate - | overhead Protect from Magic | Zek@20,21 TAGGED; TzKal-Zuk@22,8 TAGGED
t738 | 36,14 | 35..39|E|frz-25 | zukIn 1 | setIn 202P | zukHp 599 | chosen 36,14 | walk - | weapon Rune Crossbow | untilShot 1 | target TzKal-Zuk[zuk] | gate - | overhead none | Zek@20,21 TAGGED; TzKal-Zuk@22,8 TAGGED
t739 | 36,14 | 36..40|W|frz4 | zukIn 10 | setIn 202P | zukHp 599 | chosen 30,14 | walk ->30,14 | weapon Rune Crossbow | untilShot 1 | target -[-] | gate - | overhead none | Zek@20,21 TAGGED; TzKal-Zuk@22,8 TAGGED
t740 | 34,14 | 36..40|W|frz3 | zukIn 9 | setIn 202P | zukHp 599 | chosen 30,14 | walk ->30,14 | weapon Rune Crossbow | untilShot 1 | target TzKal-Zuk[zuk] | gate - | overhead none | Zek@20,21 TAGGED; TzKal-Zuk@22,8 TAGGED
t741 | 32,14 | 36..40|W|frz2 | zukIn 8 | setIn 202P | zukHp 599 | chosen 30,14 | walk ->30,14 | weapon Rune Crossbow | untilShot 1 | target TzKal-Zuk[zuk] | gate - | overhead Protect from Magic | Zek@20,21 TAGGED; TzKal-Zuk@22,8 TAGGED
t742 | 30,14 | 36..40|W|frz1 | zukIn 7 | setIn 202P | zukHp 599 | chosen 30,14 | walk - | weapon Rune Crossbow | untilShot 1 | target Jal-Zek[mager-kill] | gate ok | overhead none | Zek@20,21 TAGGED; TzKal-Zuk@22,8 TAGGED
t743 | 30,14 | 36..40|W|frz0 | zukIn 6 | setIn 202P | zukHp 599 | chosen 30,14 | walk - | weapon Rune Crossbow | untilShot 5 | target Jal-Zek[mager-kill] | gate ok | overhead none | Zek@20,21 TAGGED; TzKal-Zuk@22,8 TAGGED
FIRED t743 | 30,14 | Rune Crossbow | Jal-Zek
t744 | 30,14 | 35..39|W|frz-1 | zukIn 5 | setIn 202P | zukHp 599 | chosen 30,14 | walk - | weapon Rune Crossbow | untilShot 4 | target Jal-Zek[mager-kill] | gate ok | overhead none | Zek@20,21 TAGGED; TzKal-Zuk@22,8 TAGGED
t745 | 30,14 | 34..38|W|frz-2 | zukIn 4 | setIn 202P | zukHp 599 | chosen 30,14 | walk - | weapon Rune Crossbow | untilShot 3 | target Jal-Zek[mager-kill] | gate ok | overhead Protect from Magic | Zek@20,21 TAGGED; TzKal-Zuk@22,8 TAGGED
t746 | 30,14 | 33..37|W|frz-3 | zukIn 3 | setIn 202P | zukHp 599 | chosen 30,14 | walk - | weapon Rune Crossbow | untilShot 2 | target Jal-Zek[mager-kill] | gate ok | overhead none | Zek@20,21 TAGGED; TzKal-Zuk@22,8 TAGGED
t747 | 30,14 | 32..36|W|frz-4 | zukIn 2 | setIn 202P | zukHp 599 | chosen 30,14 | walk - | weapon Rune Crossbow | untilShot 1 | target Jal-Zek[mager-kill] | gate ok | overhead none | Zek@20,21 TAGGED; TzKal-Zuk@22,8 TAGGED
t748 | 30,14 | 31..35|W|frz-5 | zukIn 1 | setIn 202P | zukHp 599 | chosen 30,14 | walk - | weapon Rune Crossbow | untilShot 5 | target Jal-Zek[mager-kill] | gate ok | overhead none | Zek@20,21 TAGGED; TzKal-Zuk@22,8 TAGGED
FIRED t748 | 30,14 | Rune Crossbow | Jal-Zek
t749 | 30,14 | 30..34|W|frz-6 | zukIn 10 | setIn 202P | zukHp 599 | chosen 20,14 | walk ->20,14 | weapon Rune Crossbow | untilShot 4 | target -[-] | gate - | overhead Protect from Magic | Zek@20,21 TAGGED; TzKal-Zuk@22,8 TAGGED
t750 | 28,14 | 29..33|W|frz-7 | zukIn 9 | setIn 202P | zukHp 599 | chosen 20,14 | walk ->20,14 | weapon Rune Crossbow | untilShot 3 | target Jal-Zek[mager-kill] | gate ok | overhead none | Zek@20,21 TAGGED; TzKal-Zuk@22,8 TAGGED
t751 | 26,14 | 28..32|W|frz-8 | zukIn 8 | setIn 202P | zukHp 599 | chosen 20,14 | walk ->20,14 | weapon Rune Crossbow | untilShot 2 | target Jal-Zek[mager-kill] | gate ok | overhead none | Zek@20,21 TAGGED; TzKal-Zuk@22,8 TAGGED
t752 | 24,14 | 27..31|W|frz-9 | zukIn 7 | setIn 202P | zukHp 599 | chosen 20,14 | walk ->20,14 | weapon Toxic Blowpipe | untilShot 1 | target Jal-Zek[mager-kill] | gate ok | overhead none | Zek@20,21 TAGGED; TzKal-Zuk@22,8 TAGGED
t753 | 24,14 | 26..30|W|frz-10 | zukIn 6 | setIn 202P | zukHp 599 | chosen 20,14 | walk ->20,14 | weapon Toxic Blowpipe | untilShot 2 | target -[-] | gate - | overhead Protect from Magic | Zek@20,21 TAGGED; TzKal-Zuk@22,8 TAGGED
FIRED t753 | 24,14 | Toxic Blowpipe | Jal-Zek
t754 | 22,14 | 25..29|W|frz-11 | zukIn 5 | setIn 202P | zukHp 599 | chosen 20,14 | walk ->20,14 | weapon Toxic Blowpipe | untilShot 1 | target Jal-Zek[mager-kill] | gate ok | overhead none | Zek@20,21 TAGGED; TzKal-Zuk@22,8 TAGGED
t755 | 22,14 | 24..28|W|frz-12 | zukIn 4 | setIn 202P | zukHp 599 | chosen 20,14 | walk ->20,14 | weapon Toxic Blowpipe | untilShot 2 | target -[-] | gate - | overhead none | Zek@20,21 TAGGED; TzKal-Zuk@22,8 TAGGED
FIRED t755 | 22,14 | Toxic Blowpipe | Jal-Zek
t756 | 20,14 | 23..27|W|frz-13 | zukIn 3 | setIn 202P | zukHp 599 | chosen 20,14 | walk - | weapon Toxic Blowpipe | untilShot 1 | target Jal-Zek[mager-kill] | gate ok | overhead none | Zek@20,21 TAGGED; TzKal-Zuk@22,8 TAGGED
t757 | 20,14 | 22..26|W|frz-14 | zukIn 2 | setIn 202P | zukHp 599 | chosen 20,14 | walk - | weapon Toxic Blowpipe | untilShot 2 | target Jal-Zek[mager-kill] | gate ok | overhead Protect from Magic | Zek@20,21 TAGGED; TzKal-Zuk@22,8 TAGGED
FIRED t757 | 20,14 | Toxic Blowpipe | Jal-Zek
t758 | 20,14 | 21..25|W|frz-15 | zukIn 1 | setIn 202P | zukHp 599 | chosen 20,14 | walk - | weapon Toxic Blowpipe | untilShot 1 | target Jal-Zek[mager-kill] | gate ok | overhead none | Zek@20,21 TAGGED; TzKal-Zuk@22,8 TAGGED
t759 | 20,14 | 20..24|W|frz-16 | zukIn 10 | setIn 202P | zukHp 599 | chosen 14,14 | walk ->14,14 | weapon Toxic Blowpipe | untilShot 2 | target -[-] | gate - | overhead none | Zek@20,21 TAGGED; TzKal-Zuk@22,8 TAGGED
FIRED t759 | 20,14 | Toxic Blowpipe | Jal-Zek
t760 | 18,14 | 19..23|W|frz-17 | zukIn 9 | setIn 202P | zukHp 599 | chosen 14,14 | walk ->14,14 | weapon Toxic Blowpipe | untilShot 1 | target Jal-Zek[mager-kill] | gate ok | overhead none | Zek@20,21 TAGGED; TzKal-Zuk@22,8 TAGGED
t761 | 18,14 | 18..22|W|frz-18 | zukIn 8 | setIn 202P | zukHp 599 | chosen 14,14 | walk ->14,14 | weapon Toxic Blowpipe | untilShot 2 | target -[-] | gate - | overhead Protect from Magic | Zek@20,21 TAGGED; TzKal-Zuk@22,8 TAGGED
FIRED t761 | 18,14 | Toxic Blowpipe | Jal-Zek
t762 | 16,14 | 17..21|W|frz-19 | zukIn 7 | setIn 202P | zukHp 599 | chosen 14,14 | walk ->14,14 | weapon Toxic Blowpipe | untilShot 1 | target Jal-Zek[mager-kill] | gate ok | overhead none | Zek@20,21 TAGGED; TzKal-Zuk@22,8 TAGGED
t763 | 16,14 | 16..20|W|frz-20 | zukIn 6 | setIn 202P | zukHp 599 | chosen 14,14 | walk ->14,14 | weapon Toxic Blowpipe | untilShot 2 | target -[-] | gate - | overhead none | Zek@20,21 TAGGED; TzKal-Zuk@22,8 TAGGED
FIRED t763 | 16,14 | Toxic Blowpipe | Jal-Zek
t764 | 14,14 | 15..19|W|frz-21 | zukIn 5 | setIn 202P | zukHp 599 | chosen 14,14 | walk - | weapon Toxic Blowpipe | untilShot 1 | target Jal-Zek[mager-kill] | gate ok | overhead none | Zek@20,21 TAGGED; TzKal-Zuk@22,8 TAGGED
t765 | 14,14 | 14..18|W|frz-22 | zukIn 4 | setIn 202P | zukHp 599 | chosen 14,14 | walk - | weapon Rune Crossbow | untilShot 1 | target Jal-Zek[mager-kill] | gate ok | overhead Protect from Magic | Zek@20,21 TAGGED; TzKal-Zuk@22,8 TAGGED
t766 | 14,14 | 13..17|W|frz-23 | zukIn 3 | setIn 202P | zukHp 599 | chosen 14,14 | walk - | weapon Rune Crossbow | untilShot 5 | target Jal-Zek[mager-kill] | gate ok | overhead none | Zek@20,21 TAGGED; TzKal-Zuk@22,8 TAGGED
FIRED t766 | 14,14 | Rune Crossbow | Jal-Zek
t767 | 14,14 | 12..16|W|frz-24 | zukIn 2 | setIn 202P | zukHp 599 | chosen 14,14 | walk - | weapon Rune Crossbow | untilShot 4 | target Jal-Zek[mager-kill] | gate ok | overhead none | Zek@20,21 TAGGED; TzKal-Zuk@22,8 TAGGED
t768 | 14,14 | 11..15|W|frz-25 | zukIn 1 | setIn 202P | zukHp 599 | chosen 14,14 | walk - | weapon Rune Crossbow | untilShot 3 | target Jal-Zek[mager-kill] | gate ok | overhead none | Zek@20,21 TAGGED; TzKal-Zuk@22,8 TAGGED
t769 | 14,14 | 10..14|E|frz4 | zukIn 10 | setIn 202P | zukHp 599 | chosen 20,14 | walk ->20,14 | weapon Rune Crossbow | untilShot 2 | target -[-] | gate - | overhead Protect from Magic | Zek@20,21 TAGGED; TzKal-Zuk@22,8 TAGGED
t770 | 16,14 | 10..14|E|frz3 | zukIn 9 | setIn 202P | zukHp 599 | chosen 20,14 | walk ->20,14 | weapon Rune Crossbow | untilShot 1 | target Jal-Zek[mager-kill] | gate ok | overhead none | Zek@20,21 TAGGED; TzKal-Zuk@22,8 TAGGED
t771 | 16,14 | 10..14|E|frz2 | zukIn 8 | setIn 202P | zukHp 599 | chosen 20,14 | walk ->20,14 | weapon Rune Crossbow | untilShot 5 | target -[-] | gate - | overhead none | Zek@20,21 TAGGED; TzKal-Zuk@22,8 TAGGED
FIRED t771 | 16,14 | Rune Crossbow | Jal-Zek
t772 | 18,14 | 10..14|E|frz1 | zukIn 7 | setIn 202P | zukHp 599 | chosen 20,14 | walk ->20,14 | weapon Rune Crossbow | untilShot 4 | target Jal-Zek[mager-kill] | gate ok | overhead none | Zek@20,21 TAGGED; TzKal-Zuk@22,8 TAGGED
t773 | 20,14 | 10..14|E|frz0 | zukIn 6 | setIn 202P | zukHp 599 | chosen 20,14 | walk - | weapon Rune Crossbow | untilShot 3 | target Jal-Zek[mager-kill] | gate ok | overhead Protect from Magic | Zek@20,21 TAGGED; TzKal-Zuk@22,8 TAGGED
t774 | 20,14 | 11..15|E|frz-1 | zukIn 5 | setIn 202P | zukHp 599 | chosen 20,14 | walk - | weapon Rune Crossbow | untilShot 2 | target Jal-Zek[mager-kill] | gate ok | overhead none | Zek@20,21 TAGGED; TzKal-Zuk@22,8 TAGGED
t775 | 20,14 | 12..16|E|frz-2 | zukIn 4 | setIn 202P | zukHp 599 | chosen 20,14 | walk - | weapon Toxic Blowpipe | untilShot 1 | target Jal-Zek[mager-kill] | gate ok | overhead none | Zek@20,21 TAGGED; TzKal-Zuk@22,8 TAGGED
t776 | 20,14 | 13..17|E|frz-3 | zukIn 3 | setIn 202P | zukHp 599 | chosen 20,14 | walk - | weapon Toxic Blowpipe | untilShot 2 | target Jal-Zek[mager-kill] | gate ok | overhead none | Zek@20,21 TAGGED; TzKal-Zuk@22,8 TAGGED
FIRED t776 | 20,14 | Toxic Blowpipe | Jal-Zek
t777 | 20,14 | 14..18|E|frz-4 | zukIn 2 | setIn 202P | zukHp 599 | chosen 20,14 | walk - | weapon Toxic Blowpipe | untilShot 1 | target Jal-Zek[mager-kill] | gate ok | overhead Protect from Magic | Zek@20,21 TAGGED; TzKal-Zuk@22,8 TAGGED
t778 | 20,14 | 15..19|E|frz-5 | zukIn 1 | setIn 202P | zukHp 599 | chosen 20,14 | walk - | weapon Toxic Blowpipe | untilShot 2 | target Jal-Zek[mager-kill] | gate ok | overhead none | Zek@20,21 TAGGED; TzKal-Zuk@22,8 TAGGED
FIRED t778 | 20,14 | Toxic Blowpipe | Jal-Zek
t779 | 20,14 | 16..20|E|frz-6 | zukIn 10 | setIn 202P | zukHp 599 | chosen 30,14 | walk ->30,14 | weapon Toxic Blowpipe | untilShot 1 | target -[-] | gate - | overhead none | Zek@20,21 TAGGED; TzKal-Zuk@22,8 TAGGED
t780 | 22,14 | 17..21|E|frz-7 | zukIn 9 | setIn 202P | zukHp 599 | chosen 30,14 | walk ->30,14 | weapon Toxic Blowpipe | untilShot 1 | target Jal-Zek[mager-kill] | gate ok | overhead none | Zek@20,21 TAGGED; TzKal-Zuk@22,8 TAGGED
t781 | 22,14 | 18..22|E|frz-8 | zukIn 8 | setIn 202P | zukHp 599 | chosen 30,14 | walk ->30,14 | weapon Toxic Blowpipe | untilShot 2 | target -[-] | gate - | overhead Protect from Magic | Zek@20,21 TAGGED; TzKal-Zuk@22,8 TAGGED
FIRED t781 | 22,14 | Toxic Blowpipe | Jal-Zek
t782 | 24,14 | 19..23|E|frz-9 | zukIn 7 | setIn 202P | zukHp 599 | chosen 30,14 | walk ->30,14 | weapon Toxic Blowpipe | untilShot 1 | target Jal-Zek[mager-kill] | gate ok | overhead none | Zek@20,21 TAGGED; TzKal-Zuk@22,8 TAGGED
t783 | 24,14 | 20..24|E|frz-10 | zukIn 6 | setIn 202P | zukHp 599 | chosen 30,14 | walk ->30,14 | weapon Toxic Blowpipe | untilShot 2 | target -[-] | gate - | overhead none | Zek@20,21 TAGGED; TzKal-Zuk@22,8 TAGGED
FIRED t783 | 24,14 | Toxic Blowpipe | Jal-Zek
t784 | 26,14 | 21..25|E|frz-11 | zukIn 5 | setIn 202P | zukHp 599 | chosen 30,14 | walk ->30,14 | weapon Toxic Blowpipe | untilShot 1 | target Jal-Zek[mager-kill] | gate ok | overhead none | Zek@20,21 TAGGED; TzKal-Zuk@22,8 TAGGED
t785 | 26,14 | 22..26|E|frz-12 | zukIn 4 | setIn 202P | zukHp 599 | chosen 30,14 | walk ->30,14 | weapon Toxic Blowpipe | untilShot 2 | target -[-] | gate - | overhead Protect from Magic | Zek@20,21 TAGGED; TzKal-Zuk@22,8 TAGGED
FIRED t785 | 26,14 | Toxic Blowpipe | Jal-Zek
t786 | 28,14 | 23..27|E|frz-13 | zukIn 3 | setIn 202P | zukHp 599 | chosen 30,14 | walk ->30,14 | weapon Toxic Blowpipe | untilShot 1 | target Jal-Zek[mager-kill] | gate ok | overhead none | Zek@20,21 TAGGED; TzKal-Zuk@22,8 TAGGED
t787 | 28,14 | 24..28|E|frz-14 | zukIn 2 | setIn 202P | zukHp 599 | chosen 30,14 | walk ->30,14 | weapon Toxic Blowpipe | untilShot 2 | target -[-] | gate - | overhead none | Zek@20,21 TAGGED; TzKal-Zuk@22,8 TAGGED
FIRED t787 | 28,14 | Toxic Blowpipe | Jal-Zek
t788 | 30,14 | 25..29|E|frz-15 | zukIn 1 | setIn 202P | zukHp 599 | chosen 30,14 | walk - | weapon Toxic Blowpipe | untilShot 1 | target Jal-Zek[mager-kill] | gate ok | overhead none | Zek@20,21 TAGGED; TzKal-Zuk@22,8 TAGGED
t789 | 30,14 | 26..30|E|frz-16 | zukIn 10 | setIn 202P | zukHp 599 | chosen 36,14 | walk ->36,14 | weapon Rune Crossbow | untilShot 1 | target -[-] | gate - | overhead Protect from Magic | Zek@20,21 TAGGED; TzKal-Zuk@22,8 TAGGED
t790 | 32,14 | 27..31|E|frz-17 | zukIn 9 | setIn 202P | zukHp 599 | chosen 36,14 | walk ->36,14 | weapon Rune Crossbow | untilShot 1 | target TzKal-Zuk[zuk] | gate - | overhead none | Zek@20,21 TAGGED; TzKal-Zuk@22,8 TAGGED
t791 | 34,14 | 28..32|E|frz-18 | zukIn 8 | setIn 202P | zukHp 599 | chosen 36,14 | walk ->36,14 | weapon Rune Crossbow | untilShot 1 | target TzKal-Zuk[zuk] | gate - | overhead none | Zek@20,21 TAGGED; TzKal-Zuk@22,8 TAGGED
t792 | 36,14 | 29..33|E|frz-19 | zukIn 7 | setIn 202P | zukHp 599 | chosen 36,14 | walk - | weapon Rune Crossbow | untilShot 1 | target TzKal-Zuk[zuk] | gate - | overhead none | Zek@20,21 TAGGED; TzKal-Zuk@22,8 TAGGED
t793 | 36,14 | 30..34|E|frz-20 | zukIn 6 | setIn 202P | zukHp 599 | chosen 36,14 | walk - | weapon Rune Crossbow | untilShot 1 | target TzKal-Zuk[zuk] | gate - | overhead Protect from Magic | Zek@20,21 TAGGED; TzKal-Zuk@22,8 TAGGED
t794 | 36,14 | 31..35|E|frz-21 | zukIn 5 | setIn 202P | zukHp 599 | chosen 36,14 | walk - | weapon Rune Crossbow | untilShot 1 | target TzKal-Zuk[zuk] | gate - | overhead none | Zek@20,21 TAGGED; TzKal-Zuk@22,8 TAGGED
t795 | 36,14 | 32..36|E|frz-22 | zukIn 4 | setIn 202P | zukHp 599 | chosen 36,14 | walk - | weapon Rune Crossbow | untilShot 1 | target TzKal-Zuk[zuk] | gate - | overhead none | Zek@20,21 TAGGED; TzKal-Zuk@22,8 TAGGED
t796 | 36,14 | 33..37|E|frz-23 | zukIn 3 | setIn 202P | zukHp 599 | chosen 36,14 | walk - | weapon Rune Crossbow | untilShot 1 | target TzKal-Zuk[zuk] | gate - | overhead none | Zek@20,21 TAGGED; TzKal-Zuk@22,8 TAGGED
t797 | 36,14 | 34..38|E|frz-24 | zukIn 2 | setIn 202P | zukHp 599 | chosen 36,14 | walk - | weapon Rune Crossbow | untilShot 1 | target TzKal-Zuk[zuk] | gate - | overhead Protect from Magic | Zek@20,21 TAGGED; TzKal-Zuk@22,8 TAGGED
t798 | 36,14 | 35..39|E|frz-25 | zukIn 1 | setIn 202P | zukHp 599 | chosen 36,14 | walk - | weapon Rune Crossbow | untilShot 1 | target TzKal-Zuk[zuk] | gate - | overhead none | Zek@20,21 TAGGED; TzKal-Zuk@22,8 TAGGED
t799 | 36,14 | 36..40|W|frz4 | zukIn 10 | setIn 202P | zukHp 599 | chosen 30,14 | walk ->30,14 | weapon Rune Crossbow | untilShot 1 | target -[-] | gate - | overhead none | Zek@20,21 TAGGED; TzKal-Zuk@22,8 TAGGED
t800 | 34,14 | 36..40|W|frz3 | zukIn 9 | setIn 202P | zukHp 599 | chosen 30,14 | walk ->30,14 | weapon Rune Crossbow | untilShot 1 | target TzKal-Zuk[zuk] | gate - | overhead none | Zek@20,21 TAGGED; TzKal-Zuk@22,8 TAGGED
t801 | 32,14 | 36..40|W|frz2 | zukIn 8 | setIn 202P | zukHp 599 | chosen 30,14 | walk ->30,14 | weapon Rune Crossbow | untilShot 1 | target TzKal-Zuk[zuk] | gate - | overhead Protect from Magic | Zek@20,21 TAGGED; TzKal-Zuk@22,8 TAGGED
t802 | 30,14 | 36..40|W|frz1 | zukIn 7 | setIn 202P | zukHp 599 | chosen 30,14 | walk - | weapon Rune Crossbow | untilShot 1 | target Jal-Zek[mager-kill] | gate ok | overhead none | Zek@20,21 TAGGED; TzKal-Zuk@22,8 TAGGED
t803 | 30,14 | 36..40|W|frz0 | zukIn 6 | setIn 202P | zukHp 599 | chosen 30,14 | walk - | weapon Rune Crossbow | untilShot 5 | target Jal-Zek[mager-kill] | gate ok | overhead none | Zek@20,21 TAGGED; TzKal-Zuk@22,8 TAGGED
FIRED t803 | 30,14 | Rune Crossbow | Jal-Zek
t804 | 30,14 | 35..39|W|frz-1 | zukIn 5 | setIn 202P | zukHp 599 | chosen 30,14 | walk - | weapon Rune Crossbow | untilShot 4 | target Jal-Zek[mager-kill] | gate ok | overhead none | Zek@20,21 TAGGED; TzKal-Zuk@22,8 TAGGED
t805 | 30,14 | 34..38|W|frz-2 | zukIn 4 | setIn 202P | zukHp 599 | chosen 30,14 | walk - | weapon Rune Crossbow | untilShot 3 | target Jal-Zek[mager-kill] | gate ok | overhead Protect from Magic | Zek@20,21 TAGGED; TzKal-Zuk@22,8 TAGGED
t806 | 30,14 | 33..37|W|frz-3 | zukIn 3 | setIn 202P | zukHp 599 | chosen 30,14 | walk - | weapon Rune Crossbow | untilShot 2 | target Jal-Zek[mager-kill] | gate ok | overhead none | Zek@20,21 TAGGED; TzKal-Zuk@22,8 TAGGED
t807 | 30,14 | 32..36|W|frz-4 | zukIn 2 | setIn 202P | zukHp 599 | chosen 30,14 | walk - | weapon Rune Crossbow | untilShot 1 | target Jal-Zek[mager-kill] | gate ok | overhead none | Zek@20,21 TAGGED; TzKal-Zuk@22,8 TAGGED
t808 | 30,14 | 31..35|W|frz-5 | zukIn 1 | setIn 202P | zukHp 599 | chosen 30,14 | walk - | weapon Rune Crossbow | untilShot 5 | target Jal-Zek[mager-kill] | gate ok | overhead none | Zek@20,21 TAGGED; TzKal-Zuk@22,8 TAGGED
FIRED t808 | 30,14 | Rune Crossbow | Jal-Zek
t809 | 30,14 | 30..34|W|frz-6 | zukIn 10 | setIn 202P | zukHp 599 | chosen 20,14 | walk ->20,14 | weapon Rune Crossbow | untilShot 4 | target -[-] | gate - | overhead Protect from Magic | Zek@20,21 TAGGED; TzKal-Zuk@22,8 TAGGED
t810 | 28,14 | 29..33|W|frz-7 | zukIn 9 | setIn 202P | zukHp 599 | chosen 20,14 | walk ->20,14 | weapon Rune Crossbow | untilShot 3 | target Jal-Zek[mager-kill] | gate ok | overhead none | Zek@20,21 TAGGED; TzKal-Zuk@22,8 TAGGED
t811 | 26,14 | 28..32|W|frz-8 | zukIn 8 | setIn 202P | zukHp 599 | chosen 20,14 | walk ->20,14 | weapon Rune Crossbow | untilShot 2 | target Jal-Zek[mager-kill] | gate ok | overhead none | Zek@20,21 TAGGED; TzKal-Zuk@22,8 TAGGED
t812 | 24,14 | 27..31|W|frz-9 | zukIn 7 | setIn 202P | zukHp 599 | chosen 20,14 | walk ->20,14 | weapon Toxic Blowpipe | untilShot 1 | target Jal-Zek[mager-kill] | gate ok | overhead none | Zek@20,21 TAGGED; TzKal-Zuk@22,8 TAGGED
t813 | 24,14 | 26..30|W|frz-10 | zukIn 6 | setIn 202P | zukHp 599 | chosen 20,14 | walk ->20,14 | weapon Toxic Blowpipe | untilShot 2 | target -[-] | gate - | overhead Protect from Magic | Zek@20,21 TAGGED; TzKal-Zuk@22,8 TAGGED
FIRED t813 | 24,14 | Toxic Blowpipe | Jal-Zek
t814 | 22,14 | 25..29|W|frz-11 | zukIn 5 | setIn 202P | zukHp 599 | chosen 20,14 | walk ->20,14 | weapon Toxic Blowpipe | untilShot 1 | target Jal-Zek[mager-kill] | gate ok | overhead none | Zek@20,21 TAGGED; TzKal-Zuk@22,8 TAGGED
t815 | 22,14 | 24..28|W|frz-12 | zukIn 4 | setIn 202P | zukHp 599 | chosen 20,14 | walk ->20,14 | weapon Toxic Blowpipe | untilShot 2 | target -[-] | gate - | overhead none | Zek@20,21 TAGGED; TzKal-Zuk@22,8 TAGGED
FIRED t815 | 22,14 | Toxic Blowpipe | Jal-Zek
t816 | 20,14 | 23..27|W|frz-13 | zukIn 3 | setIn 202P | zukHp 599 | chosen 20,14 | walk - | weapon Toxic Blowpipe | untilShot 1 | target Jal-Zek[mager-kill] | gate ok | overhead none | Zek@20,21 TAGGED; TzKal-Zuk@22,8 TAGGED
t817 | 20,14 | 22..26|W|frz-14 | zukIn 2 | setIn 202P | zukHp 599 | chosen 20,14 | walk - | weapon Toxic Blowpipe | untilShot 2 | target Jal-Zek[mager-kill] | gate ok | overhead Protect from Magic | Zek@20,21 TAGGED; TzKal-Zuk@22,8 TAGGED
FIRED t817 | 20,14 | Toxic Blowpipe | Jal-Zek
t818 | 20,14 | 21..25|W|frz-15 | zukIn 1 | setIn 202P | zukHp 599 | chosen 20,14 | walk - | weapon Toxic Blowpipe | untilShot 1 | target Jal-Zek[mager-kill] | gate ok | overhead none | Zek@20,21 TAGGED; TzKal-Zuk@22,8 TAGGED
t819 | 20,14 | 20..24|W|frz-16 | zukIn 10 | setIn 202P | zukHp 599 | chosen 14,14 | walk ->14,14 | weapon Toxic Blowpipe | untilShot 2 | target -[-] | gate - | overhead none | Zek@20,21 TAGGED; TzKal-Zuk@22,8 TAGGED
FIRED t819 | 20,14 | Toxic Blowpipe | Jal-Zek
t820 | 18,14 | 19..23|W|frz-17 | zukIn 9 | setIn 202P | zukHp 599 | chosen 14,14 | walk ->14,14 | weapon Toxic Blowpipe | untilShot 1 | target Jal-Zek[mager-kill] | gate ok | overhead none | Zek@20,21 TAGGED; TzKal-Zuk@22,8 TAGGED
t821 | 18,14 | 18..22|W|frz-18 | zukIn 8 | setIn 202P | zukHp 599 | chosen 14,14 | walk ->14,14 | weapon Toxic Blowpipe | untilShot 2 | target -[-] | gate - | overhead Protect from Magic | Zek@20,21 TAGGED; TzKal-Zuk@22,8 TAGGED
FIRED t821 | 18,14 | Toxic Blowpipe | Jal-Zek
t822 | 16,14 | 17..21|W|frz-19 | zukIn 7 | setIn 202P | zukHp 599 | chosen 14,14 | walk ->14,14 | weapon Toxic Blowpipe | untilShot 1 | target Jal-Zek[mager-kill] | gate ok | overhead none | Zek@20,21 TAGGED; TzKal-Zuk@22,8 TAGGED
t823 | 16,14 | 16..20|W|frz-20 | zukIn 6 | setIn 202P | zukHp 599 | chosen 14,14 | walk ->14,14 | weapon Toxic Blowpipe | untilShot 2 | target -[-] | gate - | overhead none | Zek@20,21 TAGGED; TzKal-Zuk@22,8 TAGGED
FIRED t823 | 16,14 | Toxic Blowpipe | Jal-Zek
t824 | 14,14 | 15..19|W|frz-21 | zukIn 5 | setIn 202P | zukHp 599 | chosen 14,14 | walk - | weapon Toxic Blowpipe | untilShot 1 | target Jal-Zek[mager-kill] | gate ok | overhead none | Zek@20,21 TAGGED; TzKal-Zuk@22,8 TAGGED
t825 | 14,14 | 14..18|W|frz-22 | zukIn 4 | setIn 202P | zukHp 599 | chosen 14,14 | walk - | weapon Rune Crossbow | untilShot 1 | target Jal-Zek[mager-kill] | gate ok | overhead Protect from Magic | Zek@20,21 TAGGED; TzKal-Zuk@22,8 TAGGED
t826 | 14,14 | 13..17|W|frz-23 | zukIn 3 | setIn 202P | zukHp 599 | chosen 14,14 | walk - | weapon Rune Crossbow | untilShot 5 | target Jal-Zek[mager-kill] | gate ok | overhead none | Zek@20,21 TAGGED; TzKal-Zuk@22,8 TAGGED
FIRED t826 | 14,14 | Rune Crossbow | Jal-Zek
t827 | 14,14 | 12..16|W|frz-24 | zukIn 2 | setIn 202P | zukHp 599 | chosen 14,14 | walk - | weapon Rune Crossbow | untilShot 4 | target Jal-Zek[mager-kill] | gate ok | overhead none | Zek@20,21 TAGGED; TzKal-Zuk@22,8 TAGGED
t828 | 14,14 | 11..15|W|frz-25 | zukIn 1 | setIn 202P | zukHp 599 | chosen 14,14 | walk - | weapon Rune Crossbow | untilShot 3 | target Jal-Zek[mager-kill] | gate ok | overhead none | Zek@20,21 TAGGED; TzKal-Zuk@22,8 TAGGED
t829 | 14,14 | 10..14|E|frz4 | zukIn 10 | setIn 202P | zukHp 599 | chosen 20,14 | walk ->20,14 | weapon Rune Crossbow | untilShot 2 | target -[-] | gate - | overhead Protect from Magic | Zek@20,21 TAGGED; TzKal-Zuk@22,8 TAGGED
t830 | 16,14 | 10..14|E|frz3 | zukIn 9 | setIn 202P | zukHp 599 | chosen 20,14 | walk ->20,14 | weapon Rune Crossbow | untilShot 1 | target Jal-Zek[mager-kill] | gate ok | overhead none | Zek@20,21 TAGGED; TzKal-Zuk@22,8 TAGGED
t831 | 16,14 | 10..14|E|frz2 | zukIn 8 | setIn 202P | zukHp 599 | chosen 20,14 | walk ->20,14 | weapon Rune Crossbow | untilShot 5 | target -[-] | gate - | overhead none | Zek@20,21 TAGGED; TzKal-Zuk@22,8 TAGGED
FIRED t831 | 16,14 | Rune Crossbow | Jal-Zek
t832 | 18,14 | 10..14|E|frz1 | zukIn 7 | setIn 202P | zukHp 599 | chosen 20,14 | walk ->20,14 | weapon Rune Crossbow | untilShot 4 | target Jal-Zek[mager-kill] | gate ok | overhead none | Zek@20,21 TAGGED; TzKal-Zuk@22,8 TAGGED
t833 | 20,14 | 10..14|E|frz0 | zukIn 6 | setIn 202P | zukHp 599 | chosen 20,14 | walk - | weapon Rune Crossbow | untilShot 3 | target Jal-Zek[mager-kill] | gate ok | overhead Protect from Magic | Zek@20,21 TAGGED; TzKal-Zuk@22,8 TAGGED
t834 | 20,14 | 11..15|E|frz-1 | zukIn 5 | setIn 202P | zukHp 599 | chosen 20,14 | walk - | weapon Rune Crossbow | untilShot 2 | target Jal-Zek[mager-kill] | gate ok | overhead none | Zek@20,21 TAGGED; TzKal-Zuk@22,8 TAGGED
t835 | 20,14 | 12..16|E|frz-2 | zukIn 4 | setIn 202P | zukHp 599 | chosen 20,14 | walk - | weapon Toxic Blowpipe | untilShot 1 | target Jal-Zek[mager-kill] | gate ok | overhead none | Zek@20,21 TAGGED; TzKal-Zuk@22,8 TAGGED
t836 | 20,14 | 13..17|E|frz-3 | zukIn 3 | setIn 202P | zukHp 599 | chosen 20,14 | walk - | weapon Toxic Blowpipe | untilShot 2 | target Jal-Zek[mager-kill] | gate ok | overhead none | Zek@20,21 TAGGED; TzKal-Zuk@22,8 TAGGED
FIRED t836 | 20,14 | Toxic Blowpipe | Jal-Zek
t837 | 20,14 | 14..18|E|frz-4 | zukIn 2 | setIn 202P | zukHp 599 | chosen 20,14 | walk - | weapon Toxic Blowpipe | untilShot 1 | target Jal-Zek[mager-kill] | gate ok | overhead Protect from Magic | Zek@20,21 TAGGED; TzKal-Zuk@22,8 TAGGED
t838 | 20,14 | 15..19|E|frz-5 | zukIn 1 | setIn 202P | zukHp 599 | chosen 20,14 | walk - | weapon Toxic Blowpipe | untilShot 2 | target Jal-Zek[mager-kill] | gate ok | overhead none | Zek@20,21 TAGGED; TzKal-Zuk@22,8 TAGGED
FIRED t838 | 20,14 | Toxic Blowpipe | Jal-Zek
t839 | 20,14 | 16..20|E|frz-6 | zukIn 10 | setIn 202P | zukHp 599 | chosen 30,14 | walk ->30,14 | weapon Toxic Blowpipe | untilShot 1 | target -[-] | gate - | overhead none | Zek@20,21 TAGGED; TzKal-Zuk@22,8 TAGGED
t840 | 22,14 | 17..21|E|frz-7 | zukIn 9 | setIn 202P | zukHp 599 | chosen 30,14 | walk ->30,14 | weapon Toxic Blowpipe | untilShot 1 | target Jal-Zek[mager-kill] | gate ok | overhead none | Zek@20,21 TAGGED; TzKal-Zuk@22,8 TAGGED
t841 | 22,14 | 18..22|E|frz-8 | zukIn 8 | setIn 202P | zukHp 599 | chosen 30,14 | walk ->30,14 | weapon Toxic Blowpipe | untilShot 2 | target -[-] | gate - | overhead Protect from Magic | Zek@20,21 TAGGED; TzKal-Zuk@22,8 TAGGED
FIRED t841 | 22,14 | Toxic Blowpipe | Jal-Zek
t842 | 24,14 | 19..23|E|frz-9 | zukIn 7 | setIn 202P | zukHp 599 | chosen 30,14 | walk ->30,14 | weapon Toxic Blowpipe | untilShot 1 | target Jal-Zek[mager-kill] | gate ok | overhead none | Zek@20,21 TAGGED; TzKal-Zuk@22,8 TAGGED
t843 | 24,14 | 20..24|E|frz-10 | zukIn 6 | setIn 202P | zukHp 599 | chosen 30,14 | walk ->30,14 | weapon Toxic Blowpipe | untilShot 2 | target -[-] | gate - | overhead none | Zek@20,21 TAGGED; TzKal-Zuk@22,8 TAGGED
FIRED t843 | 24,14 | Toxic Blowpipe | Jal-Zek
t844 | 26,14 | 21..25|E|frz-11 | zukIn 5 | setIn 202P | zukHp 599 | chosen 30,14 | walk ->30,14 | weapon Toxic Blowpipe | untilShot 1 | target Jal-Zek[mager-kill] | gate ok | overhead none | Zek@20,21 TAGGED; TzKal-Zuk@22,8 TAGGED
t845 | 26,14 | 22..26|E|frz-12 | zukIn 4 | setIn 202P | zukHp 599 | chosen 30,14 | walk ->30,14 | weapon Toxic Blowpipe | untilShot 2 | target -[-] | gate - | overhead Protect from Magic | Zek@20,21 TAGGED; TzKal-Zuk@22,8 TAGGED
FIRED t845 | 26,14 | Toxic Blowpipe | Jal-Zek
t846 | 28,14 | 23..27|E|frz-13 | zukIn 3 | setIn 202P | zukHp 599 | chosen 30,14 | walk ->30,14 | weapon Toxic Blowpipe | untilShot 1 | target Jal-Zek[mager-kill] | gate ok | overhead none | Zek@20,21 TAGGED; TzKal-Zuk@22,8 TAGGED
t847 | 28,14 | 24..28|E|frz-14 | zukIn 2 | setIn 202P | zukHp 599 | chosen 30,14 | walk ->30,14 | weapon Toxic Blowpipe | untilShot 2 | target -[-] | gate - | overhead none | Zek@20,21 TAGGED; TzKal-Zuk@22,8 TAGGED
FIRED t847 | 28,14 | Toxic Blowpipe | Jal-Zek
t848 | 30,14 | 25..29|E|frz-15 | zukIn 1 | setIn 202P | zukHp 599 | chosen 30,14 | walk - | weapon Toxic Blowpipe | untilShot 1 | target Jal-Zek[mager-kill] | gate ok | overhead none | Zek@20,21 TAGGED; TzKal-Zuk@22,8 TAGGED
t849 | 30,14 | 26..30|E|frz-16 | zukIn 10 | setIn 202P | zukHp 599 | chosen 36,14 | walk ->36,14 | weapon Rune Crossbow | untilShot 1 | target -[-] | gate - | overhead Protect from Magic | Zek@20,21 TAGGED; TzKal-Zuk@22,8 TAGGED
t850 | 32,14 | 27..31|E|frz-17 | zukIn 9 | setIn 202P | zukHp 599 | chosen 36,14 | walk ->36,14 | weapon Rune Crossbow | untilShot 1 | target TzKal-Zuk[zuk] | gate - | overhead none | Zek@20,21 TAGGED; TzKal-Zuk@22,8 TAGGED
t851 | 34,14 | 28..32|E|frz-18 | zukIn 8 | setIn 202P | zukHp 599 | chosen 36,14 | walk ->36,14 | weapon Rune Crossbow | untilShot 1 | target TzKal-Zuk[zuk] | gate - | overhead none | Zek@20,21 TAGGED; TzKal-Zuk@22,8 TAGGED
t852 | 36,14 | 29..33|E|frz-19 | zukIn 7 | setIn 202P | zukHp 599 | chosen 36,14 | walk - | weapon Rune Crossbow | untilShot 1 | target TzKal-Zuk[zuk] | gate - | overhead none | Zek@20,21 TAGGED; TzKal-Zuk@22,8 TAGGED
t853 | 36,14 | 30..34|E|frz-20 | zukIn 6 | setIn 202P | zukHp 599 | chosen 36,14 | walk - | weapon Rune Crossbow | untilShot 1 | target TzKal-Zuk[zuk] | gate - | overhead Protect from Magic | Zek@20,21 TAGGED; TzKal-Zuk@22,8 TAGGED
t854 | 36,14 | 31..35|E|frz-21 | zukIn 5 | setIn 202P | zukHp 599 | chosen 36,14 | walk - | weapon Rune Crossbow | untilShot 1 | target TzKal-Zuk[zuk] | gate - | overhead none | Zek@20,21 TAGGED; TzKal-Zuk@22,8 TAGGED
t855 | 36,14 | 32..36|E|frz-22 | zukIn 4 | setIn 202P | zukHp 599 | chosen 36,14 | walk - | weapon Rune Crossbow | untilShot 1 | target TzKal-Zuk[zuk] | gate - | overhead none | Zek@20,21 TAGGED; TzKal-Zuk@22,8 TAGGED
t856 | 36,14 | 33..37|E|frz-23 | zukIn 3 | setIn 202P | zukHp 599 | chosen 36,14 | walk - | weapon Rune Crossbow | untilShot 1 | target TzKal-Zuk[zuk] | gate - | overhead none | Zek@20,21 TAGGED; TzKal-Zuk@22,8 TAGGED
t857 | 36,14 | 34..38|E|frz-24 | zukIn 2 | setIn 202P | zukHp 599 | chosen 36,14 | walk - | weapon Rune Crossbow | untilShot 1 | target TzKal-Zuk[zuk] | gate - | overhead Protect from Magic | Zek@20,21 TAGGED; TzKal-Zuk@22,8 TAGGED
t858 | 36,14 | 35..39|E|frz-25 | zukIn 1 | setIn 202P | zukHp 599 | chosen 36,14 | walk - | weapon Rune Crossbow | untilShot 1 | target TzKal-Zuk[zuk] | gate - | overhead none | Zek@20,21 TAGGED; TzKal-Zuk@22,8 TAGGED
t859 | 36,14 | 36..40|W|frz4 | zukIn 10 | setIn 202P | zukHp 599 | chosen 30,14 | walk ->30,14 | weapon Rune Crossbow | untilShot 1 | target -[-] | gate - | overhead none | Zek@20,21 TAGGED; TzKal-Zuk@22,8 TAGGED
t860 | 34,14 | 36..40|W|frz3 | zukIn 9 | setIn 202P | zukHp 599 | chosen 30,14 | walk ->30,14 | weapon Rune Crossbow | untilShot 1 | target TzKal-Zuk[zuk] | gate - | overhead none | Zek@20,21 TAGGED; TzKal-Zuk@22,8 TAGGED
t861 | 32,14 | 36..40|W|frz2 | zukIn 8 | setIn 202P | zukHp 599 | chosen 30,14 | walk ->30,14 | weapon Rune Crossbow | untilShot 1 | target TzKal-Zuk[zuk] | gate - | overhead Protect from Magic | Zek@20,21 TAGGED; TzKal-Zuk@22,8 TAGGED
t862 | 30,14 | 36..40|W|frz1 | zukIn 7 | setIn 202P | zukHp 599 | chosen 30,14 | walk - | weapon Rune Crossbow | untilShot 1 | target Jal-Zek[mager-kill] | gate ok | overhead none | Zek@20,21 TAGGED; TzKal-Zuk@22,8 TAGGED
t863 | 30,14 | 36..40|W|frz0 | zukIn 6 | setIn 202P | zukHp 599 | chosen 30,14 | walk - | weapon Rune Crossbow | untilShot 5 | target Jal-Zek[mager-kill] | gate ok | overhead none | Zek@20,21 TAGGED; TzKal-Zuk@22,8 TAGGED
FIRED t863 | 30,14 | Rune Crossbow | Jal-Zek
t864 | 30,14 | 35..39|W|frz-1 | zukIn 5 | setIn 202P | zukHp 599 | chosen 30,14 | walk - | weapon Rune Crossbow | untilShot 4 | target Jal-Zek[mager-kill] | gate ok | overhead none | Zek@20,21 TAGGED; TzKal-Zuk@22,8 TAGGED
t865 | 30,14 | 34..38|W|frz-2 | zukIn 4 | setIn 202P | zukHp 599 | chosen 30,14 | walk - | weapon Rune Crossbow | untilShot 3 | target Jal-Zek[mager-kill] | gate ok | overhead Protect from Magic | Zek@20,21 TAGGED; TzKal-Zuk@22,8 TAGGED
t866 | 30,14 | 33..37|W|frz-3 | zukIn 3 | setIn 202P | zukHp 599 | chosen 30,14 | walk - | weapon Rune Crossbow | untilShot 2 | target TzKal-Zuk[zuk] | gate ok | overhead none | TzKal-Zuk@22,8 TAGGED
t867 | 30,14 | 32..36|W|frz-4 | zukIn 2 | setIn 202P | zukHp 599 | chosen 30,14 | walk - | weapon Rune Crossbow | untilShot 1 | target TzKal-Zuk[zuk] | gate ok | overhead none | TzKal-Zuk@22,8 TAGGED
t868 | 30,14 | 31..35|W|frz-5 | zukIn 1 | setIn 202P | zukHp 599 | chosen 30,14 | walk - | weapon Rune Crossbow | untilShot 5 | target TzKal-Zuk[zuk] | gate ok | overhead none | TzKal-Zuk@22,8 TAGGED
FIRED t868 | 30,14 | Rune Crossbow | TzKal-Zuk
t869 | 30,14 | 30..34|W|frz-6 | zukIn 10 | setIn 202P | zukHp 599 | chosen 20,14 | walk ->20,14 | weapon Rune Crossbow | untilShot 4 | target -[-] | gate - | overhead none | TzKal-Zuk@22,8 TAGGED
t870 | 28,14 | 29..33|W|frz-7 | zukIn 9 | setIn 202P | zukHp 599 | chosen 20,14 | walk ->20,14 | weapon Rune Crossbow | untilShot 3 | target TzKal-Zuk[zuk] | gate ok | overhead none | TzKal-Zuk@22,8 TAGGED
t871 | 26,14 | 28..32|W|frz-8 | zukIn 8 | setIn 202P | zukHp 599 | chosen 20,14 | walk ->20,14 | weapon Rune Crossbow | untilShot 2 | target TzKal-Zuk[zuk] | gate ok | overhead none | TzKal-Zuk@22,8 TAGGED
t872 | 24,14 | 27..31|W|frz-9 | zukIn 7 | setIn 202P | zukHp 599 | chosen 20,14 | walk ->20,14 | weapon Rune Crossbow | untilShot 1 | target TzKal-Zuk[zuk] | gate ok | overhead none | TzKal-Zuk@22,8 TAGGED
t873 | 24,14 | 26..30|W|frz-10 | zukIn 6 | setIn 202P | zukHp 599 | chosen 20,14 | walk ->20,14 | weapon Rune Crossbow | untilShot 5 | target -[-] | gate - | overhead none | TzKal-Zuk@22,8 TAGGED
FIRED t873 | 24,14 | Rune Crossbow | TzKal-Zuk
t874 | 22,14 | 25..29|W|frz-11 | zukIn 5 | setIn 202P | zukHp 599 | chosen 20,14 | walk ->20,14 | weapon Rune Crossbow | untilShot 4 | target TzKal-Zuk[zuk] | gate ok | overhead none | TzKal-Zuk@22,8 TAGGED
t875 | 20,14 | 24..28|W|frz-12 | zukIn 4 | setIn 202P | zukHp 599 | chosen 20,14 | walk - | weapon Rune Crossbow | untilShot 3 | target TzKal-Zuk[zuk] | gate ok | overhead none | TzKal-Zuk@22,8 TAGGED
t876 | 20,14 | 23..27|W|frz-13 | zukIn 3 | setIn 202P | zukHp 599 | chosen 20,14 | walk - | weapon Rune Crossbow | untilShot 2 | target TzKal-Zuk[zuk] | gate ok | overhead none | TzKal-Zuk@22,8 TAGGED
t877 | 20,14 | 22..26|W|frz-14 | zukIn 2 | setIn 202P | zukHp 599 | chosen 20,14 | walk - | weapon Rune Crossbow | untilShot 1 | target TzKal-Zuk[zuk] | gate ok | overhead none | TzKal-Zuk@22,8 TAGGED
t878 | 20,14 | 21..25|W|frz-15 | zukIn 1 | setIn 202P | zukHp 599 | chosen 20,14 | walk - | weapon Rune Crossbow | untilShot 5 | target TzKal-Zuk[zuk] | gate ok | overhead none | TzKal-Zuk@22,8 TAGGED
FIRED t878 | 20,14 | Rune Crossbow | TzKal-Zuk
t879 | 20,14 | 20..24|W|frz-16 | zukIn 10 | setIn 202P | zukHp 599 | chosen 15,14 | walk ->15,14 | weapon Rune Crossbow | untilShot 4 | target -[-] | gate - | overhead none | TzKal-Zuk@22,8 TAGGED
t880 | 18,14 | 19..23|W|frz-17 | zukIn 9 | setIn 202P | zukHp 599 | chosen 15,14 | walk ->15,14 | weapon Rune Crossbow | untilShot 3 | target TzKal-Zuk[zuk] | gate - | overhead none | TzKal-Zuk@22,8 TAGGED
t881 | 16,14 | 18..22|W|frz-18 | zukIn 8 | setIn 202P | zukHp 599 | chosen 15,14 | walk ->15,14 | weapon Rune Crossbow | untilShot 2 | target TzKal-Zuk[zuk] | gate - | overhead none | TzKal-Zuk@22,8 TAGGED
t882 | 15,14 | 17..21|W|frz-19 | zukIn 7 | setIn 202P | zukHp 599 | chosen 15,14 | walk - | weapon Rune Crossbow | untilShot 1 | target TzKal-Zuk[zuk] | gate ok | overhead none | TzKal-Zuk@22,8 TAGGED
t883 | 15,14 | 16..20|W|frz-20 | zukIn 6 | setIn 202P | zukHp 599 | chosen 14,14 | walk ->14,14 | weapon Rune Crossbow | untilShot 5 | target -[-] | gate - | overhead none | TzKal-Zuk@22,8 TAGGED
FIRED t883 | 15,14 | Rune Crossbow | TzKal-Zuk
t884 | 14,14 | 15..19|W|frz-21 | zukIn 5 | setIn 202P | zukHp 599 | chosen 14,14 | walk - | weapon Rune Crossbow | untilShot 4 | target TzKal-Zuk[zuk] | gate - | overhead none | TzKal-Zuk@22,8 TAGGED
t885 | 14,14 | 14..18|W|frz-22 | zukIn 4 | setIn 202P | zukHp 599 | chosen 14,14 | walk - | weapon Rune Crossbow | untilShot 3 | target TzKal-Zuk[zuk] | gate - | overhead none | TzKal-Zuk@22,8 TAGGED
t886 | 14,14 | 13..17|W|frz-23 | zukIn 3 | setIn 202P | zukHp 599 | chosen 14,14 | walk - | weapon Rune Crossbow | untilShot 2 | target TzKal-Zuk[zuk] | gate - | overhead none | TzKal-Zuk@22,8 TAGGED
t887 | 14,14 | 12..16|W|frz-24 | zukIn 2 | setIn 202P | zukHp 599 | chosen 14,14 | walk - | weapon Rune Crossbow | untilShot 1 | target TzKal-Zuk[zuk] | gate - | overhead none | TzKal-Zuk@22,8 TAGGED
t888 | 14,14 | 11..15|W|frz-25 | zukIn 1 | setIn 202P | zukHp 599 | chosen 14,14 | walk - | weapon Rune Crossbow | untilShot 1 | target TzKal-Zuk[zuk] | gate - | overhead none | TzKal-Zuk@22,8 TAGGED
t889 | 14,14 | 10..14|E|frz4 | zukIn 10 | setIn 202P | zukHp 599 | chosen 20,14 | walk ->20,14 | weapon Rune Crossbow | untilShot 1 | target -[-] | gate - | overhead none | TzKal-Zuk@22,8 TAGGED
t890 | 16,14 | 10..14|E|frz3 | zukIn 9 | setIn 202P | zukHp 599 | chosen 20,14 | walk ->20,14 | weapon Rune Crossbow | untilShot 1 | target TzKal-Zuk[zuk] | gate - | overhead none | TzKal-Zuk@22,8 TAGGED
t891 | 18,14 | 10..14|E|frz2 | zukIn 8 | setIn 202P | zukHp 599 | chosen 20,14 | walk ->20,14 | weapon Rune Crossbow | untilShot 1 | target TzKal-Zuk[zuk] | gate - | overhead none | TzKal-Zuk@22,8 TAGGED
t892 | 20,14 | 10..14|E|frz1 | zukIn 7 | setIn 202P | zukHp 599 | chosen 20,14 | walk - | weapon Rune Crossbow | untilShot 1 | target TzKal-Zuk[zuk] | gate ok | overhead none | TzKal-Zuk@22,8 TAGGED
t893 | 20,14 | 10..14|E|frz0 | zukIn 6 | setIn 202P | zukHp 599 | chosen 20,14 | walk - | weapon Rune Crossbow | untilShot 5 | target TzKal-Zuk[zuk] | gate ok | overhead none | TzKal-Zuk@22,8 TAGGED
FIRED t893 | 20,14 | Rune Crossbow | TzKal-Zuk
t894 | 20,14 | 11..15|E|frz-1 | zukIn 5 | setIn 202P | zukHp 599 | chosen 20,14 | walk - | weapon Rune Crossbow | untilShot 4 | target TzKal-Zuk[zuk] | gate ok | overhead none | TzKal-Zuk@22,8 TAGGED
t895 | 20,14 | 12..16|E|frz-2 | zukIn 4 | setIn 202P | zukHp 599 | chosen 20,14 | walk - | weapon Rune Crossbow | untilShot 3 | target TzKal-Zuk[zuk] | gate ok | overhead none | TzKal-Zuk@22,8 TAGGED
t896 | 20,14 | 13..17|E|frz-3 | zukIn 3 | setIn 202P | zukHp 575 | chosen 20,14 | walk - | weapon Rune Crossbow | untilShot 2 | target TzKal-Zuk[zuk] | gate ok | overhead none | TzKal-Zuk@22,8 TAGGED
t897 | 20,14 | 14..18|E|frz-4 | zukIn 2 | setIn 202P | zukHp 575 | chosen 20,14 | walk - | weapon Rune Crossbow | untilShot 1 | target TzKal-Zuk[zuk] | gate ok | overhead none | TzKal-Zuk@22,8 TAGGED
t898 | 20,14 | 15..19|E|frz-5 | zukIn 1 | setIn 202P | zukHp 575 | chosen 20,14 | walk - | weapon Rune Crossbow | untilShot 5 | target TzKal-Zuk[zuk] | gate ok | overhead none | TzKal-Zuk@22,8 TAGGED
FIRED t898 | 20,14 | Rune Crossbow | TzKal-Zuk
t899 | 20,14 | 16..20|E|frz-6 | zukIn 10 | setIn 202P | zukHp 575 | chosen 30,14 | walk ->30,14 | weapon Rune Crossbow | untilShot 4 | target -[-] | gate - | overhead none | TzKal-Zuk@22,8 TAGGED
t900 | 22,14 | 17..21|E|frz-7 | zukIn 9 | setIn 202P | zukHp 575 | chosen 30,14 | walk ->30,14 | weapon Rune Crossbow | untilShot 3 | target TzKal-Zuk[zuk] | gate ok | overhead none | TzKal-Zuk@22,8 TAGGED
t901 | 24,14 | 18..22|E|frz-8 | zukIn 8 | setIn 202P | zukHp 575 | chosen 30,14 | walk ->30,14 | weapon Rune Crossbow | untilShot 2 | target TzKal-Zuk[zuk] | gate ok | overhead none | TzKal-Zuk@22,8 TAGGED
t902 | 26,14 | 19..23|E|frz-9 | zukIn 7 | setIn 202P | zukHp 575 | chosen 30,14 | walk ->30,14 | weapon Rune Crossbow | untilShot 1 | target TzKal-Zuk[zuk] | gate ok | overhead none | TzKal-Zuk@22,8 TAGGED
t903 | 26,14 | 20..24|E|frz-10 | zukIn 6 | setIn 202P | zukHp 575 | chosen 30,14 | walk ->30,14 | weapon Rune Crossbow | untilShot 5 | target -[-] | gate - | overhead none | TzKal-Zuk@22,8 TAGGED
FIRED t903 | 26,14 | Rune Crossbow | TzKal-Zuk
t904 | 28,14 | 21..25|E|frz-11 | zukIn 5 | setIn 202P | zukHp 575 | chosen 30,14 | walk ->30,14 | weapon Rune Crossbow | untilShot 4 | target TzKal-Zuk[zuk] | gate ok | overhead none | TzKal-Zuk@22,8 TAGGED
t905 | 30,14 | 22..26|E|frz-12 | zukIn 4 | setIn 202P | zukHp 575 | chosen 30,14 | walk - | weapon Rune Crossbow | untilShot 3 | target TzKal-Zuk[zuk] | gate ok | overhead none | TzKal-Zuk@22,8 TAGGED
t906 | 30,14 | 23..27|E|frz-13 | zukIn 3 | setIn 202P | zukHp 557 | chosen 30,14 | walk - | weapon Rune Crossbow | untilShot 2 | target TzKal-Zuk[zuk] | gate ok | overhead none | TzKal-Zuk@22,8 TAGGED
t907 | 30,14 | 24..28|E|frz-14 | zukIn 2 | setIn 202P | zukHp 557 | chosen 30,14 | walk - | weapon Rune Crossbow | untilShot 1 | target TzKal-Zuk[zuk] | gate ok | overhead none | TzKal-Zuk@22,8 TAGGED
t908 | 30,14 | 25..29|E|frz-15 | zukIn 1 | setIn 202P | zukHp 557 | chosen 30,14 | walk - | weapon Rune Crossbow | untilShot 5 | target TzKal-Zuk[zuk] | gate ok | overhead none | TzKal-Zuk@22,8 TAGGED
FIRED t908 | 30,14 | Rune Crossbow | TzKal-Zuk
t909 | 30,14 | 26..30|E|frz-16 | zukIn 10 | setIn 202P | zukHp 557 | chosen 35,14 | walk ->35,14 | weapon Rune Crossbow | untilShot 4 | target -[-] | gate - | overhead none | TzKal-Zuk@22,8 TAGGED
t910 | 32,14 | 27..31|E|frz-17 | zukIn 9 | setIn 202P | zukHp 557 | chosen 35,14 | walk ->35,14 | weapon Rune Crossbow | untilShot 3 | target TzKal-Zuk[zuk] | gate - | overhead none | TzKal-Zuk@22,8 TAGGED
t911 | 34,14 | 28..32|E|frz-18 | zukIn 8 | setIn 202P | zukHp 557 | chosen 35,14 | walk ->35,14 | weapon Rune Crossbow | untilShot 2 | target TzKal-Zuk[zuk] | gate - | overhead none | TzKal-Zuk@22,8 TAGGED
t912 | 35,14 | 29..33|E|frz-19 | zukIn 7 | setIn 202P | zukHp 557 | chosen 35,14 | walk - | weapon Rune Crossbow | untilShot 1 | target TzKal-Zuk[zuk] | gate ok | overhead none | TzKal-Zuk@22,8 TAGGED
t913 | 35,14 | 30..34|E|frz-20 | zukIn 6 | setIn 202P | zukHp 557 | chosen 36,14 | walk ->36,14 | weapon Rune Crossbow | untilShot 5 | target -[-] | gate - | overhead none | TzKal-Zuk@22,8 TAGGED
FIRED t913 | 35,14 | Rune Crossbow | TzKal-Zuk
t914 | 36,14 | 31..35|E|frz-21 | zukIn 5 | setIn 202P | zukHp 557 | chosen 36,14 | walk - | weapon Rune Crossbow | untilShot 4 | target TzKal-Zuk[zuk] | gate - | overhead none | TzKal-Zuk@22,8 TAGGED
t915 | 36,14 | 32..36|E|frz-22 | zukIn 4 | setIn 202P | zukHp 557 | chosen 36,14 | walk - | weapon Rune Crossbow | untilShot 3 | target TzKal-Zuk[zuk] | gate - | overhead none | TzKal-Zuk@22,8 TAGGED
t916 | 36,14 | 33..37|E|frz-23 | zukIn 3 | setIn 202P | zukHp 553 | chosen 36,14 | walk - | weapon Rune Crossbow | untilShot 2 | target TzKal-Zuk[zuk] | gate - | overhead none | TzKal-Zuk@22,8 TAGGED
t917 | 36,14 | 34..38|E|frz-24 | zukIn 2 | setIn 202P | zukHp 553 | chosen 36,14 | walk - | weapon Rune Crossbow | untilShot 1 | target TzKal-Zuk[zuk] | gate - | overhead none | TzKal-Zuk@22,8 TAGGED
t918 | 36,14 | 35..39|E|frz-25 | zukIn 1 | setIn 202P | zukHp 553 | chosen 36,14 | walk - | weapon Rune Crossbow | untilShot 1 | target TzKal-Zuk[zuk] | gate - | overhead none | TzKal-Zuk@22,8 TAGGED
t919 | 36,14 | 36..40|W|frz4 | zukIn 10 | setIn 202P | zukHp 553 | chosen 30,14 | walk ->30,14 | weapon Rune Crossbow | untilShot 1 | target -[-] | gate - | overhead none | TzKal-Zuk@22,8 TAGGED
t920 | 34,14 | 36..40|W|frz3 | zukIn 9 | setIn 202P | zukHp 553 | chosen 30,14 | walk ->30,14 | weapon Rune Crossbow | untilShot 1 | target TzKal-Zuk[zuk] | gate - | overhead none | TzKal-Zuk@22,8 TAGGED
t921 | 32,14 | 36..40|W|frz2 | zukIn 8 | setIn 202P | zukHp 553 | chosen 30,14 | walk ->30,14 | weapon Rune Crossbow | untilShot 1 | target TzKal-Zuk[zuk] | gate - | overhead none | TzKal-Zuk@22,8 TAGGED
t922 | 30,14 | 36..40|W|frz1 | zukIn 7 | setIn 202P | zukHp 553 | chosen 30,14 | walk - | weapon Rune Crossbow | untilShot 1 | target TzKal-Zuk[zuk] | gate ok | overhead none | TzKal-Zuk@22,8 TAGGED
t923 | 30,14 | 36..40|W|frz0 | zukIn 6 | setIn 202P | zukHp 553 | chosen 30,14 | walk - | weapon Rune Crossbow | untilShot 5 | target TzKal-Zuk[zuk] | gate ok | overhead none | TzKal-Zuk@22,8 TAGGED
FIRED t923 | 30,14 | Rune Crossbow | TzKal-Zuk
t924 | 30,14 | 35..39|W|frz-1 | zukIn 5 | setIn 202P | zukHp 553 | chosen 30,14 | walk - | weapon Rune Crossbow | untilShot 4 | target TzKal-Zuk[zuk] | gate ok | overhead none | TzKal-Zuk@22,8 TAGGED
t925 | 30,14 | 34..38|W|frz-2 | zukIn 4 | setIn 202P | zukHp 553 | chosen 30,14 | walk - | weapon Rune Crossbow | untilShot 3 | target TzKal-Zuk[zuk] | gate ok | overhead none | TzKal-Zuk@22,8 TAGGED
t926 | 30,14 | 33..37|W|frz-3 | zukIn 3 | setIn 202P | zukHp 553 | chosen 30,14 | walk - | weapon Rune Crossbow | untilShot 2 | target TzKal-Zuk[zuk] | gate ok | overhead none | TzKal-Zuk@22,8 TAGGED
t927 | 30,14 | 32..36|W|frz-4 | zukIn 2 | setIn 202P | zukHp 553 | chosen 30,14 | walk - | weapon Rune Crossbow | untilShot 1 | target TzKal-Zuk[zuk] | gate ok | overhead none | TzKal-Zuk@22,8 TAGGED
t928 | 30,14 | 31..35|W|frz-5 | zukIn 1 | setIn 202P | zukHp 553 | chosen 30,14 | walk - | weapon Rune Crossbow | untilShot 5 | target TzKal-Zuk[zuk] | gate ok | overhead none | TzKal-Zuk@22,8 TAGGED
FIRED t928 | 30,14 | Rune Crossbow | TzKal-Zuk
t929 | 30,14 | 30..34|W|frz-6 | zukIn 10 | setIn 202P | zukHp 553 | chosen 20,14 | walk ->20,14 | weapon Rune Crossbow | untilShot 4 | target -[-] | gate - | overhead none | TzKal-Zuk@22,8 TAGGED
t930 | 28,14 | 29..33|W|frz-7 | zukIn 9 | setIn 202P | zukHp 553 | chosen 20,14 | walk ->20,14 | weapon Rune Crossbow | untilShot 3 | target TzKal-Zuk[zuk] | gate ok | overhead none | TzKal-Zuk@22,8 TAGGED
t931 | 26,14 | 28..32|W|frz-8 | zukIn 8 | setIn 202P | zukHp 551 | chosen 20,14 | walk ->20,14 | weapon Rune Crossbow | untilShot 2 | target TzKal-Zuk[zuk] | gate ok | overhead none | TzKal-Zuk@22,8 TAGGED
t932 | 24,14 | 27..31|W|frz-9 | zukIn 7 | setIn 202P | zukHp 551 | chosen 20,14 | walk ->20,14 | weapon Rune Crossbow | untilShot 1 | target TzKal-Zuk[zuk] | gate ok | overhead none | TzKal-Zuk@22,8 TAGGED
t933 | 24,14 | 26..30|W|frz-10 | zukIn 6 | setIn 202P | zukHp 551 | chosen 20,14 | walk ->20,14 | weapon Rune Crossbow | untilShot 5 | target -[-] | gate - | overhead none | TzKal-Zuk@22,8 TAGGED
FIRED t933 | 24,14 | Rune Crossbow | TzKal-Zuk
t934 | 22,14 | 25..29|W|frz-11 | zukIn 5 | setIn 202P | zukHp 551 | chosen 20,14 | walk ->20,14 | weapon Rune Crossbow | untilShot 4 | target TzKal-Zuk[zuk] | gate ok | overhead none | TzKal-Zuk@22,8 TAGGED
t935 | 20,14 | 24..28|W|frz-12 | zukIn 4 | setIn 202P | zukHp 551 | chosen 20,14 | walk - | weapon Rune Crossbow | untilShot 3 | target TzKal-Zuk[zuk] | gate ok | overhead none | TzKal-Zuk@22,8 TAGGED
t936 | 20,14 | 23..27|W|frz-13 | zukIn 3 | setIn 202P | zukHp 541 | chosen 20,14 | walk - | weapon Rune Crossbow | untilShot 2 | target TzKal-Zuk[zuk] | gate ok | overhead none | TzKal-Zuk@22,8 TAGGED
t937 | 20,14 | 22..26|W|frz-14 | zukIn 2 | setIn 202P | zukHp 541 | chosen 20,14 | walk - | weapon Rune Crossbow | untilShot 1 | target TzKal-Zuk[zuk] | gate ok | overhead none | TzKal-Zuk@22,8 TAGGED
t938 | 20,14 | 21..25|W|frz-15 | zukIn 1 | setIn 202P | zukHp 541 | chosen 20,14 | walk - | weapon Rune Crossbow | untilShot 5 | target TzKal-Zuk[zuk] | gate ok | overhead none | TzKal-Zuk@22,8 TAGGED
FIRED t938 | 20,14 | Rune Crossbow | TzKal-Zuk
t939 | 20,14 | 20..24|W|frz-16 | zukIn 10 | setIn 202P | zukHp 541 | chosen 15,14 | walk ->15,14 | weapon Rune Crossbow | untilShot 4 | target -[-] | gate - | overhead none | TzKal-Zuk@22,8 TAGGED
t940 | 18,14 | 19..23|W|frz-17 | zukIn 9 | setIn 202P | zukHp 541 | chosen 15,14 | walk ->15,14 | weapon Rune Crossbow | untilShot 3 | target TzKal-Zuk[zuk] | gate - | overhead none | TzKal-Zuk@22,8 TAGGED
t941 | 16,14 | 18..22|W|frz-18 | zukIn 8 | setIn 202P | zukHp 523 | chosen 15,14 | walk ->15,14 | weapon Rune Crossbow | untilShot 2 | target TzKal-Zuk[zuk] | gate - | overhead none | TzKal-Zuk@22,8 TAGGED
t942 | 15,14 | 17..21|W|frz-19 | zukIn 7 | setIn 202P | zukHp 523 | chosen 15,14 | walk - | weapon Rune Crossbow | untilShot 1 | target TzKal-Zuk[zuk] | gate ok | overhead none | TzKal-Zuk@22,8 TAGGED
t943 | 15,14 | 16..20|W|frz-20 | zukIn 6 | setIn 202P | zukHp 523 | chosen 14,14 | walk ->14,14 | weapon Rune Crossbow | untilShot 5 | target -[-] | gate - | overhead none | TzKal-Zuk@22,8 TAGGED
FIRED t943 | 15,14 | Rune Crossbow | TzKal-Zuk
t944 | 14,14 | 15..19|W|frz-21 | zukIn 5 | setIn 202P | zukHp 523 | chosen 14,14 | walk - | weapon Rune Crossbow | untilShot 4 | target TzKal-Zuk[zuk] | gate - | overhead none | TzKal-Zuk@22,8 TAGGED
t945 | 14,14 | 14..18|W|frz-22 | zukIn 4 | setIn 202P | zukHp 523 | chosen 14,14 | walk - | weapon Rune Crossbow | untilShot 3 | target TzKal-Zuk[zuk] | gate - | overhead none | TzKal-Zuk@22,8 TAGGED
t946 | 14,14 | 13..17|W|frz-23 | zukIn 3 | setIn 202P | zukHp 523 | chosen 14,14 | walk - | weapon Rune Crossbow | untilShot 2 | target TzKal-Zuk[zuk] | gate - | overhead none | TzKal-Zuk@22,8 TAGGED
t947 | 14,14 | 12..16|W|frz-24 | zukIn 2 | setIn 202P | zukHp 523 | chosen 14,14 | walk - | weapon Rune Crossbow | untilShot 1 | target TzKal-Zuk[zuk] | gate - | overhead none | TzKal-Zuk@22,8 TAGGED
t948 | 14,14 | 11..15|W|frz-25 | zukIn 1 | setIn 202P | zukHp 523 | chosen 14,14 | walk - | weapon Rune Crossbow | untilShot 1 | target TzKal-Zuk[zuk] | gate - | overhead none | TzKal-Zuk@22,8 TAGGED
t949 | 14,14 | 10..14|E|frz4 | zukIn 10 | setIn 202P | zukHp 523 | chosen 20,14 | walk ->20,14 | weapon Rune Crossbow | untilShot 1 | target -[-] | gate - | overhead none | TzKal-Zuk@22,8 TAGGED
t950 | 16,14 | 10..14|E|frz3 | zukIn 9 | setIn 202P | zukHp 523 | chosen 20,14 | walk ->20,14 | weapon Rune Crossbow | untilShot 1 | target TzKal-Zuk[zuk] | gate - | overhead none | TzKal-Zuk@22,8 TAGGED
t951 | 18,14 | 10..14|E|frz2 | zukIn 8 | setIn 202P | zukHp 523 | chosen 20,14 | walk ->20,14 | weapon Rune Crossbow | untilShot 1 | target TzKal-Zuk[zuk] | gate - | overhead none | TzKal-Zuk@22,8 TAGGED
t952 | 20,14 | 10..14|E|frz1 | zukIn 7 | setIn 202P | zukHp 523 | chosen 20,14 | walk - | weapon Rune Crossbow | untilShot 1 | target TzKal-Zuk[zuk] | gate ok | overhead none | TzKal-Zuk@22,8 TAGGED
t953 | 20,14 | 10..14|E|frz0 | zukIn 6 | setIn 202P | zukHp 523 | chosen 20,14 | walk - | weapon Rune Crossbow | untilShot 5 | target TzKal-Zuk[zuk] | gate ok | overhead none | TzKal-Zuk@22,8 TAGGED
FIRED t953 | 20,14 | Rune Crossbow | TzKal-Zuk
t954 | 20,14 | 11..15|E|frz-1 | zukIn 5 | setIn 202P | zukHp 523 | chosen 20,14 | walk - | weapon Rune Crossbow | untilShot 4 | target TzKal-Zuk[zuk] | gate ok | overhead none | TzKal-Zuk@22,8 TAGGED
t955 | 20,14 | 12..16|E|frz-2 | zukIn 4 | setIn 202P | zukHp 523 | chosen 20,14 | walk - | weapon Rune Crossbow | untilShot 3 | target TzKal-Zuk[zuk] | gate ok | overhead none | TzKal-Zuk@22,8 TAGGED
t956 | 20,14 | 13..17|E|frz-3 | zukIn 3 | setIn 202P | zukHp 521 | chosen 20,14 | walk - | weapon Rune Crossbow | untilShot 2 | target TzKal-Zuk[zuk] | gate ok | overhead none | TzKal-Zuk@22,8 TAGGED
t957 | 20,14 | 14..18|E|frz-4 | zukIn 2 | setIn 202P | zukHp 521 | chosen 20,14 | walk - | weapon Rune Crossbow | untilShot 1 | target TzKal-Zuk[zuk] | gate ok | overhead none | TzKal-Zuk@22,8 TAGGED
t958 | 20,14 | 15..19|E|frz-5 | zukIn 1 | setIn 202P | zukHp 521 | chosen 20,14 | walk - | weapon Rune Crossbow | untilShot 5 | target TzKal-Zuk[zuk] | gate ok | overhead none | TzKal-Zuk@22,8 TAGGED
FIRED t958 | 20,14 | Rune Crossbow | TzKal-Zuk
t959 | 20,14 | 16..20|E|frz-6 | zukIn 10 | setIn 202P | zukHp 521 | chosen 30,14 | walk ->30,14 | weapon Rune Crossbow | untilShot 4 | target -[-] | gate - | overhead none | TzKal-Zuk@22,8 TAGGED
t960 | 22,14 | 17..21|E|frz-7 | zukIn 9 | setIn 202P | zukHp 521 | chosen 30,14 | walk ->30,14 | weapon Rune Crossbow | untilShot 3 | target TzKal-Zuk[zuk] | gate ok | overhead none | TzKal-Zuk@22,8 TAGGED
t961 | 24,14 | 18..22|E|frz-8 | zukIn 8 | setIn 202P | zukHp 521 | chosen 30,14 | walk ->30,14 | weapon Rune Crossbow | untilShot 2 | target TzKal-Zuk[zuk] | gate ok | overhead none | TzKal-Zuk@22,8 TAGGED
t962 | 26,14 | 19..23|E|frz-9 | zukIn 7 | setIn 202P | zukHp 521 | chosen 30,14 | walk ->30,14 | weapon Rune Crossbow | untilShot 1 | target TzKal-Zuk[zuk] | gate ok | overhead none | TzKal-Zuk@22,8 TAGGED
t963 | 26,14 | 20..24|E|frz-10 | zukIn 6 | setIn 202P | zukHp 521 | chosen 30,14 | walk ->30,14 | weapon Rune Crossbow | untilShot 5 | target -[-] | gate - | overhead none | TzKal-Zuk@22,8 TAGGED
FIRED t963 | 26,14 | Rune Crossbow | TzKal-Zuk
t964 | 28,14 | 21..25|E|frz-11 | zukIn 5 | setIn 202P | zukHp 521 | chosen 30,14 | walk ->30,14 | weapon Rune Crossbow | untilShot 4 | target TzKal-Zuk[zuk] | gate ok | overhead none | TzKal-Zuk@22,8 TAGGED
t965 | 30,14 | 22..26|E|frz-12 | zukIn 4 | setIn 202P | zukHp 521 | chosen 30,14 | walk - | weapon Rune Crossbow | untilShot 3 | target TzKal-Zuk[zuk] | gate ok | overhead none | TzKal-Zuk@22,8 TAGGED
t966 | 30,14 | 23..27|E|frz-13 | zukIn 3 | setIn 202P | zukHp 515 | chosen 30,14 | walk - | weapon Rune Crossbow | untilShot 2 | target TzKal-Zuk[zuk] | gate ok | overhead none | TzKal-Zuk@22,8 TAGGED
t967 | 30,14 | 24..28|E|frz-14 | zukIn 2 | setIn 202P | zukHp 515 | chosen 30,14 | walk - | weapon Rune Crossbow | untilShot 1 | target TzKal-Zuk[zuk] | gate ok | overhead none | TzKal-Zuk@22,8 TAGGED
t968 | 30,14 | 25..29|E|frz-15 | zukIn 1 | setIn 202P | zukHp 515 | chosen 30,14 | walk - | weapon Rune Crossbow | untilShot 5 | target TzKal-Zuk[zuk] | gate ok | overhead none | TzKal-Zuk@22,8 TAGGED
FIRED t968 | 30,14 | Rune Crossbow | TzKal-Zuk
t969 | 30,14 | 26..30|E|frz-16 | zukIn 10 | setIn 202P | zukHp 515 | chosen 35,14 | walk ->35,14 | weapon Rune Crossbow | untilShot 4 | target -[-] | gate - | overhead none | TzKal-Zuk@22,8 TAGGED
t970 | 32,14 | 27..31|E|frz-17 | zukIn 9 | setIn 202P | zukHp 515 | chosen 35,14 | walk ->35,14 | weapon Rune Crossbow | untilShot 3 | target TzKal-Zuk[zuk] | gate - | overhead none | TzKal-Zuk@22,8 TAGGED
t971 | 34,14 | 28..32|E|frz-18 | zukIn 8 | setIn 202P | zukHp 515 | chosen 35,14 | walk ->35,14 | weapon Rune Crossbow | untilShot 2 | target TzKal-Zuk[zuk] | gate - | overhead none | TzKal-Zuk@22,8 TAGGED
t972 | 35,14 | 29..33|E|frz-19 | zukIn 7 | setIn 202P | zukHp 515 | chosen 35,14 | walk - | weapon Rune Crossbow | untilShot 1 | target TzKal-Zuk[zuk] | gate ok | overhead none | TzKal-Zuk@22,8 TAGGED
t973 | 35,14 | 30..34|E|frz-20 | zukIn 6 | setIn 202P | zukHp 515 | chosen 36,14 | walk ->36,14 | weapon Rune Crossbow | untilShot 5 | target -[-] | gate - | overhead none | TzKal-Zuk@22,8 TAGGED
FIRED t973 | 35,14 | Rune Crossbow | TzKal-Zuk
t974 | 36,14 | 31..35|E|frz-21 | zukIn 5 | setIn 202P | zukHp 515 | chosen 36,14 | walk - | weapon Rune Crossbow | untilShot 4 | target TzKal-Zuk[zuk] | gate - | overhead none | TzKal-Zuk@22,8 TAGGED
t975 | 36,14 | 32..36|E|frz-22 | zukIn 4 | setIn 202P | zukHp 515 | chosen 36,14 | walk - | weapon Rune Crossbow | untilShot 3 | target TzKal-Zuk[zuk] | gate - | overhead none | TzKal-Zuk@22,8 TAGGED
t976 | 36,14 | 33..37|E|frz-23 | zukIn 3 | setIn 202P | zukHp 515 | chosen 36,14 | walk - | weapon Rune Crossbow | untilShot 2 | target TzKal-Zuk[zuk] | gate - | overhead none | TzKal-Zuk@22,8 TAGGED
t977 | 36,14 | 34..38|E|frz-24 | zukIn 2 | setIn 202P | zukHp 515 | chosen 36,14 | walk - | weapon Rune Crossbow | untilShot 1 | target TzKal-Zuk[zuk] | gate - | overhead none | TzKal-Zuk@22,8 TAGGED
t978 | 36,14 | 35..39|E|frz-25 | zukIn 1 | setIn 202P | zukHp 515 | chosen 36,14 | walk - | weapon Rune Crossbow | untilShot 1 | target TzKal-Zuk[zuk] | gate - | overhead none | TzKal-Zuk@22,8 TAGGED
t979 | 36,14 | 36..40|W|frz4 | zukIn 10 | setIn 202P | zukHp 515 | chosen 30,14 | walk ->30,14 | weapon Rune Crossbow | untilShot 1 | target -[-] | gate - | overhead none | TzKal-Zuk@22,8 TAGGED
t980 | 34,14 | 36..40|W|frz3 | zukIn 9 | setIn 202P | zukHp 515 | chosen 30,14 | walk ->30,14 | weapon Rune Crossbow | untilShot 1 | target TzKal-Zuk[zuk] | gate - | overhead none | TzKal-Zuk@22,8 TAGGED
t981 | 32,14 | 36..40|W|frz2 | zukIn 8 | setIn 202P | zukHp 515 | chosen 30,14 | walk ->30,14 | weapon Rune Crossbow | untilShot 1 | target TzKal-Zuk[zuk] | gate - | overhead none | TzKal-Zuk@22,8 TAGGED
t982 | 30,14 | 36..40|W|frz1 | zukIn 7 | setIn 202P | zukHp 515 | chosen 30,14 | walk - | weapon Rune Crossbow | untilShot 1 | target TzKal-Zuk[zuk] | gate ok | overhead none | TzKal-Zuk@22,8 TAGGED
t983 | 30,14 | 36..40|W|frz0 | zukIn 6 | setIn 202P | zukHp 515 | chosen 30,14 | walk - | weapon Rune Crossbow | untilShot 5 | target TzKal-Zuk[zuk] | gate ok | overhead none | TzKal-Zuk@22,8 TAGGED
FIRED t983 | 30,14 | Rune Crossbow | TzKal-Zuk
t984 | 30,14 | 35..39|W|frz-1 | zukIn 5 | setIn 202P | zukHp 515 | chosen 30,14 | walk - | weapon Rune Crossbow | untilShot 4 | target TzKal-Zuk[zuk] | gate ok | overhead none | TzKal-Zuk@22,8 TAGGED
t985 | 30,14 | 34..38|W|frz-2 | zukIn 4 | setIn 202P | zukHp 515 | chosen 30,14 | walk - | weapon Rune Crossbow | untilShot 3 | target TzKal-Zuk[zuk] | gate ok | overhead none | TzKal-Zuk@22,8 TAGGED
t986 | 30,14 | 33..37|W|frz-3 | zukIn 3 | setIn 202P | zukHp 515 | chosen 30,14 | walk - | weapon Rune Crossbow | untilShot 2 | target TzKal-Zuk[zuk] | gate ok | overhead none | TzKal-Zuk@22,8 TAGGED
t987 | 30,14 | 32..36|W|frz-4 | zukIn 2 | setIn 202P | zukHp 515 | chosen 30,14 | walk - | weapon Rune Crossbow | untilShot 1 | target TzKal-Zuk[zuk] | gate ok | overhead none | TzKal-Zuk@22,8 TAGGED
t988 | 30,14 | 31..35|W|frz-5 | zukIn 1 | setIn 202P | zukHp 515 | chosen 30,14 | walk - | weapon Rune Crossbow | untilShot 5 | target TzKal-Zuk[zuk] | gate ok | overhead none | TzKal-Zuk@22,8 TAGGED
FIRED t988 | 30,14 | Rune Crossbow | TzKal-Zuk
t989 | 30,14 | 30..34|W|frz-6 | zukIn 10 | setIn 202P | zukHp 515 | chosen 20,14 | walk ->20,14 | weapon Rune Crossbow | untilShot 4 | target -[-] | gate - | overhead none | TzKal-Zuk@22,8 TAGGED
t990 | 28,14 | 29..33|W|frz-7 | zukIn 9 | setIn 202P | zukHp 515 | chosen 20,14 | walk ->20,14 | weapon Rune Crossbow | untilShot 3 | target TzKal-Zuk[zuk] | gate ok | overhead none | TzKal-Zuk@22,8 TAGGED
t991 | 26,14 | 28..32|W|frz-8 | zukIn 8 | setIn 202P | zukHp 515 | chosen 20,14 | walk ->20,14 | weapon Rune Crossbow | untilShot 2 | target TzKal-Zuk[zuk] | gate ok | overhead none | TzKal-Zuk@22,8 TAGGED
t992 | 24,14 | 27..31|W|frz-9 | zukIn 7 | setIn 202P | zukHp 515 | chosen 20,14 | walk ->20,14 | weapon Rune Crossbow | untilShot 1 | target TzKal-Zuk[zuk] | gate ok | overhead none | TzKal-Zuk@22,8 TAGGED
t993 | 24,14 | 26..30|W|frz-10 | zukIn 6 | setIn 202P | zukHp 515 | chosen 20,14 | walk ->20,14 | weapon Rune Crossbow | untilShot 5 | target -[-] | gate - | overhead none | TzKal-Zuk@22,8 TAGGED
FIRED t993 | 24,14 | Rune Crossbow | TzKal-Zuk
t994 | 22,14 | 25..29|W|frz-11 | zukIn 5 | setIn 202P | zukHp 515 | chosen 20,14 | walk ->20,14 | weapon Rune Crossbow | untilShot 4 | target TzKal-Zuk[zuk] | gate ok | overhead none | TzKal-Zuk@22,8 TAGGED
t995 | 20,14 | 24..28|W|frz-12 | zukIn 4 | setIn 202P | zukHp 515 | chosen 20,14 | walk - | weapon Rune Crossbow | untilShot 3 | target TzKal-Zuk[zuk] | gate ok | overhead none | TzKal-Zuk@22,8 TAGGED
t996 | 20,14 | 23..27|W|frz-13 | zukIn 3 | setIn 202P | zukHp 515 | chosen 20,14 | walk - | weapon Rune Crossbow | untilShot 2 | target TzKal-Zuk[zuk] | gate ok | overhead none | TzKal-Zuk@22,8 TAGGED
t997 | 20,14 | 22..26|W|frz-14 | zukIn 2 | setIn 202P | zukHp 515 | chosen 20,14 | walk - | weapon Rune Crossbow | untilShot 1 | target TzKal-Zuk[zuk] | gate ok | overhead none | TzKal-Zuk@22,8 TAGGED
t998 | 20,14 | 21..25|W|frz-15 | zukIn 1 | setIn 202P | zukHp 515 | chosen 20,14 | walk - | weapon Rune Crossbow | untilShot 5 | target TzKal-Zuk[zuk] | gate ok | overhead none | TzKal-Zuk@22,8 TAGGED
FIRED t998 | 20,14 | Rune Crossbow | TzKal-Zuk
t999 | 20,14 | 20..24|W|frz-16 | zukIn 10 | setIn 202P | zukHp 515 | chosen 15,14 | walk ->15,14 | weapon Rune Crossbow | untilShot 4 | target -[-] | gate - | overhead none | TzKal-Zuk@22,8 TAGGED
t1000 | 18,14 | 19..23|W|frz-17 | zukIn 9 | setIn 202P | zukHp 515 | chosen 15,14 | walk ->15,14 | weapon Rune Crossbow | untilShot 3 | target TzKal-Zuk[zuk] | gate - | overhead none | TzKal-Zuk@22,8 TAGGED
t1001 | 16,14 | 18..22|W|frz-18 | zukIn 8 | setIn 202P | zukHp 515 | chosen 15,14 | walk ->15,14 | weapon Rune Crossbow | untilShot 2 | target TzKal-Zuk[zuk] | gate - | overhead none | TzKal-Zuk@22,8 TAGGED
t1002 | 15,14 | 17..21|W|frz-19 | zukIn 7 | setIn 202P | zukHp 515 | chosen 15,14 | walk - | weapon Rune Crossbow | untilShot 1 | target TzKal-Zuk[zuk] | gate ok | overhead none | TzKal-Zuk@22,8 TAGGED
t1003 | 15,14 | 16..20|W|frz-20 | zukIn 6 | setIn 202P | zukHp 515 | chosen 14,14 | walk ->14,14 | weapon Rune Crossbow | untilShot 5 | target -[-] | gate - | overhead none | TzKal-Zuk@22,8 TAGGED
FIRED t1003 | 15,14 | Rune Crossbow | TzKal-Zuk
t1004 | 14,14 | 15..19|W|frz-21 | zukIn 5 | setIn 202P | zukHp 515 | chosen 14,14 | walk - | weapon Rune Crossbow | untilShot 4 | target TzKal-Zuk[zuk] | gate - | overhead none | TzKal-Zuk@22,8 TAGGED
t1005 | 14,14 | 14..18|W|frz-22 | zukIn 4 | setIn 202P | zukHp 515 | chosen 14,14 | walk - | weapon Rune Crossbow | untilShot 3 | target TzKal-Zuk[zuk] | gate - | overhead none | TzKal-Zuk@22,8 TAGGED
t1006 | 14,14 | 13..17|W|frz-23 | zukIn 3 | setIn 202P | zukHp 513 | chosen 14,14 | walk - | weapon Rune Crossbow | untilShot 2 | target TzKal-Zuk[zuk] | gate - | overhead none | TzKal-Zuk@22,8 TAGGED
t1007 | 14,14 | 12..16|W|frz-24 | zukIn 2 | setIn 202P | zukHp 513 | chosen 14,14 | walk - | weapon Rune Crossbow | untilShot 1 | target TzKal-Zuk[zuk] | gate - | overhead none | TzKal-Zuk@22,8 TAGGED
t1008 | 14,14 | 11..15|W|frz-25 | zukIn 1 | setIn 202P | zukHp 513 | chosen 14,14 | walk - | weapon Rune Crossbow | untilShot 1 | target TzKal-Zuk[zuk] | gate - | overhead none | TzKal-Zuk@22,8 TAGGED
t1009 | 14,14 | 10..14|E|frz4 | zukIn 10 | setIn 202P | zukHp 513 | chosen 20,14 | walk ->20,14 | weapon Rune Crossbow | untilShot 1 | target -[-] | gate - | overhead none | TzKal-Zuk@22,8 TAGGED
t1010 | 16,14 | 10..14|E|frz3 | zukIn 9 | setIn 202P | zukHp 513 | chosen 20,14 | walk ->20,14 | weapon Rune Crossbow | untilShot 1 | target TzKal-Zuk[zuk] | gate - | overhead none | TzKal-Zuk@22,8 TAGGED
t1011 | 18,14 | 10..14|E|frz2 | zukIn 8 | setIn 202P | zukHp 513 | chosen 20,14 | walk ->20,14 | weapon Rune Crossbow | untilShot 1 | target TzKal-Zuk[zuk] | gate - | overhead none | TzKal-Zuk@22,8 TAGGED
t1012 | 20,14 | 10..14|E|frz1 | zukIn 7 | setIn 202P | zukHp 513 | chosen 20,14 | walk - | weapon Rune Crossbow | untilShot 1 | target TzKal-Zuk[zuk] | gate ok | overhead none | TzKal-Zuk@22,8 TAGGED
t1013 | 20,14 | 10..14|E|frz0 | zukIn 6 | setIn 202P | zukHp 513 | chosen 20,14 | walk - | weapon Rune Crossbow | untilShot 5 | target TzKal-Zuk[zuk] | gate ok | overhead none | TzKal-Zuk@22,8 TAGGED
FIRED t1013 | 20,14 | Rune Crossbow | TzKal-Zuk
t1014 | 20,14 | 11..15|E|frz-1 | zukIn 5 | setIn 202P | zukHp 513 | chosen 20,14 | walk - | weapon Rune Crossbow | untilShot 4 | target TzKal-Zuk[zuk] | gate ok | overhead none | TzKal-Zuk@22,8 TAGGED
t1015 | 20,14 | 12..16|E|frz-2 | zukIn 4 | setIn 202P | zukHp 513 | chosen 20,14 | walk - | weapon Rune Crossbow | untilShot 3 | target TzKal-Zuk[zuk] | gate ok | overhead none | TzKal-Zuk@22,8 TAGGED
t1016 | 20,14 | 13..17|E|frz-3 | zukIn 3 | setIn 202P | zukHp 512 | chosen 20,14 | walk - | weapon Rune Crossbow | untilShot 2 | target TzKal-Zuk[zuk] | gate ok | overhead none | TzKal-Zuk@22,8 TAGGED
t1017 | 20,14 | 14..18|E|frz-4 | zukIn 2 | setIn 202P | zukHp 512 | chosen 20,14 | walk - | weapon Rune Crossbow | untilShot 1 | target TzKal-Zuk[zuk] | gate ok | overhead none | TzKal-Zuk@22,8 TAGGED
t1018 | 20,14 | 15..19|E|frz-5 | zukIn 1 | setIn 202P | zukHp 512 | chosen 20,14 | walk - | weapon Rune Crossbow | untilShot 5 | target TzKal-Zuk[zuk] | gate ok | overhead none | TzKal-Zuk@22,8 TAGGED
FIRED t1018 | 20,14 | Rune Crossbow | TzKal-Zuk
t1019 | 20,14 | 16..20|E|frz-6 | zukIn 10 | setIn 202P | zukHp 512 | chosen 30,14 | walk ->30,14 | weapon Rune Crossbow | untilShot 4 | target -[-] | gate - | overhead none | TzKal-Zuk@22,8 TAGGED
t1020 | 22,14 | 17..21|E|frz-7 | zukIn 9 | setIn 202P | zukHp 512 | chosen 30,14 | walk ->30,14 | weapon Rune Crossbow | untilShot 3 | target TzKal-Zuk[zuk] | gate ok | overhead none | TzKal-Zuk@22,8 TAGGED
t1021 | 24,14 | 18..22|E|frz-8 | zukIn 8 | setIn 202P | zukHp 512 | chosen 30,14 | walk ->30,14 | weapon Rune Crossbow | untilShot 2 | target TzKal-Zuk[zuk] | gate ok | overhead none | TzKal-Zuk@22,8 TAGGED
t1022 | 26,14 | 19..23|E|frz-9 | zukIn 7 | setIn 202P | zukHp 512 | chosen 30,14 | walk ->30,14 | weapon Rune Crossbow | untilShot 1 | target TzKal-Zuk[zuk] | gate ok | overhead none | TzKal-Zuk@22,8 TAGGED
t1023 | 26,14 | 20..24|E|frz-10 | zukIn 6 | setIn 202P | zukHp 512 | chosen 30,14 | walk ->30,14 | weapon Rune Crossbow | untilShot 5 | target -[-] | gate - | overhead none | TzKal-Zuk@22,8 TAGGED
FIRED t1023 | 26,14 | Rune Crossbow | TzKal-Zuk
t1024 | 28,14 | 21..25|E|frz-11 | zukIn 5 | setIn 202P | zukHp 512 | chosen 30,14 | walk ->30,14 | weapon Rune Crossbow | untilShot 4 | target TzKal-Zuk[zuk] | gate ok | overhead none | TzKal-Zuk@22,8 TAGGED
t1025 | 30,14 | 22..26|E|frz-12 | zukIn 4 | setIn 202P | zukHp 512 | chosen 30,14 | walk - | weapon Rune Crossbow | untilShot 3 | target TzKal-Zuk[zuk] | gate ok | overhead none | TzKal-Zuk@22,8 TAGGED
t1026 | 30,14 | 23..27|E|frz-13 | zukIn 3 | setIn 202P | zukHp 493 | chosen 30,14 | walk - | weapon Rune Crossbow | untilShot 2 | target TzKal-Zuk[zuk] | gate ok | overhead none | TzKal-Zuk@22,8 TAGGED
t1027 | 30,14 | 24..28|E|frz-14 | zukIn 2 | setIn 202P | zukHp 493 | chosen 30,14 | walk - | weapon Rune Crossbow | untilShot 1 | target TzKal-Zuk[zuk] | gate ok | overhead none | TzKal-Zuk@22,8 TAGGED
t1028 | 30,14 | 25..29|E|frz-15 | zukIn 1 | setIn 202P | zukHp 493 | chosen 30,14 | walk - | weapon Rune Crossbow | untilShot 5 | target TzKal-Zuk[zuk] | gate ok | overhead none | TzKal-Zuk@22,8 TAGGED
FIRED t1028 | 30,14 | Rune Crossbow | TzKal-Zuk
t1029 | 30,14 | 26..30|E|frz-16 | zukIn 10 | setIn 202P | zukHp 493 | chosen 35,14 | walk ->35,14 | weapon Rune Crossbow | untilShot 4 | target -[-] | gate - | overhead none | TzKal-Zuk@22,8 TAGGED
t1030 | 32,14 | 27..31|E|frz-17 | zukIn 9 | setIn 202P | zukHp 493 | chosen 35,14 | walk ->35,14 | weapon Rune Crossbow | untilShot 3 | target TzKal-Zuk[zuk] | gate - | overhead none | TzKal-Zuk@22,8 TAGGED
t1031 | 34,14 | 28..32|E|frz-18 | zukIn 8 | setIn 202P | zukHp 493 | chosen 35,14 | walk ->35,14 | weapon Rune Crossbow | untilShot 2 | target TzKal-Zuk[zuk] | gate - | overhead none | TzKal-Zuk@22,8 TAGGED
t1032 | 35,14 | 29..33|E|frz-19 | zukIn 7 | setIn 202P | zukHp 493 | chosen 35,14 | walk - | weapon Rune Crossbow | untilShot 1 | target TzKal-Zuk[zuk] | gate ok | overhead none | TzKal-Zuk@22,8 TAGGED
t1033 | 35,14 | 30..34|E|frz-20 | zukIn 6 | setIn 202P | zukHp 493 | chosen 36,14 | walk ->36,14 | weapon Rune Crossbow | untilShot 5 | target -[-] | gate - | overhead none | TzKal-Zuk@22,8 TAGGED
FIRED t1033 | 35,14 | Rune Crossbow | TzKal-Zuk
t1034 | 36,14 | 31..35|E|frz-21 | zukIn 5 | setIn 202P | zukHp 493 | chosen 36,14 | walk - | weapon Rune Crossbow | untilShot 4 | target TzKal-Zuk[zuk] | gate - | overhead none | TzKal-Zuk@22,8 TAGGED
t1035 | 36,14 | 32..36|E|frz-22 | zukIn 4 | setIn 202P | zukHp 493 | chosen 36,14 | walk - | weapon Rune Crossbow | untilShot 3 | target TzKal-Zuk[zuk] | gate - | overhead none | TzKal-Zuk@22,8 TAGGED
t1036 | 36,14 | 33..37|E|frz-23 | zukIn 3 | setIn 202P | zukHp 493 | chosen 36,14 | walk - | weapon Rune Crossbow | untilShot 2 | target TzKal-Zuk[zuk] | gate - | overhead none | TzKal-Zuk@22,8 TAGGED
t1037 | 36,14 | 34..38|E|frz-24 | zukIn 2 | setIn 202P | zukHp 493 | chosen 36,14 | walk - | weapon Rune Crossbow | untilShot 1 | target TzKal-Zuk[zuk] | gate - | overhead none | TzKal-Zuk@22,8 TAGGED
t1038 | 36,14 | 35..39|E|frz-25 | zukIn 1 | setIn 202P | zukHp 493 | chosen 36,14 | walk - | weapon Rune Crossbow | untilShot 1 | target TzKal-Zuk[zuk] | gate - | overhead none | TzKal-Zuk@22,8 TAGGED
t1039 | 36,14 | 36..40|W|frz4 | zukIn 10 | setIn 202P | zukHp 493 | chosen 30,14 | walk ->30,14 | weapon Rune Crossbow | untilShot 1 | target -[-] | gate - | overhead none | TzKal-Zuk@22,8 TAGGED
t1040 | 34,14 | 36..40|W|frz3 | zukIn 9 | setIn 202P | zukHp 493 | chosen 30,14 | walk ->30,14 | weapon Rune Crossbow | untilShot 1 | target TzKal-Zuk[zuk] | gate - | overhead none | TzKal-Zuk@22,8 TAGGED
t1041 | 32,14 | 36..40|W|frz2 | zukIn 8 | setIn 202P | zukHp 493 | chosen 30,14 | walk ->30,14 | weapon Rune Crossbow | untilShot 1 | target TzKal-Zuk[zuk] | gate - | overhead none | TzKal-Zuk@22,8 TAGGED
t1042 | 30,14 | 36..40|W|frz1 | zukIn 7 | setIn 202P | zukHp 493 | chosen 30,14 | walk - | weapon Rune Crossbow | untilShot 1 | target TzKal-Zuk[zuk] | gate ok | overhead none | TzKal-Zuk@22,8 TAGGED
t1043 | 30,14 | 36..40|W|frz0 | zukIn 6 | setIn 202P | zukHp 493 | chosen 30,14 | walk - | weapon Rune Crossbow | untilShot 5 | target TzKal-Zuk[zuk] | gate ok | overhead none | TzKal-Zuk@22,8 TAGGED
FIRED t1043 | 30,14 | Rune Crossbow | TzKal-Zuk
t1044 | 30,14 | 35..39|W|frz-1 | zukIn 5 | setIn 202P | zukHp 493 | chosen 30,14 | walk - | weapon Rune Crossbow | untilShot 4 | target TzKal-Zuk[zuk] | gate ok | overhead none | TzKal-Zuk@22,8 TAGGED
t1045 | 30,14 | 34..38|W|frz-2 | zukIn 4 | setIn 202P | zukHp 493 | chosen 30,14 | walk - | weapon Rune Crossbow | untilShot 3 | target TzKal-Zuk[zuk] | gate ok | overhead none | TzKal-Zuk@22,8 TAGGED
t1046 | 30,14 | 33..37|W|frz-3 | zukIn 3 | setIn 202P | zukHp 493 | chosen 30,14 | walk - | weapon Rune Crossbow | untilShot 2 | target TzKal-Zuk[zuk] | gate ok | overhead none | TzKal-Zuk@22,8 TAGGED
t1047 | 30,14 | 32..36|W|frz-4 | zukIn 2 | setIn 202P | zukHp 493 | chosen 30,14 | walk - | weapon Rune Crossbow | untilShot 1 | target TzKal-Zuk[zuk] | gate ok | overhead none | TzKal-Zuk@22,8 TAGGED
t1048 | 30,14 | 31..35|W|frz-5 | zukIn 1 | setIn 202P | zukHp 493 | chosen 30,14 | walk - | weapon Rune Crossbow | untilShot 5 | target TzKal-Zuk[zuk] | gate ok | overhead none | TzKal-Zuk@22,8 TAGGED
FIRED t1048 | 30,14 | Rune Crossbow | TzKal-Zuk
t1049 | 30,14 | 30..34|W|frz-6 | zukIn 10 | setIn 202P | zukHp 493 | chosen 20,14 | walk ->20,14 | weapon Rune Crossbow | untilShot 4 | target -[-] | gate - | overhead none | TzKal-Zuk@22,8 TAGGED
t1050 | 28,14 | 29..33|W|frz-7 | zukIn 9 | setIn 202P | zukHp 493 | chosen 20,14 | walk ->20,14 | weapon Rune Crossbow | untilShot 3 | target TzKal-Zuk[zuk] | gate ok | overhead none | TzKal-Zuk@22,8 TAGGED
t1051 | 26,14 | 28..32|W|frz-8 | zukIn 8 | setIn 202P | zukHp 493 | chosen 20,14 | walk ->20,14 | weapon Rune Crossbow | untilShot 2 | target TzKal-Zuk[zuk] | gate ok | overhead none | TzKal-Zuk@22,8 TAGGED
t1052 | 24,14 | 27..31|W|frz-9 | zukIn 7 | setIn 202P | zukHp 493 | chosen 20,14 | walk ->20,14 | weapon Rune Crossbow | untilShot 1 | target TzKal-Zuk[zuk] | gate ok | overhead none | TzKal-Zuk@22,8 TAGGED
t1053 | 24,14 | 26..30|W|frz-10 | zukIn 6 | setIn 202P | zukHp 493 | chosen 20,14 | walk ->20,14 | weapon Rune Crossbow | untilShot 5 | target -[-] | gate - | overhead none | TzKal-Zuk@22,8 TAGGED
FIRED t1053 | 24,14 | Rune Crossbow | TzKal-Zuk
t1054 | 22,14 | 25..29|W|frz-11 | zukIn 5 | setIn 202P | zukHp 493 | chosen 20,14 | walk ->20,14 | weapon Rune Crossbow | untilShot 4 | target TzKal-Zuk[zuk] | gate ok | overhead none | TzKal-Zuk@22,8 TAGGED
t1055 | 20,14 | 24..28|W|frz-12 | zukIn 4 | setIn 202P | zukHp 493 | chosen 20,14 | walk - | weapon Rune Crossbow | untilShot 3 | target TzKal-Zuk[zuk] | gate ok | overhead none | TzKal-Zuk@22,8 TAGGED
t1056 | 20,14 | 23..27|W|frz-13 | zukIn 3 | setIn 202P | zukHp 493 | chosen 20,14 | walk - | weapon Rune Crossbow | untilShot 2 | target TzKal-Zuk[zuk] | gate ok | overhead none | TzKal-Zuk@22,8 TAGGED
t1057 | 20,14 | 22..26|W|frz-14 | zukIn 2 | setIn 202P | zukHp 493 | chosen 20,14 | walk - | weapon Rune Crossbow | untilShot 1 | target TzKal-Zuk[zuk] | gate ok | overhead none | TzKal-Zuk@22,8 TAGGED
t1058 | 20,14 | 21..25|W|frz-15 | zukIn 1 | setIn 202P | zukHp 493 | chosen 20,14 | walk - | weapon Rune Crossbow | untilShot 5 | target TzKal-Zuk[zuk] | gate ok | overhead none | TzKal-Zuk@22,8 TAGGED
FIRED t1058 | 20,14 | Rune Crossbow | TzKal-Zuk
t1059 | 20,14 | 20..24|W|frz-16 | zukIn 10 | setIn 202P | zukHp 493 | chosen 15,14 | walk ->15,14 | weapon Rune Crossbow | untilShot 4 | target -[-] | gate - | overhead none | TzKal-Zuk@22,8 TAGGED
t1060 | 18,14 | 19..23|W|frz-17 | zukIn 9 | setIn 202P | zukHp 493 | chosen 15,14 | walk ->15,14 | weapon Rune Crossbow | untilShot 3 | target TzKal-Zuk[zuk] | gate - | overhead none | TzKal-Zuk@22,8 TAGGED
t1061 | 16,14 | 18..22|W|frz-18 | zukIn 8 | setIn 202P | zukHp 493 | chosen 15,14 | walk ->15,14 | weapon Rune Crossbow | untilShot 2 | target TzKal-Zuk[zuk] | gate - | overhead none | TzKal-Zuk@22,8 TAGGED
t1062 | 15,14 | 17..21|W|frz-19 | zukIn 7 | setIn 202P | zukHp 493 | chosen 15,14 | walk - | weapon Rune Crossbow | untilShot 1 | target TzKal-Zuk[zuk] | gate ok | overhead none | TzKal-Zuk@22,8 TAGGED
t1063 | 15,14 | 16..20|W|frz-20 | zukIn 6 | setIn 202P | zukHp 493 | chosen 14,14 | walk ->14,14 | weapon Rune Crossbow | untilShot 5 | target -[-] | gate - | overhead none | TzKal-Zuk@22,8 TAGGED
FIRED t1063 | 15,14 | Rune Crossbow | TzKal-Zuk
t1064 | 14,14 | 15..19|W|frz-21 | zukIn 5 | setIn 202P | zukHp 493 | chosen 14,14 | walk - | weapon Rune Crossbow | untilShot 4 | target TzKal-Zuk[zuk] | gate - | overhead none | TzKal-Zuk@22,8 TAGGED
t1065 | 14,14 | 14..18|W|frz-22 | zukIn 4 | setIn 202P | zukHp 493 | chosen 14,14 | walk - | weapon Rune Crossbow | untilShot 3 | target TzKal-Zuk[zuk] | gate - | overhead none | TzKal-Zuk@22,8 TAGGED
t1066 | 14,14 | 13..17|W|frz-23 | zukIn 3 | setIn 377 | zukHp 473 | chosen 14,14 | walk - | weapon Rune Crossbow | untilShot 2 | target TzKal-Zuk[zuk] | gate - | overhead none | TzKal-Zuk@22,8 TAGGED; JalTok-Jad@24,25 onShield
t1067 | 14,14 | 12..16|W|frz-24 | zukIn 2 | setIn 376 | zukHp 473 | chosen 14,14 | walk - | weapon Rune Crossbow | untilShot 1 | target TzKal-Zuk[zuk] | gate - | overhead none | JalTok-Jad@24,25 onShield; TzKal-Zuk@22,8 TAGGED
t1068 | 14,14 | 11..15|W|frz-25 | zukIn 1 | setIn 375 | zukHp 473 | chosen 14,14 | walk - | weapon Rune Crossbow | untilShot 1 | target TzKal-Zuk[zuk] | gate - | overhead none | JalTok-Jad@24,25 onShield; TzKal-Zuk@22,8 TAGGED
t1069 | 14,14 | 10..14|E|frz4 | zukIn 10 | setIn 374 | zukHp 473 | chosen 20,14 | walk ->20,14 | weapon Rune Crossbow | untilShot 1 | target -[-] | gate - | overhead none | JalTok-Jad@24,25 onShield; TzKal-Zuk@22,8 TAGGED
t1070 | 16,14 | 10..14|E|frz3 | zukIn 9 | setIn 373 | zukHp 473 | chosen 20,14 | walk ->20,14 | weapon Rune Crossbow | untilShot 1 | target TzKal-Zuk[zuk] | gate - | overhead none | JalTok-Jad@24,25 onShield; TzKal-Zuk@22,8 TAGGED
t1071 | 18,14 | 10..14|E|frz2 | zukIn 8 | setIn 372 | zukHp 473 | chosen 20,14 | walk ->20,14 | weapon Rune Crossbow | untilShot 1 | target JalTok-Jad[untagged-tag] | gate ok | overhead none | JalTok-Jad@24,25 onShield; TzKal-Zuk@22,8 TAGGED
t1072 | 18,14 | 10..14|E|frz1 | zukIn 7 | setIn 371 | zukHp 473 | chosen 20,14 | walk ->20,14 | weapon Rune Crossbow | untilShot 5 | target -[-] | gate - | overhead none | JalTok-Jad@24,25 onShield; TzKal-Zuk@22,8 TAGGED
FIRED t1072 | 18,14 | Rune Crossbow | JalTok-Jad
t1073 | 20,14 | 10..14|E|frz0 | zukIn 6 | setIn 370 | zukHp 473 | chosen 20,14 | walk - | weapon Rune Crossbow | untilShot 4 | target JalTok-Jad[untagged-tag] | gate ok | overhead none | JalTok-Jad@24,25 onShield; TzKal-Zuk@22,8 TAGGED
t1074 | 20,14 | 11..15|E|frz-1 | zukIn 5 | setIn 369 | zukHp 473 | chosen 20,14 | walk - | weapon Rune Crossbow | untilShot 3 | target JalTok-Jad[untagged-tag] | gate ok | overhead none | JalTok-Jad@24,25 onShield; TzKal-Zuk@22,8 TAGGED
t1075 | 20,14 | 12..16|E|frz-2 | zukIn 4 | setIn 368 | zukHp 473 | chosen 20,14 | walk - | weapon Rune Crossbow | untilShot 2 | target TzKal-Zuk[zuk] | gate ok | overhead none | JalTok-Jad@24,25 TAGGED; TzKal-Zuk@22,8 TAGGED
t1076 | 20,14 | 13..17|E|frz-3 | zukIn 3 | setIn 367 | zukHp 473 | chosen 20,14 | walk - | weapon Rune Crossbow | untilShot 1 | target TzKal-Zuk[zuk] | gate ok | overhead Protect from Range | JalTok-Jad@24,25 TAGGED; TzKal-Zuk@22,8 TAGGED
t1077 | 20,14 | 14..18|E|frz-4 | zukIn 2 | setIn 366 | zukHp 473 | chosen 20,14 | walk - | weapon Rune Crossbow | untilShot 5 | target TzKal-Zuk[zuk] | gate ok | overhead none | JalTok-Jad@24,25 TAGGED; TzKal-Zuk@22,8 TAGGED
FIRED t1077 | 20,14 | Rune Crossbow | TzKal-Zuk
t1078 | 20,14 | 15..19|E|frz-5 | zukIn 1 | setIn 365 | zukHp 473 | chosen 20,14 | walk - | weapon Rune Crossbow | untilShot 4 | target TzKal-Zuk[zuk] | gate ok | overhead none | JalTok-Jad@24,25 TAGGED; TzKal-Zuk@22,8 TAGGED
t1079 | 20,14 | 16..20|E|frz-6 | zukIn 10 | setIn 364 | zukHp 473 | chosen 30,14 | walk ->30,14 | weapon Rune Crossbow | untilShot 3 | target -[-] | gate - | overhead none | JalTok-Jad@24,25 TAGGED; TzKal-Zuk@22,8 TAGGED
t1080 | 22,14 | 17..21|E|frz-7 | zukIn 9 | setIn 363 | zukHp 459 | chosen 30,14 | walk ->30,14 | weapon Rune Crossbow | untilShot 2 | target TzKal-Zuk[zuk] | gate ok | overhead none | JalTok-Jad@24,25 TAGGED; TzKal-Zuk@22,8 TAGGED
t1081 | 24,14 | 18..22|E|frz-8 | zukIn 8 | setIn 362 | zukHp 459 | chosen 30,14 | walk ->30,14 | weapon Rune Crossbow | untilShot 1 | target TzKal-Zuk[zuk] | gate ok | overhead none | JalTok-Jad@24,25 TAGGED; TzKal-Zuk@22,8 TAGGED
t1082 | 24,14 | 19..23|E|frz-9 | zukIn 7 | setIn 361 | zukHp 459 | chosen 30,14 | walk ->30,14 | weapon Rune Crossbow | untilShot 5 | target -[-] | gate - | overhead none | JalTok-Jad@24,25 TAGGED; TzKal-Zuk@22,8 TAGGED
FIRED t1082 | 24,14 | Rune Crossbow | TzKal-Zuk
t1083 | 26,14 | 20..24|E|frz-10 | zukIn 6 | setIn 360 | zukHp 459 | chosen 30,14 | walk ->30,14 | weapon Rune Crossbow | untilShot 4 | target TzKal-Zuk[zuk] | gate ok | overhead none | JalTok-Jad@24,25 TAGGED; TzKal-Zuk@22,8 TAGGED
t1084 | 28,14 | 21..25|E|frz-11 | zukIn 5 | setIn 359 | zukHp 459 | chosen 30,14 | walk ->30,14 | weapon Rune Crossbow | untilShot 3 | target TzKal-Zuk[zuk] | gate ok | overhead Protect from Magic | JalTok-Jad@24,25 TAGGED; TzKal-Zuk@22,8 TAGGED
t1085 | 30,14 | 22..26|E|frz-12 | zukIn 4 | setIn 358 | zukHp 459 | chosen 30,14 | walk - | weapon Rune Crossbow | untilShot 2 | target TzKal-Zuk[zuk] | gate ok | overhead none | JalTok-Jad@24,25 TAGGED; TzKal-Zuk@22,8 TAGGED
t1086 | 30,14 | 23..27|E|frz-13 | zukIn 3 | setIn 357 | zukHp 459 | chosen 30,14 | walk - | weapon Rune Crossbow | untilShot 1 | target TzKal-Zuk[zuk] | gate ok | overhead none | JalTok-Jad@24,25 TAGGED; TzKal-Zuk@22,8 TAGGED
t1087 | 30,14 | 24..28|E|frz-14 | zukIn 2 | setIn 356 | zukHp 459 | chosen 30,14 | walk - | weapon Rune Crossbow | untilShot 5 | target TzKal-Zuk[zuk] | gate ok | overhead none | JalTok-Jad@24,25 TAGGED; TzKal-Zuk@22,8 TAGGED
FIRED t1087 | 30,14 | Rune Crossbow | TzKal-Zuk
t1088 | 30,14 | 25..29|E|frz-15 | zukIn 1 | setIn 355 | zukHp 459 | chosen 30,14 | walk - | weapon Rune Crossbow | untilShot 4 | target TzKal-Zuk[zuk] | gate ok | overhead none | JalTok-Jad@24,25 TAGGED; TzKal-Zuk@22,8 TAGGED
t1089 | 30,14 | 26..30|E|frz-16 | zukIn 10 | setIn 354 | zukHp 459 | chosen 35,14 | walk ->35,14 | weapon Rune Crossbow | untilShot 3 | target -[-] | gate - | overhead none | JalTok-Jad@24,25 TAGGED; TzKal-Zuk@22,8 TAGGED
t1090 | 32,14 | 27..31|E|frz-17 | zukIn 9 | setIn 353 | zukHp 459 | chosen 35,14 | walk ->35,14 | weapon Rune Crossbow | untilShot 2 | target TzKal-Zuk[zuk] | gate - | overhead none | JalTok-Jad@24,25 TAGGED; TzKal-Zuk@22,8 TAGGED
t1091 | 34,14 | 28..32|E|frz-18 | zukIn 8 | setIn 352 | zukHp 459 | chosen 35,14 | walk ->35,14 | weapon Rune Crossbow | untilShot 1 | target TzKal-Zuk[zuk] | gate - | overhead none | JalTok-Jad@24,25 TAGGED; TzKal-Zuk@22,8 TAGGED
t1092 | 35,14 | 29..33|E|frz-19 | zukIn 7 | setIn 351 | zukHp 459 | chosen 35,14 | walk - | weapon Rune Crossbow | untilShot 1 | target TzKal-Zuk[zuk] | gate ok | overhead Protect from Range | JalTok-Jad@24,25 TAGGED; TzKal-Zuk@22,8 TAGGED
t1093 | 35,14 | 30..34|E|frz-20 | zukIn 6 | setIn 350 | zukHp 459 | chosen 36,14 | walk ->36,14 | weapon Rune Crossbow | untilShot 5 | target -[-] | gate - | overhead none | JalTok-Jad@24,25 TAGGED; TzKal-Zuk@22,8 TAGGED
FIRED t1093 | 35,14 | Rune Crossbow | TzKal-Zuk
t1094 | 36,14 | 31..35|E|frz-21 | zukIn 5 | setIn 349 | zukHp 459 | chosen 36,14 | walk - | weapon Rune Crossbow | untilShot 4 | target TzKal-Zuk[zuk] | gate - | overhead none | JalTok-Jad@24,25 TAGGED; TzKal-Zuk@22,8 TAGGED
t1095 | 36,14 | 32..36|E|frz-22 | zukIn 4 | setIn 348 | zukHp 459 | chosen 36,14 | walk - | weapon Rune Crossbow | untilShot 3 | target TzKal-Zuk[zuk] | gate - | overhead none | JalTok-Jad@24,25 TAGGED; TzKal-Zuk@22,8 TAGGED
t1096 | 36,14 | 33..37|E|frz-23 | zukIn 3 | setIn 347 | zukHp 459 | chosen 36,14 | walk - | weapon Rune Crossbow | untilShot 2 | target TzKal-Zuk[zuk] | gate - | overhead none | JalTok-Jad@24,25 TAGGED; TzKal-Zuk@22,8 TAGGED
t1097 | 36,14 | 34..38|E|frz-24 | zukIn 2 | setIn 346 | zukHp 459 | chosen 36,14 | walk - | weapon Rune Crossbow | untilShot 1 | target TzKal-Zuk[zuk] | gate - | overhead none | JalTok-Jad@24,25 TAGGED; TzKal-Zuk@22,8 TAGGED
t1098 | 36,14 | 35..39|E|frz-25 | zukIn 1 | setIn 345 | zukHp 459 | chosen 36,14 | walk - | weapon Rune Crossbow | untilShot 1 | target TzKal-Zuk[zuk] | gate - | overhead none | JalTok-Jad@24,25 TAGGED; TzKal-Zuk@22,8 TAGGED
t1099 | 36,14 | 36..40|W|frz4 | zukIn 10 | setIn 344 | zukHp 459 | chosen 30,14 | walk ->30,14 | weapon Rune Crossbow | untilShot 1 | target -[-] | gate - | overhead none | JalTok-Jad@24,25 TAGGED; TzKal-Zuk@22,8 TAGGED
t1100 | 34,14 | 36..40|W|frz3 | zukIn 9 | setIn 343 | zukHp 459 | chosen 30,14 | walk ->30,14 | weapon Rune Crossbow | untilShot 1 | target TzKal-Zuk[zuk] | gate - | overhead Protect from Magic | JalTok-Jad@24,25 TAGGED; TzKal-Zuk@22,8 TAGGED
t1101 | 32,14 | 36..40|W|frz2 | zukIn 8 | setIn 342 | zukHp 459 | chosen 30,14 | walk ->30,14 | weapon Rune Crossbow | untilShot 1 | target TzKal-Zuk[zuk] | gate - | overhead none | JalTok-Jad@24,25 TAGGED; TzKal-Zuk@22,8 TAGGED
t1102 | 30,14 | 36..40|W|frz1 | zukIn 7 | setIn 341 | zukHp 459 | chosen 30,14 | walk - | weapon Rune Crossbow | untilShot 1 | target TzKal-Zuk[zuk] | gate ok | overhead none | JalTok-Jad@24,25 TAGGED; TzKal-Zuk@22,8 TAGGED
t1103 | 30,14 | 36..40|W|frz0 | zukIn 6 | setIn 340 | zukHp 459 | chosen 30,14 | walk - | weapon Rune Crossbow | untilShot 5 | target TzKal-Zuk[zuk] | gate ok | overhead none | JalTok-Jad@24,25 TAGGED; TzKal-Zuk@22,8 TAGGED
FIRED t1103 | 30,14 | Rune Crossbow | TzKal-Zuk
t1104 | 30,14 | 35..39|W|frz-1 | zukIn 5 | setIn 339 | zukHp 459 | chosen 30,14 | walk - | weapon Rune Crossbow | untilShot 4 | target TzKal-Zuk[zuk] | gate ok | overhead none | JalTok-Jad@24,25 TAGGED; TzKal-Zuk@22,8 TAGGED
t1105 | 30,14 | 34..38|W|frz-2 | zukIn 4 | setIn 338 | zukHp 459 | chosen 30,14 | walk - | weapon Rune Crossbow | untilShot 3 | target TzKal-Zuk[zuk] | gate ok | overhead none | JalTok-Jad@24,25 TAGGED; TzKal-Zuk@22,8 TAGGED
t1106 | 30,14 | 33..37|W|frz-3 | zukIn 3 | setIn 337 | zukHp 442 | chosen 30,14 | walk - | weapon Rune Crossbow | untilShot 2 | target TzKal-Zuk[zuk] | gate ok | overhead none | JalTok-Jad@24,25 TAGGED; TzKal-Zuk@22,8 TAGGED
t1107 | 30,14 | 32..36|W|frz-4 | zukIn 2 | setIn 336 | zukHp 442 | chosen 30,14 | walk - | weapon Rune Crossbow | untilShot 1 | target TzKal-Zuk[zuk] | gate ok | overhead none | JalTok-Jad@24,25 TAGGED; TzKal-Zuk@22,8 TAGGED
t1108 | 30,14 | 31..35|W|frz-5 | zukIn 1 | setIn 335 | zukHp 442 | chosen 30,14 | walk - | weapon Rune Crossbow | untilShot 5 | target TzKal-Zuk[zuk] | gate ok | overhead Protect from Range | JalTok-Jad@24,25 TAGGED; TzKal-Zuk@22,8 TAGGED
FIRED t1108 | 30,14 | Rune Crossbow | TzKal-Zuk
t1109 | 30,14 | 30..34|W|frz-6 | zukIn 10 | setIn 334 | zukHp 442 | chosen 20,14 | walk ->20,14 | weapon Rune Crossbow | untilShot 4 | target -[-] | gate - | overhead none | JalTok-Jad@24,25 TAGGED; TzKal-Zuk@22,8 TAGGED
t1110 | 28,14 | 29..33|W|frz-7 | zukIn 9 | setIn 333 | zukHp 442 | chosen 20,14 | walk ->20,14 | weapon Rune Crossbow | untilShot 3 | target TzKal-Zuk[zuk] | gate ok | overhead none | JalTok-Jad@24,25 TAGGED; TzKal-Zuk@22,8 TAGGED
t1111 | 26,14 | 28..32|W|frz-8 | zukIn 8 | setIn 332 | zukHp 442 | chosen 20,14 | walk ->20,14 | weapon Rune Crossbow | untilShot 2 | target TzKal-Zuk[zuk] | gate ok | overhead none | JalTok-Jad@24,25 TAGGED; TzKal-Zuk@22,8 TAGGED
t1112 | 24,14 | 27..31|W|frz-9 | zukIn 7 | setIn 331 | zukHp 442 | chosen 20,14 | walk ->20,14 | weapon Rune Crossbow | untilShot 1 | target TzKal-Zuk[zuk] | gate ok | overhead none | JalTok-Jad@24,25 TAGGED; TzKal-Zuk@22,8 TAGGED
t1113 | 24,14 | 26..30|W|frz-10 | zukIn 6 | setIn 330 | zukHp 442 | chosen 20,14 | walk ->20,14 | weapon Rune Crossbow | untilShot 5 | target -[-] | gate - | overhead none | JalTok-Jad@24,25 TAGGED; TzKal-Zuk@22,8 TAGGED
FIRED t1113 | 24,14 | Rune Crossbow | TzKal-Zuk
t1114 | 22,14 | 25..29|W|frz-11 | zukIn 5 | setIn 329 | zukHp 442 | chosen 20,14 | walk ->20,14 | weapon Rune Crossbow | untilShot 4 | target TzKal-Zuk[zuk] | gate ok | overhead none | JalTok-Jad@24,25 TAGGED; TzKal-Zuk@22,8 TAGGED
t1115 | 20,14 | 24..28|W|frz-12 | zukIn 4 | setIn 328 | zukHp 442 | chosen 20,14 | walk - | weapon Rune Crossbow | untilShot 3 | target TzKal-Zuk[zuk] | gate ok | overhead none | JalTok-Jad@24,25 TAGGED; TzKal-Zuk@22,8 TAGGED
t1116 | 20,14 | 23..27|W|frz-13 | zukIn 3 | setIn 327 | zukHp 442 | chosen 20,14 | walk - | weapon Rune Crossbow | untilShot 2 | target TzKal-Zuk[zuk] | gate ok | overhead Protect from Magic | JalTok-Jad@24,25 TAGGED; TzKal-Zuk@22,8 TAGGED
t1117 | 20,14 | 22..26|W|frz-14 | zukIn 2 | setIn 326 | zukHp 442 | chosen 20,14 | walk - | weapon Rune Crossbow | untilShot 1 | target TzKal-Zuk[zuk] | gate ok | overhead none | JalTok-Jad@24,25 TAGGED; TzKal-Zuk@22,8 TAGGED
t1118 | 20,14 | 21..25|W|frz-15 | zukIn 1 | setIn 325 | zukHp 442 | chosen 20,14 | walk - | weapon Rune Crossbow | untilShot 5 | target TzKal-Zuk[zuk] | gate ok | overhead none | JalTok-Jad@24,25 TAGGED; TzKal-Zuk@22,8 TAGGED
FIRED t1118 | 20,14 | Rune Crossbow | TzKal-Zuk
t1119 | 20,14 | 20..24|W|frz-16 | zukIn 10 | setIn 324 | zukHp 442 | chosen 15,14 | walk ->15,14 | weapon Rune Crossbow | untilShot 4 | target -[-] | gate - | overhead none | JalTok-Jad@24,25 TAGGED; TzKal-Zuk@22,8 TAGGED
t1120 | 18,14 | 19..23|W|frz-17 | zukIn 9 | setIn 323 | zukHp 442 | chosen 15,14 | walk ->15,14 | weapon Rune Crossbow | untilShot 3 | target TzKal-Zuk[zuk] | gate - | overhead none | JalTok-Jad@24,25 TAGGED; TzKal-Zuk@22,8 TAGGED
t1121 | 16,14 | 18..22|W|frz-18 | zukIn 8 | setIn 322 | zukHp 442 | chosen 15,14 | walk ->15,14 | weapon Rune Crossbow | untilShot 2 | target TzKal-Zuk[zuk] | gate - | overhead none | JalTok-Jad@24,25 TAGGED; TzKal-Zuk@22,8 TAGGED
t1122 | 15,14 | 17..21|W|frz-19 | zukIn 7 | setIn 321 | zukHp 442 | chosen 15,14 | walk - | weapon Rune Crossbow | untilShot 1 | target TzKal-Zuk[zuk] | gate ok | overhead none | JalTok-Jad@24,25 TAGGED; TzKal-Zuk@22,8 TAGGED
t1123 | 15,14 | 16..20|W|frz-20 | zukIn 6 | setIn 320 | zukHp 442 | chosen 14,14 | walk ->14,14 | weapon Rune Crossbow | untilShot 5 | target -[-] | gate - | overhead none | JalTok-Jad@24,25 TAGGED; TzKal-Zuk@22,8 TAGGED
FIRED t1123 | 15,14 | Rune Crossbow | TzKal-Zuk
t1124 | 14,14 | 15..19|W|frz-21 | zukIn 5 | setIn 319 | zukHp 442 | chosen 14,14 | walk - | weapon Rune Crossbow | untilShot 4 | target TzKal-Zuk[zuk] | gate - | overhead Protect from Magic | JalTok-Jad@24,25 TAGGED; TzKal-Zuk@22,8 TAGGED
t1125 | 14,14 | 14..18|W|frz-22 | zukIn 4 | setIn 318 | zukHp 442 | chosen 14,14 | walk - | weapon Rune Crossbow | untilShot 3 | target TzKal-Zuk[zuk] | gate - | overhead none | JalTok-Jad@24,25 TAGGED; TzKal-Zuk@22,8 TAGGED
t1126 | 14,14 | 13..17|W|frz-23 | zukIn 3 | setIn 317 | zukHp 418 | chosen 14,14 | walk - | weapon Rune Crossbow | untilShot 2 | target TzKal-Zuk[zuk] | gate - | overhead none | JalTok-Jad@24,25 TAGGED; TzKal-Zuk@22,8 TAGGED
t1127 | 14,14 | 12..16|W|frz-24 | zukIn 2 | setIn 316 | zukHp 418 | chosen 14,14 | walk - | weapon Rune Crossbow | untilShot 1 | target TzKal-Zuk[zuk] | gate - | overhead none | JalTok-Jad@24,25 TAGGED; TzKal-Zuk@22,8 TAGGED
t1128 | 14,14 | 11..15|W|frz-25 | zukIn 1 | setIn 315 | zukHp 418 | chosen 14,14 | walk - | weapon Rune Crossbow | untilShot 1 | target TzKal-Zuk[zuk] | gate - | overhead none | JalTok-Jad@24,25 TAGGED; TzKal-Zuk@22,8 TAGGED
t1129 | 14,14 | 10..14|E|frz4 | zukIn 10 | setIn 314 | zukHp 418 | chosen 20,14 | walk ->20,14 | weapon Rune Crossbow | untilShot 1 | target -[-] | gate - | overhead none | JalTok-Jad@24,25 TAGGED; TzKal-Zuk@22,8 TAGGED
t1130 | 16,14 | 10..14|E|frz3 | zukIn 9 | setIn 313 | zukHp 418 | chosen 20,14 | walk ->20,14 | weapon Rune Crossbow | untilShot 1 | target TzKal-Zuk[zuk] | gate - | overhead none | JalTok-Jad@24,25 TAGGED; TzKal-Zuk@22,8 TAGGED
t1131 | 18,14 | 10..14|E|frz2 | zukIn 8 | setIn 312 | zukHp 418 | chosen 20,14 | walk ->20,14 | weapon Rune Crossbow | untilShot 1 | target TzKal-Zuk[zuk] | gate - | overhead none | JalTok-Jad@24,25 TAGGED; TzKal-Zuk@22,8 TAGGED
t1132 | 20,14 | 10..14|E|frz1 | zukIn 7 | setIn 311 | zukHp 418 | chosen 20,14 | walk - | weapon Rune Crossbow | untilShot 1 | target TzKal-Zuk[zuk] | gate ok | overhead Protect from Range | JalTok-Jad@24,25 TAGGED; TzKal-Zuk@22,8 TAGGED
t1133 | 20,14 | 10..14|E|frz0 | zukIn 6 | setIn 310 | zukHp 418 | chosen 20,14 | walk - | weapon Rune Crossbow | untilShot 5 | target TzKal-Zuk[zuk] | gate ok | overhead none | JalTok-Jad@24,25 TAGGED; TzKal-Zuk@22,8 TAGGED
FIRED t1133 | 20,14 | Rune Crossbow | TzKal-Zuk
t1134 | 20,14 | 11..15|E|frz-1 | zukIn 5 | setIn 309 | zukHp 418 | chosen 20,14 | walk - | weapon Rune Crossbow | untilShot 4 | target TzKal-Zuk[zuk] | gate ok | overhead none | JalTok-Jad@24,25 TAGGED; TzKal-Zuk@22,8 TAGGED
t1135 | 20,14 | 12..16|E|frz-2 | zukIn 4 | setIn 308 | zukHp 418 | chosen 20,14 | walk - | weapon Rune Crossbow | untilShot 3 | target TzKal-Zuk[zuk] | gate ok | overhead none | JalTok-Jad@24,25 TAGGED; TzKal-Zuk@22,8 TAGGED
t1136 | 20,14 | 13..17|E|frz-3 | zukIn 3 | setIn 307 | zukHp 418 | chosen 20,14 | walk - | weapon Rune Crossbow | untilShot 2 | target TzKal-Zuk[zuk] | gate ok | overhead none | JalTok-Jad@24,25 TAGGED; TzKal-Zuk@22,8 TAGGED
t1137 | 20,14 | 14..18|E|frz-4 | zukIn 2 | setIn 306 | zukHp 418 | chosen 20,14 | walk - | weapon Rune Crossbow | untilShot 1 | target TzKal-Zuk[zuk] | gate ok | overhead none | JalTok-Jad@24,25 TAGGED; TzKal-Zuk@22,8 TAGGED
t1138 | 20,14 | 15..19|E|frz-5 | zukIn 1 | setIn 305 | zukHp 418 | chosen 20,14 | walk - | weapon Rune Crossbow | untilShot 5 | target TzKal-Zuk[zuk] | gate ok | overhead none | JalTok-Jad@24,25 TAGGED; TzKal-Zuk@22,8 TAGGED
FIRED t1138 | 20,14 | Rune Crossbow | TzKal-Zuk
t1139 | 20,14 | 16..20|E|frz-6 | zukIn 10 | setIn 304 | zukHp 418 | chosen 30,14 | walk ->30,14 | weapon Rune Crossbow | untilShot 4 | target -[-] | gate - | overhead none | JalTok-Jad@24,25 TAGGED; TzKal-Zuk@22,8 TAGGED
t1140 | 22,14 | 17..21|E|frz-7 | zukIn 9 | setIn 303 | zukHp 418 | chosen 30,14 | walk ->30,14 | weapon Rune Crossbow | untilShot 3 | target TzKal-Zuk[zuk] | gate ok | overhead Protect from Range | JalTok-Jad@24,25 TAGGED; TzKal-Zuk@22,8 TAGGED
t1141 | 24,14 | 18..22|E|frz-8 | zukIn 8 | setIn 302 | zukHp 418 | chosen 30,14 | walk ->30,14 | weapon Rune Crossbow | untilShot 2 | target TzKal-Zuk[zuk] | gate ok | overhead none | JalTok-Jad@24,25 TAGGED; TzKal-Zuk@22,8 TAGGED
t1142 | 26,14 | 19..23|E|frz-9 | zukIn 7 | setIn 301 | zukHp 418 | chosen 30,14 | walk ->30,14 | weapon Rune Crossbow | untilShot 1 | target TzKal-Zuk[zuk] | gate ok | overhead none | JalTok-Jad@24,25 TAGGED; TzKal-Zuk@22,8 TAGGED
t1143 | 26,14 | 20..24|E|frz-10 | zukIn 6 | setIn 300 | zukHp 418 | chosen 30,14 | walk ->30,14 | weapon Rune Crossbow | untilShot 5 | target -[-] | gate - | overhead none | JalTok-Jad@24,25 TAGGED; TzKal-Zuk@22,8 TAGGED
FIRED t1143 | 26,14 | Rune Crossbow | TzKal-Zuk
t1144 | 28,14 | 21..25|E|frz-11 | zukIn 5 | setIn 299 | zukHp 418 | chosen 30,14 | walk ->30,14 | weapon Rune Crossbow | untilShot 4 | target TzKal-Zuk[zuk] | gate ok | overhead none | JalTok-Jad@24,25 TAGGED; TzKal-Zuk@22,8 TAGGED
t1145 | 30,14 | 22..26|E|frz-12 | zukIn 4 | setIn 298 | zukHp 418 | chosen 30,14 | walk - | weapon Rune Crossbow | untilShot 3 | target TzKal-Zuk[zuk] | gate ok | overhead none | JalTok-Jad@24,25 TAGGED; TzKal-Zuk@22,8 TAGGED
t1146 | 30,14 | 23..27|E|frz-13 | zukIn 3 | setIn 297 | zukHp 418 | chosen 30,14 | walk - | weapon Rune Crossbow | untilShot 2 | target TzKal-Zuk[zuk] | gate ok | overhead none | JalTok-Jad@24,25 TAGGED; TzKal-Zuk@22,8 TAGGED
t1147 | 30,14 | 24..28|E|frz-14 | zukIn 2 | setIn 296 | zukHp 418 | chosen 30,14 | walk - | weapon Rune Crossbow | untilShot 1 | target TzKal-Zuk[zuk] | gate ok | overhead none | JalTok-Jad@24,25 TAGGED; TzKal-Zuk@22,8 TAGGED
t1148 | 30,14 | 25..29|E|frz-15 | zukIn 1 | setIn 295 | zukHp 418 | chosen 30,14 | walk - | weapon Rune Crossbow | untilShot 5 | target TzKal-Zuk[zuk] | gate ok | overhead Protect from Range | JalTok-Jad@24,25 TAGGED; TzKal-Zuk@22,8 TAGGED
FIRED t1148 | 30,14 | Rune Crossbow | TzKal-Zuk
t1149 | 30,14 | 26..30|E|frz-16 | zukIn 10 | setIn 294 | zukHp 418 | chosen 35,14 | walk ->35,14 | weapon Rune Crossbow | untilShot 4 | target -[-] | gate - | overhead none | JalTok-Jad@24,25 TAGGED; TzKal-Zuk@22,8 TAGGED
t1150 | 32,14 | 27..31|E|frz-17 | zukIn 9 | setIn 293 | zukHp 418 | chosen 35,14 | walk ->35,14 | weapon Rune Crossbow | untilShot 3 | target TzKal-Zuk[zuk] | gate - | overhead none | JalTok-Jad@24,25 TAGGED; TzKal-Zuk@22,8 TAGGED
t1151 | 34,14 | 28..32|E|frz-18 | zukIn 8 | setIn 292 | zukHp 418 | chosen 35,14 | walk ->35,14 | weapon Rune Crossbow | untilShot 2 | target TzKal-Zuk[zuk] | gate - | overhead none | JalTok-Jad@24,25 TAGGED; TzKal-Zuk@22,8 TAGGED
t1152 | 35,14 | 29..33|E|frz-19 | zukIn 7 | setIn 291 | zukHp 418 | chosen 35,14 | walk - | weapon Rune Crossbow | untilShot 1 | target TzKal-Zuk[zuk] | gate ok | overhead none | JalTok-Jad@24,25 TAGGED; TzKal-Zuk@22,8 TAGGED
t1153 | 35,14 | 30..34|E|frz-20 | zukIn 6 | setIn 290 | zukHp 418 | chosen 36,14 | walk ->36,14 | weapon Rune Crossbow | untilShot 5 | target -[-] | gate - | overhead none | JalTok-Jad@24,25 TAGGED; TzKal-Zuk@22,8 TAGGED
FIRED t1153 | 35,14 | Rune Crossbow | TzKal-Zuk
t1154 | 36,14 | 31..35|E|frz-21 | zukIn 5 | setIn 289 | zukHp 418 | chosen 36,14 | walk - | weapon Rune Crossbow | untilShot 4 | target TzKal-Zuk[zuk] | gate - | overhead none | JalTok-Jad@24,25 TAGGED; TzKal-Zuk@22,8 TAGGED
t1155 | 36,14 | 32..36|E|frz-22 | zukIn 4 | setIn 288 | zukHp 418 | chosen 36,14 | walk - | weapon Rune Crossbow | untilShot 3 | target TzKal-Zuk[zuk] | gate - | overhead none | JalTok-Jad@24,25 TAGGED; TzKal-Zuk@22,8 TAGGED
t1156 | 36,14 | 33..37|E|frz-23 | zukIn 3 | setIn 287 | zukHp 418 | chosen 36,14 | walk - | weapon Rune Crossbow | untilShot 2 | target TzKal-Zuk[zuk] | gate - | overhead Protect from Magic | JalTok-Jad@24,25 TAGGED; TzKal-Zuk@22,8 TAGGED
t1157 | 36,14 | 34..38|E|frz-24 | zukIn 2 | setIn 286 | zukHp 418 | chosen 36,14 | walk - | weapon Rune Crossbow | untilShot 1 | target TzKal-Zuk[zuk] | gate - | overhead none | JalTok-Jad@24,25 TAGGED; TzKal-Zuk@22,8 TAGGED
t1158 | 36,14 | 35..39|E|frz-25 | zukIn 1 | setIn 285 | zukHp 418 | chosen 36,14 | walk - | weapon Rune Crossbow | untilShot 1 | target TzKal-Zuk[zuk] | gate - | overhead none | JalTok-Jad@24,25 TAGGED; TzKal-Zuk@22,8 TAGGED
t1159 | 36,14 | 36..40|W|frz4 | zukIn 10 | setIn 284 | zukHp 418 | chosen 30,14 | walk ->30,14 | weapon Rune Crossbow | untilShot 1 | target -[-] | gate - | overhead none | JalTok-Jad@24,25 TAGGED; TzKal-Zuk@22,8 TAGGED
t1160 | 34,14 | 36..40|W|frz3 | zukIn 9 | setIn 283 | zukHp 418 | chosen 30,14 | walk ->30,14 | weapon Rune Crossbow | untilShot 1 | target TzKal-Zuk[zuk] | gate - | overhead none | JalTok-Jad@24,25 TAGGED; TzKal-Zuk@22,8 TAGGED
t1161 | 32,14 | 36..40|W|frz2 | zukIn 8 | setIn 282 | zukHp 418 | chosen 30,14 | walk ->30,14 | weapon Rune Crossbow | untilShot 1 | target TzKal-Zuk[zuk] | gate - | overhead none | JalTok-Jad@24,25 TAGGED; TzKal-Zuk@22,8 TAGGED
t1162 | 30,14 | 36..40|W|frz1 | zukIn 7 | setIn 281 | zukHp 418 | chosen 30,14 | walk - | weapon Rune Crossbow | untilShot 1 | target TzKal-Zuk[zuk] | gate ok | overhead none | JalTok-Jad@24,25 TAGGED; TzKal-Zuk@22,8 TAGGED
t1163 | 30,14 | 36..40|W|frz0 | zukIn 6 | setIn 280 | zukHp 418 | chosen 30,14 | walk - | weapon Rune Crossbow | untilShot 5 | target TzKal-Zuk[zuk] | gate ok | overhead none | JalTok-Jad@24,25 TAGGED; TzKal-Zuk@22,8 TAGGED
FIRED t1163 | 30,14 | Rune Crossbow | TzKal-Zuk
t1164 | 30,14 | 35..39|W|frz-1 | zukIn 5 | setIn 279 | zukHp 418 | chosen 30,14 | walk - | weapon Rune Crossbow | untilShot 4 | target TzKal-Zuk[zuk] | gate ok | overhead Protect from Magic | JalTok-Jad@24,25 TAGGED; TzKal-Zuk@22,8 TAGGED
t1165 | 30,14 | 34..38|W|frz-2 | zukIn 4 | setIn 278 | zukHp 418 | chosen 30,14 | walk - | weapon Rune Crossbow | untilShot 3 | target TzKal-Zuk[zuk] | gate ok | overhead none | JalTok-Jad@24,25 TAGGED; TzKal-Zuk@22,8 TAGGED
t1166 | 30,14 | 33..37|W|frz-3 | zukIn 3 | setIn 277 | zukHp 418 | chosen 30,14 | walk - | weapon Rune Crossbow | untilShot 2 | target TzKal-Zuk[zuk] | gate ok | overhead none | JalTok-Jad@24,25 TAGGED; TzKal-Zuk@22,8 TAGGED
t1167 | 30,14 | 32..36|W|frz-4 | zukIn 2 | setIn 276 | zukHp 418 | chosen 30,14 | walk - | weapon Rune Crossbow | untilShot 1 | target TzKal-Zuk[zuk] | gate ok | overhead none | JalTok-Jad@24,25 TAGGED; TzKal-Zuk@22,8 TAGGED
t1168 | 30,14 | 31..35|W|frz-5 | zukIn 1 | setIn 275 | zukHp 418 | chosen 30,14 | walk - | weapon Rune Crossbow | untilShot 5 | target TzKal-Zuk[zuk] | gate ok | overhead none | JalTok-Jad@24,25 TAGGED; TzKal-Zuk@22,8 TAGGED
FIRED t1168 | 30,14 | Rune Crossbow | TzKal-Zuk
t1169 | 30,14 | 30..34|W|frz-6 | zukIn 10 | setIn 274 | zukHp 418 | chosen 20,14 | walk ->20,14 | weapon Rune Crossbow | untilShot 4 | target -[-] | gate - | overhead none | JalTok-Jad@24,25 TAGGED; TzKal-Zuk@22,8 TAGGED
t1170 | 28,14 | 29..33|W|frz-7 | zukIn 9 | setIn 273 | zukHp 418 | chosen 20,14 | walk ->20,14 | weapon Rune Crossbow | untilShot 3 | target TzKal-Zuk[zuk] | gate ok | overhead none | JalTok-Jad@24,25 TAGGED; TzKal-Zuk@22,8 TAGGED
t1171 | 26,14 | 28..32|W|frz-8 | zukIn 8 | setIn 272 | zukHp 398 | chosen 20,14 | walk ->20,14 | weapon Rune Crossbow | untilShot 2 | target TzKal-Zuk[zuk] | gate ok | overhead none | JalTok-Jad@24,25 TAGGED; TzKal-Zuk@22,8 TAGGED
t1172 | 24,14 | 27..31|W|frz-9 | zukIn 7 | setIn 271 | zukHp 398 | chosen 20,14 | walk ->20,14 | weapon Rune Crossbow | untilShot 1 | target TzKal-Zuk[zuk] | gate ok | overhead Protect from Magic | JalTok-Jad@24,25 TAGGED; TzKal-Zuk@22,8 TAGGED
t1173 | 24,14 | 26..30|W|frz-10 | zukIn 6 | setIn 270 | zukHp 398 | chosen 20,14 | walk ->20,14 | weapon Rune Crossbow | untilShot 5 | target -[-] | gate - | overhead none | JalTok-Jad@24,25 TAGGED; TzKal-Zuk@22,8 TAGGED
FIRED t1173 | 24,14 | Rune Crossbow | TzKal-Zuk
t1174 | 22,14 | 25..29|W|frz-11 | zukIn 5 | setIn 269 | zukHp 398 | chosen 20,14 | walk ->20,14 | weapon Rune Crossbow | untilShot 4 | target TzKal-Zuk[zuk] | gate ok | overhead none | JalTok-Jad@24,25 TAGGED; TzKal-Zuk@22,8 TAGGED
t1175 | 20,14 | 24..28|W|frz-12 | zukIn 4 | setIn 268 | zukHp 398 | chosen 20,14 | walk - | weapon Rune Crossbow | untilShot 3 | target TzKal-Zuk[zuk] | gate ok | overhead none | JalTok-Jad@24,25 TAGGED; TzKal-Zuk@22,8 TAGGED
t1176 | 20,14 | 23..27|W|frz-13 | zukIn 3 | setIn 267 | zukHp 398 | chosen 20,14 | walk - | weapon Rune Crossbow | untilShot 2 | target TzKal-Zuk[zuk] | gate ok | overhead none | JalTok-Jad@24,25 TAGGED; TzKal-Zuk@22,8 TAGGED
t1177 | 20,14 | 22..26|W|frz-14 | zukIn 2 | setIn 266 | zukHp 398 | chosen 20,14 | walk - | weapon Rune Crossbow | untilShot 1 | target TzKal-Zuk[zuk] | gate ok | overhead none | JalTok-Jad@24,25 TAGGED; TzKal-Zuk@22,8 TAGGED
t1178 | 20,14 | 21..25|W|frz-15 | zukIn 1 | setIn 265 | zukHp 398 | chosen 20,14 | walk - | weapon Rune Crossbow | untilShot 5 | target TzKal-Zuk[zuk] | gate ok | overhead none | JalTok-Jad@24,25 TAGGED; TzKal-Zuk@22,8 TAGGED
FIRED t1178 | 20,14 | Rune Crossbow | TzKal-Zuk
t1179 | 20,14 | 20..24|W|frz-16 | zukIn 10 | setIn 264 | zukHp 398 | chosen 15,14 | walk ->15,14 | weapon Rune Crossbow | untilShot 4 | target -[-] | gate - | overhead none | JalTok-Jad@24,25 TAGGED; TzKal-Zuk@22,8 TAGGED
t1180 | 18,14 | 19..23|W|frz-17 | zukIn 9 | setIn 263 | zukHp 398 | chosen 15,14 | walk ->15,14 | weapon Rune Crossbow | untilShot 3 | target TzKal-Zuk[zuk] | gate - | overhead Protect from Range | JalTok-Jad@24,25 TAGGED; TzKal-Zuk@22,8 TAGGED
t1181 | 16,14 | 18..22|W|frz-18 | zukIn 8 | setIn 262 | zukHp 398 | chosen 15,14 | walk ->15,14 | weapon Rune Crossbow | untilShot 2 | target TzKal-Zuk[zuk] | gate - | overhead none | JalTok-Jad@24,25 TAGGED; TzKal-Zuk@22,8 TAGGED
t1182 | 15,14 | 17..21|W|frz-19 | zukIn 7 | setIn 261 | zukHp 398 | chosen 15,14 | walk - | weapon Rune Crossbow | untilShot 1 | target TzKal-Zuk[zuk] | gate ok | overhead none | JalTok-Jad@24,25 TAGGED; TzKal-Zuk@22,8 TAGGED
t1183 | 15,14 | 16..20|W|frz-20 | zukIn 6 | setIn 260 | zukHp 398 | chosen 14,14 | walk ->14,14 | weapon Rune Crossbow | untilShot 5 | target -[-] | gate - | overhead none | JalTok-Jad@24,25 TAGGED; TzKal-Zuk@22,8 TAGGED
FIRED t1183 | 15,14 | Rune Crossbow | TzKal-Zuk
t1184 | 14,14 | 15..19|W|frz-21 | zukIn 5 | setIn 259 | zukHp 398 | chosen 14,14 | walk - | weapon Rune Crossbow | untilShot 4 | target TzKal-Zuk[zuk] | gate - | overhead none | JalTok-Jad@24,25 TAGGED; TzKal-Zuk@22,8 TAGGED
t1185 | 14,14 | 14..18|W|frz-22 | zukIn 4 | setIn 258 | zukHp 398 | chosen 14,14 | walk - | weapon Rune Crossbow | untilShot 3 | target TzKal-Zuk[zuk] | gate - | overhead none | JalTok-Jad@24,25 TAGGED; TzKal-Zuk@22,8 TAGGED
t1186 | 14,14 | 13..17|W|frz-23 | zukIn 3 | setIn 257 | zukHp 380 | chosen 14,14 | walk - | weapon Rune Crossbow | untilShot 2 | target TzKal-Zuk[zuk] | gate - | overhead none | JalTok-Jad@24,25 TAGGED; TzKal-Zuk@22,8 TAGGED
t1187 | 14,14 | 12..16|W|frz-24 | zukIn 2 | setIn 256 | zukHp 380 | chosen 14,14 | walk - | weapon Rune Crossbow | untilShot 1 | target TzKal-Zuk[zuk] | gate - | overhead none | JalTok-Jad@24,25 TAGGED; TzKal-Zuk@22,8 TAGGED
t1188 | 14,14 | 11..15|W|frz-25 | zukIn 1 | setIn 255 | zukHp 380 | chosen 14,14 | walk - | weapon Rune Crossbow | untilShot 1 | target TzKal-Zuk[zuk] | gate - | overhead Protect from Range | JalTok-Jad@24,25 TAGGED; TzKal-Zuk@22,8 TAGGED
t1189 | 14,14 | 10..14|E|frz4 | zukIn 10 | setIn 254 | zukHp 380 | chosen 20,14 | walk ->20,14 | weapon Rune Crossbow | untilShot 1 | target -[-] | gate - | overhead none | JalTok-Jad@24,25 TAGGED; TzKal-Zuk@22,8 TAGGED
t1190 | 16,14 | 10..14|E|frz3 | zukIn 9 | setIn 253 | zukHp 380 | chosen 20,14 | walk ->20,14 | weapon Rune Crossbow | untilShot 1 | target TzKal-Zuk[zuk] | gate - | overhead none | JalTok-Jad@24,25 TAGGED; TzKal-Zuk@22,8 TAGGED
t1191 | 18,14 | 10..14|E|frz2 | zukIn 8 | setIn 252 | zukHp 380 | chosen 20,14 | walk ->20,14 | weapon Rune Crossbow | untilShot 1 | target TzKal-Zuk[zuk] | gate - | overhead none | JalTok-Jad@24,25 TAGGED; TzKal-Zuk@22,8 TAGGED
t1192 | 20,14 | 10..14|E|frz1 | zukIn 7 | setIn 251 | zukHp 380 | chosen 20,14 | walk - | weapon Rune Crossbow | untilShot 1 | target TzKal-Zuk[zuk] | gate ok | overhead none | JalTok-Jad@24,25 TAGGED; TzKal-Zuk@22,8 TAGGED
t1193 | 20,14 | 10..14|E|frz0 | zukIn 6 | setIn 250 | zukHp 380 | chosen 20,14 | walk - | weapon Rune Crossbow | untilShot 5 | target TzKal-Zuk[zuk] | gate ok | overhead none | JalTok-Jad@24,25 TAGGED; TzKal-Zuk@22,8 TAGGED
FIRED t1193 | 20,14 | Rune Crossbow | TzKal-Zuk
t1194 | 20,14 | 11..15|E|frz-1 | zukIn 5 | setIn 249 | zukHp 380 | chosen 20,14 | walk - | weapon Rune Crossbow | untilShot 4 | target TzKal-Zuk[zuk] | gate ok | overhead none | JalTok-Jad@24,25 TAGGED; TzKal-Zuk@22,8 TAGGED
t1195 | 20,14 | 12..16|E|frz-2 | zukIn 4 | setIn 248 | zukHp 380 | chosen 20,14 | walk - | weapon Rune Crossbow | untilShot 3 | target TzKal-Zuk[zuk] | gate ok | overhead none | JalTok-Jad@24,25 TAGGED; TzKal-Zuk@22,8 TAGGED
t1196 | 20,14 | 13..17|E|frz-3 | zukIn 3 | setIn 247 | zukHp 380 | chosen 20,14 | walk - | weapon Rune Crossbow | untilShot 2 | target TzKal-Zuk[zuk] | gate ok | overhead Protect from Range | JalTok-Jad@24,25 TAGGED; TzKal-Zuk@22,8 TAGGED
t1197 | 20,14 | 14..18|E|frz-4 | zukIn 2 | setIn 246 | zukHp 380 | chosen 20,14 | walk - | weapon Rune Crossbow | untilShot 1 | target TzKal-Zuk[zuk] | gate ok | overhead none | JalTok-Jad@24,25 TAGGED; TzKal-Zuk@22,8 TAGGED
t1198 | 20,14 | 15..19|E|frz-5 | zukIn 1 | setIn 245 | zukHp 380 | chosen 20,14 | walk - | weapon Rune Crossbow | untilShot 5 | target TzKal-Zuk[zuk] | gate ok | overhead none | JalTok-Jad@24,25 TAGGED; TzKal-Zuk@22,8 TAGGED
FIRED t1198 | 20,14 | Rune Crossbow | TzKal-Zuk
t1199 | 20,14 | 16..20|E|frz-6 | zukIn 10 | setIn 244 | zukHp 380 | chosen 30,14 | walk ->30,14 | weapon Rune Crossbow | untilShot 4 | target -[-] | gate - | overhead none | JalTok-Jad@24,25 TAGGED; TzKal-Zuk@22,8 TAGGED
t1200 | 22,14 | 17..21|E|frz-7 | zukIn 9 | setIn 243 | zukHp 380 | chosen 30,14 | walk ->30,14 | weapon Rune Crossbow | untilShot 3 | target TzKal-Zuk[zuk] | gate ok | overhead none | JalTok-Jad@24,25 TAGGED; TzKal-Zuk@22,8 TAGGED
t1201 | 24,14 | 18..22|E|frz-8 | zukIn 8 | setIn 242 | zukHp 380 | chosen 30,14 | walk ->30,14 | weapon Rune Crossbow | untilShot 2 | target TzKal-Zuk[zuk] | gate ok | overhead none | JalTok-Jad@24,25 TAGGED; TzKal-Zuk@22,8 TAGGED
t1202 | 26,14 | 19..23|E|frz-9 | zukIn 7 | setIn 241 | zukHp 380 | chosen 30,14 | walk ->30,14 | weapon Rune Crossbow | untilShot 1 | target TzKal-Zuk[zuk] | gate ok | overhead none | JalTok-Jad@24,25 TAGGED; TzKal-Zuk@22,8 TAGGED
t1203 | 26,14 | 20..24|E|frz-10 | zukIn 6 | setIn 240 | zukHp 380 | chosen 30,14 | walk ->30,14 | weapon Rune Crossbow | untilShot 5 | target -[-] | gate - | overhead none | JalTok-Jad@24,25 TAGGED; TzKal-Zuk@22,8 TAGGED
FIRED t1203 | 26,14 | Rune Crossbow | TzKal-Zuk
t1204 | 28,14 | 21..25|E|frz-11 | zukIn 5 | setIn 239 | zukHp 380 | chosen 30,14 | walk ->30,14 | weapon Rune Crossbow | untilShot 4 | target TzKal-Zuk[zuk] | gate ok | overhead Protect from Range | JalTok-Jad@24,25 TAGGED; TzKal-Zuk@22,8 TAGGED
t1205 | 30,14 | 22..26|E|frz-12 | zukIn 4 | setIn 238 | zukHp 380 | chosen 30,14 | walk - | weapon Rune Crossbow | untilShot 3 | target TzKal-Zuk[zuk] | gate ok | overhead none | JalTok-Jad@24,25 TAGGED; TzKal-Zuk@22,8 TAGGED
t1206 | 30,14 | 23..27|E|frz-13 | zukIn 3 | setIn 237 | zukHp 380 | chosen 30,14 | walk - | weapon Rune Crossbow | untilShot 2 | target TzKal-Zuk[zuk] | gate ok | overhead none | JalTok-Jad@24,25 TAGGED; TzKal-Zuk@22,8 TAGGED
t1207 | 30,14 | 24..28|E|frz-14 | zukIn 2 | setIn 236 | zukHp 380 | chosen 30,14 | walk - | weapon Rune Crossbow | untilShot 1 | target TzKal-Zuk[zuk] | gate ok | overhead none | JalTok-Jad@24,25 TAGGED; TzKal-Zuk@22,8 TAGGED
t1208 | 30,14 | 25..29|E|frz-15 | zukIn 1 | setIn 235 | zukHp 380 | chosen 30,14 | walk - | weapon Rune Crossbow | untilShot 5 | target TzKal-Zuk[zuk] | gate ok | overhead none | JalTok-Jad@24,25 TAGGED; TzKal-Zuk@22,8 TAGGED
FIRED t1208 | 30,14 | Rune Crossbow | TzKal-Zuk
t1209 | 30,14 | 26..30|E|frz-16 | zukIn 10 | setIn 234 | zukHp 380 | chosen 35,14 | walk ->35,14 | weapon Rune Crossbow | untilShot 4 | target -[-] | gate - | overhead none | JalTok-Jad@24,25 TAGGED; TzKal-Zuk@22,8 TAGGED
t1210 | 32,14 | 27..31|E|frz-17 | zukIn 9 | setIn 233 | zukHp 380 | chosen 35,14 | walk ->35,14 | weapon Rune Crossbow | untilShot 3 | target TzKal-Zuk[zuk] | gate - | overhead none | JalTok-Jad@24,25 TAGGED; TzKal-Zuk@22,8 TAGGED
t1211 | 34,14 | 28..32|E|frz-18 | zukIn 8 | setIn 232 | zukHp 352 | chosen 35,14 | walk ->35,14 | weapon Rune Crossbow | untilShot 2 | target TzKal-Zuk[zuk] | gate - | overhead none | JalTok-Jad@24,25 TAGGED; TzKal-Zuk@22,8 TAGGED
t1212 | 35,14 | 29..33|E|frz-19 | zukIn 7 | setIn 231 | zukHp 352 | chosen 35,14 | walk - | weapon Rune Crossbow | untilShot 1 | target TzKal-Zuk[zuk] | gate ok | overhead Protect from Magic | JalTok-Jad@24,25 TAGGED; TzKal-Zuk@22,8 TAGGED
t1213 | 35,14 | 30..34|E|frz-20 | zukIn 6 | setIn 230 | zukHp 352 | chosen 36,14 | walk ->36,14 | weapon Rune Crossbow | untilShot 5 | target -[-] | gate - | overhead none | JalTok-Jad@24,25 TAGGED; TzKal-Zuk@22,8 TAGGED
FIRED t1213 | 35,14 | Rune Crossbow | TzKal-Zuk
t1214 | 36,14 | 31..35|E|frz-21 | zukIn 5 | setIn 229 | zukHp 352 | chosen 36,14 | walk - | weapon Rune Crossbow | untilShot 4 | target TzKal-Zuk[zuk] | gate - | overhead none | JalTok-Jad@24,25 TAGGED; TzKal-Zuk@22,8 TAGGED
t1215 | 36,14 | 32..36|E|frz-22 | zukIn 4 | setIn 228 | zukHp 352 | chosen 36,14 | walk - | weapon Rune Crossbow | untilShot 3 | target TzKal-Zuk[zuk] | gate - | overhead none | JalTok-Jad@24,25 TAGGED; TzKal-Zuk@22,8 TAGGED
t1216 | 36,14 | 33..37|E|frz-23 | zukIn 3 | setIn 227 | zukHp 342 | chosen 36,14 | walk - | weapon Rune Crossbow | untilShot 2 | target TzKal-Zuk[zuk] | gate - | overhead none | JalTok-Jad@24,25 TAGGED; TzKal-Zuk@22,8 TAGGED
t1217 | 36,14 | 34..38|E|frz-24 | zukIn 2 | setIn 226 | zukHp 342 | chosen 36,14 | walk - | weapon Rune Crossbow | untilShot 1 | target TzKal-Zuk[zuk] | gate - | overhead none | JalTok-Jad@24,25 TAGGED; TzKal-Zuk@22,8 TAGGED
t1218 | 36,14 | 35..39|E|frz-25 | zukIn 1 | setIn 225 | zukHp 342 | chosen 36,14 | walk - | weapon Rune Crossbow | untilShot 1 | target TzKal-Zuk[zuk] | gate - | overhead none | JalTok-Jad@24,25 TAGGED; TzKal-Zuk@22,8 TAGGED
t1219 | 36,14 | 36..40|W|frz4 | zukIn 10 | setIn 224 | zukHp 342 | chosen 30,14 | walk ->30,14 | weapon Rune Crossbow | untilShot 1 | target -[-] | gate - | overhead none | JalTok-Jad@24,25 TAGGED; TzKal-Zuk@22,8 TAGGED
t1220 | 34,14 | 36..40|W|frz3 | zukIn 9 | setIn 223 | zukHp 342 | chosen 30,14 | walk ->30,14 | weapon Rune Crossbow | untilShot 1 | target TzKal-Zuk[zuk] | gate - | overhead Protect from Range | JalTok-Jad@24,25 TAGGED; TzKal-Zuk@22,8 TAGGED
t1221 | 32,14 | 36..40|W|frz2 | zukIn 8 | setIn 222 | zukHp 342 | chosen 30,14 | walk ->30,14 | weapon Rune Crossbow | untilShot 1 | target TzKal-Zuk[zuk] | gate - | overhead none | JalTok-Jad@24,25 TAGGED; TzKal-Zuk@22,8 TAGGED
t1222 | 30,14 | 36..40|W|frz1 | zukIn 7 | setIn 221 | zukHp 342 | chosen 30,14 | walk - | weapon Rune Crossbow | untilShot 1 | target TzKal-Zuk[zuk] | gate ok | overhead none | JalTok-Jad@24,25 TAGGED; TzKal-Zuk@22,8 TAGGED
t1223 | 30,14 | 36..40|W|frz0 | zukIn 6 | setIn 220 | zukHp 342 | chosen 30,14 | walk - | weapon Rune Crossbow | untilShot 5 | target TzKal-Zuk[zuk] | gate ok | overhead none | JalTok-Jad@24,25 TAGGED; TzKal-Zuk@22,8 TAGGED
FIRED t1223 | 30,14 | Rune Crossbow | TzKal-Zuk
t1224 | 30,14 | 35..39|W|frz-1 | zukIn 5 | setIn 219 | zukHp 342 | chosen 30,14 | walk - | weapon Rune Crossbow | untilShot 4 | target TzKal-Zuk[zuk] | gate ok | overhead none | JalTok-Jad@24,25 TAGGED; TzKal-Zuk@22,8 TAGGED
t1225 | 30,14 | 34..38|W|frz-2 | zukIn 4 | setIn 218 | zukHp 342 | chosen 30,14 | walk - | weapon Rune Crossbow | untilShot 3 | target TzKal-Zuk[zuk] | gate ok | overhead none | JalTok-Jad@24,25 TAGGED; TzKal-Zuk@22,8 TAGGED
t1226 | 30,14 | 33..37|W|frz-3 | zukIn 3 | setIn 217 | zukHp 342 | chosen 30,14 | walk - | weapon Rune Crossbow | untilShot 2 | target TzKal-Zuk[zuk] | gate ok | overhead none | JalTok-Jad@24,25 TAGGED; TzKal-Zuk@22,8 TAGGED
t1227 | 30,14 | 32..36|W|frz-4 | zukIn 2 | setIn 216 | zukHp 342 | chosen 30,14 | walk - | weapon Rune Crossbow | untilShot 1 | target TzKal-Zuk[zuk] | gate ok | overhead none | JalTok-Jad@24,25 TAGGED; TzKal-Zuk@22,8 TAGGED
t1228 | 30,14 | 31..35|W|frz-5 | zukIn 1 | setIn 215 | zukHp 342 | chosen 30,14 | walk - | weapon Rune Crossbow | untilShot 5 | target TzKal-Zuk[zuk] | gate ok | overhead Protect from Magic | JalTok-Jad@24,25 TAGGED; TzKal-Zuk@22,8 TAGGED
FIRED t1228 | 30,14 | Rune Crossbow | TzKal-Zuk
t1229 | 30,14 | 30..34|W|frz-6 | zukIn 10 | setIn 214 | zukHp 342 | chosen 20,14 | walk ->20,14 | weapon Rune Crossbow | untilShot 4 | target -[-] | gate - | overhead none | JalTok-Jad@24,25 TAGGED; TzKal-Zuk@22,8 TAGGED
t1230 | 28,14 | 29..33|W|frz-7 | zukIn 9 | setIn 213 | zukHp 342 | chosen 20,14 | walk ->20,14 | weapon Rune Crossbow | untilShot 3 | target TzKal-Zuk[zuk] | gate ok | overhead none | JalTok-Jad@24,25 TAGGED; TzKal-Zuk@22,8 TAGGED
t1231 | 26,14 | 28..32|W|frz-8 | zukIn 8 | setIn 212 | zukHp 342 | chosen 20,14 | walk ->20,14 | weapon Rune Crossbow | untilShot 2 | target TzKal-Zuk[zuk] | gate ok | overhead none | JalTok-Jad@24,25 TAGGED; TzKal-Zuk@22,8 TAGGED
t1232 | 24,14 | 27..31|W|frz-9 | zukIn 7 | setIn 211 | zukHp 342 | chosen 20,14 | walk ->20,14 | weapon Rune Crossbow | untilShot 1 | target TzKal-Zuk[zuk] | gate ok | overhead none | JalTok-Jad@24,25 TAGGED; TzKal-Zuk@22,8 TAGGED
t1233 | 24,14 | 26..30|W|frz-10 | zukIn 6 | setIn 210 | zukHp 342 | chosen 20,14 | walk ->20,14 | weapon Rune Crossbow | untilShot 5 | target -[-] | gate - | overhead none | JalTok-Jad@24,25 TAGGED; TzKal-Zuk@22,8 TAGGED
FIRED t1233 | 24,14 | Rune Crossbow | TzKal-Zuk
t1234 | 22,14 | 25..29|W|frz-11 | zukIn 5 | setIn 209 | zukHp 342 | chosen 20,14 | walk ->20,14 | weapon Rune Crossbow | untilShot 4 | target TzKal-Zuk[zuk] | gate ok | overhead none | JalTok-Jad@24,25 TAGGED; TzKal-Zuk@22,8 TAGGED
t1235 | 20,14 | 24..28|W|frz-12 | zukIn 4 | setIn 208 | zukHp 342 | chosen 20,14 | walk - | weapon Rune Crossbow | untilShot 3 | target TzKal-Zuk[zuk] | gate ok | overhead none | JalTok-Jad@24,25 TAGGED; TzKal-Zuk@22,8 TAGGED
t1236 | 20,14 | 23..27|W|frz-13 | zukIn 3 | setIn 207 | zukHp 328 | chosen 20,14 | walk - | weapon Rune Crossbow | untilShot 2 | target TzKal-Zuk[zuk] | gate ok | overhead Protect from Magic | JalTok-Jad@24,25 TAGGED; TzKal-Zuk@22,8 TAGGED
t1237 | 20,14 | 22..26|W|frz-14 | zukIn 2 | setIn 206 | zukHp 328 | chosen 20,14 | walk - | weapon Rune Crossbow | untilShot 1 | target TzKal-Zuk[zuk] | gate ok | overhead none | JalTok-Jad@24,25 TAGGED; TzKal-Zuk@22,8 TAGGED
t1238 | 20,14 | 21..25|W|frz-15 | zukIn 1 | setIn 205 | zukHp 328 | chosen 20,14 | walk - | weapon Rune Crossbow | untilShot 5 | target TzKal-Zuk[zuk] | gate ok | overhead none | JalTok-Jad@24,25 TAGGED; TzKal-Zuk@22,8 TAGGED
FIRED t1238 | 20,14 | Rune Crossbow | TzKal-Zuk
t1239 | 20,14 | 20..24|W|frz-16 | zukIn 10 | setIn 204 | zukHp 328 | chosen 15,14 | walk ->15,14 | weapon Rune Crossbow | untilShot 4 | target -[-] | gate - | overhead none | JalTok-Jad@24,25 TAGGED; TzKal-Zuk@22,8 TAGGED
t1240 | 18,14 | 19..23|W|frz-17 | zukIn 9 | setIn 203 | zukHp 328 | chosen 15,14 | walk ->15,14 | weapon Rune Crossbow | untilShot 3 | target TzKal-Zuk[zuk] | gate - | overhead none | JalTok-Jad@24,25 TAGGED; TzKal-Zuk@22,8 TAGGED
t1241 | 16,14 | 18..22|W|frz-18 | zukIn 8 | setIn 202 | zukHp 328 | chosen 15,14 | walk ->15,14 | weapon Rune Crossbow | untilShot 2 | target TzKal-Zuk[zuk] | gate - | overhead none | JalTok-Jad@24,25 TAGGED; TzKal-Zuk@22,8 TAGGED
t1242 | 15,14 | 17..21|W|frz-19 | zukIn 7 | setIn 201 | zukHp 328 | chosen 15,14 | walk - | weapon Rune Crossbow | untilShot 1 | target TzKal-Zuk[zuk] | gate ok | overhead none | JalTok-Jad@24,25 TAGGED; TzKal-Zuk@22,8 TAGGED
t1243 | 15,14 | 16..20|W|frz-20 | zukIn 6 | setIn 200 | zukHp 328 | chosen 14,14 | walk ->14,14 | weapon Rune Crossbow | untilShot 5 | target -[-] | gate - | overhead none | JalTok-Jad@24,25 TAGGED; TzKal-Zuk@22,8 TAGGED
FIRED t1243 | 15,14 | Rune Crossbow | TzKal-Zuk
t1244 | 14,14 | 15..19|W|frz-21 | zukIn 5 | setIn 199 | zukHp 328 | chosen 14,14 | walk - | weapon Rune Crossbow | untilShot 4 | target TzKal-Zuk[zuk] | gate - | overhead Protect from Range | JalTok-Jad@24,25 TAGGED; TzKal-Zuk@22,8 TAGGED
t1245 | 14,14 | 14..18|W|frz-22 | zukIn 4 | setIn 198 | zukHp 328 | chosen 14,14 | walk - | weapon Rune Crossbow | untilShot 3 | target TzKal-Zuk[zuk] | gate - | overhead none | JalTok-Jad@24,25 TAGGED; TzKal-Zuk@22,8 TAGGED
t1246 | 14,14 | 13..17|W|frz-23 | zukIn 3 | setIn 197 | zukHp 313 | chosen 14,14 | walk - | weapon Rune Crossbow | untilShot 2 | target TzKal-Zuk[zuk] | gate - | overhead none | JalTok-Jad@24,25 TAGGED; TzKal-Zuk@22,8 TAGGED
t1247 | 14,14 | 12..16|W|frz-24 | zukIn 2 | setIn 196 | zukHp 313 | chosen 14,14 | walk - | weapon Rune Crossbow | untilShot 1 | target TzKal-Zuk[zuk] | gate - | overhead none | JalTok-Jad@24,25 TAGGED; TzKal-Zuk@22,8 TAGGED
t1248 | 14,14 | 11..15|W|frz-25 | zukIn 1 | setIn 195 | zukHp 313 | chosen 14,14 | walk - | weapon Rune Crossbow | untilShot 1 | target TzKal-Zuk[zuk] | gate - | overhead none | JalTok-Jad@24,25 TAGGED; TzKal-Zuk@22,8 TAGGED
t1249 | 14,14 | 10..14|E|frz4 | zukIn 10 | setIn 194 | zukHp 313 | chosen 20,14 | walk ->20,14 | weapon Rune Crossbow | untilShot 1 | target -[-] | gate - | overhead none | JalTok-Jad@24,25 TAGGED; TzKal-Zuk@22,8 TAGGED
t1250 | 16,14 | 10..14|E|frz3 | zukIn 9 | setIn 193 | zukHp 313 | chosen 20,14 | walk ->20,14 | weapon Rune Crossbow | untilShot 1 | target TzKal-Zuk[zuk] | gate - | overhead none | JalTok-Jad@24,25 TAGGED; TzKal-Zuk@22,8 TAGGED
t1251 | 18,14 | 10..14|E|frz2 | zukIn 8 | setIn 192 | zukHp 313 | chosen 20,14 | walk ->20,14 | weapon Rune Crossbow | untilShot 1 | target TzKal-Zuk[zuk] | gate - | overhead none | JalTok-Jad@24,25 TAGGED; TzKal-Zuk@22,8 TAGGED
t1252 | 20,14 | 10..14|E|frz1 | zukIn 7 | setIn 191 | zukHp 313 | chosen 20,14 | walk - | weapon Rune Crossbow | untilShot 1 | target TzKal-Zuk[zuk] | gate ok | overhead Protect from Range | JalTok-Jad@24,25 TAGGED; TzKal-Zuk@22,8 TAGGED
t1253 | 20,14 | 10..14|E|frz0 | zukIn 6 | setIn 190 | zukHp 313 | chosen 20,14 | walk - | weapon Rune Crossbow | untilShot 5 | target TzKal-Zuk[zuk] | gate ok | overhead none | JalTok-Jad@24,25 TAGGED; TzKal-Zuk@22,8 TAGGED
FIRED t1253 | 20,14 | Rune Crossbow | TzKal-Zuk
t1254 | 20,14 | 11..15|E|frz-1 | zukIn 5 | setIn 189 | zukHp 313 | chosen 20,14 | walk - | weapon Rune Crossbow | untilShot 4 | target TzKal-Zuk[zuk] | gate ok | overhead none | JalTok-Jad@24,25 TAGGED; TzKal-Zuk@22,8 TAGGED
t1255 | 20,14 | 12..16|E|frz-2 | zukIn 4 | setIn 188 | zukHp 313 | chosen 20,14 | walk - | weapon Rune Crossbow | untilShot 3 | target TzKal-Zuk[zuk] | gate ok | overhead none | JalTok-Jad@24,25 TAGGED; TzKal-Zuk@22,8 TAGGED
t1256 | 20,14 | 13..17|E|frz-3 | zukIn 3 | setIn 187 | zukHp 313 | chosen 20,14 | walk - | weapon Rune Crossbow | untilShot 2 | target TzKal-Zuk[zuk] | gate ok | overhead none | JalTok-Jad@24,25 TAGGED; TzKal-Zuk@22,8 TAGGED
t1257 | 20,14 | 14..18|E|frz-4 | zukIn 2 | setIn 186 | zukHp 313 | chosen 20,14 | walk - | weapon Rune Crossbow | untilShot 1 | target TzKal-Zuk[zuk] | gate ok | overhead none | JalTok-Jad@24,25 TAGGED; TzKal-Zuk@22,8 TAGGED
t1258 | 20,14 | 15..19|E|frz-5 | zukIn 1 | setIn 185 | zukHp 313 | chosen 20,14 | walk - | weapon Rune Crossbow | untilShot 5 | target TzKal-Zuk[zuk] | gate ok | overhead none | JalTok-Jad@24,25 TAGGED; TzKal-Zuk@22,8 TAGGED
FIRED t1258 | 20,14 | Rune Crossbow | TzKal-Zuk
t1259 | 20,14 | 16..20|E|frz-6 | zukIn 10 | setIn 184 | zukHp 313 | chosen 30,14 | walk ->30,14 | weapon Rune Crossbow | untilShot 4 | target -[-] | gate - | overhead none | JalTok-Jad@24,25 TAGGED; TzKal-Zuk@22,8 TAGGED
t1260 | 22,14 | 17..21|E|frz-7 | zukIn 9 | setIn 183 | zukHp 313 | chosen 30,14 | walk ->30,14 | weapon Rune Crossbow | untilShot 3 | target TzKal-Zuk[zuk] | gate ok | overhead Protect from Range | JalTok-Jad@24,25 TAGGED; TzKal-Zuk@22,8 TAGGED
t1261 | 24,14 | 18..22|E|frz-8 | zukIn 8 | setIn 182 | zukHp 303 | chosen 30,14 | walk ->30,14 | weapon Rune Crossbow | untilShot 2 | target TzKal-Zuk[zuk] | gate ok | overhead none | JalTok-Jad@24,25 TAGGED; TzKal-Zuk@22,8 TAGGED
t1262 | 26,14 | 19..23|E|frz-9 | zukIn 7 | setIn 181 | zukHp 303 | chosen 30,14 | walk ->30,14 | weapon Rune Crossbow | untilShot 1 | target TzKal-Zuk[zuk] | gate ok | overhead none | JalTok-Jad@24,25 TAGGED; TzKal-Zuk@22,8 TAGGED
t1263 | 26,14 | 20..24|E|frz-10 | zukIn 6 | setIn 180 | zukHp 303 | chosen 30,14 | walk ->30,14 | weapon Rune Crossbow | untilShot 5 | target -[-] | gate - | overhead none | JalTok-Jad@24,25 TAGGED; TzKal-Zuk@22,8 TAGGED
FIRED t1263 | 26,14 | Rune Crossbow | TzKal-Zuk
t1264 | 28,14 | 21..25|E|frz-11 | zukIn 5 | setIn 179 | zukHp 303 | chosen 30,14 | walk ->30,14 | weapon Rune Crossbow | untilShot 4 | target TzKal-Zuk[zuk] | gate ok | overhead none | JalTok-Jad@24,25 TAGGED; TzKal-Zuk@22,8 TAGGED
t1265 | 30,14 | 22..26|E|frz-12 | zukIn 4 | setIn 178 | zukHp 303 | chosen 30,14 | walk - | weapon Rune Crossbow | untilShot 3 | target TzKal-Zuk[zuk] | gate ok | overhead none | JalTok-Jad@24,25 TAGGED; TzKal-Zuk@22,8 TAGGED
t1266 | 30,14 | 23..27|E|frz-13 | zukIn 3 | setIn 177 | zukHp 303 | chosen 30,14 | walk - | weapon Rune Crossbow | untilShot 2 | target TzKal-Zuk[zuk] | gate ok | overhead none | JalTok-Jad@24,25 TAGGED; TzKal-Zuk@22,8 TAGGED
t1267 | 30,14 | 24..28|E|frz-14 | zukIn 2 | setIn 176 | zukHp 303 | chosen 30,14 | walk - | weapon Rune Crossbow | untilShot 1 | target TzKal-Zuk[zuk] | gate ok | overhead none | JalTok-Jad@24,25 TAGGED; TzKal-Zuk@22,8 TAGGED
t1268 | 30,14 | 25..29|E|frz-15 | zukIn 1 | setIn 175 | zukHp 303 | chosen 30,14 | walk - | weapon Rune Crossbow | untilShot 5 | target TzKal-Zuk[zuk] | gate ok | overhead Protect from Range | JalTok-Jad@24,25 TAGGED; TzKal-Zuk@22,8 TAGGED
FIRED t1268 | 30,14 | Rune Crossbow | TzKal-Zuk
t1269 | 30,14 | 26..30|E|frz-16 | zukIn 10 | setIn 174 | zukHp 303 | chosen 35,14 | walk ->35,14 | weapon Rune Crossbow | untilShot 4 | target -[-] | gate - | overhead none | JalTok-Jad@24,25 TAGGED; TzKal-Zuk@22,8 TAGGED
t1270 | 32,14 | 27..31|E|frz-17 | zukIn 9 | setIn 173 | zukHp 303 | chosen 35,14 | walk ->35,14 | weapon Rune Crossbow | untilShot 3 | target TzKal-Zuk[zuk] | gate - | overhead none | JalTok-Jad@24,25 TAGGED; TzKal-Zuk@22,8 TAGGED
t1271 | 34,14 | 28..32|E|frz-18 | zukIn 8 | setIn 172 | zukHp 303 | chosen 35,14 | walk ->35,14 | weapon Rune Crossbow | untilShot 2 | target TzKal-Zuk[zuk] | gate - | overhead none | JalTok-Jad@24,25 TAGGED; TzKal-Zuk@22,8 TAGGED
t1272 | 35,14 | 29..33|E|frz-19 | zukIn 7 | setIn 171 | zukHp 303 | chosen 35,14 | walk - | weapon Rune Crossbow | untilShot 1 | target TzKal-Zuk[zuk] | gate ok | overhead none | JalTok-Jad@24,25 TAGGED; TzKal-Zuk@22,8 TAGGED
t1273 | 35,14 | 30..34|E|frz-20 | zukIn 6 | setIn 170 | zukHp 303 | chosen 36,14 | walk ->36,14 | weapon Rune Crossbow | untilShot 5 | target -[-] | gate - | overhead none | JalTok-Jad@24,25 TAGGED; TzKal-Zuk@22,8 TAGGED
FIRED t1273 | 35,14 | Rune Crossbow | TzKal-Zuk
t1274 | 36,14 | 31..35|E|frz-21 | zukIn 5 | setIn 169 | zukHp 303 | chosen 36,14 | walk - | weapon Rune Crossbow | untilShot 4 | target TzKal-Zuk[zuk] | gate - | overhead none | JalTok-Jad@24,25 TAGGED; TzKal-Zuk@22,8 TAGGED
t1275 | 36,14 | 32..36|E|frz-22 | zukIn 4 | setIn 168 | zukHp 303 | chosen 36,14 | walk - | weapon Rune Crossbow | untilShot 3 | target TzKal-Zuk[zuk] | gate - | overhead none | JalTok-Jad@24,25 TAGGED; TzKal-Zuk@22,8 TAGGED
t1276 | 36,14 | 33..37|E|frz-23 | zukIn 3 | setIn 167 | zukHp 303 | chosen 36,14 | walk - | weapon Rune Crossbow | untilShot 2 | target TzKal-Zuk[zuk] | gate - | overhead Protect from Range | JalTok-Jad@24,25 TAGGED; TzKal-Zuk@22,8 TAGGED
t1277 | 36,14 | 34..38|E|frz-24 | zukIn 2 | setIn 166 | zukHp 303 | chosen 36,14 | walk - | weapon Rune Crossbow | untilShot 1 | target TzKal-Zuk[zuk] | gate - | overhead none | JalTok-Jad@24,25 TAGGED; TzKal-Zuk@22,8 TAGGED
t1278 | 36,14 | 35..39|E|frz-25 | zukIn 1 | setIn 165 | zukHp 303 | chosen 36,14 | walk - | weapon Rune Crossbow | untilShot 1 | target TzKal-Zuk[zuk] | gate - | overhead none | JalTok-Jad@24,25 TAGGED; TzKal-Zuk@22,8 TAGGED
t1279 | 36,14 | 36..40|W|frz4 | zukIn 10 | setIn 164 | zukHp 303 | chosen 30,14 | walk ->30,14 | weapon Rune Crossbow | untilShot 1 | target -[-] | gate - | overhead none | JalTok-Jad@24,25 TAGGED; TzKal-Zuk@22,8 TAGGED
t1280 | 34,14 | 36..40|W|frz3 | zukIn 9 | setIn 163 | zukHp 303 | chosen 30,14 | walk ->30,14 | weapon Rune Crossbow | untilShot 1 | target TzKal-Zuk[zuk] | gate - | overhead none | JalTok-Jad@24,25 TAGGED; TzKal-Zuk@22,8 TAGGED
t1281 | 32,14 | 36..40|W|frz2 | zukIn 8 | setIn 162 | zukHp 303 | chosen 30,14 | walk ->30,14 | weapon Rune Crossbow | untilShot 1 | target TzKal-Zuk[zuk] | gate - | overhead none | JalTok-Jad@24,25 TAGGED; TzKal-Zuk@22,8 TAGGED
t1282 | 30,14 | 36..40|W|frz1 | zukIn 7 | setIn 161 | zukHp 303 | chosen 30,14 | walk - | weapon Rune Crossbow | untilShot 1 | target TzKal-Zuk[zuk] | gate ok | overhead none | JalTok-Jad@24,25 TAGGED; TzKal-Zuk@22,8 TAGGED
t1283 | 30,14 | 36..40|W|frz0 | zukIn 6 | setIn 160 | zukHp 303 | chosen 30,14 | walk - | weapon Rune Crossbow | untilShot 5 | target TzKal-Zuk[zuk] | gate ok | overhead none | JalTok-Jad@24,25 TAGGED; TzKal-Zuk@22,8 TAGGED
FIRED t1283 | 30,14 | Rune Crossbow | TzKal-Zuk
t1284 | 30,14 | 35..39|W|frz-1 | zukIn 5 | setIn 159 | zukHp 303 | chosen 30,14 | walk - | weapon Rune Crossbow | untilShot 4 | target TzKal-Zuk[zuk] | gate ok | overhead Protect from Magic | JalTok-Jad@24,25 TAGGED; TzKal-Zuk@22,8 TAGGED
t1285 | 30,14 | 34..38|W|frz-2 | zukIn 4 | setIn 158 | zukHp 303 | chosen 30,14 | walk - | weapon Rune Crossbow | untilShot 3 | target TzKal-Zuk[zuk] | gate ok | overhead none | JalTok-Jad@24,25 TAGGED; TzKal-Zuk@22,8 TAGGED
t1286 | 30,14 | 33..37|W|frz-3 | zukIn 3 | setIn 157 | zukHp 303 | chosen 30,14 | walk - | weapon Rune Crossbow | untilShot 2 | target TzKal-Zuk[zuk] | gate ok | overhead none | JalTok-Jad@24,25 TAGGED; TzKal-Zuk@22,8 TAGGED
t1287 | 30,14 | 32..36|W|frz-4 | zukIn 2 | setIn 156 | zukHp 303 | chosen 30,14 | walk - | weapon Rune Crossbow | untilShot 1 | target TzKal-Zuk[zuk] | gate ok | overhead none | JalTok-Jad@24,25 TAGGED; TzKal-Zuk@22,8 TAGGED
t1288 | 30,14 | 31..35|W|frz-5 | zukIn 1 | setIn 155 | zukHp 303 | chosen 30,14 | walk - | weapon Rune Crossbow | untilShot 5 | target TzKal-Zuk[zuk] | gate ok | overhead none | JalTok-Jad@24,25 TAGGED; TzKal-Zuk@22,8 TAGGED
FIRED t1288 | 30,14 | Rune Crossbow | TzKal-Zuk
t1289 | 30,14 | 30..34|W|frz-6 | zukIn 10 | setIn 154 | zukHp 303 | chosen 20,14 | walk ->20,14 | weapon Rune Crossbow | untilShot 4 | target -[-] | gate - | overhead none | JalTok-Jad@24,25 TAGGED; TzKal-Zuk@22,8 TAGGED
t1290 | 28,14 | 29..33|W|frz-7 | zukIn 9 | setIn 153 | zukHp 303 | chosen 20,14 | walk ->20,14 | weapon Rune Crossbow | untilShot 3 | target TzKal-Zuk[zuk] | gate ok | overhead none | JalTok-Jad@24,25 TAGGED; TzKal-Zuk@22,8 TAGGED
t1291 | 26,14 | 28..32|W|frz-8 | zukIn 8 | setIn 152 | zukHp 303 | chosen 20,14 | walk ->20,14 | weapon Rune Crossbow | untilShot 2 | target TzKal-Zuk[zuk] | gate ok | overhead none | JalTok-Jad@24,25 TAGGED; TzKal-Zuk@22,8 TAGGED
t1292 | 24,14 | 27..31|W|frz-9 | zukIn 7 | setIn 151 | zukHp 303 | chosen 20,14 | walk ->20,14 | weapon Rune Crossbow | untilShot 1 | target TzKal-Zuk[zuk] | gate ok | overhead Protect from Range | JalTok-Jad@24,25 TAGGED; TzKal-Zuk@22,8 TAGGED
t1293 | 24,14 | 26..30|W|frz-10 | zukIn 6 | setIn 150 | zukHp 303 | chosen 20,14 | walk ->20,14 | weapon Rune Crossbow | untilShot 5 | target -[-] | gate - | overhead none | JalTok-Jad@24,25 TAGGED; TzKal-Zuk@22,8 TAGGED
FIRED t1293 | 24,14 | Rune Crossbow | TzKal-Zuk
t1294 | 22,14 | 25..29|W|frz-11 | zukIn 5 | setIn 149 | zukHp 303 | chosen 20,14 | walk ->20,14 | weapon Rune Crossbow | untilShot 4 | target TzKal-Zuk[zuk] | gate ok | overhead none | JalTok-Jad@24,25 TAGGED; TzKal-Zuk@22,8 TAGGED
t1295 | 20,14 | 24..28|W|frz-12 | zukIn 4 | setIn 148 | zukHp 303 | chosen 20,14 | walk - | weapon Rune Crossbow | untilShot 3 | target TzKal-Zuk[zuk] | gate ok | overhead none | JalTok-Jad@24,25 TAGGED; TzKal-Zuk@22,8 TAGGED
t1296 | 20,14 | 23..27|W|frz-13 | zukIn 3 | setIn 147 | zukHp 275 | chosen 20,14 | walk - | weapon Rune Crossbow | untilShot 2 | target TzKal-Zuk[zuk] | gate ok | overhead none | JalTok-Jad@24,25 TAGGED; TzKal-Zuk@22,8 TAGGED
t1297 | 20,14 | 22..26|W|frz-14 | zukIn 2 | setIn 146 | zukHp 275 | chosen 20,14 | walk - | weapon Rune Crossbow | untilShot 1 | target TzKal-Zuk[zuk] | gate ok | overhead none | JalTok-Jad@24,25 TAGGED; TzKal-Zuk@22,8 TAGGED
t1298 | 20,14 | 21..25|W|frz-15 | zukIn 1 | setIn 145 | zukHp 275 | chosen 20,14 | walk - | weapon Rune Crossbow | untilShot 5 | target TzKal-Zuk[zuk] | gate ok | overhead none | JalTok-Jad@24,25 TAGGED; TzKal-Zuk@22,8 TAGGED
FIRED t1298 | 20,14 | Rune Crossbow | TzKal-Zuk
t1299 | 20,14 | 20..24|W|frz-16 | zukIn 10 | setIn 144 | zukHp 275 | chosen 15,14 | walk ->15,14 | weapon Rune Crossbow | untilShot 4 | target -[-] | gate - | overhead none | JalTok-Jad@24,25 TAGGED; TzKal-Zuk@22,8 TAGGED
t1300 | 18,14 | 19..23|W|frz-17 | zukIn 9 | setIn 143 | zukHp 275 | chosen 15,14 | walk ->15,14 | weapon Rune Crossbow | untilShot 3 | target TzKal-Zuk[zuk] | gate - | overhead Protect from Range | JalTok-Jad@24,25 TAGGED; TzKal-Zuk@22,8 TAGGED
t1301 | 16,14 | 18..22|W|frz-18 | zukIn 8 | setIn 142 | zukHp 243 | chosen 15,14 | walk ->15,14 | weapon Rune Crossbow | untilShot 2 | target TzKal-Zuk[zuk] | gate - | overhead none | JalTok-Jad@24,25 TAGGED; TzKal-Zuk@22,8 TAGGED
t1302 | 15,14 | 17..21|W|frz-19 | zukIn 7 | setIn 141 | zukHp 243 | chosen 15,14 | walk - | weapon Rune Crossbow | untilShot 1 | target TzKal-Zuk[zuk] | gate ok | overhead none | JalTok-Jad@24,25 TAGGED; TzKal-Zuk@22,8 TAGGED
t1303 | 15,14 | 16..20|W|frz-20 | zukIn 6 | setIn 140 | zukHp 243 | chosen 14,14 | walk ->14,14 | weapon Rune Crossbow | untilShot 5 | target -[-] | gate - | overhead none | JalTok-Jad@24,25 TAGGED; TzKal-Zuk@22,8 TAGGED
FIRED t1303 | 15,14 | Rune Crossbow | TzKal-Zuk
t1304 | 14,14 | 15..19|W|frz-21 | zukIn 5 | setIn 139 | zukHp 243 | chosen 14,14 | walk - | weapon Rune Crossbow | untilShot 4 | target TzKal-Zuk[zuk] | gate - | overhead none | JalTok-Jad@24,25 TAGGED; TzKal-Zuk@22,8 TAGGED
t1305 | 14,14 | 14..18|W|frz-22 | zukIn 4 | setIn 138 | zukHp 243 | chosen 14,14 | walk - | weapon Rune Crossbow | untilShot 3 | target TzKal-Zuk[zuk] | gate - | overhead none | JalTok-Jad@24,25 TAGGED; TzKal-Zuk@22,8 TAGGED
t1306 | 14,14 | 13..17|W|frz-23 | zukIn 3 | setIn 137 | zukHp 220 | chosen 14,14 | walk - | weapon Rune Crossbow | untilShot 2 | target TzKal-Zuk[zuk] | gate - | overhead none | JalTok-Jad@24,25 TAGGED; TzKal-Zuk@22,8 TAGGED; MejJak@16,9 untagged; MejJak@20,9 untagged; MejJak@30,9 untagged; MejJak@34,9 untagged
t1307 | 14,14 | 12..16|W|frz-24 | zukIn 2 | setIn 136 | zukHp 220 | chosen 14,14 | walk - | weapon Rune Crossbow | untilShot 1 | target Jal-MejJak[untagged-tag] | gate ok | overhead none | MejJak@16,9 untagged; MejJak@20,9 untagged; MejJak@30,9 untagged; MejJak@34,9 untagged; JalTok-Jad@24,25 TAGGED; TzKal-Zuk@22,8 TAGGED
t1308 | 14,14 | 11..15|W|frz-25 | zukIn 1 | setIn 135 | zukHp 220 | chosen 14,14 | walk - | weapon Rune Crossbow | untilShot 5 | target Jal-MejJak[untagged-tag] | gate ok | overhead Protect from Range | MejJak@16,9 untagged; MejJak@20,9 untagged; MejJak@30,9 untagged; MejJak@34,9 untagged; JalTok-Jad@24,25 TAGGED; TzKal-Zuk@22,8 TAGGED
FIRED t1308 | 14,14 | Rune Crossbow | Jal-MejJak
t1309 | 14,14 | 10..14|E|frz4 | zukIn 7 | setIn 134 | zukHp 220 | chosen 14,14 | walk - | weapon Rune Crossbow | untilShot 4 | target Jal-MejJak[untagged-tag] | gate ok | overhead none | MejJak@16,9 untagged; MejJak@20,9 untagged; MejJak@30,9 untagged; MejJak@34,9 untagged; JalTok-Jad@24,25 TAGGED; TzKal-Zuk@22,8 TAGGED
t1310 | 14,14 | 10..14|E|frz3 | zukIn 6 | setIn 133 | zukHp 220 | chosen 14,14 | walk - | weapon Rune Crossbow | untilShot 3 | target Jal-MejJak[untagged-tag] | gate ok | overhead none | MejJak@16,9 untagged; MejJak@20,9 untagged; MejJak@30,9 untagged; MejJak@34,9 untagged; JalTok-Jad@24,25 TAGGED; TzKal-Zuk@22,8 TAGGED
t1311 | 14,14 | 10..14|E|frz2 | zukIn 5 | setIn 132 | zukHp 255 | chosen 17,14 | walk ->17,14 | weapon Rune Crossbow | untilShot 2 | target -[-] | gate - | overhead none | MejJak@16,9 TAGGED; MejJak@20,9 untagged; MejJak@30,9 untagged; MejJak@34,9 untagged; JalTok-Jad@24,25 TAGGED; TzKal-Zuk@22,8 TAGGED
t1312 | 16,14 | 10..14|E|frz1 | zukIn 4 | setIn 131 | zukHp 255 | chosen 17,14 | walk ->17,14 | weapon Rune Crossbow | untilShot 1 | target Jal-MejJak[untagged-tag] | gate ok | overhead none | MejJak@16,9 TAGGED; MejJak@20,9 untagged; MejJak@30,9 untagged; MejJak@34,9 untagged; JalTok-Jad@24,25 TAGGED; TzKal-Zuk@22,8 TAGGED
t1313 | 16,14 | 10..14|E|frz0 | zukIn 3 | setIn 130 | zukHp 255 | chosen 16,14 | walk - | weapon Rune Crossbow | untilShot 5 | target Jal-MejJak[untagged-tag] | gate ok | overhead none | MejJak@16,9 TAGGED; MejJak@20,9 untagged; MejJak@30,9 untagged; MejJak@34,9 untagged; JalTok-Jad@24,25 TAGGED; TzKal-Zuk@22,8 TAGGED
FIRED t1313 | 16,14 | Rune Crossbow | Jal-MejJak
t1314 | 16,14 | 11..15|E|frz-1 | zukIn 2 | setIn 129 | zukHp 289 | chosen 16,14 | walk - | weapon Rune Crossbow | untilShot 4 | target Jal-MejJak[untagged-tag] | gate ok | overhead none | MejJak@16,9 TAGGED; MejJak@20,9 untagged; MejJak@30,9 untagged; MejJak@34,9 untagged; JalTok-Jad@24,25 TAGGED; TzKal-Zuk@22,8 TAGGED
t1315 | 16,14 | 12..16|E|frz-2 | zukIn 1 | setIn 128 | zukHp 289 | chosen 16,14 | walk - | weapon Rune Crossbow | untilShot 3 | target Jal-MejJak[untagged-tag] | gate ok | overhead none | MejJak@16,9 TAGGED; MejJak@20,9 untagged; MejJak@30,9 untagged; MejJak@34,9 untagged; JalTok-Jad@24,25 TAGGED; TzKal-Zuk@22,8 TAGGED
t1316 | 16,14 | 13..17|E|frz-3 | zukIn 7 | setIn 127 | zukHp 289 | chosen 24,14 | walk ->24,14 | weapon Rune Crossbow | untilShot 2 | target -[-] | gate - | overhead Protect from Range | MejJak@16,9 TAGGED; MejJak@20,9 TAGGED; MejJak@30,9 untagged; MejJak@34,9 untagged; JalTok-Jad@24,25 TAGGED; TzKal-Zuk@22,8 TAGGED
t1317 | 18,14 | 14..18|E|frz-4 | zukIn 6 | setIn 126 | zukHp 334 | chosen 24,14 | walk ->24,14 | weapon Rune Crossbow | untilShot 1 | target Jal-MejJak[healer] | gate ok | overhead none | MejJak@16,9 TAGGED; MejJak@20,9 TAGGED; MejJak@30,9 untagged; MejJak@34,9 untagged; JalTok-Jad@24,25 TAGGED; TzKal-Zuk@22,8 TAGGED
t1318 | 18,14 | 15..19|E|frz-5 | zukIn 5 | setIn 125 | zukHp 334 | chosen 24,14 | walk ->24,14 | weapon Rune Crossbow | untilShot 5 | target -[-] | gate - | overhead none | MejJak@16,9 TAGGED; MejJak@20,9 TAGGED; MejJak@30,9 untagged; MejJak@34,9 untagged; JalTok-Jad@24,25 TAGGED; TzKal-Zuk@22,8 TAGGED
FIRED t1318 | 18,14 | Rune Crossbow | Jal-MejJak
t1319 | 20,14 | 16..20|E|frz-6 | zukIn 4 | setIn 124 | zukHp 334 | chosen 24,14 | walk ->24,14 | weapon Rune Crossbow | untilShot 4 | target Jal-MejJak[healer] | gate ok | overhead none | MejJak@16,9 TAGGED; MejJak@20,9 TAGGED; MejJak@30,9 untagged; MejJak@34,9 untagged; JalTok-Jad@24,25 TAGGED; TzKal-Zuk@22,8 TAGGED
t1320 | 22,14 | 17..21|E|frz-7 | zukIn 3 | setIn 123 | zukHp 367 | chosen 22,14 | walk ->24,14 | weapon Rune Crossbow | untilShot 3 | target Jal-MejJak[healer] | gate ok | overhead none | MejJak@16,9 TAGGED; MejJak@20,9 TAGGED; MejJak@30,9 untagged; MejJak@34,9 untagged; JalTok-Jad@24,25 TAGGED; TzKal-Zuk@22,8 TAGGED
t1321 | 24,14 | 18..22|E|frz-8 | zukIn 2 | setIn 122 | zukHp 367 | chosen 24,14 | walk - | weapon Rune Crossbow | untilShot 2 | target Jal-MejJak[healer] | gate ok | overhead none | MejJak@16,9 TAGGED; MejJak@20,9 TAGGED; MejJak@30,9 untagged; MejJak@34,9 untagged; JalTok-Jad@24,25 TAGGED; TzKal-Zuk@22,8 TAGGED
t1322 | 24,14 | 19..23|E|frz-9 | zukIn 1 | setIn 121 | zukHp 367 | chosen 24,14 | walk - | weapon Toxic Blowpipe | untilShot 1 | target Jal-MejJak[healer] | gate ok | overhead none | MejJak@16,9 TAGGED; MejJak@20,9 TAGGED; MejJak@30,9 untagged; MejJak@34,9 untagged; JalTok-Jad@24,25 TAGGED; TzKal-Zuk@22,8 TAGGED
t1323 | 24,14 | 20..24|E|frz-10 | zukIn 7 | setIn 120 | zukHp 391 | chosen 31,14 | walk ->31,14 | weapon Toxic Blowpipe | untilShot 2 | target -[-] | gate - | overhead none | MejJak@16,9 TAGGED; MejJak@20,9 TAGGED; MejJak@30,9 untagged; MejJak@34,9 untagged; JalTok-Jad@24,25 TAGGED; TzKal-Zuk@22,8 TAGGED
FIRED t1323 | 24,14 | Toxic Blowpipe | Jal-MejJak
t1324 | 26,14 | 21..25|E|frz-11 | zukIn 6 | setIn 119 | zukHp 391 | chosen 31,14 | walk ->31,14 | weapon Toxic Blowpipe | untilShot 1 | target Jal-MejJak[untagged-tag] | gate ok | overhead Protect from Magic | MejJak@16,9 TAGGED; MejJak@20,9 TAGGED; MejJak@30,9 untagged; MejJak@34,9 untagged; JalTok-Jad@24,25 TAGGED; TzKal-Zuk@22,8 TAGGED
t1325 | 26,14 | 22..26|E|frz-12 | zukIn 5 | setIn 118 | zukHp 391 | chosen 31,14 | walk ->31,14 | weapon Toxic Blowpipe | untilShot 2 | target -[-] | gate - | overhead none | MejJak@16,9 TAGGED; MejJak@20,9 TAGGED; MejJak@30,9 untagged; MejJak@34,9 untagged; JalTok-Jad@24,25 TAGGED; TzKal-Zuk@22,8 TAGGED
FIRED t1325 | 26,14 | Toxic Blowpipe | Jal-MejJak
t1326 | 28,14 | 23..27|E|frz-13 | zukIn 4 | setIn 117 | zukHp 412 | chosen 31,14 | walk ->31,14 | weapon Toxic Blowpipe | untilShot 1 | target Jal-MejJak[untagged-tag] | gate ok | overhead none | MejJak@16,9 TAGGED; MejJak@20,9 TAGGED; MejJak@30,9 untagged; MejJak@34,9 untagged; JalTok-Jad@24,25 TAGGED; TzKal-Zuk@22,8 TAGGED
t1327 | 28,14 | 24..28|E|frz-14 | zukIn 3 | setIn 116 | zukHp 412 | chosen 31,14 | walk ->31,14 | weapon Toxic Blowpipe | untilShot 1 | target -[-] | gate - | overhead none | MejJak@16,9 TAGGED; MejJak@20,9 TAGGED; MejJak@30,9 TAGGED; MejJak@34,9 untagged; JalTok-Jad@24,25 TAGGED; TzKal-Zuk@22,8 TAGGED
t1328 | 30,14 | 25..29|E|frz-15 | zukIn 2 | setIn 115 | zukHp 412 | chosen 31,14 | walk ->31,14 | weapon Toxic Blowpipe | untilShot 1 | target Jal-MejJak[untagged-tag] | gate ok | overhead none | MejJak@16,9 TAGGED; MejJak@20,9 TAGGED; MejJak@30,9 TAGGED; MejJak@34,9 untagged; JalTok-Jad@24,25 TAGGED; TzKal-Zuk@22,8 TAGGED
t1329 | 30,14 | 26..30|E|frz-16 | zukIn 1 | setIn 114 | zukHp 441 | chosen 30,14 | walk - | weapon Toxic Blowpipe | untilShot 2 | target Jal-MejJak[untagged-tag] | gate ok | overhead none | MejJak@16,9 TAGGED; MejJak@20,9 TAGGED; MejJak@30,9 TAGGED; MejJak@34,9 untagged; JalTok-Jad@24,25 TAGGED; TzKal-Zuk@22,8 TAGGED
FIRED t1329 | 30,14 | Toxic Blowpipe | Jal-MejJak
t1330 | 30,14 | 27..31|E|frz-17 | zukIn 7 | setIn 113 | zukHp 441 | chosen 35,14 | walk ->35,14 | weapon Toxic Blowpipe | untilShot 1 | target -[-] | gate - | overhead none | MejJak@16,9 TAGGED; MejJak@20,9 TAGGED; MejJak@30,9 TAGGED; MejJak@34,9 untagged; JalTok-Jad@24,25 TAGGED; TzKal-Zuk@22,8 TAGGED
t1331 | 32,14 | 28..32|E|frz-18 | zukIn 6 | setIn 112 | zukHp 441 | chosen 35,14 | walk ->35,14 | weapon Toxic Blowpipe | untilShot 1 | target Jal-MejJak[healer] | gate ok | overhead none | MejJak@16,9 TAGGED; MejJak@20,9 TAGGED; MejJak@30,9 TAGGED; MejJak@34,9 TAGGED; JalTok-Jad@24,25 TAGGED; TzKal-Zuk@22,8 TAGGED
t1332 | 32,14 | 29..33|E|frz-19 | zukIn 5 | setIn 111 | zukHp 446 | chosen 36,14 | walk ->36,14 | weapon Toxic Blowpipe | untilShot 2 | target -[-] | gate - | overhead Protect from Magic | MejJak@16,9 TAGGED; MejJak@20,9 TAGGED; MejJak@30,9 TAGGED; MejJak@34,9 TAGGED; JalTok-Jad@24,25 TAGGED; TzKal-Zuk@22,8 TAGGED
FIRED t1332 | 32,14 | Toxic Blowpipe | Jal-MejJak
t1333 | 34,14 | 30..34|E|frz-20 | zukIn 4 | setIn 110 | zukHp 446 | chosen 36,14 | walk ->36,14 | weapon Toxic Blowpipe | untilShot 1 | target Jal-MejJak[healer] | gate ok | overhead none | MejJak@16,9 TAGGED; MejJak@20,9 TAGGED; MejJak@30,9 TAGGED; MejJak@34,9 TAGGED; JalTok-Jad@24,25 TAGGED; TzKal-Zuk@22,8 TAGGED
t1334 | 34,14 | 31..35|E|frz-21 | zukIn 3 | setIn 109 | zukHp 446 | chosen 37,14 | walk ->37,14 | weapon Toxic Blowpipe | untilShot 2 | target -[-] | gate - | overhead none | MejJak@16,9 TAGGED; MejJak@20,9 TAGGED; MejJak@30,9 TAGGED; MejJak@34,9 TAGGED; JalTok-Jad@24,25 TAGGED; TzKal-Zuk@22,8 TAGGED
FIRED t1334 | 34,14 | Toxic Blowpipe | Jal-MejJak
t1335 | 36,14 | 32..36|E|frz-22 | zukIn 2 | setIn 108 | zukHp 446 | chosen 36,14 | walk ->37,14 | weapon Toxic Blowpipe | untilShot 1 | target Jal-MejJak[healer] | gate ok | overhead none | MejJak@16,9 TAGGED; MejJak@20,9 TAGGED; MejJak@30,9 TAGGED; MejJak@34,9 TAGGED; JalTok-Jad@24,25 TAGGED; TzKal-Zuk@22,8 TAGGED
t1336 | 36,14 | 33..37|E|frz-23 | zukIn 1 | setIn 107 | zukHp 446 | chosen 36,14 | walk - | weapon Toxic Blowpipe | untilShot 2 | target Jal-MejJak[healer] | gate ok | overhead none | MejJak@16,9 TAGGED; MejJak@20,9 TAGGED; MejJak@30,9 TAGGED; MejJak@34,9 TAGGED; JalTok-Jad@24,25 TAGGED; TzKal-Zuk@22,8 TAGGED
FIRED t1336 | 36,14 | Toxic Blowpipe | Jal-MejJak
t1337 | 36,14 | 34..38|E|frz-24 | zukIn 7 | setIn 106 | zukHp 446 | chosen 35,14 | walk ->35,14 | weapon Toxic Blowpipe | untilShot 1 | target -[-] | gate - | overhead none | MejJak@16,9 TAGGED; MejJak@20,9 TAGGED; MejJak@30,9 TAGGED; MejJak@34,9 TAGGED; JalTok-Jad@24,25 TAGGED; TzKal-Zuk@22,8 TAGGED
t1338 | 35,14 | 35..39|E|frz-25 | zukIn 6 | setIn 105 | zukHp 446 | chosen 35,14 | walk - | weapon Toxic Blowpipe | untilShot 1 | target Jal-MejJak[healer] | gate ok | overhead none | MejJak@16,9 TAGGED; MejJak@20,9 TAGGED; MejJak@30,9 TAGGED; MejJak@34,9 TAGGED; JalTok-Jad@24,25 TAGGED; TzKal-Zuk@22,8 TAGGED
t1339 | 35,14 | 36..40|W|frz4 | zukIn 5 | setIn 104 | zukHp 446 | chosen 38,14 | walk ->38,14 | weapon Toxic Blowpipe | untilShot 2 | target -[-] | gate - | overhead none | MejJak@16,9 TAGGED; MejJak@20,9 TAGGED; MejJak@30,9 TAGGED; MejJak@34,9 TAGGED; JalTok-Jad@24,25 TAGGED; TzKal-Zuk@22,8 TAGGED
FIRED t1339 | 35,14 | Toxic Blowpipe | Jal-MejJak
t1340 | 37,14 | 36..40|W|frz3 | zukIn 4 | setIn 103 | zukHp 446 | chosen 38,14 | walk ->38,14 | weapon Toxic Blowpipe | untilShot 1 | target Jal-MejJak[healer] | gate ok | overhead Protect from Magic | MejJak@16,9 TAGGED; MejJak@20,9 TAGGED; MejJak@30,9 TAGGED; MejJak@34,9 TAGGED; JalTok-Jad@24,25 TAGGED; TzKal-Zuk@22,8 TAGGED
t1341 | 37,14 | 36..40|W|frz2 | zukIn 3 | setIn 102 | zukHp 446 | chosen 37,14 | walk - | weapon Toxic Blowpipe | untilShot 2 | target -[-] | gate - | overhead none | MejJak@16,9 TAGGED; MejJak@20,9 TAGGED; MejJak@30,9 TAGGED; MejJak@34,9 TAGGED; JalTok-Jad@24,25 TAGGED; TzKal-Zuk@22,8 TAGGED
FIRED t1341 | 37,14 | Toxic Blowpipe | Jal-MejJak
t1342 | 37,14 | 36..40|W|frz1 | zukIn 2 | setIn 101 | zukHp 446 | chosen 35,14 | walk ->35,14 | weapon Toxic Blowpipe | untilShot 1 | target -[-] | gate - | overhead none | MejJak@16,9 TAGGED; MejJak@20,9 TAGGED; MejJak@30,9 TAGGED; MejJak@34,9 TAGGED; JalTok-Jad@24,25 TAGGED; TzKal-Zuk@22,8 TAGGED
t1343 | 35,14 | 36..40|W|frz0 | zukIn 1 | setIn 100 | zukHp 446 | chosen 35,14 | walk - | weapon Toxic Blowpipe | untilShot 1 | target Jal-MejJak[healer] | gate ok | overhead none | MejJak@16,9 TAGGED; MejJak@20,9 TAGGED; MejJak@30,9 TAGGED; MejJak@34,9 TAGGED; JalTok-Jad@24,25 TAGGED; TzKal-Zuk@22,8 TAGGED
t1344 | 35,14 | 35..39|W|frz-1 | zukIn 7 | setIn 99 | zukHp 446 | chosen 28,14 | walk ->28,14 | weapon Toxic Blowpipe | untilShot 2 | target -[-] | gate - | overhead none | MejJak@16,9 TAGGED; MejJak@20,9 TAGGED; MejJak@30,9 TAGGED; MejJak@34,9 TAGGED; JalTok-Jad@24,25 TAGGED; TzKal-Zuk@22,8 TAGGED
FIRED t1344 | 35,14 | Toxic Blowpipe | Jal-MejJak
t1345 | 33,14 | 34..38|W|frz-2 | zukIn 6 | setIn 98 | zukHp 446 | chosen 28,14 | walk ->28,14 | weapon Toxic Blowpipe | untilShot 1 | target Jal-MejJak[healer] | gate ok | overhead none | MejJak@16,9 TAGGED; MejJak@20,9 TAGGED; MejJak@30,9 TAGGED; MejJak@34,9 TAGGED; JalTok-Jad@24,25 TAGGED; TzKal-Zuk@22,8 TAGGED
t1346 | 33,14 | 33..37|W|frz-3 | zukIn 5 | setIn 97 | zukHp 446 | chosen 28,14 | walk ->28,14 | weapon Toxic Blowpipe | untilShot 2 | target -[-] | gate - | overhead none | MejJak@16,9 TAGGED; MejJak@20,9 TAGGED; MejJak@30,9 TAGGED; MejJak@34,9 TAGGED; JalTok-Jad@24,25 TAGGED; TzKal-Zuk@22,8 TAGGED
FIRED t1346 | 33,14 | Toxic Blowpipe | Jal-MejJak
t1347 | 31,14 | 32..36|W|frz-4 | zukIn 4 | setIn 96 | zukHp 446 | chosen 28,14 | walk ->28,14 | weapon Toxic Blowpipe | untilShot 1 | target Jal-MejJak[healer] | gate ok | overhead none | MejJak@16,9 TAGGED; MejJak@20,9 TAGGED; MejJak@30,9 TAGGED; MejJak@34,9 TAGGED; JalTok-Jad@24,25 TAGGED; TzKal-Zuk@22,8 TAGGED
t1348 | 31,14 | 31..35|W|frz-5 | zukIn 3 | setIn 95 | zukHp 446 | chosen 31,14 | walk - | weapon Toxic Blowpipe | untilShot 2 | target Jal-MejJak[healer] | gate ok | overhead Protect from Magic | MejJak@16,9 TAGGED; MejJak@20,9 TAGGED; MejJak@30,9 TAGGED; MejJak@34,9 TAGGED; JalTok-Jad@24,25 TAGGED; TzKal-Zuk@22,8 TAGGED
FIRED t1348 | 31,14 | Toxic Blowpipe | Jal-MejJak
t1349 | 31,14 | 30..34|W|frz-6 | zukIn 2 | setIn 94 | zukHp 446 | chosen 31,14 | walk - | weapon Toxic Blowpipe | untilShot 1 | target Jal-MejJak[healer] | gate ok | overhead none | MejJak@16,9 TAGGED; MejJak@20,9 TAGGED; MejJak@30,9 TAGGED; MejJak@34,9 TAGGED; JalTok-Jad@24,25 TAGGED; TzKal-Zuk@22,8 TAGGED
t1350 | 31,14 | 29..33|W|frz-7 | zukIn 1 | setIn 93 | zukHp 446 | chosen 31,14 | walk - | weapon Toxic Blowpipe | untilShot 2 | target Jal-MejJak[healer] | gate ok | overhead none | MejJak@16,9 TAGGED; MejJak@20,9 TAGGED; MejJak@30,9 TAGGED; MejJak@34,9 TAGGED; JalTok-Jad@24,25 TAGGED; TzKal-Zuk@22,8 TAGGED
FIRED t1350 | 31,14 | Toxic Blowpipe | Jal-MejJak
t1351 | 31,14 | 28..32|W|frz-8 | zukIn 7 | setIn 92 | zukHp 446 | chosen 24,14 | walk ->24,14 | weapon Toxic Blowpipe | untilShot 1 | target -[-] | gate - | overhead none | MejJak@16,9 TAGGED; MejJak@20,9 TAGGED; MejJak@30,9 TAGGED; MejJak@34,9 TAGGED; JalTok-Jad@24,25 TAGGED; TzKal-Zuk@22,8 TAGGED
t1352 | 29,14 | 27..31|W|frz-9 | zukIn 6 | setIn 91 | zukHp 446 | chosen 24,14 | walk ->24,14 | weapon Toxic Blowpipe | untilShot 1 | target Jal-MejJak[healer] | gate ok | overhead none | MejJak@16,9 TAGGED; MejJak@20,9 TAGGED; MejJak@30,9 TAGGED; MejJak@34,9 TAGGED; JalTok-Jad@24,25 TAGGED; TzKal-Zuk@22,8 TAGGED
t1353 | 29,14 | 26..30|W|frz-10 | zukIn 5 | setIn 90 | zukHp 446 | chosen 24,14 | walk ->24,14 | weapon Toxic Blowpipe | untilShot 2 | target -[-] | gate - | overhead none | MejJak@16,9 TAGGED; MejJak@20,9 TAGGED; MejJak@30,9 TAGGED; MejJak@34,9 TAGGED; JalTok-Jad@24,25 TAGGED; TzKal-Zuk@22,8 TAGGED
FIRED t1353 | 29,14 | Toxic Blowpipe | Jal-MejJak
t1354 | 27,14 | 25..29|W|frz-11 | zukIn 4 | setIn 89 | zukHp 446 | chosen 21,14 | walk ->21,14 | weapon Toxic Blowpipe | untilShot 1 | target -[-] | gate - | overhead none | MejJak@16,9 TAGGED; MejJak@20,9 TAGGED; MejJak@30,9 TAGGED; MejJak@34,9 TAGGED; JalTok-Jad@24,25 TAGGED; TzKal-Zuk@22,8 TAGGED
t1355 | 25,14 | 24..28|W|frz-12 | zukIn 3 | setIn 88 | zukHp 446 | chosen 21,14 | walk ->21,14 | weapon Toxic Blowpipe | untilShot 1 | target Jal-MejJak[healer] | gate ok | overhead none | MejJak@16,9 TAGGED; MejJak@20,9 TAGGED; MejJak@30,9 TAGGED; MejJak@34,9 TAGGED; JalTok-Jad@24,25 TAGGED; TzKal-Zuk@22,8 TAGGED
t1356 | 25,14 | 23..27|W|frz-13 | zukIn 2 | setIn 87 | zukHp 446 | chosen 23,14 | walk ->23,14 | weapon Toxic Blowpipe | untilShot 2 | target -[-] | gate - | overhead Protect from Magic | MejJak@16,9 TAGGED; MejJak@20,9 TAGGED; MejJak@30,9 TAGGED; MejJak@34,9 TAGGED; JalTok-Jad@24,25 TAGGED; TzKal-Zuk@22,8 TAGGED
FIRED t1356 | 25,14 | Toxic Blowpipe | Jal-MejJak
t1357 | 23,14 | 22..26|W|frz-14 | zukIn 1 | setIn 86 | zukHp 446 | chosen 23,14 | walk - | weapon Toxic Blowpipe | untilShot 1 | target Jal-MejJak[healer] | gate ok | overhead none | MejJak@16,9 TAGGED; MejJak@20,9 TAGGED; MejJak@30,9 TAGGED; MejJak@34,9 TAGGED; JalTok-Jad@24,25 TAGGED; TzKal-Zuk@22,8 TAGGED
t1358 | 23,14 | 21..25|W|frz-15 | zukIn 7 | setIn 85 | zukHp 446 | chosen 14,14 | walk ->14,14 | weapon Toxic Blowpipe | untilShot 2 | target -[-] | gate - | overhead none | MejJak@16,9 TAGGED; MejJak@20,9 TAGGED; MejJak@30,9 TAGGED; MejJak@34,9 TAGGED; JalTok-Jad@24,25 TAGGED; TzKal-Zuk@22,8 TAGGED
FIRED t1358 | 23,14 | Toxic Blowpipe | Jal-MejJak
t1359 | 21,14 | 20..24|W|frz-16 | zukIn 6 | setIn 84 | zukHp 446 | chosen 14,14 | walk ->14,14 | weapon Toxic Blowpipe | untilShot 1 | target Jal-MejJak[healer] | gate ok | overhead none | MejJak@16,9 TAGGED; MejJak@20,9 TAGGED; MejJak@30,9 TAGGED; MejJak@34,9 TAGGED; JalTok-Jad@24,25 TAGGED; TzKal-Zuk@22,8 TAGGED
t1360 | 21,14 | 19..23|W|frz-17 | zukIn 5 | setIn 83 | zukHp 446 | chosen 14,14 | walk ->14,14 | weapon Toxic Blowpipe | untilShot 2 | target -[-] | gate - | overhead none | MejJak@16,9 TAGGED; MejJak@20,9 TAGGED; MejJak@30,9 TAGGED; MejJak@34,9 TAGGED; JalTok-Jad@24,25 TAGGED; TzKal-Zuk@22,8 TAGGED
FIRED t1360 | 21,14 | Toxic Blowpipe | Jal-MejJak
t1361 | 19,14 | 18..22|W|frz-18 | zukIn 4 | setIn 82 | zukHp 446 | chosen 14,14 | walk ->14,14 | weapon Toxic Blowpipe | untilShot 1 | target Jal-MejJak[healer] | gate ok | overhead none | MejJak@16,9 TAGGED; MejJak@20,9 TAGGED; MejJak@30,9 TAGGED; MejJak@34,9 TAGGED; JalTok-Jad@24,25 TAGGED; TzKal-Zuk@22,8 TAGGED
t1362 | 19,14 | 17..21|W|frz-19 | zukIn 3 | setIn 81 | zukHp 446 | chosen 15,14 | walk ->15,14 | weapon Toxic Blowpipe | untilShot 2 | target -[-] | gate - | overhead none | MejJak@16,9 TAGGED; MejJak@20,9 TAGGED; MejJak@30,9 TAGGED; MejJak@34,9 TAGGED; JalTok-Jad@24,25 TAGGED; TzKal-Zuk@22,8 TAGGED
FIRED t1362 | 19,14 | Toxic Blowpipe | Jal-MejJak
t1363 | 17,14 | 16..20|W|frz-20 | zukIn 2 | setIn 80 | zukHp 446 | chosen 15,14 | walk ->15,14 | weapon Toxic Blowpipe | untilShot 1 | target Jal-MejJak[healer] | gate ok | overhead none | MejJak@16,9 TAGGED; MejJak@20,9 TAGGED; MejJak@30,9 TAGGED; MejJak@34,9 TAGGED; JalTok-Jad@24,25 TAGGED; TzKal-Zuk@22,8 TAGGED
t1364 | 17,14 | 15..19|W|frz-21 | zukIn 1 | setIn 79 | zukHp 446 | chosen 17,14 | walk - | weapon Toxic Blowpipe | untilShot 2 | target Jal-MejJak[healer] | gate ok | overhead Protect from Range | MejJak@16,9 TAGGED; MejJak@20,9 TAGGED; MejJak@30,9 TAGGED; MejJak@34,9 TAGGED; JalTok-Jad@24,25 TAGGED; TzKal-Zuk@22,8 TAGGED
FIRED t1364 | 17,14 | Toxic Blowpipe | Jal-MejJak
t1365 | 17,14 | 14..18|W|frz-22 | zukIn 7 | setIn 78 | zukHp 446 | chosen 11,14 | walk ->11,14 | weapon Toxic Blowpipe | untilShot 1 | target -[-] | gate - | overhead none | MejJak@16,9 TAGGED; MejJak@20,9 TAGGED; MejJak@30,9 TAGGED; MejJak@34,9 TAGGED; JalTok-Jad@24,25 TAGGED; TzKal-Zuk@22,8 TAGGED
t1366 | 15,14 | 13..17|W|frz-23 | zukIn 6 | setIn 77 | zukHp 446 | chosen 11,14 | walk ->11,14 | weapon Toxic Blowpipe | untilShot 1 | target Jal-MejJak[healer] | gate ok | overhead none | MejJak@16,9 TAGGED; MejJak@20,9 TAGGED; MejJak@30,9 TAGGED; MejJak@34,9 TAGGED; JalTok-Jad@24,25 TAGGED; TzKal-Zuk@22,8 TAGGED
t1367 | 15,14 | 12..16|W|frz-24 | zukIn 5 | setIn 76 | zukHp 446 | chosen 12,14 | walk ->12,14 | weapon Toxic Blowpipe | untilShot 2 | target -[-] | gate - | overhead none | MejJak@16,9 TAGGED; MejJak@20,9 TAGGED; MejJak@30,9 TAGGED; MejJak@34,9 TAGGED; JalTok-Jad@24,25 TAGGED; TzKal-Zuk@22,8 TAGGED
FIRED t1367 | 15,14 | Toxic Blowpipe | Jal-MejJak
t1368 | 13,14 | 11..15|W|frz-25 | zukIn 4 | setIn 75 | zukHp 446 | chosen 13,14 | walk ->12,14 | weapon Toxic Blowpipe | untilShot 1 | target Jal-MejJak[healer] | gate ok | overhead none | MejJak@16,9 TAGGED; MejJak@20,9 TAGGED; MejJak@30,9 TAGGED; MejJak@34,9 TAGGED; JalTok-Jad@24,25 TAGGED; TzKal-Zuk@22,8 TAGGED
t1369 | 13,14 | 10..14|E|frz4 | zukIn 3 | setIn 74 | zukHp 446 | chosen 13,14 | walk - | weapon Toxic Blowpipe | untilShot 2 | target Jal-MejJak[healer] | gate ok | overhead none | MejJak@16,9 TAGGED; MejJak@20,9 TAGGED; MejJak@30,9 TAGGED; MejJak@34,9 TAGGED; JalTok-Jad@24,25 TAGGED; TzKal-Zuk@22,8 TAGGED
FIRED t1369 | 13,14 | Toxic Blowpipe | Jal-MejJak
t1370 | 13,14 | 10..14|E|frz3 | zukIn 2 | setIn 73 | zukHp 446 | chosen 11,14 | walk ->11,14 | weapon Toxic Blowpipe | untilShot 1 | target -[-] | gate - | overhead none | MejJak@16,9 TAGGED; MejJak@20,9 TAGGED; MejJak@30,9 TAGGED; MejJak@34,9 TAGGED; JalTok-Jad@24,25 TAGGED; TzKal-Zuk@22,8 TAGGED
t1371 | 11,14 | 10..14|E|frz2 | zukIn 1 | setIn 72 | zukHp 446 | chosen 11,14 | walk - | weapon Toxic Blowpipe | untilShot 1 | target Jal-MejJak[healer] | gate ok | overhead none | MejJak@16,9 TAGGED; MejJak@20,9 TAGGED; MejJak@30,9 TAGGED; MejJak@34,9 TAGGED; JalTok-Jad@24,25 TAGGED; TzKal-Zuk@22,8 TAGGED
t1372 | 11,14 | 10..14|E|frz1 | zukIn 7 | setIn 71 | zukHp 446 | chosen 20,14 | walk ->20,14 | weapon Toxic Blowpipe | untilShot 2 | target -[-] | gate - | overhead Protect from Magic | MejJak@16,9 TAGGED; MejJak@20,9 TAGGED; MejJak@30,9 TAGGED; MejJak@34,9 TAGGED; JalTok-Jad@24,25 TAGGED; TzKal-Zuk@22,8 TAGGED
FIRED t1372 | 11,14 | Toxic Blowpipe | Jal-MejJak
t1373 | 13,14 | 10..14|E|frz0 | zukIn 6 | setIn 70 | zukHp 446 | chosen 20,14 | walk ->20,14 | weapon Toxic Blowpipe | untilShot 1 | target Jal-MejJak[healer] | gate ok | overhead none | MejJak@16,9 TAGGED; MejJak@20,9 TAGGED; MejJak@30,9 TAGGED; MejJak@34,9 TAGGED; JalTok-Jad@24,25 TAGGED; TzKal-Zuk@22,8 TAGGED
t1374 | 13,14 | 11..15|E|frz-1 | zukIn 5 | setIn 69 | zukHp 446 | chosen 20,14 | walk ->20,14 | weapon Toxic Blowpipe | untilShot 2 | target -[-] | gate - | overhead none | MejJak@16,9 TAGGED; MejJak@20,9 TAGGED; MejJak@30,9 TAGGED; MejJak@34,9 TAGGED; JalTok-Jad@24,25 TAGGED; TzKal-Zuk@22,8 TAGGED
FIRED t1374 | 13,14 | Toxic Blowpipe | Jal-MejJak
t1375 | 15,14 | 12..16|E|frz-2 | zukIn 4 | setIn 68 | zukHp 446 | chosen 20,14 | walk ->20,14 | weapon Toxic Blowpipe | untilShot 1 | target Jal-MejJak[healer] | gate ok | overhead none | MejJak@16,9 TAGGED; MejJak@20,9 TAGGED; MejJak@30,9 TAGGED; MejJak@34,9 TAGGED; JalTok-Jad@24,25 TAGGED; TzKal-Zuk@22,8 TAGGED
t1376 | 15,14 | 13..17|E|frz-3 | zukIn 3 | setIn 67 | zukHp 446 | chosen 19,14 | walk ->19,14 | weapon Toxic Blowpipe | untilShot 2 | target -[-] | gate - | overhead none | MejJak@16,9 TAGGED; MejJak@20,9 TAGGED; MejJak@30,9 TAGGED; MejJak@34,9 TAGGED; JalTok-Jad@24,25 TAGGED; TzKal-Zuk@22,8 TAGGED
FIRED t1376 | 15,14 | Toxic Blowpipe | Jal-MejJak
t1377 | 17,14 | 14..18|E|frz-4 | zukIn 2 | setIn 66 | zukHp 446 | chosen 19,14 | walk ->19,14 | weapon Toxic Blowpipe | untilShot 1 | target -[-] | gate - | overhead none | MejJak@16,9 TAGGED; MejJak@20,9 TAGGED; MejJak@30,9 TAGGED; MejJak@34,9 TAGGED; JalTok-Jad@24,25 TAGGED; TzKal-Zuk@22,8 TAGGED
t1378 | 19,14 | 15..19|E|frz-5 | zukIn 1 | setIn 65 | zukHp 446 | chosen 19,14 | walk - | weapon Toxic Blowpipe | untilShot 1 | target Jal-MejJak[healer] | gate ok | overhead none | MejJak@16,9 TAGGED; MejJak@20,9 TAGGED; MejJak@30,9 TAGGED; MejJak@34,9 TAGGED; JalTok-Jad@24,25 TAGGED; TzKal-Zuk@22,8 TAGGED
t1379 | 19,14 | 16..20|E|frz-6 | zukIn 7 | setIn 64 | zukHp 446 | chosen 24,14 | walk ->24,14 | weapon Toxic Blowpipe | untilShot 2 | target -[-] | gate - | overhead none | MejJak@16,9 TAGGED; MejJak@20,9 TAGGED; MejJak@30,9 TAGGED; MejJak@34,9 TAGGED; JalTok-Jad@24,25 TAGGED; TzKal-Zuk@22,8 TAGGED
FIRED t1379 | 19,14 | Toxic Blowpipe | Jal-MejJak
t1380 | 21,14 | 17..21|E|frz-7 | zukIn 6 | setIn 63 | zukHp 446 | chosen 24,14 | walk ->24,14 | weapon Toxic Blowpipe | untilShot 1 | target Jal-MejJak[healer] | gate ok | overhead Protect from Magic | MejJak@16,9 TAGGED; MejJak@20,9 TAGGED; MejJak@30,9 TAGGED; MejJak@34,9 TAGGED; JalTok-Jad@24,25 TAGGED; TzKal-Zuk@22,8 TAGGED
t1381 | 21,14 | 18..22|E|frz-8 | zukIn 5 | setIn 62 | zukHp 446 | chosen 27,14 | walk ->27,14 | weapon Toxic Blowpipe | untilShot 2 | target -[-] | gate - | overhead none | MejJak@16,9 TAGGED; MejJak@20,9 TAGGED; MejJak@30,9 TAGGED; MejJak@34,9 TAGGED; JalTok-Jad@24,25 TAGGED; TzKal-Zuk@22,8 TAGGED
FIRED t1381 | 21,14 | Toxic Blowpipe | Jal-MejJak
t1382 | 23,14 | 19..23|E|frz-9 | zukIn 4 | setIn 61 | zukHp 446 | chosen 27,14 | walk ->27,14 | weapon Toxic Blowpipe | untilShot 1 | target Jal-MejJak[healer] | gate ok | overhead none | MejJak@16,9 TAGGED; MejJak@20,9 TAGGED; MejJak@30,9 TAGGED; MejJak@34,9 TAGGED; JalTok-Jad@24,25 TAGGED; TzKal-Zuk@22,8 TAGGED
t1383 | 23,14 | 20..24|E|frz-10 | zukIn 3 | setIn 60 | zukHp 446 | chosen 27,14 | walk ->27,14 | weapon Toxic Blowpipe | untilShot 2 | target -[-] | gate - | overhead none | MejJak@16,9 TAGGED; MejJak@20,9 TAGGED; MejJak@30,9 TAGGED; MejJak@34,9 TAGGED; JalTok-Jad@24,25 TAGGED; TzKal-Zuk@22,8 TAGGED
FIRED t1383 | 23,14 | Toxic Blowpipe | Jal-MejJak
t1384 | 25,14 | 21..25|E|frz-11 | zukIn 2 | setIn 59 | zukHp 446 | chosen 27,14 | walk ->27,14 | weapon Toxic Blowpipe | untilShot 1 | target -[-] | gate - | overhead none | MejJak@16,9 TAGGED; MejJak@20,9 TAGGED; MejJak@30,9 TAGGED; MejJak@34,9 TAGGED; JalTok-Jad@24,25 TAGGED; TzKal-Zuk@22,8 TAGGED
t1385 | 27,14 | 22..26|E|frz-12 | zukIn 1 | setIn 58 | zukHp 446 | chosen 27,14 | walk - | weapon Toxic Blowpipe | untilShot 1 | target Jal-MejJak[healer] | gate ok | overhead none | MejJak@16,9 TAGGED; MejJak@20,9 TAGGED; MejJak@30,9 TAGGED; MejJak@34,9 TAGGED; JalTok-Jad@24,25 TAGGED; TzKal-Zuk@22,8 TAGGED
t1386 | 27,14 | 23..27|E|frz-13 | zukIn 7 | setIn 57 | zukHp 446 | chosen 34,14 | walk ->34,14 | weapon Toxic Blowpipe | untilShot 2 | target -[-] | gate - | overhead none | MejJak@16,9 TAGGED; MejJak@20,9 TAGGED; MejJak@30,9 TAGGED; MejJak@34,9 TAGGED; JalTok-Jad@24,25 TAGGED; TzKal-Zuk@22,8 TAGGED
FIRED t1386 | 27,14 | Toxic Blowpipe | Jal-MejJak
t1387 | 29,14 | 24..28|E|frz-14 | zukIn 6 | setIn 56 | zukHp 446 | chosen 34,14 | walk ->34,14 | weapon Toxic Blowpipe | untilShot 1 | target Jal-MejJak[healer] | gate ok | overhead none | MejJak@16,9 TAGGED; MejJak@20,9 TAGGED; MejJak@30,9 TAGGED; MejJak@34,9 TAGGED; JalTok-Jad@24,25 TAGGED; TzKal-Zuk@22,8 TAGGED
t1388 | 29,14 | 25..29|E|frz-15 | zukIn 5 | setIn 55 | zukHp 446 | chosen 34,14 | walk ->34,14 | weapon Toxic Blowpipe | untilShot 2 | target -[-] | gate - | overhead Protect from Magic | MejJak@16,9 TAGGED; MejJak@20,9 TAGGED; MejJak@30,9 TAGGED; MejJak@34,9 TAGGED; JalTok-Jad@24,25 TAGGED; TzKal-Zuk@22,8 TAGGED
FIRED t1388 | 29,14 | Toxic Blowpipe | Jal-MejJak
t1389 | 31,14 | 26..30|E|frz-16 | zukIn 4 | setIn 54 | zukHp 446 | chosen 34,14 | walk ->34,14 | weapon Toxic Blowpipe | untilShot 1 | target Jal-MejJak[healer] | gate ok | overhead none | MejJak@16,9 TAGGED; MejJak@20,9 TAGGED; MejJak@30,9 TAGGED; MejJak@34,9 TAGGED; JalTok-Jad@24,25 TAGGED; TzKal-Zuk@22,8 TAGGED
t1390 | 31,14 | 27..31|E|frz-17 | zukIn 3 | setIn 53 | zukHp 446 | chosen 34,14 | walk ->34,14 | weapon Toxic Blowpipe | untilShot 2 | target -[-] | gate - | overhead none | MejJak@16,9 TAGGED; MejJak@20,9 TAGGED; MejJak@30,9 TAGGED; MejJak@34,9 TAGGED; JalTok-Jad@24,25 TAGGED; TzKal-Zuk@22,8 TAGGED
FIRED t1390 | 31,14 | Toxic Blowpipe | Jal-MejJak
t1391 | 33,14 | 28..32|E|frz-18 | zukIn 2 | setIn 52 | zukHp 446 | chosen 34,14 | walk ->34,14 | weapon Toxic Blowpipe | untilShot 1 | target Jal-MejJak[healer] | gate ok | overhead none | MejJak@16,9 TAGGED; MejJak@20,9 TAGGED; MejJak@30,9 TAGGED; MejJak@34,9 TAGGED; JalTok-Jad@24,25 TAGGED; TzKal-Zuk@22,8 TAGGED
t1392 | 33,14 | 29..33|E|frz-19 | zukIn 1 | setIn 51 | zukHp 446 | chosen 33,14 | walk - | weapon Toxic Blowpipe | untilShot 2 | target Jal-MejJak[healer] | gate ok | overhead none | MejJak@16,9 TAGGED; MejJak@20,9 TAGGED; MejJak@30,9 TAGGED; MejJak@34,9 TAGGED; JalTok-Jad@24,25 TAGGED; TzKal-Zuk@22,8 TAGGED
FIRED t1392 | 33,14 | Toxic Blowpipe | Jal-MejJak
t1393 | 33,14 | 30..34|E|frz-20 | zukIn 7 | setIn 50 | zukHp 446 | chosen 37,14 | walk ->37,14 | weapon Toxic Blowpipe | untilShot 1 | target -[-] | gate - | overhead none | MejJak@16,9 TAGGED; MejJak@20,9 TAGGED; MejJak@30,9 TAGGED; MejJak@34,9 TAGGED; JalTok-Jad@24,25 TAGGED; TzKal-Zuk@22,8 TAGGED
t1394 | 35,14 | 31..35|E|frz-21 | zukIn 6 | setIn 49 | zukHp 446 | chosen 37,14 | walk ->37,14 | weapon Toxic Blowpipe | untilShot 1 | target Jal-MejJak[healer] | gate ok | overhead none | MejJak@16,9 TAGGED; MejJak@20,9 TAGGED; MejJak@30,9 TAGGED; MejJak@34,9 TAGGED; JalTok-Jad@24,25 TAGGED; TzKal-Zuk@22,8 TAGGED
t1395 | 35,14 | 32..36|E|frz-22 | zukIn 5 | setIn 48 | zukHp 446 | chosen 38,14 | walk ->38,14 | weapon Toxic Blowpipe | untilShot 2 | target -[-] | gate - | overhead none | MejJak@16,9 TAGGED; MejJak@20,9 TAGGED; MejJak@30,9 TAGGED; MejJak@34,9 TAGGED; JalTok-Jad@24,25 TAGGED; TzKal-Zuk@22,8 TAGGED
FIRED t1395 | 35,14 | Toxic Blowpipe | Jal-MejJak
t1396 | 37,14 | 33..37|E|frz-23 | zukIn 4 | setIn 47 | zukHp 446 | chosen 37,14 | walk ->38,14 | weapon Toxic Blowpipe | untilShot 1 | target Jal-MejJak[healer] | gate ok | overhead Protect from Magic | MejJak@16,9 TAGGED; MejJak@20,9 TAGGED; MejJak@30,9 TAGGED; MejJak@34,9 TAGGED; JalTok-Jad@24,25 TAGGED; TzKal-Zuk@22,8 TAGGED
t1397 | 37,14 | 34..38|E|frz-24 | zukIn 3 | setIn 46 | zukHp 446 | chosen 37,14 | walk - | weapon Toxic Blowpipe | untilShot 2 | target Jal-MejJak[healer] | gate ok | overhead none | MejJak@16,9 TAGGED; MejJak@20,9 TAGGED; MejJak@30,9 TAGGED; MejJak@34,9 TAGGED; JalTok-Jad@24,25 TAGGED; TzKal-Zuk@22,8 TAGGED
FIRED t1397 | 37,14 | Toxic Blowpipe | Jal-MejJak
t1398 | 37,14 | 35..39|E|frz-25 | zukIn 2 | setIn 45 | zukHp 446 | chosen 39,14 | walk ->39,14 | weapon Toxic Blowpipe | untilShot 1 | target -[-] | gate - | overhead none | MejJak@16,9 TAGGED; MejJak@20,9 TAGGED; MejJak@30,9 TAGGED; MejJak@34,9 TAGGED; JalTok-Jad@24,25 TAGGED; TzKal-Zuk@22,8 TAGGED
t1399 | 39,14 | 36..40|W|frz4 | zukIn 1 | setIn 44 | zukHp 446 | chosen 39,14 | walk - | weapon Toxic Blowpipe | untilShot 1 | target Jal-MejJak[healer] | gate ok | overhead none | MejJak@16,9 TAGGED; MejJak@20,9 TAGGED; MejJak@30,9 TAGGED; MejJak@34,9 TAGGED; JalTok-Jad@24,25 TAGGED; TzKal-Zuk@22,8 TAGGED
t1400 | 39,14 | 36..40|W|frz3 | zukIn 7 | setIn 43 | zukHp 446 | chosen 34,14 | walk ->34,14 | weapon Toxic Blowpipe | untilShot 2 | target -[-] | gate - | overhead none | MejJak@16,9 TAGGED; MejJak@20,9 TAGGED; MejJak@30,9 TAGGED; MejJak@34,9 TAGGED; JalTok-Jad@24,25 TAGGED; TzKal-Zuk@22,8 TAGGED
FIRED t1400 | 39,14 | Toxic Blowpipe | Jal-MejJak
t1401 | 37,14 | 36..40|W|frz2 | zukIn 6 | setIn 42 | zukHp 446 | chosen 32,14 | walk ->32,14 | weapon Toxic Blowpipe | untilShot 1 | target -[-] | gate - | overhead none | MejJak@16,9 TAGGED; MejJak@20,9 TAGGED; MejJak@30,9 TAGGED; MejJak@34,9 TAGGED; JalTok-Jad@24,25 TAGGED; TzKal-Zuk@22,8 TAGGED
t1402 | 35,14 | 36..40|W|frz1 | zukIn 5 | setIn 41 | zukHp 446 | chosen 32,14 | walk ->32,14 | weapon Toxic Blowpipe | untilShot 1 | target Jal-MejJak[healer] | gate ok | overhead none | MejJak@16,9 TAGGED; MejJak@20,9 TAGGED; MejJak@30,9 TAGGED; MejJak@34,9 TAGGED; JalTok-Jad@24,25 TAGGED; TzKal-Zuk@22,8 TAGGED
t1403 | 35,14 | 36..40|W|frz0 | zukIn 4 | setIn 40 | zukHp 446 | chosen 32,14 | walk ->32,14 | weapon Toxic Blowpipe | untilShot 2 | target -[-] | gate - | overhead none | MejJak@16,9 TAGGED; MejJak@20,9 TAGGED; MejJak@30,9 TAGGED; MejJak@34,9 TAGGED; JalTok-Jad@24,25 TAGGED; TzKal-Zuk@22,8 TAGGED
FIRED t1403 | 35,14 | Toxic Blowpipe | Jal-MejJak
t1404 | 33,14 | 35..39|W|frz-1 | zukIn 3 | setIn 39 | zukHp 446 | chosen 32,14 | walk ->32,14 | weapon Toxic Blowpipe | untilShot 1 | target -[-] | gate - | overhead Protect from Magic | MejJak@16,9 TAGGED; MejJak@20,9 TAGGED; MejJak@30,9 TAGGED; MejJak@34,9 TAGGED; JalTok-Jad@24,25 TAGGED; TzKal-Zuk@22,8 TAGGED
t1405 | 32,14 | 34..38|W|frz-2 | zukIn 2 | setIn 38 | zukHp 446 | chosen 32,14 | walk - | weapon Toxic Blowpipe | untilShot 1 | target Jal-MejJak[healer] | gate ok | overhead none | MejJak@16,9 TAGGED; MejJak@20,9 TAGGED; MejJak@34,9 TAGGED; JalTok-Jad@24,25 TAGGED; TzKal-Zuk@22,8 TAGGED
t1406 | 32,14 | 33..37|W|frz-3 | zukIn 1 | setIn 37 | zukHp 446 | chosen 32,14 | walk - | weapon Toxic Blowpipe | untilShot 2 | target Jal-MejJak[healer] | gate ok | overhead none | MejJak@16,9 TAGGED; MejJak@20,9 TAGGED; MejJak@34,9 TAGGED; JalTok-Jad@24,25 TAGGED; TzKal-Zuk@22,8 TAGGED
FIRED t1406 | 32,14 | Toxic Blowpipe | Jal-MejJak
t1407 | 32,14 | 32..36|W|frz-4 | zukIn 7 | setIn 36 | zukHp 446 | chosen 25,14 | walk ->25,14 | weapon Toxic Blowpipe | untilShot 1 | target -[-] | gate - | overhead none | MejJak@16,9 TAGGED; MejJak@20,9 TAGGED; MejJak@34,9 TAGGED; JalTok-Jad@24,25 TAGGED; TzKal-Zuk@22,8 TAGGED
t1408 | 30,14 | 31..35|W|frz-5 | zukIn 6 | setIn 35 | zukHp 446 | chosen 25,14 | walk ->25,14 | weapon Toxic Blowpipe | untilShot 1 | target Jal-MejJak[healer] | gate ok | overhead none | MejJak@16,9 TAGGED; MejJak@20,9 TAGGED; MejJak@34,9 TAGGED; JalTok-Jad@24,25 TAGGED; TzKal-Zuk@22,8 TAGGED
t1409 | 30,14 | 30..34|W|frz-6 | zukIn 5 | setIn 34 | zukHp 446 | chosen 25,14 | walk ->25,14 | weapon Toxic Blowpipe | untilShot 2 | target -[-] | gate - | overhead none | MejJak@16,9 TAGGED; MejJak@20,9 TAGGED; MejJak@34,9 TAGGED; JalTok-Jad@24,25 TAGGED; TzKal-Zuk@22,8 TAGGED
FIRED t1409 | 30,14 | Toxic Blowpipe | Jal-MejJak
t1410 | 28,14 | 29..33|W|frz-7 | zukIn 4 | setIn 33 | zukHp 446 | chosen 25,14 | walk ->25,14 | weapon Toxic Blowpipe | untilShot 1 | target TzKal-Zuk[zuk] | gate - | overhead none | MejJak@16,9 TAGGED; MejJak@20,9 TAGGED; MejJak@34,9 TAGGED; JalTok-Jad@24,25 TAGGED; TzKal-Zuk@22,8 TAGGED
t1411 | 26,14 | 28..32|W|frz-8 | zukIn 3 | setIn 32 | zukHp 446 | chosen 25,14 | walk ->25,14 | weapon Toxic Blowpipe | untilShot 1 | target TzKal-Zuk[zuk] | gate - | overhead none | MejJak@16,9 TAGGED; MejJak@20,9 TAGGED; MejJak@34,9 TAGGED; JalTok-Jad@24,25 TAGGED; TzKal-Zuk@22,8 TAGGED
t1412 | 25,14 | 27..31|W|frz-9 | zukIn 2 | setIn 31 | zukHp 446 | chosen 25,14 | walk - | weapon Toxic Blowpipe | untilShot 1 | target Jal-MejJak[healer] | gate ok | overhead Protect from Magic | MejJak@16,9 TAGGED; MejJak@20,9 TAGGED; MejJak@34,9 TAGGED; JalTok-Jad@24,25 TAGGED; TzKal-Zuk@22,8 TAGGED
t1413 | 25,14 | 26..30|W|frz-10 | zukIn 1 | setIn 30 | zukHp 446 | chosen 25,14 | walk - | weapon Toxic Blowpipe | untilShot 2 | target Jal-MejJak[healer] | gate ok | overhead none | MejJak@16,9 TAGGED; MejJak@20,9 TAGGED; MejJak@34,9 TAGGED; JalTok-Jad@24,25 TAGGED; TzKal-Zuk@22,8 TAGGED
FIRED t1413 | 25,14 | Toxic Blowpipe | Jal-MejJak
t1414 | 25,14 | 25..29|W|frz-11 | zukIn 7 | setIn 29 | zukHp 446 | chosen 18,14 | walk ->18,14 | weapon Toxic Blowpipe | untilShot 1 | target -[-] | gate - | overhead none | MejJak@16,9 TAGGED; MejJak@20,9 TAGGED; MejJak@34,9 TAGGED; JalTok-Jad@24,25 TAGGED; TzKal-Zuk@22,8 TAGGED
t1415 | 23,14 | 24..28|W|frz-12 | zukIn 6 | setIn 28 | zukHp 446 | chosen 18,14 | walk ->18,14 | weapon Toxic Blowpipe | untilShot 1 | target Jal-MejJak[healer] | gate ok | overhead none | MejJak@16,9 TAGGED; MejJak@20,9 TAGGED; MejJak@34,9 TAGGED; JalTok-Jad@24,25 TAGGED; TzKal-Zuk@22,8 TAGGED
t1416 | 23,14 | 23..27|W|frz-13 | zukIn 5 | setIn 27 | zukHp 446 | chosen 18,14 | walk ->18,14 | weapon Toxic Blowpipe | untilShot 2 | target -[-] | gate - | overhead none | MejJak@16,9 TAGGED; MejJak@20,9 TAGGED; MejJak@34,9 TAGGED; JalTok-Jad@24,25 TAGGED; TzKal-Zuk@22,8 TAGGED
FIRED t1416 | 23,14 | Toxic Blowpipe | Jal-MejJak
t1417 | 21,14 | 22..26|W|frz-14 | zukIn 4 | setIn 26 | zukHp 446 | chosen 18,14 | walk ->18,14 | weapon Toxic Blowpipe | untilShot 1 | target -[-] | gate - | overhead none | MejJak@16,9 TAGGED; MejJak@20,9 TAGGED; MejJak@34,9 TAGGED; JalTok-Jad@24,25 TAGGED; TzKal-Zuk@22,8 TAGGED
t1418 | 19,14 | 21..25|W|frz-15 | zukIn 3 | setIn 25 | zukHp 446 | chosen 18,14 | walk ->18,14 | weapon Toxic Blowpipe | untilShot 1 | target Jal-MejJak[healer] | gate ok | overhead none | MejJak@16,9 TAGGED; MejJak@20,9 TAGGED; MejJak@34,9 TAGGED; JalTok-Jad@24,25 TAGGED; TzKal-Zuk@22,8 TAGGED
t1419 | 19,14 | 20..24|W|frz-16 | zukIn 2 | setIn 24 | zukHp 446 | chosen 19,14 | walk - | weapon Toxic Blowpipe | untilShot 2 | target Jal-MejJak[healer] | gate ok | overhead none | MejJak@16,9 TAGGED; MejJak@20,9 TAGGED; MejJak@34,9 TAGGED; JalTok-Jad@24,25 TAGGED; TzKal-Zuk@22,8 TAGGED
FIRED t1419 | 19,14 | Toxic Blowpipe | Jal-MejJak
t1420 | 19,14 | 19..23|W|frz-17 | zukIn 1 | setIn 23 | zukHp 446 | chosen 19,14 | walk - | weapon Toxic Blowpipe | untilShot 1 | target Jal-MejJak[healer] | gate ok | overhead Protect from Range | MejJak@16,9 TAGGED; MejJak@20,9 TAGGED; MejJak@34,9 TAGGED; JalTok-Jad@24,25 TAGGED; TzKal-Zuk@22,8 TAGGED
t1421 | 19,14 | 18..22|W|frz-18 | zukIn 7 | setIn 22 | zukHp 446 | chosen 14,14 | walk ->14,14 | weapon Toxic Blowpipe | untilShot 2 | target -[-] | gate - | overhead none | MejJak@16,9 TAGGED; MejJak@20,9 TAGGED; MejJak@34,9 TAGGED; JalTok-Jad@24,25 TAGGED; TzKal-Zuk@22,8 TAGGED
FIRED t1421 | 19,14 | Toxic Blowpipe | Jal-MejJak
t1422 | 17,14 | 17..21|W|frz-19 | zukIn 6 | setIn 21 | zukHp 446 | chosen 14,14 | walk ->14,14 | weapon Toxic Blowpipe | untilShot 1 | target -[-] | gate - | overhead none | MejJak@16,9 TAGGED; MejJak@20,9 TAGGED; MejJak@34,9 TAGGED; JalTok-Jad@24,25 TAGGED; TzKal-Zuk@22,8 TAGGED
t1423 | 15,14 | 16..20|W|frz-20 | zukIn 5 | setIn 20 | zukHp 446 | chosen 14,14 | walk ->14,14 | weapon Toxic Blowpipe | untilShot 1 | target Jal-MejJak[healer] | gate ok | overhead none | MejJak@16,9 TAGGED; MejJak@20,9 TAGGED; MejJak@34,9 TAGGED; JalTok-Jad@24,25 TAGGED; TzKal-Zuk@22,8 TAGGED
t1424 | 15,14 | 15..19|W|frz-21 | zukIn 4 | setIn 19 | zukHp 446 | chosen 12,14 | walk ->12,14 | weapon Toxic Blowpipe | untilShot 2 | target -[-] | gate - | overhead none | MejJak@16,9 TAGGED; MejJak@20,9 TAGGED; MejJak@34,9 TAGGED; JalTok-Jad@24,25 TAGGED; TzKal-Zuk@22,8 TAGGED
FIRED t1424 | 15,14 | Toxic Blowpipe | Jal-MejJak
t1425 | 13,14 | 14..18|W|frz-22 | zukIn 3 | setIn 18 | zukHp 446 | chosen 13,14 | walk ->12,14 | weapon Toxic Blowpipe | untilShot 1 | target Jal-MejJak[healer] | gate ok | overhead none | MejJak@16,9 TAGGED; MejJak@20,9 TAGGED; MejJak@34,9 TAGGED; JalTok-Jad@24,25 TAGGED; TzKal-Zuk@22,8 TAGGED
t1426 | 13,14 | 13..17|W|frz-23 | zukIn 2 | setIn 17 | zukHp 446 | chosen 13,14 | walk - | weapon Toxic Blowpipe | untilShot 2 | target -[-] | gate - | overhead none | MejJak@16,9 TAGGED; MejJak@20,9 TAGGED; MejJak@34,9 TAGGED; JalTok-Jad@24,25 TAGGED; TzKal-Zuk@22,8 TAGGED
FIRED t1426 | 13,14 | Toxic Blowpipe | Jal-MejJak
t1427 | 13,14 | 12..16|W|frz-24 | zukIn 1 | setIn 16 | zukHp 446 | chosen 13,14 | walk - | weapon Toxic Blowpipe | untilShot 1 | target Jal-MejJak[healer] | gate ok | overhead none | MejJak@16,9 TAGGED; MejJak@20,9 TAGGED; MejJak@34,9 TAGGED; JalTok-Jad@24,25 TAGGED; TzKal-Zuk@22,8 TAGGED
t1428 | 13,14 | 11..15|W|frz-25 | zukIn 7 | setIn 15 | zukHp 446 | chosen 16,14 | walk ->16,14 | weapon Toxic Blowpipe | untilShot 1 | target -[-] | gate - | overhead Protect from Range | MejJak@20,9 TAGGED; MejJak@34,9 TAGGED; JalTok-Jad@24,25 TAGGED; TzKal-Zuk@22,8 TAGGED
t1429 | 15,14 | 10..14|E|frz4 | zukIn 6 | setIn 14 | zukHp 446 | chosen 16,14 | walk ->16,14 | weapon Toxic Blowpipe | untilShot 1 | target Jal-MejJak[healer] | gate ok | overhead none | MejJak@20,9 TAGGED; MejJak@34,9 TAGGED; JalTok-Jad@24,25 TAGGED; TzKal-Zuk@22,8 TAGGED
t1430 | 15,14 | 10..14|E|frz3 | zukIn 5 | setIn 13 | zukHp 446 | chosen 15,14 | walk - | weapon Toxic Blowpipe | untilShot 2 | target Jal-MejJak[healer] | gate ok | overhead none | MejJak@20,9 TAGGED; MejJak@34,9 TAGGED; JalTok-Jad@24,25 TAGGED; TzKal-Zuk@22,8 TAGGED
FIRED t1430 | 15,14 | Toxic Blowpipe | Jal-MejJak
t1431 | 15,14 | 10..14|E|frz2 | zukIn 4 | setIn 12 | zukHp 446 | chosen 16,14 | walk ->16,14 | weapon Toxic Blowpipe | untilShot 1 | target -[-] | gate - | overhead none | MejJak@20,9 TAGGED; MejJak@34,9 TAGGED; JalTok-Jad@24,25 TAGGED; TzKal-Zuk@22,8 TAGGED
t1432 | 16,14 | 10..14|E|frz1 | zukIn 3 | setIn 11 | zukHp 446 | chosen 16,14 | walk - | weapon Toxic Blowpipe | untilShot 1 | target -[-] | gate - | overhead none | MejJak@20,9 TAGGED; MejJak@34,9 TAGGED; JalTok-Jad@24,25 TAGGED; TzKal-Zuk@22,8 TAGGED
t1433 | 16,14 | 10..14|E|frz0 | zukIn 2 | setIn 10 | zukHp 446 | chosen 16,14 | walk - | weapon Toxic Blowpipe | untilShot 1 | target Jal-MejJak[healer] | gate ok | overhead none | MejJak@20,9 TAGGED; MejJak@34,9 TAGGED; JalTok-Jad@24,25 TAGGED; TzKal-Zuk@22,8 TAGGED
t1434 | 16,14 | 11..15|E|frz-1 | zukIn 1 | setIn 9 | zukHp 446 | chosen 16,14 | walk - | weapon Toxic Blowpipe | untilShot 2 | target Jal-MejJak[healer] | gate ok | overhead none | MejJak@20,9 TAGGED; MejJak@34,9 TAGGED; JalTok-Jad@24,25 TAGGED; TzKal-Zuk@22,8 TAGGED
FIRED t1434 | 16,14 | Toxic Blowpipe | Jal-MejJak
t1435 | 16,14 | 12..16|E|frz-2 | zukIn 7 | setIn 8 | zukHp 446 | chosen 23,14 | walk ->23,14 | weapon Toxic Blowpipe | untilShot 1 | target -[-] | gate - | overhead none | MejJak@20,9 TAGGED; MejJak@34,9 TAGGED; JalTok-Jad@24,25 TAGGED; TzKal-Zuk@22,8 TAGGED
t1436 | 18,14 | 13..17|E|frz-3 | zukIn 6 | setIn 7 | zukHp 446 | chosen 23,14 | walk ->23,14 | weapon Toxic Blowpipe | untilShot 1 | target TzKal-Zuk[zuk] | gate - | overhead Protect from Range | MejJak@34,9 TAGGED; JalTok-Jad@24,25 TAGGED; TzKal-Zuk@22,8 TAGGED
t1437 | 20,14 | 14..18|E|frz-4 | zukIn 5 | setIn 6 | zukHp 446 | chosen 23,14 | walk ->23,14 | weapon Toxic Blowpipe | untilShot 1 | target TzKal-Zuk[zuk] | gate - | overhead none | MejJak@34,9 TAGGED; JalTok-Jad@24,25 TAGGED; TzKal-Zuk@22,8 TAGGED
t1438 | 22,14 | 15..19|E|frz-5 | zukIn 4 | setIn 5 | zukHp 446 | chosen 23,14 | walk ->23,14 | weapon Toxic Blowpipe | untilShot 1 | target TzKal-Zuk[zuk] | gate - | overhead none | MejJak@34,9 TAGGED; JalTok-Jad@24,25 TAGGED; TzKal-Zuk@22,8 TAGGED
t1439 | 23,14 | 16..20|E|frz-6 | zukIn 3 | setIn 4 | zukHp 446 | chosen 23,14 | walk - | weapon Toxic Blowpipe | untilShot 1 | target TzKal-Zuk[zuk] | gate - | overhead none | MejJak@34,9 TAGGED; JalTok-Jad@24,25 TAGGED; TzKal-Zuk@22,8 TAGGED
t1440 | 23,14 | 17..21|E|frz-7 | zukIn 2 | setIn 3 | zukHp 446 | chosen 23,14 | walk - | weapon Toxic Blowpipe | untilShot 1 | target TzKal-Zuk[zuk] | gate - | overhead none | MejJak@34,9 TAGGED; JalTok-Jad@24,25 TAGGED; TzKal-Zuk@22,8 TAGGED
t1441 | 23,14 | 18..22|E|frz-8 | zukIn 1 | setIn 2 | zukHp 446 | chosen 23,14 | walk - | weapon Toxic Blowpipe | untilShot 1 | target TzKal-Zuk[zuk] | gate - | overhead none | MejJak@34,9 TAGGED; JalTok-Jad@24,25 TAGGED; TzKal-Zuk@22,8 TAGGED
t1442 | 23,14 | 19..23|E|frz-9 | zukIn 7 | setIn 1 | zukHp 446 | chosen 30,14 | walk ->30,14 | weapon Toxic Blowpipe | untilShot 1 | target -[-] | gate - | overhead none | MejJak@34,9 TAGGED; JalTok-Jad@24,25 TAGGED; TzKal-Zuk@22,8 TAGGED; Zek@20,21 onShield; Xil@29,21 onShield
t1443 | 25,14 | 20..24|E|frz-10 | zukIn 6 | setIn 349 | zukHp 446 | chosen 30,14 | walk ->30,14 | weapon Toxic Blowpipe | untilShot 1 | target Jal-Zek[untagged-tag] | gate ok | overhead none | Zek@20,21 onShield; Xil@29,21 onShield; MejJak@34,9 TAGGED; JalTok-Jad@24,25 TAGGED; TzKal-Zuk@22,8 TAGGED
t1444 | 25,14 | 21..25|E|frz-11 | zukIn 5 | setIn 348 | zukHp 446 | chosen 30,14 | walk ->30,14 | weapon Toxic Blowpipe | untilShot 2 | target -[-] | gate - | overhead Protect from Magic | Zek@20,21 onShield; Xil@29,21 onShield; MejJak@34,9 TAGGED; JalTok-Jad@24,25 TAGGED; TzKal-Zuk@22,8 TAGGED
FIRED t1444 | 25,14 | Toxic Blowpipe | Jal-Zek
t1445 | 27,14 | 22..26|E|frz-12 | zukIn 4 | setIn 347 | zukHp 446 | chosen 30,14 | walk ->30,14 | weapon Toxic Blowpipe | untilShot 1 | target Jal-Zek[untagged-tag] | gate ok | overhead none | Zek@20,21 onShield; Xil@29,21 onShield; MejJak@34,9 TAGGED; JalTok-Jad@24,25 TAGGED; TzKal-Zuk@22,8 TAGGED
t1446 | 27,14 | 23..27|E|frz-13 | zukIn 3 | setIn 346 | zukHp 446 | chosen 30,14 | walk ->30,14 | weapon Toxic Blowpipe | untilShot 2 | target -[-] | gate - | overhead none | Zek@20,21 TAGGED; Xil@29,21 onShield; MejJak@34,9 TAGGED; JalTok-Jad@24,25 TAGGED; TzKal-Zuk@22,8 TAGGED
FIRED t1446 | 27,14 | Toxic Blowpipe | Jal-Zek
t1447 | 29,14 | 24..28|E|frz-14 | zukIn 2 | setIn 345 | zukHp 446 | chosen 30,14 | walk ->30,14 | weapon Toxic Blowpipe | untilShot 1 | target Jal-Xil[held] | gate HELD: range would share tick +5 with unknown | overhead none | Zek@20,21 TAGGED; Xil@29,21 onShield; MejJak@34,9 TAGGED; JalTok-Jad@24,25 TAGGED; TzKal-Zuk@22,8 TAGGED
t1448 | 30,14 | 25..29|E|frz-15 | zukIn 1 | setIn 344 | zukHp 446 | chosen 30,14 | walk - | weapon Toxic Blowpipe | untilShot 1 | target Jal-Xil[held] | gate HELD: range would share tick +5 with magic | overhead none | Zek@20,21 TAGGED; Xil@29,21 onShield; MejJak@34,9 TAGGED; JalTok-Jad@24,25 TAGGED; TzKal-Zuk@22,8 TAGGED
t1449 | 30,14 | 26..30|E|frz-16 | zukIn 7 | setIn 343 | zukHp 446 | chosen 34,14 | walk ->34,14 | weapon Toxic Blowpipe | untilShot 1 | target -[-] | gate - | overhead Protect from Magic | Zek@20,21 TAGGED; Xil@29,21 onShield; MejJak@34,9 TAGGED; JalTok-Jad@24,25 TAGGED; TzKal-Zuk@22,8 TAGGED
t1450 | 32,14 | 27..31|E|frz-17 | zukIn 6 | setIn 342 | zukHp 446 | chosen 34,14 | walk ->34,14 | weapon Toxic Blowpipe | untilShot 1 | target Jal-Xil[untagged-tag] | gate ok | overhead none | Zek@20,21 TAGGED; Xil@29,21 onShield; MejJak@34,9 TAGGED; JalTok-Jad@24,25 TAGGED; TzKal-Zuk@22,8 TAGGED
t1451 | 32,14 | 28..32|E|frz-18 | zukIn 5 | setIn 341 | zukHp 446 | chosen 35,14 | walk ->35,14 | weapon Toxic Blowpipe | untilShot 2 | target -[-] | gate - | overhead none | Zek@20,21 TAGGED; Xil@29,21 onShield; MejJak@34,9 TAGGED; JalTok-Jad@24,25 TAGGED; TzKal-Zuk@22,8 TAGGED
FIRED t1451 | 32,14 | Toxic Blowpipe | Jal-Xil
t1452 | 34,14 | 29..33|E|frz-19 | zukIn 4 | setIn 340 | zukHp 446 | chosen 34,14 | walk ->35,14 | weapon Toxic Blowpipe | untilShot 1 | target Jal-Xil[untagged-tag] | gate ok | overhead Protect from Magic | Zek@20,21 TAGGED; Xil@29,21 onShield; MejJak@34,9 TAGGED; JalTok-Jad@24,25 TAGGED; TzKal-Zuk@22,8 TAGGED
t1453 | 34,14 | 30..34|E|frz-20 | zukIn 3 | setIn 339 | zukHp 446 | chosen 34,14 | walk - | weapon Toxic Blowpipe | untilShot 2 | target Jal-MejJak[healer] | gate ok | overhead Protect from Magic | Zek@20,21 TAGGED; Xil@29,21 TAGGED; MejJak@34,9 TAGGED; JalTok-Jad@24,25 TAGGED; TzKal-Zuk@22,8 TAGGED
FIRED t1453 | 34,14 | Toxic Blowpipe | Jal-Xil
t1454 | 34,14 | 31..35|E|frz-21 | zukIn 2 | setIn 338 | zukHp 446 | chosen 34,14 | walk - | weapon Toxic Blowpipe | untilShot 1 | target Jal-MejJak[healer] | gate ok | overhead none | Zek@20,21 TAGGED; Xil@29,21 TAGGED; MejJak@34,9 TAGGED; JalTok-Jad@24,25 TAGGED; TzKal-Zuk@22,8 TAGGED
t1455 | 34,14 | 32..36|E|frz-22 | zukIn 1 | setIn 337 | zukHp 446 | chosen 34,14 | walk - | weapon Toxic Blowpipe | untilShot 2 | target Jal-MejJak[healer] | gate ok | overhead Protect from Range | Zek@20,21 TAGGED; Xil@29,21 TAGGED; MejJak@34,9 TAGGED; JalTok-Jad@24,25 TAGGED; TzKal-Zuk@22,8 TAGGED
FIRED t1455 | 34,14 | Toxic Blowpipe | Jal-MejJak
t1456 | 34,14 | 33..37|E|frz-23 | zukIn 7 | setIn 336 | zukHp 446 | chosen 36,14 | walk ->36,14 | weapon Toxic Blowpipe | untilShot 1 | target -[-] | gate - | overhead none | Zek@20,21 TAGGED; Xil@29,21 TAGGED; MejJak@34,9 TAGGED; JalTok-Jad@24,25 TAGGED; TzKal-Zuk@22,8 TAGGED
t1457 | 36,14 | 34..38|E|frz-24 | zukIn 6 | setIn 335 | zukHp 446 | chosen 36,14 | walk - | weapon Toxic Blowpipe | untilShot 1 | target Jal-MejJak[healer] | gate ok | overhead Protect from Magic | Zek@20,21 TAGGED; Xil@29,21 TAGGED; MejJak@34,9 TAGGED; JalTok-Jad@24,25 TAGGED; TzKal-Zuk@22,8 TAGGED
t1458 | 36,14 | 35..39|E|frz-25 | zukIn 5 | setIn 334 | zukHp 446 | chosen 36,14 | walk - | weapon Toxic Blowpipe | untilShot 2 | target Jal-MejJak[healer] | gate ok | overhead none | Zek@20,21 TAGGED; Xil@29,21 TAGGED; MejJak@34,9 TAGGED; JalTok-Jad@24,25 TAGGED; TzKal-Zuk@22,8 TAGGED
FIRED t1458 | 36,14 | Toxic Blowpipe | Jal-MejJak
t1459 | 36,14 | 36..40|W|frz4 | zukIn 4 | setIn 333 | zukHp 446 | chosen 38,14 | walk ->38,14 | weapon Toxic Blowpipe | untilShot 1 | target -[-] | gate - | overhead Protect from Range | Zek@20,21 TAGGED; Xil@29,21 TAGGED; MejJak@34,9 TAGGED; JalTok-Jad@24,25 TAGGED; TzKal-Zuk@22,8 TAGGED
t1460 | 38,14 | 36..40|W|frz3 | zukIn 3 | setIn 332 | zukHp 446 | chosen 38,14 | walk - | weapon Toxic Blowpipe | untilShot 1 | target Jal-MejJak[healer] | gate ok | overhead Protect from Magic | Zek@20,21 TAGGED; Xil@29,21 TAGGED; MejJak@34,9 TAGGED; JalTok-Jad@24,25 TAGGED; TzKal-Zuk@22,8 TAGGED
t1461 | 38,14 | 36..40|W|frz2 | zukIn 2 | setIn 331 | zukHp 446 | chosen 38,14 | walk - | weapon Toxic Blowpipe | untilShot 2 | target Jal-MejJak[healer] | gate ok | overhead Protect from Magic | Zek@20,21 TAGGED; Xil@29,21 TAGGED; MejJak@34,9 TAGGED; JalTok-Jad@24,25 TAGGED; TzKal-Zuk@22,8 TAGGED
FIRED t1461 | 38,14 | Toxic Blowpipe | Jal-MejJak
t1462 | 38,14 | 36..40|W|frz1 | zukIn 1 | setIn 330 | zukHp 446 | chosen 38,14 | walk - | weapon Toxic Blowpipe | untilShot 1 | target Jal-MejJak[healer] | gate ok | overhead none | Zek@20,21 TAGGED; Xil@29,21 TAGGED; MejJak@34,9 TAGGED; JalTok-Jad@24,25 TAGGED; TzKal-Zuk@22,8 TAGGED
t1463 | 38,14 | 36..40|W|frz0 | zukIn 7 | setIn 329 | zukHp 446 | chosen 29,14 | walk ->29,14 | weapon Toxic Blowpipe | untilShot 2 | target -[-] | gate - | overhead Protect from Range | Zek@20,21 TAGGED; Xil@29,21 TAGGED; MejJak@34,9 TAGGED; JalTok-Jad@24,25 TAGGED; TzKal-Zuk@22,8 TAGGED
FIRED t1463 | 38,14 | Toxic Blowpipe | Jal-MejJak
t1464 | 36,14 | 35..39|W|frz-1 | zukIn 6 | setIn 328 | zukHp 446 | chosen 29,14 | walk ->29,14 | weapon Toxic Blowpipe | untilShot 1 | target Jal-MejJak[healer] | gate ok | overhead none | Zek@20,21 TAGGED; Xil@29,21 TAGGED; MejJak@34,9 TAGGED; JalTok-Jad@24,25 TAGGED; TzKal-Zuk@22,8 TAGGED
t1465 | 36,14 | 34..38|W|frz-2 | zukIn 5 | setIn 327 | zukHp 446 | chosen 29,14 | walk ->29,14 | weapon Toxic Blowpipe | untilShot 2 | target -[-] | gate - | overhead Protect from Magic | Zek@20,21 TAGGED; Xil@29,21 TAGGED; MejJak@34,9 TAGGED; JalTok-Jad@24,25 TAGGED; TzKal-Zuk@22,8 TAGGED
FIRED t1465 | 36,14 | Toxic Blowpipe | Jal-MejJak
t1466 | 34,14 | 33..37|W|frz-3 | zukIn 4 | setIn 326 | zukHp 446 | chosen 29,14 | walk ->29,14 | weapon Toxic Blowpipe | untilShot 1 | target Jal-MejJak[healer] | gate ok | overhead none | Zek@20,21 TAGGED; Xil@29,21 TAGGED; MejJak@34,9 TAGGED; JalTok-Jad@24,25 TAGGED; TzKal-Zuk@22,8 TAGGED
t1467 | 34,14 | 32..36|W|frz-4 | zukIn 3 | setIn 325 | zukHp 446 | chosen 30,14 | walk ->30,14 | weapon Toxic Blowpipe | untilShot 2 | target -[-] | gate - | overhead Protect from Range | Zek@20,21 TAGGED; Xil@29,21 TAGGED; MejJak@34,9 TAGGED; JalTok-Jad@24,25 TAGGED; TzKal-Zuk@22,8 TAGGED
FIRED t1467 | 34,14 | Toxic Blowpipe | Jal-MejJak
t1468 | 32,14 | 31..35|W|frz-5 | zukIn 2 | setIn 324 | zukHp 446 | chosen 30,14 | walk ->30,14 | weapon Toxic Blowpipe | untilShot 1 | target Jal-MejJak[healer] | gate ok | overhead Protect from Magic | Zek@20,21 TAGGED; Xil@29,21 TAGGED; MejJak@34,9 TAGGED; JalTok-Jad@24,25 TAGGED; TzKal-Zuk@22,8 TAGGED
t1469 | 32,14 | 30..34|W|frz-6 | zukIn 1 | setIn 323 | zukHp 446 | chosen 32,14 | walk - | weapon Toxic Blowpipe | untilShot 1 | target Jal-Xil[ranger-kill] | gate ok | overhead Protect from Magic | Zek@20,21 TAGGED; Xil@29,21 TAGGED; JalTok-Jad@24,25 TAGGED; TzKal-Zuk@22,8 TAGGED
t1470 | 32,14 | 29..33|W|frz-7 | zukIn 7 | setIn 322 | zukHp 446 | chosen 22,14 | walk ->22,14 | weapon Toxic Blowpipe | untilShot 2 | target -[-] | gate - | overhead none | Zek@20,21 TAGGED; Xil@29,21 TAGGED; JalTok-Jad@24,25 TAGGED; TzKal-Zuk@22,8 TAGGED
FIRED t1470 | 32,14 | Toxic Blowpipe | Jal-Xil
t1471 | 30,14 | 28..32|W|frz-8 | zukIn 6 | setIn 321 | zukHp 446 | chosen 22,14 | walk ->22,14 | weapon Toxic Blowpipe | untilShot 1 | target Jal-Xil[ranger-kill] | gate ok | overhead Protect from Range | Zek@20,21 TAGGED; Xil@29,21 TAGGED; JalTok-Jad@24,25 TAGGED; TzKal-Zuk@22,8 TAGGED
t1472 | 30,14 | 27..31|W|frz-9 | zukIn 5 | setIn 320 | zukHp 446 | chosen 22,14 | walk ->22,14 | weapon Toxic Blowpipe | untilShot 2 | target -[-] | gate - | overhead none | Zek@20,21 TAGGED; Xil@29,21 TAGGED; JalTok-Jad@24,25 TAGGED; TzKal-Zuk@22,8 TAGGED
FIRED t1472 | 30,14 | Toxic Blowpipe | Jal-Xil
t1473 | 28,14 | 26..30|W|frz-10 | zukIn 4 | setIn 319 | zukHp 446 | chosen 22,14 | walk ->22,14 | weapon Toxic Blowpipe | untilShot 1 | target Jal-Xil[ranger-kill] | gate ok | overhead Protect from Magic | Zek@20,21 TAGGED; Xil@29,21 TAGGED; JalTok-Jad@24,25 TAGGED; TzKal-Zuk@22,8 TAGGED
t1474 | 28,14 | 25..29|W|frz-11 | zukIn 3 | setIn 318 | zukHp 446 | chosen 24,14 | walk ->24,14 | weapon Toxic Blowpipe | untilShot 2 | target -[-] | gate - | overhead none | Zek@20,21 TAGGED; Xil@29,21 TAGGED; JalTok-Jad@24,25 TAGGED; TzKal-Zuk@22,8 TAGGED
FIRED t1474 | 28,14 | Toxic Blowpipe | Jal-Xil
t1475 | 26,14 | 24..28|W|frz-12 | zukIn 2 | setIn 317 | zukHp 446 | chosen 24,14 | walk ->24,14 | weapon Toxic Blowpipe | untilShot 1 | target Jal-Xil[ranger-kill] | gate ok | overhead Protect from Range | Zek@20,21 TAGGED; Xil@29,21 TAGGED; JalTok-Jad@24,25 TAGGED; TzKal-Zuk@22,8 TAGGED
t1476 | 26,14 | 23..27|W|frz-13 | zukIn 1 | setIn 316 | zukHp 446 | chosen 22,14 | walk ->22,14 | weapon Toxic Blowpipe | untilShot 2 | target -[-] | gate - | overhead Protect from Range | Zek@20,21 TAGGED; Xil@29,21 TAGGED; JalTok-Jad@24,25 TAGGED; TzKal-Zuk@22,8 TAGGED
FIRED t1476 | 26,14 | Toxic Blowpipe | Jal-Xil
t1477 | 24,14 | 22..26|W|frz-14 | zukIn 7 | setIn 315 | zukHp 446 | chosen 15,14 | walk ->15,14 | weapon Toxic Blowpipe | untilShot 1 | target -[-] | gate - | overhead Protect from Magic | Zek@20,21 TAGGED; Xil@29,21 TAGGED; JalTok-Jad@24,25 TAGGED; TzKal-Zuk@22,8 TAGGED
t1478 | 22,14 | 21..25|W|frz-15 | zukIn 6 | setIn 314 | zukHp 446 | chosen 15,14 | walk ->15,14 | weapon Toxic Blowpipe | untilShot 1 | target Jal-Xil[ranger-kill] | gate ok | overhead none | Zek@20,21 TAGGED; Xil@29,21 TAGGED; JalTok-Jad@24,25 TAGGED; TzKal-Zuk@22,8 TAGGED
t1479 | 20,14 | 20..24|W|frz-16 | zukIn 5 | setIn 313 | zukHp 446 | chosen 15,14 | walk ->15,14 | weapon Rune Crossbow | untilShot 1 | target Jal-Zek[mager-kill] | gate ok | overhead Protect from Range | Zek@20,21 TAGGED; Xil@29,21 TAGGED; JalTok-Jad@24,25 TAGGED; TzKal-Zuk@22,8 TAGGED
t1480 | 20,14 | 19..23|W|frz-17 | zukIn 4 | setIn 312 | zukHp 446 | chosen 15,14 | walk ->15,14 | weapon Rune Crossbow | untilShot 5 | target -[-] | gate - | overhead none | Zek@20,21 TAGGED; Xil@29,21 TAGGED; JalTok-Jad@24,25 TAGGED; TzKal-Zuk@22,8 TAGGED
FIRED t1480 | 20,14 | Rune Crossbow | Jal-Zek
t1481 | 18,14 | 18..22|W|frz-18 | zukIn 3 | setIn 311 | zukHp 446 | chosen 15,14 | walk ->15,14 | weapon Rune Crossbow | untilShot 4 | target Jal-Zek[mager-kill] | gate ok | overhead Protect from Magic | Zek@20,21 TAGGED; Xil@29,21 TAGGED; JalTok-Jad@24,25 TAGGED; TzKal-Zuk@22,8 TAGGED
t1482 | 16,14 | 17..21|W|frz-19 | zukIn 2 | setIn 310 | zukHp 446 | chosen 15,14 | walk ->15,14 | weapon Rune Crossbow | untilShot 3 | target Jal-Zek[mager-kill] | gate ok | overhead none | Zek@20,21 TAGGED; Xil@29,21 TAGGED; JalTok-Jad@24,25 TAGGED; TzKal-Zuk@22,8 TAGGED
t1483 | 15,14 | 16..20|W|frz-20 | zukIn 1 | setIn 309 | zukHp 446 | chosen 15,14 | walk - | weapon Rune Crossbow | untilShot 2 | target Jal-Zek[mager-kill] | gate ok | overhead Protect from Range | Zek@20,21 TAGGED; Xil@29,21 TAGGED; JalTok-Jad@24,25 TAGGED; TzKal-Zuk@22,8 TAGGED
t1484 | 15,14 | 15..19|W|frz-21 | zukIn 7 | setIn 308 | zukHp 446 | chosen 14,14 | walk ->14,14 | weapon Toxic Blowpipe | untilShot 1 | target -[-] | gate - | overhead Protect from Range | Zek@20,21 TAGGED; Xil@29,21 TAGGED; JalTok-Jad@24,25 TAGGED; TzKal-Zuk@22,8 TAGGED
t1485 | 14,14 | 14..18|W|frz-22 | zukIn 6 | setIn 307 | zukHp 446 | chosen 14,14 | walk - | weapon Toxic Blowpipe | untilShot 1 | target Jal-Zek[mager-kill] | gate ok | overhead Protect from Magic | Zek@20,21 TAGGED; Xil@29,21 TAGGED; JalTok-Jad@24,25 TAGGED; TzKal-Zuk@22,8 TAGGED
t1486 | 14,14 | 13..17|W|frz-23 | zukIn 5 | setIn 306 | zukHp 446 | chosen 14,14 | walk - | weapon Rune Crossbow | untilShot 1 | target Jal-Zek[mager-kill] | gate ok | overhead none | Zek@20,21 TAGGED; Xil@29,21 TAGGED; JalTok-Jad@24,25 TAGGED; TzKal-Zuk@22,8 TAGGED
t1487 | 14,14 | 12..16|W|frz-24 | zukIn 4 | setIn 305 | zukHp 446 | chosen 14,14 | walk - | weapon Rune Crossbow | untilShot 5 | target Jal-Zek[mager-kill] | gate ok | overhead Protect from Range | Zek@20,21 TAGGED; Xil@29,21 TAGGED; JalTok-Jad@24,25 TAGGED; TzKal-Zuk@22,8 TAGGED
FIRED t1487 | 14,14 | Rune Crossbow | Jal-Zek
t1488 | 14,14 | 11..15|W|frz-25 | zukIn 3 | setIn 304 | zukHp 446 | chosen 14,14 | walk - | weapon Rune Crossbow | untilShot 4 | target Jal-Zek[mager-kill] | gate ok | overhead none | Zek@20,21 TAGGED; Xil@29,21 TAGGED; JalTok-Jad@24,25 TAGGED; TzKal-Zuk@22,8 TAGGED
t1489 | 14,14 | 10..14|E|frz4 | zukIn 2 | setIn 303 | zukHp 446 | chosen 14,14 | walk - | weapon Rune Crossbow | untilShot 3 | target Jal-Zek[mager-kill] | gate ok | overhead Protect from Magic | Zek@20,21 TAGGED; Xil@29,21 TAGGED; JalTok-Jad@24,25 TAGGED; TzKal-Zuk@22,8 TAGGED
t1490 | 14,14 | 10..14|E|frz3 | zukIn 1 | setIn 302 | zukHp 446 | chosen 14,14 | walk - | weapon Rune Crossbow | untilShot 2 | target Jal-Zek[mager-kill] | gate ok | overhead none | Zek@20,21 TAGGED; Xil@29,21 TAGGED; JalTok-Jad@24,25 TAGGED; TzKal-Zuk@22,8 TAGGED
t1491 | 14,14 | 10..14|E|frz2 | zukIn 7 | setIn 301 | zukHp 446 | chosen 19,14 | walk ->19,14 | weapon Rune Crossbow | untilShot 1 | target -[-] | gate - | overhead Protect from Range | Zek@20,21 TAGGED; Xil@29,21 TAGGED; JalTok-Jad@24,25 TAGGED; TzKal-Zuk@22,8 TAGGED
t1492 | 16,14 | 10..14|E|frz1 | zukIn 6 | setIn 300 | zukHp 446 | chosen 19,14 | walk ->19,14 | weapon Rune Crossbow | untilShot 1 | target Jal-Zek[mager-kill] | gate ok | overhead Protect from Range | Zek@20,21 TAGGED; Xil@29,21 TAGGED; JalTok-Jad@24,25 TAGGED; TzKal-Zuk@22,8 TAGGED
t1493 | 16,14 | 10..14|E|frz0 | zukIn 5 | setIn 299 | zukHp 446 | chosen 19,14 | walk ->19,14 | weapon Rune Crossbow | untilShot 5 | target -[-] | gate - | overhead Protect from Magic | Zek@20,21 TAGGED; Xil@29,21 TAGGED; JalTok-Jad@24,25 TAGGED; TzKal-Zuk@22,8 TAGGED
FIRED t1493 | 16,14 | Rune Crossbow | Jal-Zek
t1494 | 18,14 | 11..15|E|frz-1 | zukIn 4 | setIn 298 | zukHp 446 | chosen 19,14 | walk ->19,14 | weapon Rune Crossbow | untilShot 4 | target Jal-Zek[mager-kill] | gate ok | overhead none | Zek@20,21 TAGGED; Xil@29,21 TAGGED; JalTok-Jad@24,25 TAGGED; TzKal-Zuk@22,8 TAGGED
t1495 | 19,14 | 12..16|E|frz-2 | zukIn 3 | setIn 297 | zukHp 446 | chosen 19,14 | walk - | weapon Rune Crossbow | untilShot 3 | target Jal-Zek[mager-kill] | gate ok | overhead Protect from Range | Zek@20,21 TAGGED; Xil@29,21 TAGGED; JalTok-Jad@24,25 TAGGED; TzKal-Zuk@22,8 TAGGED
t1496 | 19,14 | 13..17|E|frz-3 | zukIn 2 | setIn 296 | zukHp 446 | chosen 19,14 | walk - | weapon Rune Crossbow | untilShot 2 | target Jal-Zek[mager-kill] | gate ok | overhead none | Zek@20,21 TAGGED; Xil@29,21 TAGGED; JalTok-Jad@24,25 TAGGED; TzKal-Zuk@22,8 TAGGED
t1497 | 19,14 | 14..18|E|frz-4 | zukIn 1 | setIn 295 | zukHp 446 | chosen 19,14 | walk - | weapon Toxic Blowpipe | untilShot 1 | target Jal-Zek[mager-kill] | gate ok | overhead Protect from Magic | Zek@20,21 TAGGED; Xil@29,21 TAGGED; JalTok-Jad@24,25 TAGGED; TzKal-Zuk@22,8 TAGGED
t1498 | 19,14 | 15..19|E|frz-5 | zukIn 7 | setIn 294 | zukHp 446 | chosen 26,14 | walk ->26,14 | weapon Toxic Blowpipe | untilShot 2 | target -[-] | gate - | overhead none | Zek@20,21 TAGGED; Xil@29,21 TAGGED; JalTok-Jad@24,25 TAGGED; TzKal-Zuk@22,8 TAGGED
FIRED t1498 | 19,14 | Toxic Blowpipe | Jal-Zek
t1499 | 21,14 | 16..20|E|frz-6 | zukIn 6 | setIn 293 | zukHp 446 | chosen 26,14 | walk ->26,14 | weapon Toxic Blowpipe | untilShot 1 | target Jal-Zek[mager-kill] | gate ok | overhead Protect from Range | Zek@20,21 TAGGED; Xil@29,21 TAGGED; JalTok-Jad@24,25 TAGGED; TzKal-Zuk@22,8 TAGGED
t1500 | 21,14 | 17..21|E|frz-7 | zukIn 5 | setIn 292 | zukHp 446 | chosen 26,14 | walk ->26,14 | weapon Toxic Blowpipe | untilShot 2 | target -[-] | gate - | overhead Protect from Range | Zek@20,21 TAGGED; Xil@29,21 TAGGED; JalTok-Jad@24,25 TAGGED; TzKal-Zuk@22,8 TAGGED
FIRED t1500 | 21,14 | Toxic Blowpipe | Jal-Zek
t1501 | 23,14 | 18..22|E|frz-8 | zukIn 4 | setIn 291 | zukHp 446 | chosen 26,14 | walk ->26,14 | weapon Toxic Blowpipe | untilShot 1 | target Jal-Xil[ranger-kill] | gate ok | overhead Protect from Magic | Zek@20,21 TAGGED; Xil@29,21 TAGGED; JalTok-Jad@24,25 TAGGED; TzKal-Zuk@22,8 TAGGED
t1502 | 25,14 | 19..23|E|frz-9 | zukIn 3 | setIn 290 | zukHp 446 | chosen 26,14 | walk ->26,14 | weapon Rune Crossbow | untilShot 1 | target Jal-Xil[ranger-kill] | gate ok | overhead none | Zek@20,21 TAGGED; Xil@29,21 TAGGED; JalTok-Jad@24,25 TAGGED; TzKal-Zuk@22,8 TAGGED
t1503 | 25,14 | 20..24|E|frz-10 | zukIn 2 | setIn 289 | zukHp 446 | chosen 26,14 | walk ->26,14 | weapon Rune Crossbow | untilShot 5 | target -[-] | gate - | overhead Protect from Range | Zek@20,21 TAGGED; Xil@29,21 TAGGED; JalTok-Jad@24,25 TAGGED; TzKal-Zuk@22,8 TAGGED
FIRED t1503 | 25,14 | Rune Crossbow | Jal-Xil
t1504 | 26,14 | 21..25|E|frz-11 | zukIn 1 | setIn 288 | zukHp 446 | chosen 26,14 | walk - | weapon Rune Crossbow | untilShot 4 | target Jal-Xil[ranger-kill] | gate ok | overhead none | Zek@20,21 TAGGED; Xil@29,21 TAGGED; JalTok-Jad@24,25 TAGGED; TzKal-Zuk@22,8 TAGGED
t1505 | 26,14 | 22..26|E|frz-12 | zukIn 7 | setIn 287 | zukHp 446 | chosen 33,14 | walk ->33,14 | weapon Rune Crossbow | untilShot 3 | target -[-] | gate - | overhead Protect from Magic | Zek@20,21 TAGGED; Xil@29,21 TAGGED; JalTok-Jad@24,25 TAGGED; TzKal-Zuk@22,8 TAGGED
t1506 | 28,14 | 23..27|E|frz-13 | zukIn 6 | setIn 286 | zukHp 446 | chosen 33,14 | walk ->33,14 | weapon Rune Crossbow | untilShot 2 | target Jal-Xil[ranger-kill] | gate ok | overhead none | Zek@20,21 TAGGED; Xil@29,21 TAGGED; JalTok-Jad@24,25 TAGGED; TzKal-Zuk@22,8 TAGGED
t1507 | 30,14 | 24..28|E|frz-14 | zukIn 5 | setIn 285 | zukHp 446 | chosen 33,14 | walk ->33,14 | weapon Toxic Blowpipe | untilShot 1 | target Jal-Xil[ranger-kill] | gate ok | overhead Protect from Range | Zek@20,21 TAGGED; Xil@29,21 TAGGED; JalTok-Jad@24,25 TAGGED; TzKal-Zuk@22,8 TAGGED
t1508 | 30,14 | 25..29|E|frz-15 | zukIn 4 | setIn 284 | zukHp 446 | chosen 33,14 | walk ->33,14 | weapon Toxic Blowpipe | untilShot 2 | target -[-] | gate - | overhead Protect from Magic | Zek@20,21 TAGGED; Xil@29,21 TAGGED; JalTok-Jad@24,25 TAGGED; TzKal-Zuk@22,8 TAGGED
FIRED t1508 | 30,14 | Toxic Blowpipe | Jal-Xil
t1509 | 32,14 | 26..30|E|frz-16 | zukIn 3 | setIn 283 | zukHp 446 | chosen 33,14 | walk ->33,14 | weapon Toxic Blowpipe | untilShot 1 | target Jal-Xil[ranger-kill] | gate ok | overhead Protect from Magic | Zek@20,21 TAGGED; Xil@29,21 TAGGED; JalTok-Jad@24,25 TAGGED; TzKal-Zuk@22,8 TAGGED
t1510 | 32,14 | 27..31|E|frz-17 | zukIn 2 | setIn 282 | zukHp 446 | chosen 33,14 | walk ->33,14 | weapon Toxic Blowpipe | untilShot 2 | target -[-] | gate - | overhead none | Zek@20,21 TAGGED; Xil@29,21 TAGGED; JalTok-Jad@24,25 TAGGED; TzKal-Zuk@22,8 TAGGED
FIRED t1510 | 32,14 | Toxic Blowpipe | Jal-Xil
t1511 | 33,14 | 28..32|E|frz-18 | zukIn 1 | setIn 281 | zukHp 446 | chosen 33,14 | walk - | weapon Toxic Blowpipe | untilShot 1 | target Jal-Xil[ranger-kill] | gate ok | overhead Protect from Range | Zek@20,21 TAGGED; Xil@29,21 TAGGED; JalTok-Jad@24,25 TAGGED; TzKal-Zuk@22,8 TAGGED
t1512 | 33,14 | 29..33|E|frz-19 | zukIn 7 | setIn 280 | zukHp 446 | chosen 36,14 | walk ->36,14 | weapon Toxic Blowpipe | untilShot 2 | target -[-] | gate - | overhead none | Zek@20,21 TAGGED; Xil@29,21 TAGGED; JalTok-Jad@24,25 TAGGED; TzKal-Zuk@22,8 TAGGED
FIRED t1512 | 33,14 | Toxic Blowpipe | Jal-Xil
t1513 | 35,14 | 30..34|E|frz-20 | zukIn 6 | setIn 279 | zukHp 446 | chosen 36,14 | walk ->36,14 | weapon Toxic Blowpipe | untilShot 1 | target Jal-Xil[ranger-kill] | gate ok | overhead Protect from Magic | Zek@20,21 TAGGED; Xil@29,21 TAGGED; JalTok-Jad@24,25 TAGGED; TzKal-Zuk@22,8 TAGGED
t1514 | 35,14 | 31..35|E|frz-21 | zukIn 5 | setIn 278 | zukHp 446 | chosen 36,14 | walk ->36,14 | weapon Toxic Blowpipe | untilShot 2 | target -[-] | gate - | overhead none | Zek@20,21 TAGGED; Xil@29,21 TAGGED; JalTok-Jad@24,25 TAGGED; TzKal-Zuk@22,8 TAGGED
FIRED t1514 | 35,14 | Toxic Blowpipe | Jal-Xil
t1515 | 36,14 | 32..36|E|frz-22 | zukIn 4 | setIn 277 | zukHp 446 | chosen 36,14 | walk - | weapon Toxic Blowpipe | untilShot 1 | target Jal-Xil[ranger-kill] | gate ok | overhead Protect from Range | Zek@20,21 TAGGED; Xil@29,21 TAGGED; JalTok-Jad@24,25 TAGGED; TzKal-Zuk@22,8 TAGGED
t1516 | 36,14 | 33..37|E|frz-23 | zukIn 3 | setIn 276 | zukHp 446 | chosen 36,14 | walk - | weapon Toxic Blowpipe | untilShot 2 | target Jal-Xil[ranger-kill] | gate ok | overhead Protect from Range | Zek@20,21 TAGGED; Xil@29,21 TAGGED; JalTok-Jad@24,25 TAGGED; TzKal-Zuk@22,8 TAGGED
FIRED t1516 | 36,14 | Toxic Blowpipe | Jal-Xil
t1517 | 36,14 | 34..38|E|frz-24 | zukIn 2 | setIn 275 | zukHp 446 | chosen 36,14 | walk - | weapon Toxic Blowpipe | untilShot 1 | target Jal-Xil[ranger-kill] | gate ok | overhead Protect from Magic | Zek@20,21 TAGGED; Xil@29,21 TAGGED; JalTok-Jad@24,25 TAGGED; TzKal-Zuk@22,8 TAGGED
t1518 | 36,14 | 35..39|E|frz-25 | zukIn 1 | setIn 274 | zukHp 446 | chosen 36,14 | walk - | weapon Toxic Blowpipe | untilShot 1 | target TzKal-Zuk[zuk] | gate - | overhead none | Zek@20,21 TAGGED; JalTok-Jad@24,25 TAGGED; TzKal-Zuk@22,8 TAGGED
t1519 | 36,14 | 36..40|W|frz4 | zukIn 7 | setIn 273 | zukHp 446 | chosen 33,14 | walk ->33,14 | weapon Toxic Blowpipe | untilShot 1 | target -[-] | gate - | overhead none | Zek@20,21 TAGGED; JalTok-Jad@24,25 TAGGED; TzKal-Zuk@22,8 TAGGED
t1520 | 34,14 | 36..40|W|frz3 | zukIn 6 | setIn 272 | zukHp 446 | chosen 33,14 | walk ->33,14 | weapon Toxic Blowpipe | untilShot 1 | target TzKal-Zuk[zuk] | gate - | overhead none | Zek@20,21 TAGGED; JalTok-Jad@24,25 TAGGED; TzKal-Zuk@22,8 TAGGED
t1521 | 33,14 | 36..40|W|frz2 | zukIn 5 | setIn 271 | zukHp 446 | chosen 33,14 | walk - | weapon Toxic Blowpipe | untilShot 1 | target TzKal-Zuk[zuk] | gate - | overhead Protect from Magic | Zek@20,21 TAGGED; JalTok-Jad@24,25 TAGGED; TzKal-Zuk@22,8 TAGGED
t1522 | 33,14 | 36..40|W|frz1 | zukIn 4 | setIn 270 | zukHp 446 | chosen 33,14 | walk - | weapon Toxic Blowpipe | untilShot 1 | target TzKal-Zuk[zuk] | gate - | overhead none | Zek@20,21 TAGGED; JalTok-Jad@24,25 TAGGED; TzKal-Zuk@22,8 TAGGED
t1523 | 33,14 | 36..40|W|frz0 | zukIn 3 | setIn 269 | zukHp 446 | chosen 33,14 | walk - | weapon Toxic Blowpipe | untilShot 1 | target TzKal-Zuk[zuk] | gate - | overhead none | Zek@20,21 TAGGED; JalTok-Jad@24,25 TAGGED; TzKal-Zuk@22,8 TAGGED
t1524 | 33,14 | 35..39|W|frz-1 | zukIn 2 | setIn 268 | zukHp 446 | chosen 33,14 | walk - | weapon Toxic Blowpipe | untilShot 1 | target TzKal-Zuk[zuk] | gate - | overhead Protect from Magic | Zek@20,21 TAGGED; JalTok-Jad@24,25 TAGGED; TzKal-Zuk@22,8 TAGGED
t1525 | 33,14 | 34..38|W|frz-2 | zukIn 1 | setIn 267 | zukHp 446 | chosen 33,14 | walk - | weapon Toxic Blowpipe | untilShot 1 | target TzKal-Zuk[zuk] | gate - | overhead Protect from Magic | Zek@20,21 TAGGED; JalTok-Jad@24,25 TAGGED; TzKal-Zuk@22,8 TAGGED
t1526 | 33,14 | 33..37|W|frz-3 | zukIn 7 | setIn 266 | zukHp 446 | chosen 26,14 | walk ->26,14 | weapon Toxic Blowpipe | untilShot 1 | target -[-] | gate - | overhead none | Zek@20,21 TAGGED; JalTok-Jad@24,25 TAGGED; TzKal-Zuk@22,8 TAGGED
t1527 | 31,14 | 32..36|W|frz-4 | zukIn 6 | setIn 265 | zukHp 446 | chosen 26,14 | walk ->26,14 | weapon Toxic Blowpipe | untilShot 1 | target TzKal-Zuk[zuk] | gate - | overhead none | Zek@20,21 TAGGED; JalTok-Jad@24,25 TAGGED; TzKal-Zuk@22,8 TAGGED
t1528 | 29,14 | 31..35|W|frz-5 | zukIn 5 | setIn 264 | zukHp 446 | chosen 26,14 | walk ->26,14 | weapon Toxic Blowpipe | untilShot 1 | target Jal-Zek[mager-kill] | gate ok | overhead none | Zek@20,21 TAGGED; JalTok-Jad@24,25 TAGGED; TzKal-Zuk@22,8 TAGGED
t1529 | 27,14 | 30..34|W|frz-6 | zukIn 4 | setIn 263 | zukHp 446 | chosen 26,14 | walk ->26,14 | weapon Rune Crossbow | untilShot 1 | target Jal-Zek[mager-kill] | gate ok | overhead Protect from Magic | Zek@20,21 TAGGED; JalTok-Jad@24,25 TAGGED; TzKal-Zuk@22,8 TAGGED
t1530 | 27,14 | 29..33|W|frz-7 | zukIn 3 | setIn 262 | zukHp 446 | chosen 26,14 | walk ->26,14 | weapon Rune Crossbow | untilShot 5 | target -[-] | gate - | overhead none | Zek@20,21 TAGGED; JalTok-Jad@24,25 TAGGED; TzKal-Zuk@22,8 TAGGED
FIRED t1530 | 27,14 | Rune Crossbow | Jal-Zek
t1531 | 26,14 | 28..32|W|frz-8 | zukIn 2 | setIn 261 | zukHp 446 | chosen 26,14 | walk - | weapon Rune Crossbow | untilShot 4 | target Jal-Zek[mager-kill] | gate ok | overhead none | Zek@20,21 TAGGED; JalTok-Jad@24,25 TAGGED; TzKal-Zuk@22,8 TAGGED
t1532 | 26,14 | 27..31|W|frz-9 | zukIn 1 | setIn 260 | zukHp 446 | chosen 26,14 | walk - | weapon Rune Crossbow | untilShot 3 | target Jal-Zek[mager-kill] | gate ok | overhead Protect from Range | Zek@20,21 TAGGED; JalTok-Jad@24,25 TAGGED; TzKal-Zuk@22,8 TAGGED
t1533 | 26,14 | 26..30|W|frz-10 | zukIn 7 | setIn 259 | zukHp 446 | chosen 19,14 | walk ->19,14 | weapon Rune Crossbow | untilShot 2 | target -[-] | gate - | overhead Protect from Magic | Zek@20,21 TAGGED; JalTok-Jad@24,25 TAGGED; TzKal-Zuk@22,8 TAGGED
t1534 | 24,14 | 25..29|W|frz-11 | zukIn 6 | setIn 258 | zukHp 446 | chosen 19,14 | walk ->19,14 | weapon Rune Crossbow | untilShot 1 | target Jal-Zek[mager-kill] | gate ok | overhead none | Zek@20,21 TAGGED; JalTok-Jad@24,25 TAGGED; TzKal-Zuk@22,8 TAGGED
t1535 | 24,14 | 24..28|W|frz-12 | zukIn 5 | setIn 257 | zukHp 446 | chosen 19,14 | walk ->19,14 | weapon Rune Crossbow | untilShot 5 | target -[-] | gate - | overhead none | Zek@20,21 TAGGED; JalTok-Jad@24,25 TAGGED; TzKal-Zuk@22,8 TAGGED
FIRED t1535 | 24,14 | Rune Crossbow | Jal-Zek
t1536 | 22,14 | 23..27|W|frz-13 | zukIn 4 | setIn 256 | zukHp 446 | chosen 19,14 | walk ->19,14 | weapon Rune Crossbow | untilShot 4 | target Jal-Zek[mager-kill] | gate ok | overhead none | Zek@20,21 TAGGED; JalTok-Jad@24,25 TAGGED; TzKal-Zuk@22,8 TAGGED
t1537 | 20,14 | 22..26|W|frz-14 | zukIn 3 | setIn 255 | zukHp 446 | chosen 19,14 | walk ->19,14 | weapon Rune Crossbow | untilShot 3 | target Jal-Zek[mager-kill] | gate ok | overhead Protect from Magic | Zek@20,21 TAGGED; JalTok-Jad@24,25 TAGGED; TzKal-Zuk@22,8 TAGGED
t1538 | 19,14 | 21..25|W|frz-15 | zukIn 2 | setIn 254 | zukHp 446 | chosen 19,14 | walk - | weapon Rune Crossbow | untilShot 2 | target Jal-Zek[mager-kill] | gate ok | overhead none | Zek@20,21 TAGGED; JalTok-Jad@24,25 TAGGED; TzKal-Zuk@22,8 TAGGED
t1539 | 19,14 | 20..24|W|frz-16 | zukIn 1 | setIn 253 | zukHp 446 | chosen 19,14 | walk - | weapon Toxic Blowpipe | untilShot 1 | target Jal-Zek[mager-kill] | gate ok | overhead none | Zek@20,21 TAGGED; JalTok-Jad@24,25 TAGGED; TzKal-Zuk@22,8 TAGGED
t1540 | 19,14 | 19..23|W|frz-17 | zukIn 7 | setIn 252 | zukHp 446 | chosen 15,14 | walk ->15,14 | weapon Toxic Blowpipe | untilShot 2 | target -[-] | gate - | overhead Protect from Magic | Zek@20,21 TAGGED; JalTok-Jad@24,25 TAGGED; TzKal-Zuk@22,8 TAGGED
FIRED t1540 | 19,14 | Toxic Blowpipe | Jal-Zek
t1541 | 17,14 | 18..22|W|frz-18 | zukIn 6 | setIn 251 | zukHp 446 | chosen 15,14 | walk ->15,14 | weapon Toxic Blowpipe | untilShot 1 | target Jal-Zek[mager-kill] | gate ok | overhead Protect from Magic | Zek@20,21 TAGGED; JalTok-Jad@24,25 TAGGED; TzKal-Zuk@22,8 TAGGED
t1542 | 17,14 | 17..21|W|frz-19 | zukIn 5 | setIn 250 | zukHp 446 | chosen 15,14 | walk ->15,14 | weapon Toxic Blowpipe | untilShot 2 | target -[-] | gate - | overhead none | Zek@20,21 TAGGED; JalTok-Jad@24,25 TAGGED; TzKal-Zuk@22,8 TAGGED
FIRED t1542 | 17,14 | Toxic Blowpipe | Jal-Zek
t1543 | 15,14 | 16..20|W|frz-20 | zukIn 4 | setIn 249 | zukHp 446 | chosen 15,14 | walk - | weapon Toxic Blowpipe | untilShot 1 | target Jal-Zek[mager-kill] | gate ok | overhead none | Zek@20,21 TAGGED; JalTok-Jad@24,25 TAGGED; TzKal-Zuk@22,8 TAGGED
t1544 | 15,14 | 15..19|W|frz-21 | zukIn 3 | setIn 248 | zukHp 446 | chosen 15,14 | walk - | weapon Toxic Blowpipe | untilShot 2 | target Jal-Zek[mager-kill] | gate ok | overhead none | Zek@20,21 TAGGED; JalTok-Jad@24,25 TAGGED; TzKal-Zuk@22,8 TAGGED
FIRED t1544 | 15,14 | Toxic Blowpipe | Jal-Zek
t1545 | 15,14 | 14..18|W|frz-22 | zukIn 2 | setIn 247 | zukHp 446 | chosen 15,14 | walk - | weapon Toxic Blowpipe | untilShot 1 | target Jal-Zek[mager-kill] | gate ok | overhead Protect from Magic | Zek@20,21 TAGGED; JalTok-Jad@24,25 TAGGED; TzKal-Zuk@22,8 TAGGED
t1546 | 15,14 | 13..17|W|frz-23 | zukIn 1 | setIn 246 | zukHp 446 | chosen 15,14 | walk - | weapon Toxic Blowpipe | untilShot 2 | target Jal-Zek[mager-kill] | gate ok | overhead none | Zek@20,21 TAGGED; JalTok-Jad@24,25 TAGGED; TzKal-Zuk@22,8 TAGGED
FIRED t1546 | 15,14 | Toxic Blowpipe | Jal-Zek
t1547 | 15,14 | 12..16|W|frz-24 | zukIn 7 | setIn 245 | zukHp 446 | chosen 15,14 | walk - | weapon Toxic Blowpipe | untilShot 1 | target Jal-Zek[mager-kill] | gate ok | overhead none | Zek@20,21 TAGGED; JalTok-Jad@24,25 TAGGED; TzKal-Zuk@22,8 TAGGED
t1548 | 15,14 | 11..15|W|frz-25 | zukIn 6 | setIn 244 | zukHp 446 | chosen 15,14 | walk - | weapon Toxic Blowpipe | untilShot 2 | target Jal-Zek[mager-kill] | gate ok | overhead Protect from Range | Zek@20,21 TAGGED; JalTok-Jad@24,25 TAGGED; TzKal-Zuk@22,8 TAGGED
FIRED t1548 | 15,14 | Toxic Blowpipe | Jal-Zek
t1549 | 15,14 | 10..14|E|frz4 | zukIn 5 | setIn 243 | zukHp 446 | chosen 15,14 | walk - | weapon Toxic Blowpipe | untilShot 1 | target Jal-Zek[mager-kill] | gate ok | overhead Protect from Magic | Zek@20,21 TAGGED; JalTok-Jad@24,25 TAGGED; TzKal-Zuk@22,8 TAGGED
t1550 | 15,14 | 10..14|E|frz3 | zukIn 4 | setIn 242 | zukHp 446 | chosen 15,14 | walk - | weapon Toxic Blowpipe | untilShot 2 | target Jal-Zek[mager-kill] | gate ok | overhead none | Zek@20,21 TAGGED; JalTok-Jad@24,25 TAGGED; TzKal-Zuk@22,8 TAGGED
FIRED t1550 | 15,14 | Toxic Blowpipe | Jal-Zek
t1551 | 15,14 | 10..14|E|frz2 | zukIn 3 | setIn 241 | zukHp 446 | chosen 15,14 | walk - | weapon Toxic Blowpipe | untilShot 1 | target Jal-Zek[mager-kill] | gate ok | overhead none | Zek@20,21 TAGGED; JalTok-Jad@24,25 TAGGED; TzKal-Zuk@22,8 TAGGED
t1552 | 15,14 | 10..14|E|frz1 | zukIn 2 | setIn 240 | zukHp 446 | chosen 15,14 | walk - | weapon Toxic Blowpipe | untilShot 2 | target Jal-Zek[mager-kill] | gate ok | overhead none | Zek@20,21 TAGGED; JalTok-Jad@24,25 TAGGED; TzKal-Zuk@22,8 TAGGED
FIRED t1552 | 15,14 | Toxic Blowpipe | Jal-Zek
t1553 | 15,14 | 10..14|E|frz0 | zukIn 1 | setIn 239 | zukHp 446 | chosen 15,14 | walk - | weapon Toxic Blowpipe | untilShot 1 | target Jal-Zek[mager-kill] | gate ok | overhead Protect from Magic | Zek@20,21 TAGGED; JalTok-Jad@24,25 TAGGED; TzKal-Zuk@22,8 TAGGED
t1554 | 15,14 | 11..15|E|frz-1 | zukIn 7 | setIn 238 | zukHp 446 | chosen 22,14 | walk ->22,14 | weapon Toxic Blowpipe | untilShot 2 | target -[-] | gate - | overhead none | Zek@20,21 TAGGED; JalTok-Jad@24,25 TAGGED; TzKal-Zuk@22,8 TAGGED
FIRED t1554 | 15,14 | Toxic Blowpipe | Jal-Zek
t1555 | 17,14 | 12..16|E|frz-2 | zukIn 6 | setIn 237 | zukHp 446 | chosen 22,14 | walk ->22,14 | weapon Toxic Blowpipe | untilShot 1 | target Jal-Zek[mager-kill] | gate ok | overhead none | Zek@20,21 TAGGED; JalTok-Jad@24,25 TAGGED; TzKal-Zuk@22,8 TAGGED
t1556 | 17,14 | 13..17|E|frz-3 | zukIn 5 | setIn 236 | zukHp 446 | chosen 22,14 | walk ->22,14 | weapon Toxic Blowpipe | untilShot 2 | target -[-] | gate - | overhead Protect from Range | Zek@20,21 TAGGED; JalTok-Jad@24,25 TAGGED; TzKal-Zuk@22,8 TAGGED
FIRED t1556 | 17,14 | Toxic Blowpipe | Jal-Zek
t1557 | 19,14 | 14..18|E|frz-4 | zukIn 4 | setIn 235 | zukHp 446 | chosen 22,14 | walk ->22,14 | weapon Toxic Blowpipe | untilShot 1 | target Jal-Zek[mager-kill] | gate ok | overhead Protect from Magic | Zek@20,21 TAGGED; JalTok-Jad@24,25 TAGGED; TzKal-Zuk@22,8 TAGGED
t1558 | 19,14 | 15..19|E|frz-5 | zukIn 3 | setIn 234 | zukHp 446 | chosen 22,14 | walk ->22,14 | weapon Toxic Blowpipe | untilShot 2 | target -[-] | gate - | overhead none | Zek@20,21 TAGGED; JalTok-Jad@24,25 TAGGED; TzKal-Zuk@22,8 TAGGED
FIRED t1558 | 19,14 | Toxic Blowpipe | Jal-Zek
t1559 | 21,14 | 16..20|E|frz-6 | zukIn 2 | setIn 233 | zukHp 446 | chosen 22,14 | walk ->22,14 | weapon Toxic Blowpipe | untilShot 1 | target Jal-Zek[mager-kill] | gate ok | overhead none | Zek@20,21 TAGGED; JalTok-Jad@24,25 TAGGED; TzKal-Zuk@22,8 TAGGED
t1560 | 21,14 | 17..21|E|frz-7 | zukIn 1 | setIn 232 | zukHp 446 | chosen 21,14 | walk - | weapon Toxic Blowpipe | untilShot 2 | target Jal-Zek[mager-kill] | gate ok | overhead none | Zek@20,21 TAGGED; JalTok-Jad@24,25 TAGGED; TzKal-Zuk@22,8 TAGGED
FIRED t1560 | 21,14 | Toxic Blowpipe | Jal-Zek
t1561 | 21,14 | 18..22|E|frz-8 | zukIn 7 | setIn 231 | zukHp 446 | chosen 29,14 | walk ->29,14 | weapon Toxic Blowpipe | untilShot 1 | target -[-] | gate - | overhead Protect from Magic | Zek@20,21 TAGGED; JalTok-Jad@24,25 TAGGED; TzKal-Zuk@22,8 TAGGED
t1562 | 23,14 | 19..23|E|frz-9 | zukIn 6 | setIn 230 | zukHp 446 | chosen 29,14 | walk ->29,14 | weapon Toxic Blowpipe | untilShot 1 | target Jal-Zek[mager-kill] | gate ok | overhead none | Zek@20,21 TAGGED; JalTok-Jad@24,25 TAGGED; TzKal-Zuk@22,8 TAGGED
t1563 | 23,14 | 20..24|E|frz-10 | zukIn 5 | setIn 229 | zukHp 446 | chosen 29,14 | walk ->29,14 | weapon Toxic Blowpipe | untilShot 2 | target -[-] | gate - | overhead none | Zek@20,21 TAGGED; JalTok-Jad@24,25 TAGGED; TzKal-Zuk@22,8 TAGGED
FIRED t1563 | 23,14 | Toxic Blowpipe | Jal-Zek
t1564 | 25,14 | 21..25|E|frz-11 | zukIn 4 | setIn 228 | zukHp 446 | chosen 29,14 | walk ->29,14 | weapon Toxic Blowpipe | untilShot 1 | target Jal-Zek[mager-kill] | gate ok | overhead Protect from Magic | Zek@20,21 TAGGED; JalTok-Jad@24,25 TAGGED; TzKal-Zuk@22,8 TAGGED
t1565 | 25,14 | 22..26|E|frz-12 | zukIn 3 | setIn 227 | zukHp 446 | chosen 29,14 | walk ->29,14 | weapon Toxic Blowpipe | untilShot 2 | target -[-] | gate - | overhead Protect from Magic | Zek@20,21 TAGGED; JalTok-Jad@24,25 TAGGED; TzKal-Zuk@22,8 TAGGED
FIRED t1565 | 25,14 | Toxic Blowpipe | Jal-Zek
t1566 | 27,14 | 23..27|E|frz-13 | zukIn 2 | setIn 226 | zukHp 446 | chosen 29,14 | walk ->29,14 | weapon Toxic Blowpipe | untilShot 1 | target Jal-Zek[mager-kill] | gate ok | overhead none | Zek@20,21 TAGGED; JalTok-Jad@24,25 TAGGED; TzKal-Zuk@22,8 TAGGED
t1567 | 27,14 | 24..28|E|frz-14 | zukIn 1 | setIn 225 | zukHp 446 | chosen 27,14 | walk - | weapon Toxic Blowpipe | untilShot 2 | target Jal-Zek[mager-kill] | gate ok | overhead none | Zek@20,21 TAGGED; JalTok-Jad@24,25 TAGGED; TzKal-Zuk@22,8 TAGGED
FIRED t1567 | 27,14 | Toxic Blowpipe | Jal-Zek
t1568 | 27,14 | 25..29|E|frz-15 | zukIn 7 | setIn 224 | zukHp 446 | chosen 36,14 | walk ->36,14 | weapon Toxic Blowpipe | untilShot 1 | target -[-] | gate - | overhead none | Zek@20,21 TAGGED; JalTok-Jad@24,25 TAGGED; TzKal-Zuk@22,8 TAGGED
t1569 | 29,14 | 26..30|E|frz-16 | zukIn 6 | setIn 223 | zukHp 446 | chosen 36,14 | walk ->36,14 | weapon Toxic Blowpipe | untilShot 1 | target Jal-Zek[mager-kill] | gate ok | overhead Protect from Magic | Zek@20,21 TAGGED; JalTok-Jad@24,25 TAGGED; TzKal-Zuk@22,8 TAGGED
t1570 | 31,14 | 27..31|E|frz-17 | zukIn 5 | setIn 222 | zukHp 446 | chosen 36,14 | walk ->36,14 | weapon Rune Crossbow | untilShot 1 | target TzKal-Zuk[zuk] | gate - | overhead none | Zek@20,21 TAGGED; JalTok-Jad@24,25 TAGGED; TzKal-Zuk@22,8 TAGGED
t1571 | 33,14 | 28..32|E|frz-18 | zukIn 4 | setIn 221 | zukHp 446 | chosen 36,14 | walk ->36,14 | weapon Rune Crossbow | untilShot 1 | target TzKal-Zuk[zuk] | gate - | overhead none | Zek@20,21 TAGGED; JalTok-Jad@24,25 TAGGED; TzKal-Zuk@22,8 TAGGED
t1572 | 35,14 | 29..33|E|frz-19 | zukIn 3 | setIn 220 | zukHp 446 | chosen 36,14 | walk ->36,14 | weapon Rune Crossbow | untilShot 1 | target TzKal-Zuk[zuk] | gate - | overhead Protect from Range | Zek@20,21 TAGGED; JalTok-Jad@24,25 TAGGED; TzKal-Zuk@22,8 TAGGED
t1573 | 36,14 | 30..34|E|frz-20 | zukIn 2 | setIn 219 | zukHp 446 | chosen 36,14 | walk - | weapon Rune Crossbow | untilShot 1 | target TzKal-Zuk[zuk] | gate - | overhead Protect from Magic | Zek@20,21 TAGGED; JalTok-Jad@24,25 TAGGED; TzKal-Zuk@22,8 TAGGED
t1574 | 36,14 | 31..35|E|frz-21 | zukIn 1 | setIn 218 | zukHp 446 | chosen 36,14 | walk - | weapon Rune Crossbow | untilShot 1 | target TzKal-Zuk[zuk] | gate - | overhead none | Zek@20,21 TAGGED; JalTok-Jad@24,25 TAGGED; TzKal-Zuk@22,8 TAGGED
t1575 | 36,14 | 32..36|E|frz-22 | zukIn 7 | setIn 217 | zukHp 446 | chosen 36,14 | walk - | weapon Rune Crossbow | untilShot 1 | target TzKal-Zuk[zuk] | gate - | overhead none | Zek@20,21 TAGGED; JalTok-Jad@24,25 TAGGED; TzKal-Zuk@22,8 TAGGED
t1576 | 36,14 | 33..37|E|frz-23 | zukIn 6 | setIn 216 | zukHp 446 | chosen 36,14 | walk - | weapon Rune Crossbow | untilShot 1 | target TzKal-Zuk[zuk] | gate - | overhead none | Zek@20,21 TAGGED; JalTok-Jad@24,25 TAGGED; TzKal-Zuk@22,8 TAGGED
t1577 | 36,14 | 34..38|E|frz-24 | zukIn 5 | setIn 215 | zukHp 446 | chosen 36,14 | walk - | weapon Rune Crossbow | untilShot 1 | target TzKal-Zuk[zuk] | gate - | overhead Protect from Magic | Zek@20,21 TAGGED; JalTok-Jad@24,25 TAGGED; TzKal-Zuk@22,8 TAGGED
t1578 | 36,14 | 35..39|E|frz-25 | zukIn 4 | setIn 214 | zukHp 446 | chosen 36,14 | walk - | weapon Rune Crossbow | untilShot 1 | target TzKal-Zuk[zuk] | gate - | overhead none | Zek@20,21 TAGGED; JalTok-Jad@24,25 TAGGED; TzKal-Zuk@22,8 TAGGED
t1579 | 36,14 | 36..40|W|frz4 | zukIn 3 | setIn 213 | zukHp 446 | chosen 36,14 | walk - | weapon Rune Crossbow | untilShot 1 | target TzKal-Zuk[zuk] | gate - | overhead none | Zek@20,21 TAGGED; JalTok-Jad@24,25 TAGGED; TzKal-Zuk@22,8 TAGGED
t1580 | 36,14 | 36..40|W|frz3 | zukIn 2 | setIn 212 | zukHp 446 | chosen 36,14 | walk - | weapon Rune Crossbow | untilShot 1 | target TzKal-Zuk[zuk] | gate - | overhead Protect from Magic | Zek@20,21 TAGGED; JalTok-Jad@24,25 TAGGED; TzKal-Zuk@22,8 TAGGED
t1581 | 36,14 | 36..40|W|frz2 | zukIn 1 | setIn 211 | zukHp 446 | chosen 36,14 | walk - | weapon Rune Crossbow | untilShot 1 | target TzKal-Zuk[zuk] | gate - | overhead Protect from Magic | Zek@20,21 TAGGED; JalTok-Jad@24,25 TAGGED; TzKal-Zuk@22,8 TAGGED
t1582 | 36,14 | 36..40|W|frz1 | zukIn 7 | setIn 210 | zukHp 446 | chosen 30,14 | walk ->30,14 | weapon Rune Crossbow | untilShot 1 | target -[-] | gate - | overhead none | Zek@20,21 TAGGED; JalTok-Jad@24,25 TAGGED; TzKal-Zuk@22,8 TAGGED
t1583 | 34,14 | 36..40|W|frz0 | zukIn 6 | setIn 209 | zukHp 446 | chosen 30,14 | walk ->30,14 | weapon Rune Crossbow | untilShot 1 | target TzKal-Zuk[zuk] | gate - | overhead none | Zek@20,21 TAGGED; JalTok-Jad@24,25 TAGGED; TzKal-Zuk@22,8 TAGGED
t1584 | 32,14 | 35..39|W|frz-1 | zukIn 5 | setIn 208 | zukHp 446 | chosen 30,14 | walk ->30,14 | weapon Rune Crossbow | untilShot 1 | target TzKal-Zuk[zuk] | gate - | overhead none | Zek@20,21 TAGGED; JalTok-Jad@24,25 TAGGED; TzKal-Zuk@22,8 TAGGED
t1585 | 30,14 | 34..38|W|frz-2 | zukIn 4 | setIn 207 | zukHp 446 | chosen 30,14 | walk - | weapon Rune Crossbow | untilShot 1 | target Jal-Zek[mager-kill] | gate ok | overhead Protect from Magic | Zek@20,21 TAGGED; JalTok-Jad@24,25 TAGGED; TzKal-Zuk@22,8 TAGGED
t1586 | 30,14 | 33..37|W|frz-3 | zukIn 3 | setIn 206 | zukHp 446 | chosen 30,14 | walk - | weapon Rune Crossbow | untilShot 5 | target Jal-Zek[mager-kill] | gate ok | overhead none | Zek@20,21 TAGGED; JalTok-Jad@24,25 TAGGED; TzKal-Zuk@22,8 TAGGED
FIRED t1586 | 30,14 | Rune Crossbow | Jal-Zek
t1587 | 30,14 | 32..36|W|frz-4 | zukIn 2 | setIn 205 | zukHp 446 | chosen 30,14 | walk - | weapon Rune Crossbow | untilShot 4 | target Jal-Zek[mager-kill] | gate ok | overhead none | Zek@20,21 TAGGED; JalTok-Jad@24,25 TAGGED; TzKal-Zuk@22,8 TAGGED
t1588 | 30,14 | 31..35|W|frz-5 | zukIn 1 | setIn 204 | zukHp 446 | chosen 30,14 | walk - | weapon Rune Crossbow | untilShot 3 | target Jal-Zek[mager-kill] | gate ok | overhead Protect from Range | Zek@20,21 TAGGED; JalTok-Jad@24,25 TAGGED; TzKal-Zuk@22,8 TAGGED
t1589 | 30,14 | 30..34|W|frz-6 | zukIn 7 | setIn 203 | zukHp 446 | chosen 23,14 | walk ->23,14 | weapon Rune Crossbow | untilShot 2 | target -[-] | gate - | overhead Protect from Magic | Zek@20,21 TAGGED; JalTok-Jad@24,25 TAGGED; TzKal-Zuk@22,8 TAGGED
t1590 | 28,14 | 29..33|W|frz-7 | zukIn 6 | setIn 202 | zukHp 446 | chosen 23,14 | walk ->23,14 | weapon Rune Crossbow | untilShot 1 | target Jal-Zek[mager-kill] | gate ok | overhead none | Zek@20,21 TAGGED; JalTok-Jad@24,25 TAGGED; TzKal-Zuk@22,8 TAGGED
t1591 | 28,14 | 28..32|W|frz-8 | zukIn 5 | setIn 201 | zukHp 446 | chosen 23,14 | walk ->23,14 | weapon Rune Crossbow | untilShot 5 | target -[-] | gate - | overhead none | Zek@20,21 TAGGED; JalTok-Jad@24,25 TAGGED; TzKal-Zuk@22,8 TAGGED
FIRED t1591 | 28,14 | Rune Crossbow | Jal-Zek
t1592 | 26,14 | 27..31|W|frz-9 | zukIn 4 | setIn 200 | zukHp 446 | chosen 23,14 | walk ->23,14 | weapon Rune Crossbow | untilShot 4 | target Jal-Zek[mager-kill] | gate ok | overhead none | Zek@20,21 TAGGED; JalTok-Jad@24,25 TAGGED; TzKal-Zuk@22,8 TAGGED
t1593 | 24,14 | 26..30|W|frz-10 | zukIn 3 | setIn 199 | zukHp 446 | chosen 23,14 | walk ->23,14 | weapon Rune Crossbow | untilShot 3 | target Jal-Zek[mager-kill] | gate ok | overhead Protect from Magic | Zek@20,21 TAGGED; JalTok-Jad@24,25 TAGGED; TzKal-Zuk@22,8 TAGGED
t1594 | 23,14 | 25..29|W|frz-11 | zukIn 2 | setIn 198 | zukHp 446 | chosen 23,14 | walk - | weapon Rune Crossbow | untilShot 2 | target Jal-Zek[mager-kill] | gate ok | overhead none | Zek@20,21 TAGGED; JalTok-Jad@24,25 TAGGED; TzKal-Zuk@22,8 TAGGED
t1595 | 23,14 | 24..28|W|frz-12 | zukIn 1 | setIn 197 | zukHp 446 | chosen 23,14 | walk - | weapon Toxic Blowpipe | untilShot 1 | target Jal-Zek[mager-kill] | gate ok | overhead none | Zek@20,21 TAGGED; JalTok-Jad@24,25 TAGGED; TzKal-Zuk@22,8 TAGGED
t1596 | 23,14 | 23..27|W|frz-13 | zukIn 7 | setIn 196 | zukHp 446 | chosen 16,14 | walk ->16,14 | weapon Toxic Blowpipe | untilShot 2 | target -[-] | gate - | overhead Protect from Range | Zek@20,21 TAGGED; JalTok-Jad@24,25 TAGGED; TzKal-Zuk@22,8 TAGGED
FIRED t1596 | 23,14 | Toxic Blowpipe | Jal-Zek
t1597 | 21,14 | 22..26|W|frz-14 | zukIn 6 | setIn 195 | zukHp 446 | chosen 16,14 | walk ->16,14 | weapon Toxic Blowpipe | untilShot 1 | target Jal-Zek[mager-kill] | gate ok | overhead Protect from Magic | Zek@20,21 TAGGED; JalTok-Jad@24,25 TAGGED; TzKal-Zuk@22,8 TAGGED
t1598 | 21,14 | 21..25|W|frz-15 | zukIn 5 | setIn 194 | zukHp 446 | chosen 16,14 | walk ->16,14 | weapon Toxic Blowpipe | untilShot 2 | target -[-] | gate - | overhead none | Zek@20,21 TAGGED; JalTok-Jad@24,25 TAGGED; TzKal-Zuk@22,8 TAGGED
FIRED t1598 | 21,14 | Toxic Blowpipe | Jal-Zek
t1599 | 19,14 | 20..24|W|frz-16 | zukIn 4 | setIn 193 | zukHp 446 | chosen 16,14 | walk ->16,14 | weapon Toxic Blowpipe | untilShot 1 | target Jal-Zek[mager-kill] | gate ok | overhead none | Zek@20,21 TAGGED; JalTok-Jad@24,25 TAGGED; TzKal-Zuk@22,8 TAGGED
t1600 | 19,14 | 19..23|W|frz-17 | zukIn 3 | setIn 192 | zukHp 446 | chosen 16,14 | walk ->16,14 | weapon Toxic Blowpipe | untilShot 2 | target -[-] | gate - | overhead none | Zek@20,21 TAGGED; JalTok-Jad@24,25 TAGGED; TzKal-Zuk@22,8 TAGGED
FIRED t1600 | 19,14 | Toxic Blowpipe | Jal-Zek
t1601 | 17,14 | 18..22|W|frz-18 | zukIn 2 | setIn 191 | zukHp 446 | chosen 16,14 | walk ->16,14 | weapon Toxic Blowpipe | untilShot 1 | target Jal-Zek[mager-kill] | gate ok | overhead Protect from Magic | Zek@20,21 TAGGED; JalTok-Jad@24,25 TAGGED; TzKal-Zuk@22,8 TAGGED
t1602 | 17,14 | 17..21|W|frz-19 | zukIn 1 | setIn 190 | zukHp 446 | chosen 17,14 | walk - | weapon Toxic Blowpipe | untilShot 2 | target Jal-Zek[mager-kill] | gate ok | overhead none | Zek@20,21 TAGGED; JalTok-Jad@24,25 TAGGED; TzKal-Zuk@22,8 TAGGED
FIRED t1602 | 17,14 | Toxic Blowpipe | Jal-Zek
t1603 | 17,14 | 16..20|W|frz-20 | zukIn 7 | setIn 189 | zukHp 446 | chosen 14,14 | walk ->14,14 | weapon Toxic Blowpipe | untilShot 1 | target -[-] | gate - | overhead none | Zek@20,21 TAGGED; JalTok-Jad@24,25 TAGGED; TzKal-Zuk@22,8 TAGGED
t1604 | 15,14 | 15..19|W|frz-21 | zukIn 6 | setIn 188 | zukHp 446 | chosen 15,14 | walk ->14,14 | weapon Toxic Blowpipe | untilShot 1 | target TzKal-Zuk[zuk] | gate ok | overhead Protect from Magic | JalTok-Jad@24,25 TAGGED; TzKal-Zuk@22,8 TAGGED
t1605 | 14,14 | 14..18|W|frz-22 | zukIn 5 | setIn 187 | zukHp 446 | chosen 15,14 | walk ->15,14 | weapon Rune Crossbow | untilShot 1 | target -[-] | gate - | overhead none | JalTok-Jad@24,25 TAGGED; TzKal-Zuk@22,8 TAGGED
t1606 | 15,14 | 13..17|W|frz-23 | zukIn 4 | setIn 186 | zukHp 446 | chosen 15,14 | walk - | weapon Rune Crossbow | untilShot 1 | target TzKal-Zuk[zuk] | gate ok | overhead none | JalTok-Jad@24,25 TAGGED; TzKal-Zuk@22,8 TAGGED
t1607 | 15,14 | 12..16|W|frz-24 | zukIn 3 | setIn 185 | zukHp 446 | chosen 14,14 | walk ->14,14 | weapon Rune Crossbow | untilShot 5 | target -[-] | gate - | overhead none | JalTok-Jad@24,25 TAGGED; TzKal-Zuk@22,8 TAGGED
FIRED t1607 | 15,14 | Rune Crossbow | TzKal-Zuk
t1608 | 14,14 | 11..15|W|frz-25 | zukIn 2 | setIn 184 | zukHp 446 | chosen 14,14 | walk - | weapon Rune Crossbow | untilShot 4 | target TzKal-Zuk[zuk] | gate - | overhead none | JalTok-Jad@24,25 TAGGED; TzKal-Zuk@22,8 TAGGED
t1609 | 14,14 | 10..14|E|frz4 | zukIn 1 | setIn 183 | zukHp 446 | chosen 14,14 | walk - | weapon Rune Crossbow | untilShot 3 | target TzKal-Zuk[zuk] | gate - | overhead none | JalTok-Jad@24,25 TAGGED; TzKal-Zuk@22,8 TAGGED
t1610 | 14,14 | 10..14|E|frz3 | zukIn 7 | setIn 182 | zukHp 446 | chosen 15,14 | walk ->15,14 | weapon Rune Crossbow | untilShot 2 | target -[-] | gate - | overhead none | JalTok-Jad@24,25 TAGGED; TzKal-Zuk@22,8 TAGGED
t1611 | 15,14 | 10..14|E|frz2 | zukIn 6 | setIn 181 | zukHp 446 | chosen 15,14 | walk - | weapon Rune Crossbow | untilShot 1 | target TzKal-Zuk[zuk] | gate ok | overhead none | JalTok-Jad@24,25 TAGGED; TzKal-Zuk@22,8 TAGGED
t1612 | 15,14 | 10..14|E|frz1 | zukIn 5 | setIn 180 | zukHp 446 | chosen 15,14 | walk - | weapon Rune Crossbow | untilShot 5 | target TzKal-Zuk[zuk] | gate ok | overhead Protect from Magic | JalTok-Jad@24,25 TAGGED; TzKal-Zuk@22,8 TAGGED
FIRED t1612 | 15,14 | Rune Crossbow | TzKal-Zuk
t1613 | 15,14 | 10..14|E|frz0 | zukIn 4 | setIn 179 | zukHp 446 | chosen 15,14 | walk - | weapon Rune Crossbow | untilShot 4 | target TzKal-Zuk[zuk] | gate ok | overhead none | JalTok-Jad@24,25 TAGGED; TzKal-Zuk@22,8 TAGGED
t1614 | 15,14 | 11..15|E|frz-1 | zukIn 3 | setIn 178 | zukHp 446 | chosen 15,14 | walk - | weapon Rune Crossbow | untilShot 3 | target TzKal-Zuk[zuk] | gate ok | overhead none | JalTok-Jad@24,25 TAGGED; TzKal-Zuk@22,8 TAGGED
t1615 | 15,14 | 12..16|E|frz-2 | zukIn 2 | setIn 177 | zukHp 446 | chosen 15,14 | walk - | weapon Rune Crossbow | untilShot 2 | target TzKal-Zuk[zuk] | gate ok | overhead none | JalTok-Jad@24,25 TAGGED; TzKal-Zuk@22,8 TAGGED
t1616 | 15,14 | 13..17|E|frz-3 | zukIn 1 | setIn 176 | zukHp 446 | chosen 15,14 | walk - | weapon Rune Crossbow | untilShot 1 | target TzKal-Zuk[zuk] | gate ok | overhead none | JalTok-Jad@24,25 TAGGED; TzKal-Zuk@22,8 TAGGED
t1617 | 15,14 | 14..18|E|frz-4 | zukIn 7 | setIn 175 | zukHp 446 | chosen 25,14 | walk ->25,14 | weapon Rune Crossbow | untilShot 5 | target -[-] | gate - | overhead none | JalTok-Jad@24,25 TAGGED; TzKal-Zuk@22,8 TAGGED
FIRED t1617 | 15,14 | Rune Crossbow | TzKal-Zuk
t1618 | 17,14 | 15..19|E|frz-5 | zukIn 6 | setIn 174 | zukHp 446 | chosen 25,14 | walk ->25,14 | weapon Rune Crossbow | untilShot 4 | target TzKal-Zuk[zuk] | gate - | overhead none | JalTok-Jad@24,25 TAGGED; TzKal-Zuk@22,8 TAGGED
t1619 | 19,14 | 16..20|E|frz-6 | zukIn 5 | setIn 173 | zukHp 446 | chosen 25,14 | walk ->25,14 | weapon Rune Crossbow | untilShot 3 | target TzKal-Zuk[zuk] | gate ok | overhead none | JalTok-Jad@24,25 TAGGED; TzKal-Zuk@22,8 TAGGED
t1620 | 21,14 | 17..21|E|frz-7 | zukIn 4 | setIn 172 | zukHp 446 | chosen 25,14 | walk ->25,14 | weapon Rune Crossbow | untilShot 2 | target TzKal-Zuk[zuk] | gate ok | overhead Protect from Range | JalTok-Jad@24,25 TAGGED; TzKal-Zuk@22,8 TAGGED
t1621 | 23,14 | 18..22|E|frz-8 | zukIn 3 | setIn 171 | zukHp 446 | chosen 25,14 | walk ->25,14 | weapon Rune Crossbow | untilShot 1 | target TzKal-Zuk[zuk] | gate ok | overhead none | JalTok-Jad@24,25 TAGGED; TzKal-Zuk@22,8 TAGGED
t1622 | 23,14 | 19..23|E|frz-9 | zukIn 2 | setIn 170 | zukHp 446 | chosen 25,14 | walk ->25,14 | weapon Rune Crossbow | untilShot 5 | target -[-] | gate - | overhead none | JalTok-Jad@24,25 TAGGED; TzKal-Zuk@22,8 TAGGED
FIRED t1622 | 23,14 | Rune Crossbow | TzKal-Zuk
t1623 | 25,14 | 20..24|E|frz-10 | zukIn 1 | setIn 169 | zukHp 446 | chosen 25,14 | walk - | weapon Rune Crossbow | untilShot 4 | target TzKal-Zuk[zuk] | gate ok | overhead none | JalTok-Jad@24,25 TAGGED; TzKal-Zuk@22,8 TAGGED
t1624 | 25,14 | 21..25|E|frz-11 | zukIn 7 | setIn 168 | zukHp 446 | chosen 31,14 | walk ->31,14 | weapon Rune Crossbow | untilShot 3 | target -[-] | gate - | overhead none | JalTok-Jad@24,25 TAGGED; TzKal-Zuk@22,8 TAGGED
t1625 | 27,14 | 22..26|E|frz-12 | zukIn 6 | setIn 167 | zukHp 434 | chosen 31,14 | walk ->31,14 | weapon Rune Crossbow | untilShot 2 | target TzKal-Zuk[zuk] | gate ok | overhead none | JalTok-Jad@24,25 TAGGED; TzKal-Zuk@22,8 TAGGED
t1626 | 29,14 | 23..27|E|frz-13 | zukIn 5 | setIn 166 | zukHp 434 | chosen 31,14 | walk ->31,14 | weapon Rune Crossbow | untilShot 1 | target TzKal-Zuk[zuk] | gate ok | overhead none | JalTok-Jad@24,25 TAGGED; TzKal-Zuk@22,8 TAGGED
t1627 | 29,14 | 24..28|E|frz-14 | zukIn 4 | setIn 165 | zukHp 434 | chosen 31,14 | walk ->31,14 | weapon Rune Crossbow | untilShot 5 | target -[-] | gate - | overhead none | JalTok-Jad@24,25 TAGGED; TzKal-Zuk@22,8 TAGGED
FIRED t1627 | 29,14 | Rune Crossbow | TzKal-Zuk
t1628 | 31,14 | 25..29|E|frz-15 | zukIn 3 | setIn 164 | zukHp 434 | chosen 31,14 | walk - | weapon Rune Crossbow | untilShot 4 | target TzKal-Zuk[zuk] | gate ok | overhead Protect from Range | JalTok-Jad@24,25 TAGGED; TzKal-Zuk@22,8 TAGGED
t1629 | 31,14 | 26..30|E|frz-16 | zukIn 2 | setIn 163 | zukHp 434 | chosen 31,14 | walk - | weapon Rune Crossbow | untilShot 3 | target TzKal-Zuk[zuk] | gate ok | overhead none | JalTok-Jad@24,25 TAGGED; TzKal-Zuk@22,8 TAGGED
t1630 | 31,14 | 27..31|E|frz-17 | zukIn 1 | setIn 162 | zukHp 403 | chosen 31,14 | walk - | weapon Rune Crossbow | untilShot 2 | target TzKal-Zuk[zuk] | gate ok | overhead none | JalTok-Jad@24,25 TAGGED; TzKal-Zuk@22,8 TAGGED
t1631 | 31,14 | 28..32|E|frz-18 | zukIn 7 | setIn 161 | zukHp 403 | chosen 31,14 | walk - | weapon Rune Crossbow | untilShot 1 | target TzKal-Zuk[zuk] | gate ok | overhead none | JalTok-Jad@24,25 TAGGED; TzKal-Zuk@22,8 TAGGED
t1632 | 31,14 | 29..33|E|frz-19 | zukIn 6 | setIn 160 | zukHp 403 | chosen 36,14 | walk ->36,14 | weapon Rune Crossbow | untilShot 5 | target -[-] | gate - | overhead none | JalTok-Jad@24,25 TAGGED; TzKal-Zuk@22,8 TAGGED
FIRED t1632 | 31,14 | Rune Crossbow | TzKal-Zuk
t1633 | 33,14 | 30..34|E|frz-20 | zukIn 5 | setIn 159 | zukHp 403 | chosen 36,14 | walk ->36,14 | weapon Rune Crossbow | untilShot 4 | target TzKal-Zuk[zuk] | gate - | overhead none | JalTok-Jad@24,25 TAGGED; TzKal-Zuk@22,8 TAGGED
t1634 | 35,14 | 31..35|E|frz-21 | zukIn 4 | setIn 158 | zukHp 403 | chosen 36,14 | walk ->36,14 | weapon Rune Crossbow | untilShot 3 | target TzKal-Zuk[zuk] | gate ok | overhead none | JalTok-Jad@24,25 TAGGED; TzKal-Zuk@22,8 TAGGED
t1635 | 36,14 | 32..36|E|frz-22 | zukIn 3 | setIn 157 | zukHp 403 | chosen 36,14 | walk - | weapon Rune Crossbow | untilShot 2 | target TzKal-Zuk[zuk] | gate - | overhead none | JalTok-Jad@24,25 TAGGED; TzKal-Zuk@22,8 TAGGED
t1636 | 36,14 | 33..37|E|frz-23 | zukIn 2 | setIn 156 | zukHp 403 | chosen 36,14 | walk - | weapon Rune Crossbow | untilShot 1 | target TzKal-Zuk[zuk] | gate - | overhead Protect from Magic | JalTok-Jad@24,25 TAGGED; TzKal-Zuk@22,8 TAGGED
t1637 | 36,14 | 34..38|E|frz-24 | zukIn 1 | setIn 155 | zukHp 403 | chosen 36,14 | walk - | weapon Rune Crossbow | untilShot 1 | target TzKal-Zuk[zuk] | gate - | overhead none | JalTok-Jad@24,25 TAGGED; TzKal-Zuk@22,8 TAGGED
t1638 | 36,14 | 35..39|E|frz-25 | zukIn 7 | setIn 154 | zukHp 403 | chosen 35,14 | walk ->35,14 | weapon Rune Crossbow | untilShot 1 | target -[-] | gate - | overhead none | JalTok-Jad@24,25 TAGGED; TzKal-Zuk@22,8 TAGGED
t1639 | 35,14 | 36..40|W|frz4 | zukIn 6 | setIn 153 | zukHp 403 | chosen 35,14 | walk - | weapon Rune Crossbow | untilShot 1 | target TzKal-Zuk[zuk] | gate ok | overhead none | JalTok-Jad@24,25 TAGGED; TzKal-Zuk@22,8 TAGGED
t1640 | 35,14 | 36..40|W|frz3 | zukIn 5 | setIn 152 | zukHp 403 | chosen 35,14 | walk - | weapon Rune Crossbow | untilShot 5 | target TzKal-Zuk[zuk] | gate ok | overhead none | JalTok-Jad@24,25 TAGGED; TzKal-Zuk@22,8 TAGGED
FIRED t1640 | 35,14 | Rune Crossbow | TzKal-Zuk
t1641 | 35,14 | 36..40|W|frz2 | zukIn 4 | setIn 151 | zukHp 403 | chosen 35,14 | walk - | weapon Rune Crossbow | untilShot 4 | target TzKal-Zuk[zuk] | gate ok | overhead none | JalTok-Jad@24,25 TAGGED; TzKal-Zuk@22,8 TAGGED
t1642 | 35,14 | 36..40|W|frz1 | zukIn 3 | setIn 150 | zukHp 403 | chosen 35,14 | walk - | weapon Rune Crossbow | untilShot 3 | target TzKal-Zuk[zuk] | gate ok | overhead none | JalTok-Jad@24,25 TAGGED; TzKal-Zuk@22,8 TAGGED
t1643 | 35,14 | 36..40|W|frz0 | zukIn 2 | setIn 149 | zukHp 389 | chosen 35,14 | walk - | weapon Rune Crossbow | untilShot 2 | target TzKal-Zuk[zuk] | gate ok | overhead none | JalTok-Jad@24,25 TAGGED; TzKal-Zuk@22,8 TAGGED
t1644 | 35,14 | 35..39|W|frz-1 | zukIn 1 | setIn 148 | zukHp 389 | chosen 35,14 | walk - | weapon Rune Crossbow | untilShot 1 | target TzKal-Zuk[zuk] | gate ok | overhead Protect from Range | JalTok-Jad@24,25 TAGGED; TzKal-Zuk@22,8 TAGGED
t1645 | 35,14 | 34..38|W|frz-2 | zukIn 7 | setIn 147 | zukHp 389 | chosen 27,14 | walk ->27,14 | weapon Rune Crossbow | untilShot 5 | target -[-] | gate - | overhead none | JalTok-Jad@24,25 TAGGED; TzKal-Zuk@22,8 TAGGED
FIRED t1645 | 35,14 | Rune Crossbow | TzKal-Zuk
t1646 | 33,14 | 33..37|W|frz-3 | zukIn 6 | setIn 146 | zukHp 389 | chosen 27,14 | walk ->27,14 | weapon Rune Crossbow | untilShot 4 | target TzKal-Zuk[zuk] | gate - | overhead none | JalTok-Jad@24,25 TAGGED; TzKal-Zuk@22,8 TAGGED
t1647 | 31,14 | 32..36|W|frz-4 | zukIn 5 | setIn 145 | zukHp 389 | chosen 27,14 | walk ->27,14 | weapon Rune Crossbow | untilShot 3 | target TzKal-Zuk[zuk] | gate ok | overhead none | JalTok-Jad@24,25 TAGGED; TzKal-Zuk@22,8 TAGGED
t1648 | 29,14 | 31..35|W|frz-5 | zukIn 4 | setIn 144 | zukHp 388 | chosen 27,14 | walk ->27,14 | weapon Rune Crossbow | untilShot 2 | target TzKal-Zuk[zuk] | gate ok | overhead none | JalTok-Jad@24,25 TAGGED; TzKal-Zuk@22,8 TAGGED
t1649 | 27,14 | 30..34|W|frz-6 | zukIn 3 | setIn 143 | zukHp 388 | chosen 27,14 | walk - | weapon Rune Crossbow | untilShot 1 | target TzKal-Zuk[zuk] | gate ok | overhead none | JalTok-Jad@24,25 TAGGED; TzKal-Zuk@22,8 TAGGED
t1650 | 27,14 | 29..33|W|frz-7 | zukIn 2 | setIn 142 | zukHp 388 | chosen 27,14 | walk - | weapon Rune Crossbow | untilShot 5 | target TzKal-Zuk[zuk] | gate ok | overhead none | JalTok-Jad@24,25 TAGGED; TzKal-Zuk@22,8 TAGGED
FIRED t1650 | 27,14 | Rune Crossbow | TzKal-Zuk
t1651 | 27,14 | 28..32|W|frz-8 | zukIn 1 | setIn 141 | zukHp 388 | chosen 27,14 | walk - | weapon Rune Crossbow | untilShot 4 | target TzKal-Zuk[zuk] | gate ok | overhead none | JalTok-Jad@24,25 TAGGED; TzKal-Zuk@22,8 TAGGED
t1652 | 27,14 | 27..31|W|frz-9 | zukIn 7 | setIn 140 | zukHp 388 | chosen 20,14 | walk ->20,14 | weapon Rune Crossbow | untilShot 3 | target -[-] | gate - | overhead Protect from Magic | JalTok-Jad@24,25 TAGGED; TzKal-Zuk@22,8 TAGGED
t1653 | 25,14 | 26..30|W|frz-10 | zukIn 6 | setIn 139 | zukHp 373 | chosen 20,14 | walk ->20,14 | weapon Rune Crossbow | untilShot 2 | target TzKal-Zuk[zuk] | gate ok | overhead none | JalTok-Jad@24,25 TAGGED; TzKal-Zuk@22,8 TAGGED
t1654 | 23,14 | 25..29|W|frz-11 | zukIn 5 | setIn 138 | zukHp 373 | chosen 20,14 | walk ->20,14 | weapon Rune Crossbow | untilShot 1 | target TzKal-Zuk[zuk] | gate ok | overhead none | JalTok-Jad@24,25 TAGGED; TzKal-Zuk@22,8 TAGGED
t1655 | 23,14 | 24..28|W|frz-12 | zukIn 4 | setIn 137 | zukHp 373 | chosen 20,14 | walk ->20,14 | weapon Rune Crossbow | untilShot 5 | target -[-] | gate - | overhead none | JalTok-Jad@24,25 TAGGED; TzKal-Zuk@22,8 TAGGED
FIRED t1655 | 23,14 | Rune Crossbow | TzKal-Zuk
t1656 | 21,14 | 23..27|W|frz-13 | zukIn 3 | setIn 136 | zukHp 373 | chosen 20,14 | walk ->20,14 | weapon Rune Crossbow | untilShot 4 | target TzKal-Zuk[zuk] | gate ok | overhead none | JalTok-Jad@24,25 TAGGED; TzKal-Zuk@22,8 TAGGED
t1657 | 20,14 | 22..26|W|frz-14 | zukIn 2 | setIn 135 | zukHp 373 | chosen 20,14 | walk - | weapon Rune Crossbow | untilShot 3 | target TzKal-Zuk[zuk] | gate ok | overhead none | JalTok-Jad@24,25 TAGGED; TzKal-Zuk@22,8 TAGGED
t1658 | 20,14 | 21..25|W|frz-15 | zukIn 1 | setIn 134 | zukHp 373 | chosen 20,14 | walk - | weapon Rune Crossbow | untilShot 2 | target TzKal-Zuk[zuk] | gate ok | overhead none | JalTok-Jad@24,25 TAGGED; TzKal-Zuk@22,8 TAGGED
t1659 | 20,14 | 20..24|W|frz-16 | zukIn 7 | setIn 133 | zukHp 373 | chosen 15,14 | walk ->15,14 | weapon Rune Crossbow | untilShot 1 | target -[-] | gate - | overhead none | JalTok-Jad@24,25 TAGGED; TzKal-Zuk@22,8 TAGGED
t1660 | 18,14 | 19..23|W|frz-17 | zukIn 6 | setIn 132 | zukHp 373 | chosen 15,14 | walk ->15,14 | weapon Rune Crossbow | untilShot 1 | target TzKal-Zuk[zuk] | gate - | overhead Protect from Magic | JalTok-Jad@24,25 TAGGED; TzKal-Zuk@22,8 TAGGED
t1661 | 16,14 | 18..22|W|frz-18 | zukIn 5 | setIn 131 | zukHp 373 | chosen 15,14 | walk ->15,14 | weapon Rune Crossbow | untilShot 1 | target TzKal-Zuk[zuk] | gate - | overhead none | JalTok-Jad@24,25 TAGGED; TzKal-Zuk@22,8 TAGGED
t1662 | 15,14 | 17..21|W|frz-19 | zukIn 4 | setIn 130 | zukHp 373 | chosen 15,14 | walk - | weapon Rune Crossbow | untilShot 1 | target TzKal-Zuk[zuk] | gate ok | overhead none | JalTok-Jad@24,25 TAGGED; TzKal-Zuk@22,8 TAGGED
t1663 | 15,14 | 16..20|W|frz-20 | zukIn 3 | setIn 129 | zukHp 373 | chosen 15,14 | walk - | weapon Rune Crossbow | untilShot 5 | target TzKal-Zuk[zuk] | gate ok | overhead none | JalTok-Jad@24,25 TAGGED; TzKal-Zuk@22,8 TAGGED
FIRED t1663 | 15,14 | Rune Crossbow | TzKal-Zuk
t1664 | 15,14 | 15..19|W|frz-21 | zukIn 2 | setIn 128 | zukHp 373 | chosen 15,14 | walk - | weapon Rune Crossbow | untilShot 4 | target TzKal-Zuk[zuk] | gate ok | overhead none | JalTok-Jad@24,25 TAGGED; TzKal-Zuk@22,8 TAGGED
t1665 | 15,14 | 14..18|W|frz-22 | zukIn 1 | setIn 127 | zukHp 373 | chosen 15,14 | walk - | weapon Rune Crossbow | untilShot 3 | target TzKal-Zuk[zuk] | gate ok | overhead none | JalTok-Jad@24,25 TAGGED; TzKal-Zuk@22,8 TAGGED
t1666 | 15,14 | 13..17|W|frz-23 | zukIn 7 | setIn 126 | zukHp 370 | chosen 14,14 | walk ->14,14 | weapon Rune Crossbow | untilShot 2 | target -[-] | gate - | overhead none | JalTok-Jad@24,25 TAGGED; TzKal-Zuk@22,8 TAGGED
t1667 | 14,14 | 12..16|W|frz-24 | zukIn 6 | setIn 125 | zukHp 370 | chosen 15,14 | walk ->15,14 | weapon Rune Crossbow | untilShot 1 | target -[-] | gate - | overhead none | JalTok-Jad@24,25 TAGGED; TzKal-Zuk@22,8 TAGGED
t1668 | 15,14 | 11..15|W|frz-25 | zukIn 5 | setIn 124 | zukHp 370 | chosen 15,14 | walk - | weapon Rune Crossbow | untilShot 1 | target TzKal-Zuk[zuk] | gate ok | overhead Protect from Range | JalTok-Jad@24,25 TAGGED; TzKal-Zuk@22,8 TAGGED
t1669 | 15,14 | 10..14|E|frz4 | zukIn 4 | setIn 123 | zukHp 370 | chosen 14,14 | walk ->14,14 | weapon Rune Crossbow | untilShot 5 | target -[-] | gate - | overhead none | JalTok-Jad@24,25 TAGGED; TzKal-Zuk@22,8 TAGGED
FIRED t1669 | 15,14 | Rune Crossbow | TzKal-Zuk
t1670 | 14,14 | 10..14|E|frz3 | zukIn 3 | setIn 122 | zukHp 370 | chosen 14,14 | walk - | weapon Rune Crossbow | untilShot 4 | target TzKal-Zuk[zuk] | gate - | overhead none | JalTok-Jad@24,25 TAGGED; TzKal-Zuk@22,8 TAGGED
t1671 | 14,14 | 10..14|E|frz2 | zukIn 2 | setIn 121 | zukHp 370 | chosen 14,14 | walk - | weapon Rune Crossbow | untilShot 3 | target TzKal-Zuk[zuk] | gate - | overhead none | JalTok-Jad@24,25 TAGGED; TzKal-Zuk@22,8 TAGGED
t1672 | 14,14 | 10..14|E|frz1 | zukIn 1 | setIn 120 | zukHp 370 | chosen 14,14 | walk - | weapon Rune Crossbow | untilShot 2 | target TzKal-Zuk[zuk] | gate - | overhead none | JalTok-Jad@24,25 TAGGED; TzKal-Zuk@22,8 TAGGED
t1673 | 14,14 | 10..14|E|frz0 | zukIn 7 | setIn 119 | zukHp 370 | chosen 21,14 | walk ->21,14 | weapon Rune Crossbow | untilShot 1 | target -[-] | gate - | overhead none | JalTok-Jad@24,25 TAGGED; TzKal-Zuk@22,8 TAGGED
t1674 | 16,14 | 11..15|E|frz-1 | zukIn 6 | setIn 118 | zukHp 370 | chosen 21,14 | walk ->21,14 | weapon Rune Crossbow | untilShot 1 | target TzKal-Zuk[zuk] | gate - | overhead none | JalTok-Jad@24,25 TAGGED; TzKal-Zuk@22,8 TAGGED
t1675 | 18,14 | 12..16|E|frz-2 | zukIn 5 | setIn 117 | zukHp 370 | chosen 21,14 | walk ->21,14 | weapon Rune Crossbow | untilShot 1 | target TzKal-Zuk[zuk] | gate - | overhead none | JalTok-Jad@24,25 TAGGED; TzKal-Zuk@22,8 TAGGED
t1676 | 20,14 | 13..17|E|frz-3 | zukIn 4 | setIn 116 | zukHp 370 | chosen 21,14 | walk ->21,14 | weapon Rune Crossbow | untilShot 1 | target TzKal-Zuk[zuk] | gate ok | overhead Protect from Magic | JalTok-Jad@24,25 TAGGED; TzKal-Zuk@22,8 TAGGED
t1677 | 20,14 | 14..18|E|frz-4 | zukIn 3 | setIn 115 | zukHp 370 | chosen 21,14 | walk ->21,14 | weapon Rune Crossbow | untilShot 5 | target -[-] | gate - | overhead none | JalTok-Jad@24,25 TAGGED; TzKal-Zuk@22,8 TAGGED
FIRED t1677 | 20,14 | Rune Crossbow | TzKal-Zuk
t1678 | 21,14 | 15..19|E|frz-5 | zukIn 2 | setIn 114 | zukHp 370 | chosen 21,14 | walk - | weapon Rune Crossbow | untilShot 4 | target TzKal-Zuk[zuk] | gate ok | overhead none | JalTok-Jad@24,25 TAGGED; TzKal-Zuk@22,8 TAGGED
t1679 | 21,14 | 16..20|E|frz-6 | zukIn 1 | setIn 113 | zukHp 370 | chosen 21,14 | walk - | weapon Rune Crossbow | untilShot 3 | target TzKal-Zuk[zuk] | gate ok | overhead none | JalTok-Jad@24,25 TAGGED; TzKal-Zuk@22,8 TAGGED
t1680 | 21,14 | 17..21|E|frz-7 | zukIn 7 | setIn 112 | zukHp 370 | chosen 28,14 | walk ->28,14 | weapon Rune Crossbow | untilShot 2 | target -[-] | gate - | overhead none | JalTok-Jad@24,25 TAGGED; TzKal-Zuk@22,8 TAGGED
t1681 | 23,14 | 18..22|E|frz-8 | zukIn 6 | setIn 111 | zukHp 370 | chosen 28,14 | walk ->28,14 | weapon Rune Crossbow | untilShot 1 | target TzKal-Zuk[zuk] | gate ok | overhead none | JalTok-Jad@24,25 TAGGED; TzKal-Zuk@22,8 TAGGED
t1682 | 23,14 | 19..23|E|frz-9 | zukIn 5 | setIn 110 | zukHp 370 | chosen 28,14 | walk ->28,14 | weapon Rune Crossbow | untilShot 5 | target -[-] | gate - | overhead none | JalTok-Jad@24,25 TAGGED; TzKal-Zuk@22,8 TAGGED
FIRED t1682 | 23,14 | Rune Crossbow | TzKal-Zuk
t1683 | 25,14 | 20..24|E|frz-10 | zukIn 4 | setIn 109 | zukHp 370 | chosen 28,14 | walk ->28,14 | weapon Rune Crossbow | untilShot 4 | target TzKal-Zuk[zuk] | gate ok | overhead none | JalTok-Jad@24,25 TAGGED; TzKal-Zuk@22,8 TAGGED
t1684 | 27,14 | 21..25|E|frz-11 | zukIn 3 | setIn 108 | zukHp 370 | chosen 28,14 | walk ->28,14 | weapon Rune Crossbow | untilShot 3 | target TzKal-Zuk[zuk] | gate ok | overhead Protect from Range | JalTok-Jad@24,25 TAGGED; TzKal-Zuk@22,8 TAGGED
t1685 | 28,14 | 22..26|E|frz-12 | zukIn 2 | setIn 107 | zukHp 370 | chosen 28,14 | walk - | weapon Rune Crossbow | untilShot 2 | target TzKal-Zuk[zuk] | gate ok | overhead none | JalTok-Jad@24,25 TAGGED; TzKal-Zuk@22,8 TAGGED
t1686 | 28,14 | 23..27|E|frz-13 | zukIn 1 | setIn 106 | zukHp 370 | chosen 28,14 | walk - | weapon Rune Crossbow | untilShot 1 | target TzKal-Zuk[zuk] | gate ok | overhead none | JalTok-Jad@24,25 TAGGED; TzKal-Zuk@22,8 TAGGED
t1687 | 28,14 | 24..28|E|frz-14 | zukIn 7 | setIn 105 | zukHp 370 | chosen 35,14 | walk ->35,14 | weapon Rune Crossbow | untilShot 5 | target -[-] | gate - | overhead none | JalTok-Jad@24,25 TAGGED; TzKal-Zuk@22,8 TAGGED
FIRED t1687 | 28,14 | Rune Crossbow | TzKal-Zuk
t1688 | 30,14 | 25..29|E|frz-15 | zukIn 6 | setIn 104 | zukHp 370 | chosen 35,14 | walk ->35,14 | weapon Rune Crossbow | untilShot 4 | target TzKal-Zuk[zuk] | gate ok | overhead none | JalTok-Jad@24,25 TAGGED; TzKal-Zuk@22,8 TAGGED
t1689 | 32,14 | 26..30|E|frz-16 | zukIn 5 | setIn 103 | zukHp 370 | chosen 35,14 | walk ->35,14 | weapon Rune Crossbow | untilShot 3 | target TzKal-Zuk[zuk] | gate - | overhead none | JalTok-Jad@24,25 TAGGED; TzKal-Zuk@22,8 TAGGED
t1690 | 34,14 | 27..31|E|frz-17 | zukIn 4 | setIn 102 | zukHp 370 | chosen 35,14 | walk ->35,14 | weapon Rune Crossbow | untilShot 2 | target TzKal-Zuk[zuk] | gate - | overhead none | JalTok-Jad@24,25 TAGGED; TzKal-Zuk@22,8 TAGGED
t1691 | 35,14 | 28..32|E|frz-18 | zukIn 3 | setIn 101 | zukHp 370 | chosen 35,14 | walk - | weapon Rune Crossbow | untilShot 1 | target TzKal-Zuk[zuk] | gate ok | overhead none | JalTok-Jad@24,25 TAGGED; TzKal-Zuk@22,8 TAGGED
t1692 | 35,14 | 29..33|E|frz-19 | zukIn 2 | setIn 100 | zukHp 370 | chosen 35,14 | walk - | weapon Rune Crossbow | untilShot 5 | target TzKal-Zuk[zuk] | gate ok | overhead Protect from Magic | JalTok-Jad@24,25 TAGGED; TzKal-Zuk@22,8 TAGGED
FIRED t1692 | 35,14 | Rune Crossbow | TzKal-Zuk
t1693 | 35,14 | 30..34|E|frz-20 | zukIn 1 | setIn 99 | zukHp 370 | chosen 35,14 | walk - | weapon Rune Crossbow | untilShot 4 | target TzKal-Zuk[zuk] | gate ok | overhead none | JalTok-Jad@24,25 TAGGED; TzKal-Zuk@22,8 TAGGED
t1694 | 35,14 | 31..35|E|frz-21 | zukIn 7 | setIn 98 | zukHp 370 | chosen 36,14 | walk ->36,14 | weapon Rune Crossbow | untilShot 3 | target -[-] | gate - | overhead none | JalTok-Jad@24,25 TAGGED; TzKal-Zuk@22,8 TAGGED
t1695 | 36,14 | 32..36|E|frz-22 | zukIn 6 | setIn 97 | zukHp 367 | chosen 35,14 | walk ->35,14 | weapon Rune Crossbow | untilShot 2 | target -[-] | gate - | overhead none | JalTok-Jad@24,25 TAGGED; TzKal-Zuk@22,8 TAGGED
t1696 | 35,14 | 33..37|E|frz-23 | zukIn 5 | setIn 96 | zukHp 367 | chosen 35,14 | walk - | weapon Rune Crossbow | untilShot 1 | target TzKal-Zuk[zuk] | gate ok | overhead none | JalTok-Jad@24,25 TAGGED; TzKal-Zuk@22,8 TAGGED
t1697 | 35,14 | 34..38|E|frz-24 | zukIn 4 | setIn 95 | zukHp 367 | chosen 36,14 | walk ->36,14 | weapon Rune Crossbow | untilShot 5 | target -[-] | gate - | overhead none | JalTok-Jad@24,25 TAGGED; TzKal-Zuk@22,8 TAGGED
FIRED t1697 | 35,14 | Rune Crossbow | TzKal-Zuk
t1698 | 36,14 | 35..39|E|frz-25 | zukIn 3 | setIn 94 | zukHp 367 | chosen 36,14 | walk - | weapon Rune Crossbow | untilShot 4 | target TzKal-Zuk[zuk] | gate - | overhead none | JalTok-Jad@24,25 TAGGED; TzKal-Zuk@22,8 TAGGED
t1699 | 36,14 | 36..40|W|frz4 | zukIn 2 | setIn 93 | zukHp 367 | chosen 36,14 | walk - | weapon Rune Crossbow | untilShot 3 | target TzKal-Zuk[zuk] | gate - | overhead none | JalTok-Jad@24,25 TAGGED; TzKal-Zuk@22,8 TAGGED
t1700 | 36,14 | 36..40|W|frz3 | zukIn 1 | setIn 92 | zukHp 341 | chosen 36,14 | walk - | weapon Rune Crossbow | untilShot 2 | target TzKal-Zuk[zuk] | gate - | overhead Protect from Range | JalTok-Jad@24,25 TAGGED; TzKal-Zuk@22,8 TAGGED
t1701 | 36,14 | 36..40|W|frz2 | zukIn 7 | setIn 91 | zukHp 341 | chosen 31,14 | walk ->31,14 | weapon Rune Crossbow | untilShot 1 | target -[-] | gate - | overhead none | JalTok-Jad@24,25 TAGGED; TzKal-Zuk@22,8 TAGGED
t1702 | 34,14 | 36..40|W|frz1 | zukIn 6 | setIn 90 | zukHp 341 | chosen 31,14 | walk ->31,14 | weapon Rune Crossbow | untilShot 1 | target TzKal-Zuk[zuk] | gate - | overhead none | JalTok-Jad@24,25 TAGGED; TzKal-Zuk@22,8 TAGGED
t1703 | 32,14 | 36..40|W|frz0 | zukIn 5 | setIn 89 | zukHp 341 | chosen 31,14 | walk ->31,14 | weapon Rune Crossbow | untilShot 1 | target TzKal-Zuk[zuk] | gate - | overhead none | JalTok-Jad@24,25 TAGGED; TzKal-Zuk@22,8 TAGGED
t1704 | 31,14 | 35..39|W|frz-1 | zukIn 4 | setIn 88 | zukHp 341 | chosen 31,14 | walk - | weapon Rune Crossbow | untilShot 1 | target TzKal-Zuk[zuk] | gate ok | overhead none | JalTok-Jad@24,25 TAGGED; TzKal-Zuk@22,8 TAGGED
t1705 | 31,14 | 34..38|W|frz-2 | zukIn 3 | setIn 87 | zukHp 341 | chosen 31,14 | walk - | weapon Rune Crossbow | untilShot 5 | target TzKal-Zuk[zuk] | gate ok | overhead none | JalTok-Jad@24,25 TAGGED; TzKal-Zuk@22,8 TAGGED
FIRED t1705 | 31,14 | Rune Crossbow | TzKal-Zuk
t1706 | 31,14 | 33..37|W|frz-3 | zukIn 2 | setIn 86 | zukHp 341 | chosen 31,14 | walk - | weapon Rune Crossbow | untilShot 4 | target TzKal-Zuk[zuk] | gate ok | overhead none | JalTok-Jad@24,25 TAGGED; TzKal-Zuk@22,8 TAGGED
t1707 | 31,14 | 32..36|W|frz-4 | zukIn 1 | setIn 85 | zukHp 341 | chosen 31,14 | walk - | weapon Rune Crossbow | untilShot 3 | target TzKal-Zuk[zuk] | gate ok | overhead none | JalTok-Jad@24,25 TAGGED; TzKal-Zuk@22,8 TAGGED
t1708 | 31,14 | 31..35|W|frz-5 | zukIn 7 | setIn 84 | zukHp 331 | chosen 24,14 | walk ->24,14 | weapon Rune Crossbow | untilShot 2 | target -[-] | gate - | overhead Protect from Magic | JalTok-Jad@24,25 TAGGED; TzKal-Zuk@22,8 TAGGED
t1709 | 29,14 | 30..34|W|frz-6 | zukIn 6 | setIn 83 | zukHp 331 | chosen 24,14 | walk ->24,14 | weapon Rune Crossbow | untilShot 1 | target TzKal-Zuk[zuk] | gate ok | overhead none | JalTok-Jad@24,25 TAGGED; TzKal-Zuk@22,8 TAGGED
t1710 | 29,14 | 29..33|W|frz-7 | zukIn 5 | setIn 82 | zukHp 331 | chosen 24,14 | walk ->24,14 | weapon Rune Crossbow | untilShot 5 | target -[-] | gate - | overhead none | JalTok-Jad@24,25 TAGGED; TzKal-Zuk@22,8 TAGGED
FIRED t1710 | 29,14 | Rune Crossbow | TzKal-Zuk
t1711 | 27,14 | 28..32|W|frz-8 | zukIn 4 | setIn 81 | zukHp 331 | chosen 24,14 | walk ->24,14 | weapon Rune Crossbow | untilShot 4 | target TzKal-Zuk[zuk] | gate ok | overhead none | JalTok-Jad@24,25 TAGGED; TzKal-Zuk@22,8 TAGGED
t1712 | 25,14 | 27..31|W|frz-9 | zukIn 3 | setIn 80 | zukHp 331 | chosen 24,14 | walk ->24,14 | weapon Rune Crossbow | untilShot 3 | target TzKal-Zuk[zuk] | gate ok | overhead none | JalTok-Jad@24,25 TAGGED; TzKal-Zuk@22,8 TAGGED
t1713 | 24,14 | 26..30|W|frz-10 | zukIn 2 | setIn 79 | zukHp 304 | chosen 24,14 | walk - | weapon Rune Crossbow | untilShot 2 | target TzKal-Zuk[zuk] | gate ok | overhead none | JalTok-Jad@24,25 TAGGED; TzKal-Zuk@22,8 TAGGED
t1714 | 24,14 | 25..29|W|frz-11 | zukIn 1 | setIn 78 | zukHp 304 | chosen 24,14 | walk - | weapon Rune Crossbow | untilShot 1 | target TzKal-Zuk[zuk] | gate ok | overhead none | JalTok-Jad@24,25 TAGGED; TzKal-Zuk@22,8 TAGGED
t1715 | 24,14 | 24..28|W|frz-12 | zukIn 7 | setIn 77 | zukHp 304 | chosen 19,14 | walk ->19,14 | weapon Rune Crossbow | untilShot 5 | target -[-] | gate - | overhead none | JalTok-Jad@24,25 TAGGED; TzKal-Zuk@22,8 TAGGED
FIRED t1715 | 24,14 | Rune Crossbow | TzKal-Zuk
t1716 | 22,14 | 23..27|W|frz-13 | zukIn 6 | setIn 76 | zukHp 304 | chosen 19,14 | walk ->19,14 | weapon Rune Crossbow | untilShot 4 | target TzKal-Zuk[zuk] | gate ok | overhead Protect from Range | JalTok-Jad@24,25 TAGGED; TzKal-Zuk@22,8 TAGGED
t1717 | 20,14 | 22..26|W|frz-14 | zukIn 5 | setIn 75 | zukHp 304 | chosen 19,14 | walk ->19,14 | weapon Rune Crossbow | untilShot 3 | target TzKal-Zuk[zuk] | gate ok | overhead none | JalTok-Jad@24,25 TAGGED; TzKal-Zuk@22,8 TAGGED
t1718 | 19,14 | 21..25|W|frz-15 | zukIn 4 | setIn 74 | zukHp 304 | chosen 19,14 | walk - | weapon Rune Crossbow | untilShot 2 | target TzKal-Zuk[zuk] | gate ok | overhead none | JalTok-Jad@24,25 TAGGED; TzKal-Zuk@22,8 TAGGED
t1719 | 19,14 | 20..24|W|frz-16 | zukIn 3 | setIn 73 | zukHp 304 | chosen 19,14 | walk - | weapon Rune Crossbow | untilShot 1 | target TzKal-Zuk[zuk] | gate ok | overhead none | JalTok-Jad@24,25 TAGGED; TzKal-Zuk@22,8 TAGGED
t1720 | 19,14 | 19..23|W|frz-17 | zukIn 2 | setIn 72 | zukHp 304 | chosen 19,14 | walk - | weapon Rune Crossbow | untilShot 5 | target TzKal-Zuk[zuk] | gate ok | overhead none | JalTok-Jad@24,25 TAGGED; TzKal-Zuk@22,8 TAGGED
FIRED t1720 | 19,14 | Rune Crossbow | TzKal-Zuk
t1721 | 19,14 | 18..22|W|frz-18 | zukIn 1 | setIn 71 | zukHp 304 | chosen 19,14 | walk - | weapon Rune Crossbow | untilShot 4 | target TzKal-Zuk[zuk] | gate ok | overhead none | JalTok-Jad@24,25 TAGGED; TzKal-Zuk@22,8 TAGGED
t1722 | 19,14 | 17..21|W|frz-19 | zukIn 7 | setIn 70 | zukHp 304 | chosen 15,14 | walk ->15,14 | weapon Rune Crossbow | untilShot 3 | target -[-] | gate - | overhead none | JalTok-Jad@24,25 TAGGED; TzKal-Zuk@22,8 TAGGED
t1723 | 17,14 | 16..20|W|frz-20 | zukIn 6 | setIn 69 | zukHp 304 | chosen 15,14 | walk ->15,14 | weapon Rune Crossbow | untilShot 2 | target TzKal-Zuk[zuk] | gate - | overhead none | JalTok-Jad@24,25 TAGGED; TzKal-Zuk@22,8 TAGGED
t1724 | 15,14 | 15..19|W|frz-21 | zukIn 5 | setIn 68 | zukHp 304 | chosen 15,14 | walk - | weapon Rune Crossbow | untilShot 1 | target TzKal-Zuk[zuk] | gate ok | overhead Protect from Magic | JalTok-Jad@24,25 TAGGED; TzKal-Zuk@22,8 TAGGED
t1725 | 15,14 | 14..18|W|frz-22 | zukIn 4 | setIn 67 | zukHp 304 | chosen 14,14 | walk ->14,14 | weapon Rune Crossbow | untilShot 5 | target -[-] | gate - | overhead none | JalTok-Jad@24,25 TAGGED; TzKal-Zuk@22,8 TAGGED
FIRED t1725 | 15,14 | Rune Crossbow | TzKal-Zuk
t1726 | 14,14 | 13..17|W|frz-23 | zukIn 3 | setIn 66 | zukHp 304 | chosen 14,14 | walk - | weapon Rune Crossbow | untilShot 4 | target TzKal-Zuk[zuk] | gate - | overhead none | JalTok-Jad@24,25 TAGGED; TzKal-Zuk@22,8 TAGGED
t1727 | 14,14 | 12..16|W|frz-24 | zukIn 2 | setIn 65 | zukHp 304 | chosen 14,14 | walk - | weapon Rune Crossbow | untilShot 3 | target TzKal-Zuk[zuk] | gate - | overhead none | JalTok-Jad@24,25 TAGGED; TzKal-Zuk@22,8 TAGGED
t1728 | 14,14 | 11..15|W|frz-25 | zukIn 1 | setIn 64 | zukHp 300 | chosen 14,14 | walk - | weapon Rune Crossbow | untilShot 2 | target TzKal-Zuk[zuk] | gate - | overhead none | JalTok-Jad@24,25 TAGGED; TzKal-Zuk@22,8 TAGGED
t1729 | 14,14 | 10..14|E|frz4 | zukIn 7 | setIn 63 | zukHp 300 | chosen 15,14 | walk ->15,14 | weapon Rune Crossbow | untilShot 1 | target -[-] | gate - | overhead none | JalTok-Jad@24,25 TAGGED; TzKal-Zuk@22,8 TAGGED
t1730 | 15,14 | 10..14|E|frz3 | zukIn 6 | setIn 62 | zukHp 300 | chosen 15,14 | walk - | weapon Rune Crossbow | untilShot 1 | target TzKal-Zuk[zuk] | gate ok | overhead none | JalTok-Jad@24,25 TAGGED; TzKal-Zuk@22,8 TAGGED
t1731 | 15,14 | 10..14|E|frz2 | zukIn 5 | setIn 61 | zukHp 300 | chosen 15,14 | walk - | weapon Rune Crossbow | untilShot 5 | target TzKal-Zuk[zuk] | gate ok | overhead none | JalTok-Jad@24,25 TAGGED; TzKal-Zuk@22,8 TAGGED
FIRED t1731 | 15,14 | Rune Crossbow | TzKal-Zuk
t1732 | 15,14 | 10..14|E|frz1 | zukIn 4 | setIn 60 | zukHp 300 | chosen 15,14 | walk - | weapon Rune Crossbow | untilShot 4 | target TzKal-Zuk[zuk] | gate ok | overhead Protect from Range | JalTok-Jad@24,25 TAGGED; TzKal-Zuk@22,8 TAGGED
t1733 | 15,14 | 10..14|E|frz0 | zukIn 3 | setIn 59 | zukHp 300 | chosen 15,14 | walk - | weapon Rune Crossbow | untilShot 3 | target TzKal-Zuk[zuk] | gate ok | overhead none | JalTok-Jad@24,25 TAGGED; TzKal-Zuk@22,8 TAGGED
t1734 | 15,14 | 11..15|E|frz-1 | zukIn 2 | setIn 58 | zukHp 292 | chosen 15,14 | walk - | weapon Rune Crossbow | untilShot 2 | target TzKal-Zuk[zuk] | gate ok | overhead none | JalTok-Jad@24,25 TAGGED; TzKal-Zuk@22,8 TAGGED
t1735 | 15,14 | 12..16|E|frz-2 | zukIn 1 | setIn 57 | zukHp 292 | chosen 15,14 | walk - | weapon Rune Crossbow | untilShot 1 | target TzKal-Zuk[zuk] | gate ok | overhead none | JalTok-Jad@24,25 TAGGED; TzKal-Zuk@22,8 TAGGED
t1736 | 15,14 | 13..17|E|frz-3 | zukIn 7 | setIn 56 | zukHp 292 | chosen 24,14 | walk ->24,14 | weapon Rune Crossbow | untilShot 5 | target -[-] | gate - | overhead none | JalTok-Jad@24,25 TAGGED; TzKal-Zuk@22,8 TAGGED
FIRED t1736 | 15,14 | Rune Crossbow | TzKal-Zuk
t1737 | 17,14 | 14..18|E|frz-4 | zukIn 6 | setIn 55 | zukHp 292 | chosen 24,14 | walk ->24,14 | weapon Rune Crossbow | untilShot 4 | target TzKal-Zuk[zuk] | gate - | overhead none | JalTok-Jad@24,25 TAGGED; TzKal-Zuk@22,8 TAGGED
t1738 | 19,14 | 15..19|E|frz-5 | zukIn 5 | setIn 54 | zukHp 292 | chosen 24,14 | walk ->24,14 | weapon Rune Crossbow | untilShot 3 | target TzKal-Zuk[zuk] | gate ok | overhead none | JalTok-Jad@24,25 TAGGED; TzKal-Zuk@22,8 TAGGED
t1739 | 21,14 | 16..20|E|frz-6 | zukIn 4 | setIn 53 | zukHp 292 | chosen 24,14 | walk ->24,14 | weapon Rune Crossbow | untilShot 2 | target TzKal-Zuk[zuk] | gate ok | overhead none | JalTok-Jad@24,25 TAGGED; TzKal-Zuk@22,8 TAGGED
t1740 | 23,14 | 17..21|E|frz-7 | zukIn 3 | setIn 52 | zukHp 292 | chosen 24,14 | walk ->24,14 | weapon Rune Crossbow | untilShot 1 | target TzKal-Zuk[zuk] | gate ok | overhead Protect from Range | JalTok-Jad@24,25 TAGGED; TzKal-Zuk@22,8 TAGGED
t1741 | 23,14 | 18..22|E|frz-8 | zukIn 2 | setIn 51 | zukHp 292 | chosen 24,14 | walk ->24,14 | weapon Rune Crossbow | untilShot 5 | target -[-] | gate - | overhead none | JalTok-Jad@24,25 TAGGED; TzKal-Zuk@22,8 TAGGED
FIRED t1741 | 23,14 | Rune Crossbow | TzKal-Zuk
t1742 | 24,14 | 19..23|E|frz-9 | zukIn 1 | setIn 50 | zukHp 292 | chosen 24,14 | walk - | weapon Rune Crossbow | untilShot 4 | target TzKal-Zuk[zuk] | gate ok | overhead none | JalTok-Jad@24,25 TAGGED; TzKal-Zuk@22,8 TAGGED
t1743 | 24,14 | 20..24|E|frz-10 | zukIn 7 | setIn 49 | zukHp 292 | chosen 31,14 | walk ->31,14 | weapon Rune Crossbow | untilShot 3 | target -[-] | gate - | overhead none | JalTok-Jad@24,25 TAGGED; TzKal-Zuk@22,8 TAGGED
t1744 | 26,14 | 21..25|E|frz-11 | zukIn 6 | setIn 48 | zukHp 292 | chosen 31,14 | walk ->31,14 | weapon Rune Crossbow | untilShot 2 | target TzKal-Zuk[zuk] | gate ok | overhead none | JalTok-Jad@24,25 TAGGED; TzKal-Zuk@22,8 TAGGED
t1745 | 28,14 | 22..26|E|frz-12 | zukIn 5 | setIn 47 | zukHp 292 | chosen 31,14 | walk ->31,14 | weapon Rune Crossbow | untilShot 1 | target TzKal-Zuk[zuk] | gate ok | overhead none | JalTok-Jad@24,25 TAGGED; TzKal-Zuk@22,8 TAGGED
t1746 | 28,14 | 23..27|E|frz-13 | zukIn 4 | setIn 46 | zukHp 292 | chosen 31,14 | walk ->31,14 | weapon Rune Crossbow | untilShot 5 | target -[-] | gate - | overhead none | JalTok-Jad@24,25 TAGGED; TzKal-Zuk@22,8 TAGGED
FIRED t1746 | 28,14 | Rune Crossbow | TzKal-Zuk
t1747 | 30,14 | 24..28|E|frz-14 | zukIn 3 | setIn 45 | zukHp 292 | chosen 31,14 | walk ->31,14 | weapon Rune Crossbow | untilShot 4 | target TzKal-Zuk[zuk] | gate ok | overhead none | JalTok-Jad@24,25 TAGGED; TzKal-Zuk@22,8 TAGGED
t1748 | 31,14 | 25..29|E|frz-15 | zukIn 2 | setIn 44 | zukHp 292 | chosen 31,14 | walk - | weapon Rune Crossbow | untilShot 3 | target TzKal-Zuk[zuk] | gate ok | overhead Protect from Magic | JalTok-Jad@24,25 TAGGED; TzKal-Zuk@22,8 TAGGED
t1749 | 31,14 | 26..30|E|frz-16 | zukIn 1 | setIn 43 | zukHp 292 | chosen 31,14 | walk - | weapon Rune Crossbow | untilShot 2 | target TzKal-Zuk[zuk] | gate ok | overhead none | JalTok-Jad@24,25 TAGGED; TzKal-Zuk@22,8 TAGGED
t1750 | 31,14 | 27..31|E|frz-17 | zukIn 7 | setIn 42 | zukHp 292 | chosen 35,14 | walk ->35,14 | weapon Rune Crossbow | untilShot 1 | target -[-] | gate - | overhead none | JalTok-Jad@24,25 TAGGED; TzKal-Zuk@22,8 TAGGED
t1751 | 33,14 | 28..32|E|frz-18 | zukIn 6 | setIn 41 | zukHp 292 | chosen 35,14 | walk ->35,14 | weapon Rune Crossbow | untilShot 1 | target TzKal-Zuk[zuk] | gate - | overhead none | JalTok-Jad@24,25 TAGGED; TzKal-Zuk@22,8 TAGGED
t1752 | 35,14 | 29..33|E|frz-19 | zukIn 5 | setIn 40 | zukHp 292 | chosen 35,14 | walk - | weapon Rune Crossbow | untilShot 1 | target TzKal-Zuk[zuk] | gate ok | overhead none | JalTok-Jad@24,25 TAGGED; TzKal-Zuk@22,8 TAGGED
t1753 | 35,14 | 30..34|E|frz-20 | zukIn 4 | setIn 39 | zukHp 292 | chosen 35,14 | walk - | weapon Rune Crossbow | untilShot 5 | target TzKal-Zuk[zuk] | gate ok | overhead none | JalTok-Jad@24,25 TAGGED; TzKal-Zuk@22,8 TAGGED
FIRED t1753 | 35,14 | Rune Crossbow | TzKal-Zuk
t1754 | 35,14 | 31..35|E|frz-21 | zukIn 3 | setIn 38 | zukHp 292 | chosen 35,14 | walk - | weapon Rune Crossbow | untilShot 4 | target TzKal-Zuk[zuk] | gate ok | overhead none | JalTok-Jad@24,25 TAGGED; TzKal-Zuk@22,8 TAGGED
t1755 | 35,14 | 32..36|E|frz-22 | zukIn 2 | setIn 37 | zukHp 292 | chosen 35,14 | walk - | weapon Rune Crossbow | untilShot 3 | target TzKal-Zuk[zuk] | gate ok | overhead none | JalTok-Jad@24,25 TAGGED; TzKal-Zuk@22,8 TAGGED
t1756 | 35,14 | 33..37|E|frz-23 | zukIn 1 | setIn 36 | zukHp 292 | chosen 35,14 | walk - | weapon Rune Crossbow | untilShot 2 | target TzKal-Zuk[zuk] | gate ok | overhead Protect from Range | JalTok-Jad@24,25 TAGGED; TzKal-Zuk@22,8 TAGGED
t1757 | 35,14 | 34..38|E|frz-24 | zukIn 7 | setIn 35 | zukHp 292 | chosen 35,14 | walk - | weapon Rune Crossbow | untilShot 1 | target TzKal-Zuk[zuk] | gate ok | overhead none | JalTok-Jad@24,25 TAGGED; TzKal-Zuk@22,8 TAGGED
t1758 | 35,14 | 35..39|E|frz-25 | zukIn 6 | setIn 34 | zukHp 292 | chosen 35,14 | walk - | weapon Rune Crossbow | untilShot 5 | target TzKal-Zuk[zuk] | gate ok | overhead none | JalTok-Jad@24,25 TAGGED; TzKal-Zuk@22,8 TAGGED
FIRED t1758 | 35,14 | Rune Crossbow | TzKal-Zuk
t1759 | 35,14 | 36..40|W|frz4 | zukIn 5 | setIn 33 | zukHp 292 | chosen 35,14 | walk - | weapon Rune Crossbow | untilShot 4 | target TzKal-Zuk[zuk] | gate ok | overhead none | JalTok-Jad@24,25 TAGGED; TzKal-Zuk@22,8 TAGGED
t1760 | 35,14 | 36..40|W|frz3 | zukIn 4 | setIn 32 | zukHp 292 | chosen 35,14 | walk - | weapon Rune Crossbow | untilShot 3 | target TzKal-Zuk[zuk] | gate ok | overhead none | JalTok-Jad@24,25 TAGGED; TzKal-Zuk@22,8 TAGGED
t1761 | 35,14 | 36..40|W|frz2 | zukIn 3 | setIn 31 | zukHp 292 | chosen 35,14 | walk - | weapon Rune Crossbow | untilShot 2 | target TzKal-Zuk[zuk] | gate ok | overhead none | JalTok-Jad@24,25 TAGGED; TzKal-Zuk@22,8 TAGGED
t1762 | 35,14 | 36..40|W|frz1 | zukIn 2 | setIn 30 | zukHp 292 | chosen 35,14 | walk - | weapon Rune Crossbow | untilShot 1 | target TzKal-Zuk[zuk] | gate ok | overhead none | JalTok-Jad@24,25 TAGGED; TzKal-Zuk@22,8 TAGGED
t1763 | 35,14 | 36..40|W|frz0 | zukIn 1 | setIn 29 | zukHp 292 | chosen 35,14 | walk - | weapon Rune Crossbow | untilShot 5 | target TzKal-Zuk[zuk] | gate ok | overhead none | JalTok-Jad@24,25 TAGGED; TzKal-Zuk@22,8 TAGGED
FIRED t1763 | 35,14 | Rune Crossbow | TzKal-Zuk
t1764 | 35,14 | 35..39|W|frz-1 | zukIn 7 | setIn 28 | zukHp 292 | chosen 28,14 | walk ->28,14 | weapon Rune Crossbow | untilShot 4 | target -[-] | gate - | overhead Protect from Magic | JalTok-Jad@24,25 TAGGED; TzKal-Zuk@22,8 TAGGED
t1765 | 33,14 | 34..38|W|frz-2 | zukIn 6 | setIn 27 | zukHp 292 | chosen 28,14 | walk ->28,14 | weapon Rune Crossbow | untilShot 3 | target TzKal-Zuk[zuk] | gate - | overhead none | JalTok-Jad@24,25 TAGGED; TzKal-Zuk@22,8 TAGGED
t1766 | 31,14 | 33..37|W|frz-3 | zukIn 5 | setIn 26 | zukHp 292 | chosen 28,14 | walk ->28,14 | weapon Rune Crossbow | untilShot 2 | target TzKal-Zuk[zuk] | gate ok | overhead none | JalTok-Jad@24,25 TAGGED; TzKal-Zuk@22,8 TAGGED
t1767 | 29,14 | 32..36|W|frz-4 | zukIn 4 | setIn 25 | zukHp 292 | chosen 28,14 | walk ->28,14 | weapon Rune Crossbow | untilShot 1 | target TzKal-Zuk[zuk] | gate ok | overhead none | JalTok-Jad@24,25 TAGGED; TzKal-Zuk@22,8 TAGGED
t1768 | 29,14 | 31..35|W|frz-5 | zukIn 3 | setIn 24 | zukHp 292 | chosen 28,14 | walk ->28,14 | weapon Rune Crossbow | untilShot 5 | target -[-] | gate - | overhead none | JalTok-Jad@24,25 TAGGED; TzKal-Zuk@22,8 TAGGED
FIRED t1768 | 29,14 | Rune Crossbow | TzKal-Zuk
t1769 | 28,14 | 30..34|W|frz-6 | zukIn 2 | setIn 23 | zukHp 292 | chosen 28,14 | walk - | weapon Rune Crossbow | untilShot 4 | target TzKal-Zuk[zuk] | gate ok | overhead none | JalTok-Jad@24,25 TAGGED; TzKal-Zuk@22,8 TAGGED
t1770 | 28,14 | 29..33|W|frz-7 | zukIn 1 | setIn 22 | zukHp 292 | chosen 28,14 | walk - | weapon Rune Crossbow | untilShot 3 | target TzKal-Zuk[zuk] | gate ok | overhead none | JalTok-Jad@24,25 TAGGED; TzKal-Zuk@22,8 TAGGED
t1771 | 28,14 | 28..32|W|frz-8 | zukIn 7 | setIn 21 | zukHp 280 | chosen 21,14 | walk ->21,14 | weapon Rune Crossbow | untilShot 2 | target -[-] | gate - | overhead none | JalTok-Jad@24,25 TAGGED; TzKal-Zuk@22,8 TAGGED
t1772 | 26,14 | 27..31|W|frz-9 | zukIn 6 | setIn 20 | zukHp 280 | chosen 21,14 | walk ->21,14 | weapon Rune Crossbow | untilShot 1 | target TzKal-Zuk[zuk] | gate ok | overhead Protect from Range | JalTok-Jad@24,25 TAGGED; TzKal-Zuk@22,8 TAGGED
t1773 | 26,14 | 26..30|W|frz-10 | zukIn 5 | setIn 19 | zukHp 280 | chosen 21,14 | walk ->21,14 | weapon Rune Crossbow | untilShot 5 | target -[-] | gate - | overhead none | JalTok-Jad@24,25 TAGGED; TzKal-Zuk@22,8 TAGGED
FIRED t1773 | 26,14 | Rune Crossbow | TzKal-Zuk
t1774 | 24,14 | 25..29|W|frz-11 | zukIn 4 | setIn 18 | zukHp 280 | chosen 21,14 | walk ->21,14 | weapon Rune Crossbow | untilShot 4 | target TzKal-Zuk[zuk] | gate ok | overhead none | JalTok-Jad@24,25 TAGGED; TzKal-Zuk@22,8 TAGGED
t1775 | 22,14 | 24..28|W|frz-12 | zukIn 3 | setIn 17 | zukHp 280 | chosen 21,14 | walk ->21,14 | weapon Rune Crossbow | untilShot 3 | target TzKal-Zuk[zuk] | gate ok | overhead none | JalTok-Jad@24,25 TAGGED; TzKal-Zuk@22,8 TAGGED
t1776 | 21,14 | 23..27|W|frz-13 | zukIn 2 | setIn 16 | zukHp 280 | chosen 21,14 | walk - | weapon Rune Crossbow | untilShot 2 | target TzKal-Zuk[zuk] | gate ok | overhead none | JalTok-Jad@24,25 TAGGED; TzKal-Zuk@22,8 TAGGED
t1777 | 21,14 | 22..26|W|frz-14 | zukIn 1 | setIn 15 | zukHp 280 | chosen 21,14 | walk - | weapon Rune Crossbow | untilShot 1 | target TzKal-Zuk[zuk] | gate ok | overhead none | JalTok-Jad@24,25 TAGGED; TzKal-Zuk@22,8 TAGGED
t1778 | 21,14 | 21..25|W|frz-15 | zukIn 7 | setIn 14 | zukHp 280 | chosen 15,14 | walk ->15,14 | weapon Rune Crossbow | untilShot 5 | target -[-] | gate - | overhead none | JalTok-Jad@24,25 TAGGED; TzKal-Zuk@22,8 TAGGED
FIRED t1778 | 21,14 | Rune Crossbow | TzKal-Zuk
t1779 | 19,14 | 20..24|W|frz-16 | zukIn 6 | setIn 13 | zukHp 280 | chosen 15,14 | walk ->15,14 | weapon Rune Crossbow | untilShot 4 | target TzKal-Zuk[zuk] | gate ok | overhead none | JalTok-Jad@24,25 TAGGED; TzKal-Zuk@22,8 TAGGED
t1780 | 17,14 | 19..23|W|frz-17 | zukIn 5 | setIn 12 | zukHp 280 | chosen 15,14 | walk ->15,14 | weapon Rune Crossbow | untilShot 3 | target TzKal-Zuk[zuk] | gate - | overhead Protect from Magic | JalTok-Jad@24,25 TAGGED; TzKal-Zuk@22,8 TAGGED
t1781 | 15,14 | 18..22|W|frz-18 | zukIn 4 | setIn 11 | zukHp 280 | chosen 15,14 | walk - | weapon Rune Crossbow | untilShot 2 | target TzKal-Zuk[zuk] | gate ok | overhead none | JalTok-Jad@24,25 TAGGED; TzKal-Zuk@22,8 TAGGED
t1782 | 15,14 | 17..21|W|frz-19 | zukIn 3 | setIn 10 | zukHp 280 | chosen 15,14 | walk - | weapon Rune Crossbow | untilShot 1 | target TzKal-Zuk[zuk] | gate ok | overhead none | JalTok-Jad@24,25 TAGGED; TzKal-Zuk@22,8 TAGGED
t1783 | 15,14 | 16..20|W|frz-20 | zukIn 2 | setIn 9 | zukHp 280 | chosen 15,14 | walk - | weapon Rune Crossbow | untilShot 5 | target TzKal-Zuk[zuk] | gate ok | overhead none | JalTok-Jad@24,25 TAGGED; TzKal-Zuk@22,8 TAGGED
FIRED t1783 | 15,14 | Rune Crossbow | TzKal-Zuk
t1784 | 15,14 | 15..19|W|frz-21 | zukIn 1 | setIn 8 | zukHp 280 | chosen 15,14 | walk - | weapon Rune Crossbow | untilShot 4 | target TzKal-Zuk[zuk] | gate ok | overhead none | JalTok-Jad@24,25 TAGGED; TzKal-Zuk@22,8 TAGGED
t1785 | 15,14 | 14..18|W|frz-22 | zukIn 7 | setIn 7 | zukHp 280 | chosen 14,14 | walk ->14,14 | weapon Rune Crossbow | untilShot 3 | target -[-] | gate - | overhead none | JalTok-Jad@24,25 TAGGED; TzKal-Zuk@22,8 TAGGED
t1786 | 14,14 | 13..17|W|frz-23 | zukIn 6 | setIn 6 | zukHp 249 | chosen 14,14 | walk - | weapon Rune Crossbow | untilShot 2 | target TzKal-Zuk[zuk] | gate - | overhead none | JalTok-Jad@24,25 TAGGED; TzKal-Zuk@22,8 TAGGED
t1787 | 14,14 | 12..16|W|frz-24 | zukIn 5 | setIn 5 | zukHp 249 | chosen 14,14 | walk - | weapon Rune Crossbow | untilShot 1 | target TzKal-Zuk[zuk] | gate - | overhead none | JalTok-Jad@24,25 TAGGED; TzKal-Zuk@22,8 TAGGED
t1788 | 14,14 | 11..15|W|frz-25 | zukIn 4 | setIn 4 | zukHp 249 | chosen 14,14 | walk - | weapon Rune Crossbow | untilShot 1 | target TzKal-Zuk[zuk] | gate - | overhead Protect from Range | JalTok-Jad@24,25 TAGGED; TzKal-Zuk@22,8 TAGGED
t1789 | 14,14 | 10..14|E|frz4 | zukIn 3 | setIn 3 | zukHp 249 | chosen 14,14 | walk - | weapon Rune Crossbow | untilShot 1 | target TzKal-Zuk[zuk] | gate - | overhead none | JalTok-Jad@24,25 TAGGED; TzKal-Zuk@22,8 TAGGED
t1790 | 14,14 | 10..14|E|frz3 | zukIn 2 | setIn 2 | zukHp 249 | chosen 14,14 | walk - | weapon Rune Crossbow | untilShot 1 | target TzKal-Zuk[zuk] | gate - | overhead none | JalTok-Jad@24,25 TAGGED; TzKal-Zuk@22,8 TAGGED
t1791 | 14,14 | 10..14|E|frz2 | zukIn 1 | setIn 1 | zukHp 249 | chosen 14,14 | walk - | weapon Rune Crossbow | untilShot 1 | target TzKal-Zuk[zuk] | gate - | overhead none | JalTok-Jad@24,25 TAGGED; TzKal-Zuk@22,8 TAGGED
t1792 | 14,14 | 10..14|E|frz1 | zukIn 7 | setIn 0 | zukHp 249 | chosen 20,14 | walk ->20,14 | weapon Rune Crossbow | untilShot 1 | target -[-] | gate - | overhead none | JalTok-Jad@24,25 TAGGED; TzKal-Zuk@22,8 TAGGED; Zek@20,21 onShield; Xil@29,21 onShield
t1793 | 16,14 | 10..14|E|frz0 | zukIn 6 | setIn 349 | zukHp 249 | chosen 20,14 | walk ->20,14 | weapon Rune Crossbow | untilShot 1 | target Jal-Zek[untagged-tag] | gate ok | overhead none | Zek@20,21 onShield; Xil@29,21 onShield; JalTok-Jad@24,25 TAGGED; TzKal-Zuk@22,8 TAGGED
t1794 | 16,14 | 11..15|E|frz-1 | zukIn 5 | setIn 348 | zukHp 249 | chosen 20,14 | walk ->20,14 | weapon Rune Crossbow | untilShot 5 | target -[-] | gate - | overhead none | Zek@20,21 onShield; Xil@29,21 onShield; JalTok-Jad@24,25 TAGGED; TzKal-Zuk@22,8 TAGGED
FIRED t1794 | 16,14 | Rune Crossbow | Jal-Zek
t1795 | 18,14 | 12..16|E|frz-2 | zukIn 4 | setIn 347 | zukHp 249 | chosen 20,14 | walk ->20,14 | weapon Rune Crossbow | untilShot 4 | target Jal-Zek[untagged-tag] | gate ok | overhead none | Zek@20,21 onShield; Xil@29,21 onShield; JalTok-Jad@24,25 TAGGED; TzKal-Zuk@22,8 TAGGED
t1796 | 20,14 | 13..17|E|frz-3 | zukIn 3 | setIn 346 | zukHp 249 | chosen 20,14 | walk - | weapon Rune Crossbow | untilShot 3 | target Jal-Zek[untagged-tag] | gate ok | overhead Protect from Range | Zek@20,21 onShield; Xil@29,21 onShield; JalTok-Jad@24,25 TAGGED; TzKal-Zuk@22,8 TAGGED
t1797 | 20,14 | 14..18|E|frz-4 | zukIn 2 | setIn 345 | zukHp 249 | chosen 20,14 | walk - | weapon Rune Crossbow | untilShot 2 | target Jal-Zek[mager-kill] | gate - | overhead none | Zek@20,21 TAGGED; Xil@29,21 onShield; JalTok-Jad@24,25 TAGGED; TzKal-Zuk@22,8 TAGGED
t1798 | 20,14 | 15..19|E|frz-5 | zukIn 1 | setIn 344 | zukHp 249 | chosen 20,14 | walk - | weapon Rune Crossbow | untilShot 1 | target Jal-Zek[mager-kill] | gate - | overhead none | Zek@20,21 TAGGED; Xil@29,21 onShield; JalTok-Jad@24,25 TAGGED; TzKal-Zuk@22,8 TAGGED
t1799 | 20,14 | 16..20|E|frz-6 | zukIn 7 | setIn 343 | zukHp 249 | chosen 27,14 | walk ->27,14 | weapon Rune Crossbow | untilShot 1 | target -[-] | gate - | overhead Protect from Magic | Zek@20,21 TAGGED; Xil@29,21 onShield; JalTok-Jad@24,25 TAGGED; TzKal-Zuk@22,8 TAGGED
t1800 | 22,14 | 17..21|E|frz-7 | zukIn 6 | setIn 342 | zukHp 249 | chosen 27,14 | walk ->27,14 | weapon Rune Crossbow | untilShot 1 | target Jal-Xil[untagged-tag] | gate ok | overhead none | Zek@20,21 TAGGED; Xil@29,21 onShield; JalTok-Jad@24,25 TAGGED; TzKal-Zuk@22,8 TAGGED
t1801 | 22,14 | 18..22|E|frz-8 | zukIn 5 | setIn 341 | zukHp 249 | chosen 27,14 | walk ->27,14 | weapon Rune Crossbow | untilShot 5 | target -[-] | gate - | overhead none | Zek@20,21 TAGGED; Xil@29,21 onShield; JalTok-Jad@24,25 TAGGED; TzKal-Zuk@22,8 TAGGED
FIRED t1801 | 22,14 | Rune Crossbow | Jal-Xil
t1802 | 24,14 | 19..23|E|frz-9 | zukIn 4 | setIn 340 | zukHp 249 | chosen 27,14 | walk ->27,14 | weapon Rune Crossbow | untilShot 4 | target Jal-Xil[untagged-tag] | gate ok | overhead none | Zek@20,21 TAGGED; Xil@29,21 onShield; JalTok-Jad@24,25 TAGGED; TzKal-Zuk@22,8 TAGGED
t1803 | 26,14 | 20..24|E|frz-10 | zukIn 3 | setIn 339 | zukHp 249 | chosen 27,14 | walk ->27,14 | weapon Rune Crossbow | untilShot 3 | target Jal-Xil[untagged-tag] | gate ok | overhead Protect from Magic | Zek@20,21 TAGGED; Xil@29,21 onShield; JalTok-Jad@24,25 TAGGED; TzKal-Zuk@22,8 TAGGED
t1804 | 27,14 | 21..25|E|frz-11 | zukIn 2 | setIn 338 | zukHp 249 | chosen 27,14 | walk - | weapon Rune Crossbow | untilShot 2 | target Jal-Xil[ranger-kill] | gate ok | overhead Protect from Magic | Zek@20,21 TAGGED; Xil@29,21 TAGGED; JalTok-Jad@24,25 TAGGED; TzKal-Zuk@22,8 TAGGED
t1805 | 27,14 | 22..26|E|frz-12 | zukIn 1 | setIn 337 | zukHp 249 | chosen 27,14 | walk - | weapon Toxic Blowpipe | untilShot 1 | target Jal-Xil[ranger-kill] | gate ok | overhead none | Zek@20,21 TAGGED; Xil@29,21 TAGGED; JalTok-Jad@24,25 TAGGED; TzKal-Zuk@22,8 TAGGED
t1806 | 27,14 | 23..27|E|frz-13 | zukIn 7 | setIn 336 | zukHp 249 | chosen 34,14 | walk ->34,14 | weapon Toxic Blowpipe | untilShot 2 | target -[-] | gate - | overhead Protect from Range | Zek@20,21 TAGGED; Xil@29,21 TAGGED; JalTok-Jad@24,25 TAGGED; TzKal-Zuk@22,8 TAGGED
FIRED t1806 | 27,14 | Toxic Blowpipe | Jal-Xil
t1807 | 29,14 | 24..28|E|frz-14 | zukIn 6 | setIn 335 | zukHp 249 | chosen 34,14 | walk ->34,14 | weapon Toxic Blowpipe | untilShot 1 | target Jal-Xil[ranger-kill] | gate ok | overhead Protect from Magic | Zek@20,21 TAGGED; Xil@29,21 TAGGED; JalTok-Jad@24,25 TAGGED; TzKal-Zuk@22,8 TAGGED
t1808 | 29,14 | 25..29|E|frz-15 | zukIn 5 | setIn 334 | zukHp 249 | chosen 34,14 | walk ->34,14 | weapon Toxic Blowpipe | untilShot 2 | target -[-] | gate - | overhead none | Zek@20,21 TAGGED; Xil@29,21 TAGGED; JalTok-Jad@24,25 TAGGED; TzKal-Zuk@22,8 TAGGED
FIRED t1808 | 29,14 | Toxic Blowpipe | Jal-Xil
t1809 | 31,14 | 26..30|E|frz-16 | zukIn 4 | setIn 333 | zukHp 249 | chosen 34,14 | walk ->34,14 | weapon Toxic Blowpipe | untilShot 1 | target Jal-Xil[ranger-kill] | gate ok | overhead none | Zek@20,21 TAGGED; Xil@29,21 TAGGED; JalTok-Jad@24,25 TAGGED; TzKal-Zuk@22,8 TAGGED
t1810 | 31,14 | 27..31|E|frz-17 | zukIn 3 | setIn 332 | zukHp 249 | chosen 34,14 | walk ->34,14 | weapon Toxic Blowpipe | untilShot 2 | target -[-] | gate - | overhead Protect from Range | Zek@20,21 TAGGED; Xil@29,21 TAGGED; JalTok-Jad@24,25 TAGGED; TzKal-Zuk@22,8 TAGGED
FIRED t1810 | 31,14 | Toxic Blowpipe | Jal-Xil
t1811 | 33,14 | 28..32|E|frz-18 | zukIn 2 | setIn 331 | zukHp 249 | chosen 34,14 | walk ->34,14 | weapon Toxic Blowpipe | untilShot 1 | target Jal-Xil[ranger-kill] | gate ok | overhead Protect from Magic | Zek@20,21 TAGGED; Xil@29,21 TAGGED; JalTok-Jad@24,25 TAGGED; TzKal-Zuk@22,8 TAGGED
t1812 | 33,14 | 29..33|E|frz-19 | zukIn 1 | setIn 330 | zukHp 249 | chosen 33,14 | walk - | weapon Toxic Blowpipe | untilShot 2 | target Jal-Xil[ranger-kill] | gate ok | overhead Protect from Range | Zek@20,21 TAGGED; Xil@29,21 TAGGED; JalTok-Jad@24,25 TAGGED; TzKal-Zuk@22,8 TAGGED
FIRED t1812 | 33,14 | Toxic Blowpipe | Jal-Xil
t1813 | 33,14 | 30..34|E|frz-20 | zukIn 7 | setIn 329 | zukHp 249 | chosen 36,14 | walk ->36,14 | weapon Toxic Blowpipe | untilShot 1 | target -[-] | gate - | overhead none | Zek@20,21 TAGGED; Xil@29,21 TAGGED; JalTok-Jad@24,25 TAGGED; TzKal-Zuk@22,8 TAGGED
t1814 | 35,14 | 31..35|E|frz-21 | zukIn 6 | setIn 328 | zukHp 249 | chosen 36,14 | walk ->36,14 | weapon Toxic Blowpipe | untilShot 1 | target Jal-Xil[ranger-kill] | gate ok | overhead Protect from Range | Zek@20,21 TAGGED; Xil@29,21 TAGGED; JalTok-Jad@24,25 TAGGED; TzKal-Zuk@22,8 TAGGED
t1815 | 35,14 | 32..36|E|frz-22 | zukIn 5 | setIn 327 | zukHp 249 | chosen 36,14 | walk ->36,14 | weapon Toxic Blowpipe | untilShot 2 | target -[-] | gate - | overhead Protect from Magic | Zek@20,21 TAGGED; Xil@29,21 TAGGED; JalTok-Jad@24,25 TAGGED; TzKal-Zuk@22,8 TAGGED
FIRED t1815 | 35,14 | Toxic Blowpipe | Jal-Xil
t1816 | 36,14 | 33..37|E|frz-23 | zukIn 4 | setIn 326 | zukHp 249 | chosen 36,14 | walk - | weapon Toxic Blowpipe | untilShot 1 | target Jal-Xil[ranger-kill] | gate ok | overhead none | Zek@20,21 TAGGED; Xil@29,21 TAGGED; JalTok-Jad@24,25 TAGGED; TzKal-Zuk@22,8 TAGGED
t1817 | 36,14 | 34..38|E|frz-24 | zukIn 3 | setIn 325 | zukHp 249 | chosen 36,14 | walk - | weapon Toxic Blowpipe | untilShot 2 | target Jal-Xil[ranger-kill] | gate ok | overhead none | Zek@20,21 TAGGED; Xil@29,21 TAGGED; JalTok-Jad@24,25 TAGGED; TzKal-Zuk@22,8 TAGGED
FIRED t1817 | 36,14 | Toxic Blowpipe | Jal-Xil
t1818 | 36,14 | 35..39|E|frz-25 | zukIn 2 | setIn 324 | zukHp 249 | chosen 36,14 | walk - | weapon Toxic Blowpipe | untilShot 1 | target Jal-Xil[ranger-kill] | gate ok | overhead Protect from Range | Zek@20,21 TAGGED; Xil@29,21 TAGGED; JalTok-Jad@24,25 TAGGED; TzKal-Zuk@22,8 TAGGED
t1819 | 36,14 | 36..40|W|frz4 | zukIn 1 | setIn 323 | zukHp 249 | chosen 36,14 | walk - | weapon Toxic Blowpipe | untilShot 2 | target Jal-Xil[ranger-kill] | gate ok | overhead Protect from Magic | Zek@20,21 TAGGED; Xil@29,21 TAGGED; JalTok-Jad@24,25 TAGGED; TzKal-Zuk@22,8 TAGGED
FIRED t1819 | 36,14 | Toxic Blowpipe | Jal-Xil
t1820 | 36,14 | 36..40|W|frz3 | zukIn 7 | setIn 322 | zukHp 249 | chosen 32,14 | walk ->32,14 | weapon Toxic Blowpipe | untilShot 1 | target -[-] | gate - | overhead Protect from Magic | Zek@20,21 TAGGED; Xil@29,21 TAGGED; JalTok-Jad@24,25 TAGGED; TzKal-Zuk@22,8 TAGGED
t1821 | 34,14 | 36..40|W|frz2 | zukIn 6 | setIn 321 | zukHp 249 | chosen 32,14 | walk ->32,14 | weapon Toxic Blowpipe | untilShot 1 | target Jal-Xil[ranger-kill] | gate ok | overhead none | Zek@20,21 TAGGED; Xil@29,21 TAGGED; JalTok-Jad@24,25 TAGGED; TzKal-Zuk@22,8 TAGGED
t1822 | 34,14 | 36..40|W|frz1 | zukIn 5 | setIn 320 | zukHp 249 | chosen 32,14 | walk ->32,14 | weapon Toxic Blowpipe | untilShot 2 | target -[-] | gate - | overhead Protect from Range | Zek@20,21 TAGGED; Xil@29,21 TAGGED; JalTok-Jad@24,25 TAGGED; TzKal-Zuk@22,8 TAGGED
FIRED t1822 | 34,14 | Toxic Blowpipe | Jal-Xil
t1823 | 32,14 | 36..40|W|frz0 | zukIn 4 | setIn 319 | zukHp 249 | chosen 32,14 | walk - | weapon Toxic Blowpipe | untilShot 1 | target Jal-Xil[ranger-kill] | gate ok | overhead Protect from Magic | Zek@20,21 TAGGED; Xil@29,21 TAGGED; JalTok-Jad@24,25 TAGGED; TzKal-Zuk@22,8 TAGGED
t1824 | 32,14 | 35..39|W|frz-1 | zukIn 3 | setIn 318 | zukHp 249 | chosen 32,14 | walk - | weapon Toxic Blowpipe | untilShot 2 | target Jal-Xil[ranger-kill] | gate ok | overhead none | Zek@20,21 TAGGED; Xil@29,21 TAGGED; JalTok-Jad@24,25 TAGGED; TzKal-Zuk@22,8 TAGGED
FIRED t1824 | 32,14 | Toxic Blowpipe | Jal-Xil
t1825 | 32,14 | 34..38|W|frz-2 | zukIn 2 | setIn 317 | zukHp 249 | chosen 32,14 | walk - | weapon Toxic Blowpipe | untilShot 1 | target Jal-Xil[ranger-kill] | gate ok | overhead none | Zek@20,21 TAGGED; Xil@29,21 TAGGED; JalTok-Jad@24,25 TAGGED; TzKal-Zuk@22,8 TAGGED
t1826 | 32,14 | 33..37|W|frz-3 | zukIn 1 | setIn 316 | zukHp 249 | chosen 32,14 | walk - | weapon Toxic Blowpipe | untilShot 2 | target Jal-Xil[ranger-kill] | gate ok | overhead Protect from Range | Zek@20,21 TAGGED; Xil@29,21 TAGGED; JalTok-Jad@24,25 TAGGED; TzKal-Zuk@22,8 TAGGED
FIRED t1826 | 32,14 | Toxic Blowpipe | Jal-Xil
t1827 | 32,14 | 32..36|W|frz-4 | zukIn 7 | setIn 315 | zukHp 249 | chosen 25,14 | walk ->25,14 | weapon Toxic Blowpipe | untilShot 1 | target -[-] | gate - | overhead Protect from Magic | Zek@20,21 TAGGED; Xil@29,21 TAGGED; JalTok-Jad@24,25 TAGGED; TzKal-Zuk@22,8 TAGGED
t1828 | 30,14 | 31..35|W|frz-5 | zukIn 6 | setIn 314 | zukHp 249 | chosen 25,14 | walk ->25,14 | weapon Toxic Blowpipe | untilShot 1 | target Jal-Zek[mager-kill] | gate ok | overhead Protect from Magic | Zek@20,21 TAGGED; JalTok-Jad@24,25 TAGGED; TzKal-Zuk@22,8 TAGGED
t1829 | 28,14 | 30..34|W|frz-6 | zukIn 5 | setIn 313 | zukHp 249 | chosen 25,14 | walk ->25,14 | weapon Rune Crossbow | untilShot 1 | target Jal-Zek[mager-kill] | gate ok | overhead none | Zek@20,21 TAGGED; JalTok-Jad@24,25 TAGGED; TzKal-Zuk@22,8 TAGGED
t1830 | 28,14 | 29..33|W|frz-7 | zukIn 4 | setIn 312 | zukHp 249 | chosen 25,14 | walk ->25,14 | weapon Rune Crossbow | untilShot 5 | target -[-] | gate - | overhead none | Zek@20,21 TAGGED; JalTok-Jad@24,25 TAGGED; TzKal-Zuk@22,8 TAGGED
FIRED t1830 | 28,14 | Rune Crossbow | Jal-Zek
t1831 | 26,14 | 28..32|W|frz-8 | zukIn 3 | setIn 311 | zukHp 249 | chosen 25,14 | walk ->25,14 | weapon Rune Crossbow | untilShot 4 | target Jal-Zek[mager-kill] | gate ok | overhead Protect from Magic | Zek@20,21 TAGGED; JalTok-Jad@24,25 TAGGED; TzKal-Zuk@22,8 TAGGED
t1832 | 25,14 | 27..31|W|frz-9 | zukIn 2 | setIn 310 | zukHp 249 | chosen 25,14 | walk - | weapon Rune Crossbow | untilShot 3 | target Jal-Zek[mager-kill] | gate ok | overhead none | Zek@20,21 TAGGED; JalTok-Jad@24,25 TAGGED; TzKal-Zuk@22,8 TAGGED
t1833 | 25,14 | 26..30|W|frz-10 | zukIn 1 | setIn 309 | zukHp 249 | chosen 25,14 | walk - | weapon Rune Crossbow | untilShot 2 | target Jal-Zek[mager-kill] | gate ok | overhead none | Zek@20,21 TAGGED; JalTok-Jad@24,25 TAGGED; TzKal-Zuk@22,8 TAGGED
t1834 | 25,14 | 25..29|W|frz-11 | zukIn 7 | setIn 308 | zukHp 249 | chosen 18,14 | walk ->18,14 | weapon Toxic Blowpipe | untilShot 1 | target -[-] | gate - | overhead none | Zek@20,21 TAGGED; JalTok-Jad@24,25 TAGGED; TzKal-Zuk@22,8 TAGGED
t1835 | 23,14 | 24..28|W|frz-12 | zukIn 6 | setIn 307 | zukHp 249 | chosen 18,14 | walk ->18,14 | weapon Toxic Blowpipe | untilShot 1 | target Jal-Zek[mager-kill] | gate ok | overhead Protect from Magic | Zek@20,21 TAGGED; JalTok-Jad@24,25 TAGGED; TzKal-Zuk@22,8 TAGGED
t1836 | 23,14 | 23..27|W|frz-13 | zukIn 5 | setIn 306 | zukHp 249 | chosen 18,14 | walk ->18,14 | weapon Toxic Blowpipe | untilShot 2 | target -[-] | gate - | overhead Protect from Magic | Zek@20,21 TAGGED; JalTok-Jad@24,25 TAGGED; TzKal-Zuk@22,8 TAGGED
FIRED t1836 | 23,14 | Toxic Blowpipe | Jal-Zek
t1837 | 21,14 | 22..26|W|frz-14 | zukIn 4 | setIn 305 | zukHp 249 | chosen 18,14 | walk ->18,14 | weapon Toxic Blowpipe | untilShot 1 | target Jal-Zek[mager-kill] | gate ok | overhead none | Zek@20,21 TAGGED; JalTok-Jad@24,25 TAGGED; TzKal-Zuk@22,8 TAGGED
t1838 | 21,14 | 21..25|W|frz-15 | zukIn 3 | setIn 304 | zukHp 249 | chosen 18,14 | walk ->18,14 | weapon Toxic Blowpipe | untilShot 2 | target -[-] | gate - | overhead none | Zek@20,21 TAGGED; JalTok-Jad@24,25 TAGGED; TzKal-Zuk@22,8 TAGGED
FIRED t1838 | 21,14 | Toxic Blowpipe | Jal-Zek
t1839 | 19,14 | 20..24|W|frz-16 | zukIn 2 | setIn 303 | zukHp 249 | chosen 18,14 | walk ->18,14 | weapon Toxic Blowpipe | untilShot 1 | target Jal-Zek[mager-kill] | gate ok | overhead Protect from Magic | Zek@20,21 TAGGED; JalTok-Jad@24,25 TAGGED; TzKal-Zuk@22,8 TAGGED
t1840 | 19,14 | 19..23|W|frz-17 | zukIn 1 | setIn 302 | zukHp 249 | chosen 19,14 | walk - | weapon Toxic Blowpipe | untilShot 2 | target Jal-Zek[mager-kill] | gate ok | overhead none | Zek@20,21 TAGGED; JalTok-Jad@24,25 TAGGED; TzKal-Zuk@22,8 TAGGED
FIRED t1840 | 19,14 | Toxic Blowpipe | Jal-Zek
t1841 | 19,14 | 18..22|W|frz-18 | zukIn 7 | setIn 301 | zukHp 249 | chosen 14,14 | walk ->14,14 | weapon Toxic Blowpipe | untilShot 1 | target -[-] | gate - | overhead none | Zek@20,21 TAGGED; JalTok-Jad@24,25 TAGGED; TzKal-Zuk@22,8 TAGGED
t1842 | 17,14 | 17..21|W|frz-19 | zukIn 6 | setIn 300 | zukHp 249 | chosen 14,14 | walk ->14,14 | weapon Toxic Blowpipe | untilShot 1 | target Jal-Zek[mager-kill] | gate ok | overhead none | Zek@20,21 TAGGED; JalTok-Jad@24,25 TAGGED; TzKal-Zuk@22,8 TAGGED
t1843 | 17,14 | 16..20|W|frz-20 | zukIn 5 | setIn 299 | zukHp 249 | chosen 14,14 | walk ->14,14 | weapon Toxic Blowpipe | untilShot 2 | target -[-] | gate - | overhead Protect from Magic | Zek@20,21 TAGGED; JalTok-Jad@24,25 TAGGED; TzKal-Zuk@22,8 TAGGED
FIRED t1843 | 17,14 | Toxic Blowpipe | Jal-Zek
t1844 | 15,14 | 15..19|W|frz-21 | zukIn 4 | setIn 298 | zukHp 249 | chosen 14,14 | walk ->14,14 | weapon Toxic Blowpipe | untilShot 1 | target Jal-Zek[mager-kill] | gate ok | overhead Protect from Magic | Zek@20,21 TAGGED; JalTok-Jad@24,25 TAGGED; TzKal-Zuk@22,8 TAGGED
t1845 | 15,14 | 14..18|W|frz-22 | zukIn 3 | setIn 297 | zukHp 249 | chosen 14,14 | walk ->14,14 | weapon Toxic Blowpipe | untilShot 2 | target -[-] | gate - | overhead none | Zek@20,21 TAGGED; JalTok-Jad@24,25 TAGGED; TzKal-Zuk@22,8 TAGGED
FIRED t1845 | 15,14 | Toxic Blowpipe | Jal-Zek
t1846 | 14,14 | 13..17|W|frz-23 | zukIn 2 | setIn 296 | zukHp 249 | chosen 14,14 | walk - | weapon Toxic Blowpipe | untilShot 1 | target Jal-Zek[mager-kill] | gate ok | overhead none | Zek@20,21 TAGGED; JalTok-Jad@24,25 TAGGED; TzKal-Zuk@22,8 TAGGED
t1847 | 14,14 | 12..16|W|frz-24 | zukIn 1 | setIn 295 | zukHp 249 | chosen 14,14 | walk - | weapon Rune Crossbow | untilShot 1 | target Jal-Zek[mager-kill] | gate ok | overhead Protect from Magic | Zek@20,21 TAGGED; JalTok-Jad@24,25 TAGGED; TzKal-Zuk@22,8 TAGGED
t1848 | 14,14 | 11..15|W|frz-25 | zukIn 7 | setIn 294 | zukHp 249 | chosen 16,14 | walk ->16,14 | weapon Rune Crossbow | untilShot 5 | target -[-] | gate - | overhead none | Zek@20,21 TAGGED; JalTok-Jad@24,25 TAGGED; TzKal-Zuk@22,8 TAGGED
FIRED t1848 | 14,14 | Rune Crossbow | Jal-Zek
t1849 | 16,14 | 10..14|E|frz4 | zukIn 6 | setIn 293 | zukHp 249 | chosen 16,14 | walk - | weapon Rune Crossbow | untilShot 4 | target Jal-Zek[mager-kill] | gate ok | overhead none | Zek@20,21 TAGGED; JalTok-Jad@24,25 TAGGED; TzKal-Zuk@22,8 TAGGED
t1850 | 16,14 | 10..14|E|frz3 | zukIn 5 | setIn 292 | zukHp 249 | chosen 16,14 | walk - | weapon Rune Crossbow | untilShot 3 | target Jal-Zek[mager-kill] | gate ok | overhead none | Zek@20,21 TAGGED; JalTok-Jad@24,25 TAGGED; TzKal-Zuk@22,8 TAGGED
t1851 | 16,14 | 10..14|E|frz2 | zukIn 4 | setIn 291 | zukHp 249 | chosen 16,14 | walk - | weapon Rune Crossbow | untilShot 2 | target Jal-Zek[mager-kill] | gate ok | overhead Protect from Magic | Zek@20,21 TAGGED; JalTok-Jad@24,25 TAGGED; TzKal-Zuk@22,8 TAGGED
t1852 | 16,14 | 10..14|E|frz1 | zukIn 3 | setIn 290 | zukHp 249 | chosen 16,14 | walk - | weapon Toxic Blowpipe | untilShot 1 | target Jal-Zek[mager-kill] | gate ok | overhead Protect from Magic | Zek@20,21 TAGGED; JalTok-Jad@24,25 TAGGED; TzKal-Zuk@22,8 TAGGED
t1853 | 16,14 | 10..14|E|frz0 | zukIn 2 | setIn 289 | zukHp 249 | chosen 16,14 | walk - | weapon Toxic Blowpipe | untilShot 2 | target Jal-Zek[mager-kill] | gate ok | overhead none | Zek@20,21 TAGGED; JalTok-Jad@24,25 TAGGED; TzKal-Zuk@22,8 TAGGED
FIRED t1853 | 16,14 | Toxic Blowpipe | Jal-Zek
t1854 | 16,14 | 11..15|E|frz-1 | zukIn 1 | setIn 288 | zukHp 249 | chosen 16,14 | walk - | weapon Toxic Blowpipe | untilShot 1 | target Jal-Zek[mager-kill] | gate ok | overhead none | Zek@20,21 TAGGED; JalTok-Jad@24,25 TAGGED; TzKal-Zuk@22,8 TAGGED
t1855 | 16,14 | 12..16|E|frz-2 | zukIn 7 | setIn 287 | zukHp 249 | chosen 23,14 | walk ->23,14 | weapon Toxic Blowpipe | untilShot 2 | target -[-] | gate - | overhead Protect from Magic | Zek@20,21 TAGGED; JalTok-Jad@24,25 TAGGED; TzKal-Zuk@22,8 TAGGED
FIRED t1855 | 16,14 | Toxic Blowpipe | Jal-Zek
t1856 | 18,14 | 13..17|E|frz-3 | zukIn 6 | setIn 286 | zukHp 249 | chosen 23,14 | walk ->23,14 | weapon Toxic Blowpipe | untilShot 1 | target Jal-Zek[mager-kill] | gate ok | overhead none | Zek@20,21 TAGGED; JalTok-Jad@24,25 TAGGED; TzKal-Zuk@22,8 TAGGED
t1857 | 18,14 | 14..18|E|frz-4 | zukIn 5 | setIn 285 | zukHp 249 | chosen 23,14 | walk ->23,14 | weapon Toxic Blowpipe | untilShot 2 | target -[-] | gate - | overhead none | Zek@20,21 TAGGED; JalTok-Jad@24,25 TAGGED; TzKal-Zuk@22,8 TAGGED
FIRED t1857 | 18,14 | Toxic Blowpipe | Jal-Zek
t1858 | 20,14 | 15..19|E|frz-5 | zukIn 4 | setIn 284 | zukHp 249 | chosen 23,14 | walk ->23,14 | weapon Toxic Blowpipe | untilShot 1 | target Jal-Zek[mager-kill] | gate ok | overhead none | Zek@20,21 TAGGED; JalTok-Jad@24,25 TAGGED; TzKal-Zuk@22,8 TAGGED
t1859 | 20,14 | 16..20|E|frz-6 | zukIn 3 | setIn 283 | zukHp 249 | chosen 23,14 | walk ->23,14 | weapon Toxic Blowpipe | untilShot 2 | target -[-] | gate - | overhead Protect from Magic | Zek@20,21 TAGGED; JalTok-Jad@24,25 TAGGED; TzKal-Zuk@22,8 TAGGED
FIRED t1859 | 20,14 | Toxic Blowpipe | Jal-Zek
t1860 | 22,14 | 17..21|E|frz-7 | zukIn 2 | setIn 282 | zukHp 249 | chosen 23,14 | walk ->23,14 | weapon Toxic Blowpipe | untilShot 1 | target Jal-Zek[mager-kill] | gate ok | overhead Protect from Magic | Zek@20,21 TAGGED; JalTok-Jad@24,25 TAGGED; TzKal-Zuk@22,8 TAGGED
t1861 | 22,14 | 18..22|E|frz-8 | zukIn 1 | setIn 281 | zukHp 249 | chosen 22,14 | walk - | weapon Toxic Blowpipe | untilShot 2 | target Jal-Zek[mager-kill] | gate ok | overhead none | Zek@20,21 TAGGED; JalTok-Jad@24,25 TAGGED; TzKal-Zuk@22,8 TAGGED
FIRED t1861 | 22,14 | Toxic Blowpipe | Jal-Zek
t1862 | 22,14 | 19..23|E|frz-9 | zukIn 7 | setIn 280 | zukHp 249 | chosen 30,14 | walk ->30,14 | weapon Toxic Blowpipe | untilShot 1 | target -[-] | gate - | overhead none | Zek@20,21 TAGGED; JalTok-Jad@24,25 TAGGED; TzKal-Zuk@22,8 TAGGED
t1863 | 24,14 | 20..24|E|frz-10 | zukIn 6 | setIn 279 | zukHp 249 | chosen 30,14 | walk ->30,14 | weapon Toxic Blowpipe | untilShot 1 | target Jal-Zek[mager-kill] | gate ok | overhead Protect from Magic | Zek@20,21 TAGGED; JalTok-Jad@24,25 TAGGED; TzKal-Zuk@22,8 TAGGED
t1864 | 24,14 | 21..25|E|frz-11 | zukIn 5 | setIn 278 | zukHp 249 | chosen 30,14 | walk ->30,14 | weapon Toxic Blowpipe | untilShot 2 | target -[-] | gate - | overhead none | Zek@20,21 TAGGED; JalTok-Jad@24,25 TAGGED; TzKal-Zuk@22,8 TAGGED
FIRED t1864 | 24,14 | Toxic Blowpipe | Jal-Zek
t1865 | 26,14 | 22..26|E|frz-12 | zukIn 4 | setIn 277 | zukHp 249 | chosen 30,14 | walk ->30,14 | weapon Toxic Blowpipe | untilShot 1 | target Jal-Zek[mager-kill] | gate ok | overhead none | Zek@20,21 TAGGED; JalTok-Jad@24,25 TAGGED; TzKal-Zuk@22,8 TAGGED
t1866 | 26,14 | 23..27|E|frz-13 | zukIn 3 | setIn 276 | zukHp 249 | chosen 30,14 | walk ->30,14 | weapon Toxic Blowpipe | untilShot 2 | target -[-] | gate - | overhead none | Zek@20,21 TAGGED; JalTok-Jad@24,25 TAGGED; TzKal-Zuk@22,8 TAGGED
FIRED t1866 | 26,14 | Toxic Blowpipe | Jal-Zek
t1867 | 28,14 | 24..28|E|frz-14 | zukIn 2 | setIn 275 | zukHp 249 | chosen 30,14 | walk ->30,14 | weapon Toxic Blowpipe | untilShot 1 | target Jal-Zek[mager-kill] | gate ok | overhead Protect from Magic | Zek@20,21 TAGGED; JalTok-Jad@24,25 TAGGED; TzKal-Zuk@22,8 TAGGED
t1868 | 28,14 | 25..29|E|frz-15 | zukIn 1 | setIn 274 | zukHp 249 | chosen 28,14 | walk - | weapon Toxic Blowpipe | untilShot 2 | target Jal-Zek[mager-kill] | gate ok | overhead Protect from Range | Zek@20,21 TAGGED; JalTok-Jad@24,25 TAGGED; TzKal-Zuk@22,8 TAGGED
FIRED t1868 | 28,14 | Toxic Blowpipe | Jal-Zek
t1869 | 28,14 | 26..30|E|frz-16 | zukIn 7 | setIn 273 | zukHp 249 | chosen 34,14 | walk ->34,14 | weapon Toxic Blowpipe | untilShot 1 | target -[-] | gate - | overhead none | Zek@20,21 TAGGED; JalTok-Jad@24,25 TAGGED; TzKal-Zuk@22,8 TAGGED
t1870 | 30,14 | 27..31|E|frz-17 | zukIn 6 | setIn 272 | zukHp 249 | chosen 34,14 | walk ->34,14 | weapon Toxic Blowpipe | untilShot 1 | target Jal-Zek[mager-kill] | gate ok | overhead none | Zek@20,21 TAGGED; JalTok-Jad@24,25 TAGGED; TzKal-Zuk@22,8 TAGGED
t1871 | 32,14 | 28..32|E|frz-18 | zukIn 5 | setIn 271 | zukHp 249 | chosen 34,14 | walk ->34,14 | weapon Rune Crossbow | untilShot 1 | target TzKal-Zuk[zuk] | gate - | overhead Protect from Magic | Zek@20,21 TAGGED; JalTok-Jad@24,25 TAGGED; TzKal-Zuk@22,8 TAGGED
t1872 | 34,14 | 29..33|E|frz-19 | zukIn 4 | setIn 270 | zukHp 249 | chosen 34,14 | walk - | weapon Rune Crossbow | untilShot 1 | target TzKal-Zuk[zuk] | gate - | overhead none | Zek@20,21 TAGGED; JalTok-Jad@24,25 TAGGED; TzKal-Zuk@22,8 TAGGED
t1873 | 34,14 | 30..34|E|frz-20 | zukIn 3 | setIn 269 | zukHp 249 | chosen 34,14 | walk - | weapon Rune Crossbow | untilShot 1 | target TzKal-Zuk[zuk] | gate - | overhead none | Zek@20,21 TAGGED; JalTok-Jad@24,25 TAGGED; TzKal-Zuk@22,8 TAGGED
t1874 | 34,14 | 31..35|E|frz-21 | zukIn 2 | setIn 268 | zukHp 249 | chosen 34,14 | walk - | weapon Rune Crossbow | untilShot 1 | target TzKal-Zuk[zuk] | gate - | overhead none | Zek@20,21 TAGGED; JalTok-Jad@24,25 TAGGED; TzKal-Zuk@22,8 TAGGED
t1875 | 34,14 | 32..36|E|frz-22 | zukIn 1 | setIn 267 | zukHp 249 | chosen 34,14 | walk - | weapon Rune Crossbow | untilShot 1 | target TzKal-Zuk[zuk] | gate - | overhead Protect from Magic | Zek@20,21 TAGGED; JalTok-Jad@24,25 TAGGED; TzKal-Zuk@22,8 TAGGED
t1876 | 34,14 | 33..37|E|frz-23 | zukIn 7 | setIn 266 | zukHp 249 | chosen 36,14 | walk ->36,14 | weapon Rune Crossbow | untilShot 1 | target -[-] | gate - | overhead Protect from Range | Zek@20,21 TAGGED; JalTok-Jad@24,25 TAGGED; TzKal-Zuk@22,8 TAGGED
t1877 | 36,14 | 34..38|E|frz-24 | zukIn 6 | setIn 265 | zukHp 249 | chosen 36,14 | walk - | weapon Rune Crossbow | untilShot 1 | target TzKal-Zuk[zuk] | gate - | overhead none | Zek@20,21 TAGGED; JalTok-Jad@24,25 TAGGED; TzKal-Zuk@22,8 TAGGED
t1878 | 36,14 | 35..39|E|frz-25 | zukIn 5 | setIn 264 | zukHp 249 | chosen 36,14 | walk - | weapon Rune Crossbow | untilShot 1 | target TzKal-Zuk[zuk] | gate - | overhead none | Zek@20,21 TAGGED; JalTok-Jad@24,25 TAGGED; TzKal-Zuk@22,8 TAGGED
t1879 | 36,14 | 36..40|W|frz4 | zukIn 4 | setIn 263 | zukHp 249 | chosen 36,14 | walk - | weapon Rune Crossbow | untilShot 1 | target TzKal-Zuk[zuk] | gate - | overhead Protect from Magic | Zek@20,21 TAGGED; JalTok-Jad@24,25 TAGGED; TzKal-Zuk@22,8 TAGGED
t1880 | 36,14 | 36..40|W|frz3 | zukIn 3 | setIn 262 | zukHp 249 | chosen 36,14 | walk - | weapon Rune Crossbow | untilShot 1 | target TzKal-Zuk[zuk] | gate - | overhead none | Zek@20,21 TAGGED; JalTok-Jad@24,25 TAGGED; TzKal-Zuk@22,8 TAGGED
t1881 | 36,14 | 36..40|W|frz2 | zukIn 2 | setIn 261 | zukHp 249 | chosen 36,14 | walk - | weapon Rune Crossbow | untilShot 1 | target TzKal-Zuk[zuk] | gate - | overhead none | Zek@20,21 TAGGED; JalTok-Jad@24,25 TAGGED; TzKal-Zuk@22,8 TAGGED
t1882 | 36,14 | 36..40|W|frz1 | zukIn 1 | setIn 260 | zukHp 249 | chosen 36,14 | walk - | weapon Rune Crossbow | untilShot 1 | target TzKal-Zuk[zuk] | gate - | overhead none | Zek@20,21 TAGGED; JalTok-Jad@24,25 TAGGED; TzKal-Zuk@22,8 TAGGED
t1883 | 36,14 | 36..40|W|frz0 | zukIn 7 | setIn 259 | zukHp 249 | chosen 29,14 | walk ->29,14 | weapon Rune Crossbow | untilShot 1 | target -[-] | gate - | overhead Protect from Magic | Zek@20,21 TAGGED; JalTok-Jad@24,25 TAGGED; TzKal-Zuk@22,8 TAGGED
t1884 | 34,14 | 35..39|W|frz-1 | zukIn 6 | setIn 258 | zukHp 249 | chosen 29,14 | walk ->29,14 | weapon Rune Crossbow | untilShot 1 | target TzKal-Zuk[zuk] | gate - | overhead Protect from Range | Zek@20,21 TAGGED; JalTok-Jad@24,25 TAGGED; TzKal-Zuk@22,8 TAGGED
t1885 | 32,14 | 34..38|W|frz-2 | zukIn 5 | setIn 257 | zukHp 249 | chosen 29,14 | walk ->29,14 | weapon Rune Crossbow | untilShot 1 | target TzKal-Zuk[zuk] | gate - | overhead none | Zek@20,21 TAGGED; JalTok-Jad@24,25 TAGGED; TzKal-Zuk@22,8 TAGGED
t1886 | 30,14 | 33..37|W|frz-3 | zukIn 4 | setIn 256 | zukHp 249 | chosen 29,14 | walk ->29,14 | weapon Rune Crossbow | untilShot 1 | target Jal-Zek[mager-kill] | gate ok | overhead none | Zek@20,21 TAGGED; JalTok-Jad@24,25 TAGGED; TzKal-Zuk@22,8 TAGGED
t1887 | 30,14 | 32..36|W|frz-4 | zukIn 3 | setIn 255 | zukHp 249 | chosen 29,14 | walk ->29,14 | weapon Rune Crossbow | untilShot 5 | target -[-] | gate - | overhead Protect from Magic | Zek@20,21 TAGGED; JalTok-Jad@24,25 TAGGED; TzKal-Zuk@22,8 TAGGED
FIRED t1887 | 30,14 | Rune Crossbow | Jal-Zek
t1888 | 29,14 | 31..35|W|frz-5 | zukIn 2 | setIn 254 | zukHp 249 | chosen 29,14 | walk - | weapon Rune Crossbow | untilShot 4 | target Jal-Zek[mager-kill] | gate ok | overhead none | Zek@20,21 TAGGED; JalTok-Jad@24,25 TAGGED; TzKal-Zuk@22,8 TAGGED
t1889 | 29,14 | 30..34|W|frz-6 | zukIn 1 | setIn 253 | zukHp 249 | chosen 29,14 | walk - | weapon Rune Crossbow | untilShot 3 | target Jal-Zek[mager-kill] | gate ok | overhead none | Zek@20,21 TAGGED; JalTok-Jad@24,25 TAGGED; TzKal-Zuk@22,8 TAGGED
t1890 | 29,14 | 29..33|W|frz-7 | zukIn 7 | setIn 252 | zukHp 249 | chosen 22,14 | walk ->22,14 | weapon Rune Crossbow | untilShot 2 | target -[-] | gate - | overhead none | Zek@20,21 TAGGED; JalTok-Jad@24,25 TAGGED; TzKal-Zuk@22,8 TAGGED
t1891 | 27,14 | 28..32|W|frz-8 | zukIn 6 | setIn 251 | zukHp 249 | chosen 22,14 | walk ->22,14 | weapon Rune Crossbow | untilShot 1 | target Jal-Zek[mager-kill] | gate ok | overhead Protect from Magic | Zek@20,21 TAGGED; JalTok-Jad@24,25 TAGGED; TzKal-Zuk@22,8 TAGGED
t1892 | 27,14 | 27..31|W|frz-9 | zukIn 5 | setIn 250 | zukHp 249 | chosen 22,14 | walk ->22,14 | weapon Rune Crossbow | untilShot 5 | target -[-] | gate - | overhead Protect from Magic | Zek@20,21 TAGGED; JalTok-Jad@24,25 TAGGED; TzKal-Zuk@22,8 TAGGED
FIRED t1892 | 27,14 | Rune Crossbow | Jal-Zek
t1893 | 25,14 | 26..30|W|frz-10 | zukIn 4 | setIn 249 | zukHp 249 | chosen 22,14 | walk ->22,14 | weapon Rune Crossbow | untilShot 4 | target Jal-Zek[mager-kill] | gate ok | overhead none | Zek@20,21 TAGGED; JalTok-Jad@24,25 TAGGED; TzKal-Zuk@22,8 TAGGED
t1894 | 23,14 | 25..29|W|frz-11 | zukIn 3 | setIn 248 | zukHp 249 | chosen 22,14 | walk ->22,14 | weapon Rune Crossbow | untilShot 3 | target Jal-Zek[mager-kill] | gate ok | overhead none | Zek@20,21 TAGGED; JalTok-Jad@24,25 TAGGED; TzKal-Zuk@22,8 TAGGED
t1895 | 22,14 | 24..28|W|frz-12 | zukIn 2 | setIn 247 | zukHp 249 | chosen 22,14 | walk - | weapon Rune Crossbow | untilShot 2 | target Jal-Zek[mager-kill] | gate ok | overhead Protect from Magic | Zek@20,21 TAGGED; JalTok-Jad@24,25 TAGGED; TzKal-Zuk@22,8 TAGGED
t1896 | 22,14 | 23..27|W|frz-13 | zukIn 1 | setIn 246 | zukHp 249 | chosen 22,14 | walk - | weapon Toxic Blowpipe | untilShot 1 | target Jal-Zek[mager-kill] | gate ok | overhead none | Zek@20,21 TAGGED; JalTok-Jad@24,25 TAGGED; TzKal-Zuk@22,8 TAGGED
t1897 | 22,14 | 22..26|W|frz-14 | zukIn 7 | setIn 245 | zukHp 249 | chosen 15,14 | walk ->15,14 | weapon Toxic Blowpipe | untilShot 2 | target -[-] | gate - | overhead none | Zek@20,21 TAGGED; JalTok-Jad@24,25 TAGGED; TzKal-Zuk@22,8 TAGGED
FIRED t1897 | 22,14 | Toxic Blowpipe | Jal-Zek
t1898 | 20,14 | 21..25|W|frz-15 | zukIn 6 | setIn 244 | zukHp 249 | chosen 15,14 | walk ->15,14 | weapon Toxic Blowpipe | untilShot 1 | target Jal-Zek[mager-kill] | gate ok | overhead none | Zek@20,21 TAGGED; JalTok-Jad@24,25 TAGGED; TzKal-Zuk@22,8 TAGGED
t1899 | 20,14 | 20..24|W|frz-16 | zukIn 5 | setIn 243 | zukHp 249 | chosen 15,14 | walk ->15,14 | weapon Toxic Blowpipe | untilShot 2 | target -[-] | gate - | overhead Protect from Magic | Zek@20,21 TAGGED; JalTok-Jad@24,25 TAGGED; TzKal-Zuk@22,8 TAGGED
FIRED t1899 | 20,14 | Toxic Blowpipe | Jal-Zek
t1900 | 18,14 | 19..23|W|frz-17 | zukIn 4 | setIn 242 | zukHp 249 | chosen 15,14 | walk ->15,14 | weapon Toxic Blowpipe | untilShot 1 | target Jal-Zek[mager-kill] | gate ok | overhead Protect from Magic | Zek@20,21 TAGGED; JalTok-Jad@24,25 TAGGED; TzKal-Zuk@22,8 TAGGED
t1901 | 18,14 | 18..22|W|frz-18 | zukIn 3 | setIn 241 | zukHp 249 | chosen 15,14 | walk ->15,14 | weapon Toxic Blowpipe | untilShot 2 | target -[-] | gate - | overhead none | Zek@20,21 TAGGED; JalTok-Jad@24,25 TAGGED; TzKal-Zuk@22,8 TAGGED
FIRED t1901 | 18,14 | Toxic Blowpipe | Jal-Zek
t1902 | 16,14 | 17..21|W|frz-19 | zukIn 2 | setIn 240 | zukHp 249 | chosen 15,14 | walk ->15,14 | weapon Toxic Blowpipe | untilShot 1 | target Jal-Zek[mager-kill] | gate ok | overhead none | Zek@20,21 TAGGED; JalTok-Jad@24,25 TAGGED; TzKal-Zuk@22,8 TAGGED
t1903 | 16,14 | 16..20|W|frz-20 | zukIn 1 | setIn 239 | zukHp 249 | chosen 16,14 | walk - | weapon Toxic Blowpipe | untilShot 2 | target Jal-Zek[mager-kill] | gate ok | overhead Protect from Magic | Zek@20,21 TAGGED; JalTok-Jad@24,25 TAGGED; TzKal-Zuk@22,8 TAGGED
FIRED t1903 | 16,14 | Toxic Blowpipe | Jal-Zek
t1904 | 16,14 | 15..19|W|frz-21 | zukIn 7 | setIn 238 | zukHp 249 | chosen 14,14 | walk ->14,14 | weapon Toxic Blowpipe | untilShot 1 | target -[-] | gate - | overhead none | Zek@20,21 TAGGED; JalTok-Jad@24,25 TAGGED; TzKal-Zuk@22,8 TAGGED
t1905 | 14,14 | 14..18|W|frz-22 | zukIn 6 | setIn 237 | zukHp 249 | chosen 14,14 | walk - | weapon Toxic Blowpipe | untilShot 1 | target Jal-Zek[mager-kill] | gate ok | overhead none | Zek@20,21 TAGGED; JalTok-Jad@24,25 TAGGED; TzKal-Zuk@22,8 TAGGED
t1906 | 14,14 | 13..17|W|frz-23 | zukIn 5 | setIn 236 | zukHp 249 | chosen 14,14 | walk - | weapon Rune Crossbow | untilShot 1 | target Jal-Zek[mager-kill] | gate ok | overhead none | Zek@20,21 TAGGED; JalTok-Jad@24,25 TAGGED; TzKal-Zuk@22,8 TAGGED
t1907 | 14,14 | 12..16|W|frz-24 | zukIn 4 | setIn 235 | zukHp 249 | chosen 14,14 | walk - | weapon Rune Crossbow | untilShot 5 | target Jal-Zek[mager-kill] | gate ok | overhead Protect from Magic | Zek@20,21 TAGGED; JalTok-Jad@24,25 TAGGED; TzKal-Zuk@22,8 TAGGED
FIRED t1907 | 14,14 | Rune Crossbow | Jal-Zek
t1908 | 14,14 | 11..15|W|frz-25 | zukIn 3 | setIn 234 | zukHp 249 | chosen 14,14 | walk - | weapon Rune Crossbow | untilShot 4 | target Jal-Zek[mager-kill] | gate ok | overhead Protect from Magic | Zek@20,21 TAGGED; JalTok-Jad@24,25 TAGGED; TzKal-Zuk@22,8 TAGGED
t1909 | 14,14 | 10..14|E|frz4 | zukIn 2 | setIn 233 | zukHp 249 | chosen 14,14 | walk - | weapon Rune Crossbow | untilShot 3 | target Jal-Zek[mager-kill] | gate ok | overhead none | Zek@20,21 TAGGED; JalTok-Jad@24,25 TAGGED; TzKal-Zuk@22,8 TAGGED
t1910 | 14,14 | 10..14|E|frz3 | zukIn 1 | setIn 232 | zukHp 249 | chosen 14,14 | walk - | weapon Rune Crossbow | untilShot 2 | target Jal-Zek[mager-kill] | gate ok | overhead none | Zek@20,21 TAGGED; JalTok-Jad@24,25 TAGGED; TzKal-Zuk@22,8 TAGGED
t1911 | 14,14 | 10..14|E|frz2 | zukIn 7 | setIn 231 | zukHp 249 | chosen 19,14 | walk ->19,14 | weapon Rune Crossbow | untilShot 1 | target -[-] | gate - | overhead Protect from Magic | Zek@20,21 TAGGED; JalTok-Jad@24,25 TAGGED; TzKal-Zuk@22,8 TAGGED
t1912 | 16,14 | 10..14|E|frz1 | zukIn 6 | setIn 230 | zukHp 249 | chosen 19,14 | walk ->19,14 | weapon Rune Crossbow | untilShot 1 | target Jal-Zek[mager-kill] | gate ok | overhead none | Zek@20,21 TAGGED; JalTok-Jad@24,25 TAGGED; TzKal-Zuk@22,8 TAGGED
t1913 | 16,14 | 10..14|E|frz0 | zukIn 5 | setIn 229 | zukHp 249 | chosen 19,14 | walk ->19,14 | weapon Rune Crossbow | untilShot 5 | target -[-] | gate - | overhead none | Zek@20,21 TAGGED; JalTok-Jad@24,25 TAGGED; TzKal-Zuk@22,8 TAGGED
FIRED t1913 | 16,14 | Rune Crossbow | Jal-Zek
t1914 | 18,14 | 11..15|E|frz-1 | zukIn 4 | setIn 228 | zukHp 249 | chosen 19,14 | walk ->19,14 | weapon Rune Crossbow | untilShot 4 | target Jal-Zek[mager-kill] | gate ok | overhead none | Zek@20,21 TAGGED; JalTok-Jad@24,25 TAGGED; TzKal-Zuk@22,8 TAGGED
t1915 | 19,14 | 12..16|E|frz-2 | zukIn 3 | setIn 227 | zukHp 249 | chosen 19,14 | walk - | weapon Rune Crossbow | untilShot 3 | target Jal-Zek[mager-kill] | gate ok | overhead Protect from Magic | Zek@20,21 TAGGED; JalTok-Jad@24,25 TAGGED; TzKal-Zuk@22,8 TAGGED
t1916 | 19,14 | 13..17|E|frz-3 | zukIn 2 | setIn 226 | zukHp 249 | chosen 19,14 | walk - | weapon Rune Crossbow | untilShot 2 | target Jal-Zek[mager-kill] | gate ok | overhead Protect from Magic | Zek@20,21 TAGGED; JalTok-Jad@24,25 TAGGED; TzKal-Zuk@22,8 TAGGED
t1917 | 19,14 | 14..18|E|frz-4 | zukIn 1 | setIn 225 | zukHp 249 | chosen 19,14 | walk - | weapon Toxic Blowpipe | untilShot 1 | target Jal-Zek[mager-kill] | gate ok | overhead none | Zek@20,21 TAGGED; JalTok-Jad@24,25 TAGGED; TzKal-Zuk@22,8 TAGGED
t1918 | 19,14 | 15..19|E|frz-5 | zukIn 7 | setIn 224 | zukHp 249 | chosen 26,14 | walk ->26,14 | weapon Toxic Blowpipe | untilShot 2 | target -[-] | gate - | overhead none | Zek@20,21 TAGGED; JalTok-Jad@24,25 TAGGED; TzKal-Zuk@22,8 TAGGED
FIRED t1918 | 19,14 | Toxic Blowpipe | Jal-Zek
t1919 | 21,14 | 16..20|E|frz-6 | zukIn 6 | setIn 223 | zukHp 249 | chosen 26,14 | walk ->26,14 | weapon Toxic Blowpipe | untilShot 1 | target Jal-Zek[mager-kill] | gate ok | overhead Protect from Magic | Zek@20,21 TAGGED; JalTok-Jad@24,25 TAGGED; TzKal-Zuk@22,8 TAGGED
t1920 | 21,14 | 17..21|E|frz-7 | zukIn 5 | setIn 222 | zukHp 249 | chosen 26,14 | walk ->26,14 | weapon Toxic Blowpipe | untilShot 2 | target -[-] | gate - | overhead none | Zek@20,21 TAGGED; JalTok-Jad@24,25 TAGGED; TzKal-Zuk@22,8 TAGGED
FIRED t1920 | 21,14 | Toxic Blowpipe | Jal-Zek
t1921 | 23,14 | 18..22|E|frz-8 | zukIn 4 | setIn 221 | zukHp 249 | chosen 26,14 | walk ->26,14 | weapon Toxic Blowpipe | untilShot 1 | target Jal-Zek[mager-kill] | gate ok | overhead none | Zek@20,21 TAGGED; JalTok-Jad@24,25 TAGGED; TzKal-Zuk@22,8 TAGGED
t1922 | 23,14 | 19..23|E|frz-9 | zukIn 3 | setIn 220 | zukHp 249 | chosen 26,14 | walk ->26,14 | weapon Toxic Blowpipe | untilShot 2 | target -[-] | gate - | overhead none | Zek@20,21 TAGGED; JalTok-Jad@24,25 TAGGED; TzKal-Zuk@22,8 TAGGED
FIRED t1922 | 23,14 | Toxic Blowpipe | Jal-Zek
t1923 | 25,14 | 20..24|E|frz-10 | zukIn 2 | setIn 219 | zukHp 249 | chosen 26,14 | walk ->26,14 | weapon Toxic Blowpipe | untilShot 1 | target Jal-Zek[mager-kill] | gate ok | overhead Protect from Magic | Zek@20,21 TAGGED; JalTok-Jad@24,25 TAGGED; TzKal-Zuk@22,8 TAGGED
t1924 | 25,14 | 21..25|E|frz-11 | zukIn 1 | setIn 218 | zukHp 249 | chosen 25,14 | walk - | weapon Toxic Blowpipe | untilShot 2 | target Jal-Zek[mager-kill] | gate ok | overhead Protect from Magic | Zek@20,21 TAGGED; JalTok-Jad@24,25 TAGGED; TzKal-Zuk@22,8 TAGGED
FIRED t1924 | 25,14 | Toxic Blowpipe | Jal-Zek
t1925 | 25,14 | 22..26|E|frz-12 | zukIn 7 | setIn 217 | zukHp 249 | chosen 33,14 | walk ->33,14 | weapon Toxic Blowpipe | untilShot 1 | target -[-] | gate - | overhead none | Zek@20,21 TAGGED; JalTok-Jad@24,25 TAGGED; TzKal-Zuk@22,8 TAGGED
t1926 | 27,14 | 23..27|E|frz-13 | zukIn 6 | setIn 216 | zukHp 249 | chosen 33,14 | walk ->33,14 | weapon Toxic Blowpipe | untilShot 1 | target Jal-Zek[mager-kill] | gate ok | overhead none | Zek@20,21 TAGGED; JalTok-Jad@24,25 TAGGED; TzKal-Zuk@22,8 TAGGED
t1927 | 27,14 | 24..28|E|frz-14 | zukIn 5 | setIn 215 | zukHp 249 | chosen 33,14 | walk ->33,14 | weapon Toxic Blowpipe | untilShot 2 | target -[-] | gate - | overhead Protect from Magic | Zek@20,21 TAGGED; JalTok-Jad@24,25 TAGGED; TzKal-Zuk@22,8 TAGGED
FIRED t1927 | 27,14 | Toxic Blowpipe | Jal-Zek
t1928 | 29,14 | 25..29|E|frz-15 | zukIn 4 | setIn 214 | zukHp 249 | chosen 33,14 | walk ->33,14 | weapon Toxic Blowpipe | untilShot 1 | target Jal-Zek[mager-kill] | gate ok | overhead none | Zek@20,21 TAGGED; JalTok-Jad@24,25 TAGGED; TzKal-Zuk@22,8 TAGGED
t1929 | 31,14 | 26..30|E|frz-16 | zukIn 3 | setIn 213 | zukHp 249 | chosen 33,14 | walk ->33,14 | weapon Rune Crossbow | untilShot 1 | target TzKal-Zuk[zuk] | gate - | overhead none | Zek@20,21 TAGGED; JalTok-Jad@24,25 TAGGED; TzKal-Zuk@22,8 TAGGED
t1930 | 33,14 | 27..31|E|frz-17 | zukIn 2 | setIn 212 | zukHp 249 | chosen 33,14 | walk - | weapon Rune Crossbow | untilShot 1 | target TzKal-Zuk[zuk] | gate - | overhead none | Zek@20,21 TAGGED; JalTok-Jad@24,25 TAGGED; TzKal-Zuk@22,8 TAGGED
t1931 | 33,14 | 28..32|E|frz-18 | zukIn 1 | setIn 211 | zukHp 249 | chosen 33,14 | walk - | weapon Rune Crossbow | untilShot 1 | target TzKal-Zuk[zuk] | gate - | overhead Protect from Magic | Zek@20,21 TAGGED; JalTok-Jad@24,25 TAGGED; TzKal-Zuk@22,8 TAGGED
t1932 | 33,14 | 29..33|E|frz-19 | zukIn 7 | setIn 210 | zukHp 249 | chosen 36,14 | walk ->36,14 | weapon Rune Crossbow | untilShot 1 | target -[-] | gate - | overhead Protect from Range | Zek@20,21 TAGGED; JalTok-Jad@24,25 TAGGED; TzKal-Zuk@22,8 TAGGED
t1933 | 35,14 | 30..34|E|frz-20 | zukIn 6 | setIn 209 | zukHp 249 | chosen 36,14 | walk ->36,14 | weapon Rune Crossbow | untilShot 1 | target TzKal-Zuk[zuk] | gate - | overhead none | Zek@20,21 TAGGED; JalTok-Jad@24,25 TAGGED; TzKal-Zuk@22,8 TAGGED
t1934 | 36,14 | 31..35|E|frz-21 | zukIn 5 | setIn 208 | zukHp 249 | chosen 36,14 | walk - | weapon Rune Crossbow | untilShot 1 | target TzKal-Zuk[zuk] | gate - | overhead none | Zek@20,21 TAGGED; JalTok-Jad@24,25 TAGGED; TzKal-Zuk@22,8 TAGGED
t1935 | 36,14 | 32..36|E|frz-22 | zukIn 4 | setIn 207 | zukHp 249 | chosen 36,14 | walk - | weapon Rune Crossbow | untilShot 1 | target TzKal-Zuk[zuk] | gate - | overhead Protect from Magic | Zek@20,21 TAGGED; JalTok-Jad@24,25 TAGGED; TzKal-Zuk@22,8 TAGGED
t1936 | 36,14 | 33..37|E|frz-23 | zukIn 3 | setIn 206 | zukHp 249 | chosen 36,14 | walk - | weapon Rune Crossbow | untilShot 1 | target TzKal-Zuk[zuk] | gate - | overhead none | Zek@20,21 TAGGED; JalTok-Jad@24,25 TAGGED; TzKal-Zuk@22,8 TAGGED
t1937 | 36,14 | 34..38|E|frz-24 | zukIn 2 | setIn 205 | zukHp 249 | chosen 36,14 | walk - | weapon Rune Crossbow | untilShot 1 | target TzKal-Zuk[zuk] | gate - | overhead none | Zek@20,21 TAGGED; JalTok-Jad@24,25 TAGGED; TzKal-Zuk@22,8 TAGGED
t1938 | 36,14 | 35..39|E|frz-25 | zukIn 1 | setIn 204 | zukHp 249 | chosen 36,14 | walk - | weapon Rune Crossbow | untilShot 1 | target TzKal-Zuk[zuk] | gate - | overhead none | Zek@20,21 TAGGED; JalTok-Jad@24,25 TAGGED; TzKal-Zuk@22,8 TAGGED
t1939 | 36,14 | 36..40|W|frz4 | zukIn 7 | setIn 203 | zukHp 249 | chosen 33,14 | walk ->33,14 | weapon Rune Crossbow | untilShot 1 | target -[-] | gate - | overhead Protect from Magic | Zek@20,21 TAGGED; JalTok-Jad@24,25 TAGGED; TzKal-Zuk@22,8 TAGGED
t1940 | 34,14 | 36..40|W|frz3 | zukIn 6 | setIn 202 | zukHp 249 | chosen 33,14 | walk ->33,14 | weapon Rune Crossbow | untilShot 1 | target TzKal-Zuk[zuk] | gate - | overhead Protect from Range | Zek@20,21 TAGGED; JalTok-Jad@24,25 TAGGED; TzKal-Zuk@22,8 TAGGED
t1941 | 33,14 | 36..40|W|frz2 | zukIn 5 | setIn 201 | zukHp 249 | chosen 33,14 | walk - | weapon Rune Crossbow | untilShot 1 | target TzKal-Zuk[zuk] | gate - | overhead none | Zek@20,21 TAGGED; JalTok-Jad@24,25 TAGGED; TzKal-Zuk@22,8 TAGGED
t1942 | 33,14 | 36..40|W|frz1 | zukIn 4 | setIn 200 | zukHp 249 | chosen 33,14 | walk - | weapon Rune Crossbow | untilShot 1 | target TzKal-Zuk[zuk] | gate - | overhead none | Zek@20,21 TAGGED; JalTok-Jad@24,25 TAGGED; TzKal-Zuk@22,8 TAGGED
t1943 | 33,14 | 36..40|W|frz0 | zukIn 3 | setIn 199 | zukHp 249 | chosen 33,14 | walk - | weapon Rune Crossbow | untilShot 1 | target TzKal-Zuk[zuk] | gate - | overhead Protect from Magic | Zek@20,21 TAGGED; JalTok-Jad@24,25 TAGGED; TzKal-Zuk@22,8 TAGGED
t1944 | 33,14 | 35..39|W|frz-1 | zukIn 2 | setIn 198 | zukHp 249 | chosen 33,14 | walk - | weapon Rune Crossbow | untilShot 1 | target TzKal-Zuk[zuk] | gate - | overhead none | Zek@20,21 TAGGED; JalTok-Jad@24,25 TAGGED; TzKal-Zuk@22,8 TAGGED
t1945 | 33,14 | 34..38|W|frz-2 | zukIn 1 | setIn 197 | zukHp 249 | chosen 33,14 | walk - | weapon Rune Crossbow | untilShot 1 | target TzKal-Zuk[zuk] | gate - | overhead none | Zek@20,21 TAGGED; JalTok-Jad@24,25 TAGGED; TzKal-Zuk@22,8 TAGGED
t1946 | 33,14 | 33..37|W|frz-3 | zukIn 7 | setIn 196 | zukHp 249 | chosen 26,14 | walk ->26,14 | weapon Rune Crossbow | untilShot 1 | target -[-] | gate - | overhead none | Zek@20,21 TAGGED; JalTok-Jad@24,25 TAGGED; TzKal-Zuk@22,8 TAGGED
t1947 | 31,14 | 32..36|W|frz-4 | zukIn 6 | setIn 195 | zukHp 249 | chosen 26,14 | walk ->26,14 | weapon Rune Crossbow | untilShot 1 | target TzKal-Zuk[zuk] | gate - | overhead Protect from Magic | Zek@20,21 TAGGED; JalTok-Jad@24,25 TAGGED; TzKal-Zuk@22,8 TAGGED
t1948 | 29,14 | 31..35|W|frz-5 | zukIn 5 | setIn 194 | zukHp 249 | chosen 26,14 | walk ->26,14 | weapon Rune Crossbow | untilShot 1 | target Jal-Zek[mager-kill] | gate ok | overhead Protect from Magic | Zek@20,21 TAGGED; JalTok-Jad@24,25 TAGGED; TzKal-Zuk@22,8 TAGGED
t1949 | 29,14 | 30..34|W|frz-6 | zukIn 4 | setIn 193 | zukHp 249 | chosen 26,14 | walk ->26,14 | weapon Rune Crossbow | untilShot 5 | target -[-] | gate - | overhead none | Zek@20,21 TAGGED; JalTok-Jad@24,25 TAGGED; TzKal-Zuk@22,8 TAGGED
FIRED t1949 | 29,14 | Rune Crossbow | Jal-Zek
t1950 | 27,14 | 29..33|W|frz-7 | zukIn 3 | setIn 192 | zukHp 249 | chosen 26,14 | walk ->26,14 | weapon Rune Crossbow | untilShot 4 | target Jal-Zek[mager-kill] | gate ok | overhead none | Zek@20,21 TAGGED; JalTok-Jad@24,25 TAGGED; TzKal-Zuk@22,8 TAGGED
t1951 | 26,14 | 28..32|W|frz-8 | zukIn 2 | setIn 191 | zukHp 249 | chosen 26,14 | walk - | weapon Rune Crossbow | untilShot 3 | target Jal-Zek[mager-kill] | gate ok | overhead Protect from Magic | Zek@20,21 TAGGED; JalTok-Jad@24,25 TAGGED; TzKal-Zuk@22,8 TAGGED
t1952 | 26,14 | 27..31|W|frz-9 | zukIn 1 | setIn 190 | zukHp 249 | chosen 26,14 | walk - | weapon Rune Crossbow | untilShot 2 | target Jal-Zek[mager-kill] | gate ok | overhead none | Zek@20,21 TAGGED; JalTok-Jad@24,25 TAGGED; TzKal-Zuk@22,8 TAGGED
t1953 | 26,14 | 26..30|W|frz-10 | zukIn 7 | setIn 189 | zukHp 249 | chosen 19,14 | walk ->19,14 | weapon Toxic Blowpipe | untilShot 1 | target -[-] | gate - | overhead none | Zek@20,21 TAGGED; JalTok-Jad@24,25 TAGGED; TzKal-Zuk@22,8 TAGGED
t1954 | 24,14 | 25..29|W|frz-11 | zukIn 6 | setIn 188 | zukHp 249 | chosen 19,14 | walk ->19,14 | weapon Toxic Blowpipe | untilShot 1 | target Jal-Zek[mager-kill] | gate ok | overhead none | Zek@20,21 TAGGED; JalTok-Jad@24,25 TAGGED; TzKal-Zuk@22,8 TAGGED
t1955 | 24,14 | 24..28|W|frz-12 | zukIn 5 | setIn 187 | zukHp 249 | chosen 19,14 | walk ->19,14 | weapon Toxic Blowpipe | untilShot 2 | target -[-] | gate - | overhead Protect from Magic | Zek@20,21 TAGGED; JalTok-Jad@24,25 TAGGED; TzKal-Zuk@22,8 TAGGED
FIRED t1955 | 24,14 | Toxic Blowpipe | Jal-Zek
t1956 | 22,14 | 23..27|W|frz-13 | zukIn 4 | setIn 186 | zukHp 249 | chosen 19,14 | walk ->19,14 | weapon Toxic Blowpipe | untilShot 1 | target Jal-Zek[mager-kill] | gate ok | overhead Protect from Magic | Zek@20,21 TAGGED; JalTok-Jad@24,25 TAGGED; TzKal-Zuk@22,8 TAGGED
t1957 | 22,14 | 22..26|W|frz-14 | zukIn 3 | setIn 185 | zukHp 249 | chosen 19,14 | walk ->19,14 | weapon Toxic Blowpipe | untilShot 2 | target -[-] | gate - | overhead none | Zek@20,21 TAGGED; JalTok-Jad@24,25 TAGGED; TzKal-Zuk@22,8 TAGGED
FIRED t1957 | 22,14 | Toxic Blowpipe | Jal-Zek
t1958 | 20,14 | 21..25|W|frz-15 | zukIn 2 | setIn 184 | zukHp 249 | chosen 19,14 | walk ->19,14 | weapon Toxic Blowpipe | untilShot 1 | target Jal-Zek[mager-kill] | gate ok | overhead none | Zek@20,21 TAGGED; JalTok-Jad@24,25 TAGGED; TzKal-Zuk@22,8 TAGGED
t1959 | 20,14 | 20..24|W|frz-16 | zukIn 1 | setIn 183 | zukHp 249 | chosen 20,14 | walk - | weapon Toxic Blowpipe | untilShot 2 | target Jal-Zek[mager-kill] | gate ok | overhead Protect from Magic | Zek@20,21 TAGGED; JalTok-Jad@24,25 TAGGED; TzKal-Zuk@22,8 TAGGED
FIRED t1959 | 20,14 | Toxic Blowpipe | Jal-Zek
t1960 | 20,14 | 19..23|W|frz-17 | zukIn 7 | setIn 182 | zukHp 249 | chosen 15,14 | walk ->15,14 | weapon Toxic Blowpipe | untilShot 1 | target -[-] | gate - | overhead none | Zek@20,21 TAGGED; JalTok-Jad@24,25 TAGGED; TzKal-Zuk@22,8 TAGGED
t1961 | 18,14 | 18..22|W|frz-18 | zukIn 6 | setIn 181 | zukHp 249 | chosen 15,14 | walk ->15,14 | weapon Toxic Blowpipe | untilShot 1 | target Jal-Zek[mager-kill] | gate ok | overhead none | Zek@20,21 TAGGED; JalTok-Jad@24,25 TAGGED; TzKal-Zuk@22,8 TAGGED
t1962 | 18,14 | 17..21|W|frz-19 | zukIn 5 | setIn 180 | zukHp 249 | chosen 15,14 | walk ->15,14 | weapon Toxic Blowpipe | untilShot 2 | target -[-] | gate - | overhead none | Zek@20,21 TAGGED; JalTok-Jad@24,25 TAGGED; TzKal-Zuk@22,8 TAGGED
FIRED t1962 | 18,14 | Toxic Blowpipe | Jal-Zek
t1963 | 16,14 | 16..20|W|frz-20 | zukIn 4 | setIn 179 | zukHp 249 | chosen 15,14 | walk ->15,14 | weapon Toxic Blowpipe | untilShot 1 | target Jal-Zek[mager-kill] | gate ok | overhead Protect from Magic | Zek@20,21 TAGGED; JalTok-Jad@24,25 TAGGED; TzKal-Zuk@22,8 TAGGED
t1964 | 16,14 | 15..19|W|frz-21 | zukIn 3 | setIn 178 | zukHp 249 | chosen 15,14 | walk ->15,14 | weapon Toxic Blowpipe | untilShot 2 | target -[-] | gate - | overhead Protect from Range | Zek@20,21 TAGGED; JalTok-Jad@24,25 TAGGED; TzKal-Zuk@22,8 TAGGED
FIRED t1964 | 16,14 | Toxic Blowpipe | Jal-Zek
t1965 | 15,14 | 14..18|W|frz-22 | zukIn 2 | setIn 177 | zukHp 249 | chosen 15,14 | walk - | weapon Toxic Blowpipe | untilShot 1 | target Jal-Zek[mager-kill] | gate ok | overhead none | Zek@20,21 TAGGED; JalTok-Jad@24,25 TAGGED; TzKal-Zuk@22,8 TAGGED
t1966 | 15,14 | 13..17|W|frz-23 | zukIn 1 | setIn 176 | zukHp 249 | chosen 15,14 | walk - | weapon Toxic Blowpipe | untilShot 2 | target Jal-Zek[mager-kill] | gate ok | overhead none | Zek@20,21 TAGGED; JalTok-Jad@24,25 TAGGED; TzKal-Zuk@22,8 TAGGED
FIRED t1966 | 15,14 | Toxic Blowpipe | Jal-Zek
t1967 | 15,14 | 12..16|W|frz-24 | zukIn 7 | setIn 175 | zukHp 249 | chosen 15,14 | walk - | weapon Toxic Blowpipe | untilShot 1 | target Jal-Zek[mager-kill] | gate ok | overhead Protect from Magic | Zek@20,21 TAGGED; JalTok-Jad@24,25 TAGGED; TzKal-Zuk@22,8 TAGGED
t1968 | 15,14 | 11..15|W|frz-25 | zukIn 6 | setIn 174 | zukHp 249 | chosen 15,14 | walk - | weapon Toxic Blowpipe | untilShot 2 | target Jal-Zek[mager-kill] | gate ok | overhead none | Zek@20,21 TAGGED; JalTok-Jad@24,25 TAGGED; TzKal-Zuk@22,8 TAGGED
FIRED t1968 | 15,14 | Toxic Blowpipe | Jal-Zek
t1969 | 15,14 | 10..14|E|frz4 | zukIn 5 | setIn 173 | zukHp 249 | chosen 15,14 | walk - | weapon Toxic Blowpipe | untilShot 1 | target Jal-Zek[mager-kill] | gate ok | overhead none | Zek@20,21 TAGGED; JalTok-Jad@24,25 TAGGED; TzKal-Zuk@22,8 TAGGED
t1970 | 15,14 | 10..14|E|frz3 | zukIn 4 | setIn 172 | zukHp 249 | chosen 15,14 | walk - | weapon Toxic Blowpipe | untilShot 2 | target Jal-Zek[mager-kill] | gate ok | overhead none | Zek@20,21 TAGGED; JalTok-Jad@24,25 TAGGED; TzKal-Zuk@22,8 TAGGED
FIRED t1970 | 15,14 | Toxic Blowpipe | Jal-Zek
t1971 | 15,14 | 10..14|E|frz2 | zukIn 3 | setIn 171 | zukHp 249 | chosen 15,14 | walk - | weapon Toxic Blowpipe | untilShot 1 | target Jal-Zek[mager-kill] | gate ok | overhead Protect from Magic | Zek@20,21 TAGGED; JalTok-Jad@24,25 TAGGED; TzKal-Zuk@22,8 TAGGED
t1972 | 15,14 | 10..14|E|frz1 | zukIn 2 | setIn 170 | zukHp 249 | chosen 15,14 | walk - | weapon Toxic Blowpipe | untilShot 2 | target Jal-Zek[mager-kill] | gate ok | overhead Protect from Magic | Zek@20,21 TAGGED; JalTok-Jad@24,25 TAGGED; TzKal-Zuk@22,8 TAGGED
FIRED t1972 | 15,14 | Toxic Blowpipe | Jal-Zek
t1973 | 15,14 | 10..14|E|frz0 | zukIn 1 | setIn 169 | zukHp 249 | chosen 15,14 | walk - | weapon Toxic Blowpipe | untilShot 1 | target Jal-Zek[mager-kill] | gate ok | overhead none | Zek@20,21 TAGGED; JalTok-Jad@24,25 TAGGED; TzKal-Zuk@22,8 TAGGED
t1974 | 15,14 | 11..15|E|frz-1 | zukIn 7 | setIn 168 | zukHp 249 | chosen 22,14 | walk ->22,14 | weapon Toxic Blowpipe | untilShot 2 | target -[-] | gate - | overhead none | Zek@20,21 TAGGED; JalTok-Jad@24,25 TAGGED; TzKal-Zuk@22,8 TAGGED
FIRED t1974 | 15,14 | Toxic Blowpipe | Jal-Zek
t1975 | 17,14 | 12..16|E|frz-2 | zukIn 6 | setIn 167 | zukHp 249 | chosen 22,14 | walk ->22,14 | weapon Toxic Blowpipe | untilShot 1 | target Jal-Zek[mager-kill] | gate ok | overhead Protect from Magic | Zek@20,21 TAGGED; JalTok-Jad@24,25 TAGGED; TzKal-Zuk@22,8 TAGGED
t1976 | 17,14 | 13..17|E|frz-3 | zukIn 5 | setIn 166 | zukHp 249 | chosen 22,14 | walk ->22,14 | weapon Toxic Blowpipe | untilShot 2 | target -[-] | gate - | overhead none | Zek@20,21 TAGGED; JalTok-Jad@24,25 TAGGED; TzKal-Zuk@22,8 TAGGED
FIRED t1976 | 17,14 | Toxic Blowpipe | Jal-Zek
t1977 | 19,14 | 14..18|E|frz-4 | zukIn 4 | setIn 165 | zukHp 249 | chosen 22,14 | walk ->22,14 | weapon Toxic Blowpipe | untilShot 1 | target Jal-Zek[mager-kill] | gate ok | overhead none | Zek@20,21 TAGGED; JalTok-Jad@24,25 TAGGED; TzKal-Zuk@22,8 TAGGED
t1978 | 19,14 | 15..19|E|frz-5 | zukIn 3 | setIn 164 | zukHp 249 | chosen 22,14 | walk ->22,14 | weapon Toxic Blowpipe | untilShot 2 | target -[-] | gate - | overhead none | Zek@20,21 TAGGED; JalTok-Jad@24,25 TAGGED; TzKal-Zuk@22,8 TAGGED
FIRED t1978 | 19,14 | Toxic Blowpipe | Jal-Zek
t1979 | 21,14 | 16..20|E|frz-6 | zukIn 2 | setIn 163 | zukHp 249 | chosen 22,14 | walk ->22,14 | weapon Toxic Blowpipe | untilShot 1 | target Jal-Zek[mager-kill] | gate ok | overhead Protect from Magic | Zek@20,21 TAGGED; JalTok-Jad@24,25 TAGGED; TzKal-Zuk@22,8 TAGGED
t1980 | 21,14 | 17..21|E|frz-7 | zukIn 1 | setIn 162 | zukHp 249 | chosen 21,14 | walk - | weapon Toxic Blowpipe | untilShot 2 | target Jal-Zek[mager-kill] | gate ok | overhead Protect from Magic | Zek@20,21 TAGGED; JalTok-Jad@24,25 TAGGED; TzKal-Zuk@22,8 TAGGED
FIRED t1980 | 21,14 | Toxic Blowpipe | Jal-Zek
t1981 | 21,14 | 18..22|E|frz-8 | zukIn 7 | setIn 161 | zukHp 249 | chosen 29,14 | walk ->29,14 | weapon Toxic Blowpipe | untilShot 1 | target -[-] | gate - | overhead none | Zek@20,21 TAGGED; JalTok-Jad@24,25 TAGGED; TzKal-Zuk@22,8 TAGGED
t1982 | 23,14 | 19..23|E|frz-9 | zukIn 6 | setIn 160 | zukHp 249 | chosen 29,14 | walk ->29,14 | weapon Toxic Blowpipe | untilShot 1 | target Jal-Zek[mager-kill] | gate ok | overhead none | Zek@20,21 TAGGED; JalTok-Jad@24,25 TAGGED; TzKal-Zuk@22,8 TAGGED
t1983 | 23,14 | 20..24|E|frz-10 | zukIn 5 | setIn 159 | zukHp 249 | chosen 29,14 | walk ->29,14 | weapon Toxic Blowpipe | untilShot 2 | target -[-] | gate - | overhead Protect from Magic | Zek@20,21 TAGGED; JalTok-Jad@24,25 TAGGED; TzKal-Zuk@22,8 TAGGED
FIRED t1983 | 23,14 | Toxic Blowpipe | Jal-Zek
t1984 | 25,14 | 21..25|E|frz-11 | zukIn 4 | setIn 158 | zukHp 249 | chosen 29,14 | walk ->29,14 | weapon Toxic Blowpipe | untilShot 1 | target Jal-Zek[mager-kill] | gate ok | overhead none | Zek@20,21 TAGGED; JalTok-Jad@24,25 TAGGED; TzKal-Zuk@22,8 TAGGED
t1985 | 25,14 | 22..26|E|frz-12 | zukIn 3 | setIn 157 | zukHp 249 | chosen 29,14 | walk ->29,14 | weapon Toxic Blowpipe | untilShot 2 | target -[-] | gate - | overhead none | Zek@20,21 TAGGED; JalTok-Jad@24,25 TAGGED; TzKal-Zuk@22,8 TAGGED
FIRED t1985 | 25,14 | Toxic Blowpipe | Jal-Zek
t1986 | 27,14 | 23..27|E|frz-13 | zukIn 2 | setIn 156 | zukHp 249 | chosen 29,14 | walk ->29,14 | weapon Toxic Blowpipe | untilShot 1 | target Jal-Zek[mager-kill] | gate ok | overhead none | Zek@20,21 TAGGED; JalTok-Jad@24,25 TAGGED; TzKal-Zuk@22,8 TAGGED
t1987 | 27,14 | 24..28|E|frz-14 | zukIn 1 | setIn 155 | zukHp 249 | chosen 27,14 | walk - | weapon Toxic Blowpipe | untilShot 2 | target Jal-Zek[mager-kill] | gate ok | overhead Protect from Magic | Zek@20,21 TAGGED; JalTok-Jad@24,25 TAGGED; TzKal-Zuk@22,8 TAGGED
FIRED t1987 | 27,14 | Toxic Blowpipe | Jal-Zek
t1988 | 27,14 | 25..29|E|frz-15 | zukIn 7 | setIn 154 | zukHp 249 | chosen 36,14 | walk ->36,14 | weapon Toxic Blowpipe | untilShot 1 | target -[-] | gate - | overhead Protect from Magic | Zek@20,21 TAGGED; JalTok-Jad@24,25 TAGGED; TzKal-Zuk@22,8 TAGGED
t1989 | 29,14 | 26..30|E|frz-16 | zukIn 6 | setIn 153 | zukHp 249 | chosen 36,14 | walk ->36,14 | weapon Toxic Blowpipe | untilShot 1 | target Jal-Zek[mager-kill] | gate ok | overhead none | Zek@20,21 TAGGED; JalTok-Jad@24,25 TAGGED; TzKal-Zuk@22,8 TAGGED
t1990 | 31,14 | 27..31|E|frz-17 | zukIn 5 | setIn 152 | zukHp 249 | chosen 36,14 | walk ->36,14 | weapon Rune Crossbow | untilShot 1 | target TzKal-Zuk[zuk] | gate - | overhead none | Zek@20,21 TAGGED; JalTok-Jad@24,25 TAGGED; TzKal-Zuk@22,8 TAGGED
t1991 | 33,14 | 28..32|E|frz-18 | zukIn 4 | setIn 151 | zukHp 249 | chosen 36,14 | walk ->36,14 | weapon Rune Crossbow | untilShot 1 | target TzKal-Zuk[zuk] | gate - | overhead Protect from Magic | Zek@20,21 TAGGED; JalTok-Jad@24,25 TAGGED; TzKal-Zuk@22,8 TAGGED
t1992 | 35,14 | 29..33|E|frz-19 | zukIn 3 | setIn 150 | zukHp 249 | chosen 36,14 | walk ->36,14 | weapon Rune Crossbow | untilShot 1 | target TzKal-Zuk[zuk] | gate - | overhead none | Zek@20,21 TAGGED; JalTok-Jad@24,25 TAGGED; TzKal-Zuk@22,8 TAGGED
t1993 | 36,14 | 30..34|E|frz-20 | zukIn 2 | setIn 149 | zukHp 249 | chosen 36,14 | walk - | weapon Rune Crossbow | untilShot 1 | target TzKal-Zuk[zuk] | gate - | overhead none | Zek@20,21 TAGGED; JalTok-Jad@24,25 TAGGED; TzKal-Zuk@22,8 TAGGED
t1994 | 36,14 | 31..35|E|frz-21 | zukIn 1 | setIn 148 | zukHp 249 | chosen 36,14 | walk - | weapon Rune Crossbow | untilShot 1 | target TzKal-Zuk[zuk] | gate - | overhead none | Zek@20,21 TAGGED; JalTok-Jad@24,25 TAGGED; TzKal-Zuk@22,8 TAGGED
t1995 | 36,14 | 32..36|E|frz-22 | zukIn 7 | setIn 147 | zukHp 249 | chosen 36,14 | walk - | weapon Rune Crossbow | untilShot 1 | target TzKal-Zuk[zuk] | gate - | overhead Protect from Magic | Zek@20,21 TAGGED; JalTok-Jad@24,25 TAGGED; TzKal-Zuk@22,8 TAGGED
t1996 | 36,14 | 33..37|E|frz-23 | zukIn 6 | setIn 146 | zukHp 249 | chosen 36,14 | walk - | weapon Rune Crossbow | untilShot 1 | target TzKal-Zuk[zuk] | gate - | overhead Protect from Range | Zek@20,21 TAGGED; JalTok-Jad@24,25 TAGGED; TzKal-Zuk@22,8 TAGGED
t1997 | 36,14 | 34..38|E|frz-24 | zukIn 5 | setIn 145 | zukHp 249 | chosen 36,14 | walk - | weapon Rune Crossbow | untilShot 1 | target TzKal-Zuk[zuk] | gate - | overhead none | Zek@20,21 TAGGED; JalTok-Jad@24,25 TAGGED; TzKal-Zuk@22,8 TAGGED
t1998 | 36,14 | 35..39|E|frz-25 | zukIn 4 | setIn 144 | zukHp 249 | chosen 36,14 | walk - | weapon Rune Crossbow | untilShot 1 | target TzKal-Zuk[zuk] | gate - | overhead none | Zek@20,21 TAGGED; JalTok-Jad@24,25 TAGGED; TzKal-Zuk@22,8 TAGGED
t1999 | 36,14 | 36..40|W|frz4 | zukIn 3 | setIn 143 | zukHp 249 | chosen 36,14 | walk - | weapon Rune Crossbow | untilShot 1 | target TzKal-Zuk[zuk] | gate - | overhead Protect from Magic | Zek@20,21 TAGGED; JalTok-Jad@24,25 TAGGED; TzKal-Zuk@22,8 TAGGED
t2000 | 36,14 | 36..40|W|frz3 | zukIn 2 | setIn 142 | zukHp 249 | chosen 36,14 | walk - | weapon Rune Crossbow | untilShot 1 | target TzKal-Zuk[zuk] | gate - | overhead none | Zek@20,21 TAGGED; JalTok-Jad@24,25 TAGGED; TzKal-Zuk@22,8 TAGGED
t2001 | 36,14 | 36..40|W|frz2 | zukIn 1 | setIn 141 | zukHp 249 | chosen 36,14 | walk - | weapon Rune Crossbow | untilShot 1 | target TzKal-Zuk[zuk] | gate - | overhead none | Zek@20,21 TAGGED; JalTok-Jad@24,25 TAGGED; TzKal-Zuk@22,8 TAGGED
t2002 | 36,14 | 36..40|W|frz1 | zukIn 7 | setIn 140 | zukHp 249 | chosen 30,14 | walk ->30,14 | weapon Rune Crossbow | untilShot 1 | target -[-] | gate - | overhead none | Zek@20,21 TAGGED; JalTok-Jad@24,25 TAGGED; TzKal-Zuk@22,8 TAGGED
t2003 | 34,14 | 36..40|W|frz0 | zukIn 6 | setIn 139 | zukHp 249 | chosen 30,14 | walk ->30,14 | weapon Rune Crossbow | untilShot 1 | target TzKal-Zuk[zuk] | gate - | overhead Protect from Magic | Zek@20,21 TAGGED; JalTok-Jad@24,25 TAGGED; TzKal-Zuk@22,8 TAGGED
t2004 | 32,14 | 35..39|W|frz-1 | zukIn 5 | setIn 138 | zukHp 249 | chosen 30,14 | walk ->30,14 | weapon Rune Crossbow | untilShot 1 | target TzKal-Zuk[zuk] | gate - | overhead Protect from Magic | Zek@20,21 TAGGED; JalTok-Jad@24,25 TAGGED; TzKal-Zuk@22,8 TAGGED
t2005 | 30,14 | 34..38|W|frz-2 | zukIn 4 | setIn 137 | zukHp 249 | chosen 30,14 | walk - | weapon Rune Crossbow | untilShot 1 | target Jal-Zek[mager-kill] | gate ok | overhead none | Zek@20,21 TAGGED; JalTok-Jad@24,25 TAGGED; TzKal-Zuk@22,8 TAGGED
t2006 | 30,14 | 33..37|W|frz-3 | zukIn 3 | setIn 136 | zukHp 249 | chosen 30,14 | walk - | weapon Rune Crossbow | untilShot 5 | target Jal-Zek[mager-kill] | gate ok | overhead none | Zek@20,21 TAGGED; JalTok-Jad@24,25 TAGGED; TzKal-Zuk@22,8 TAGGED
FIRED t2006 | 30,14 | Rune Crossbow | Jal-Zek
t2007 | 30,14 | 32..36|W|frz-4 | zukIn 2 | setIn 135 | zukHp 249 | chosen 30,14 | walk - | weapon Rune Crossbow | untilShot 4 | target Jal-Zek[mager-kill] | gate ok | overhead Protect from Magic | Zek@20,21 TAGGED; JalTok-Jad@24,25 TAGGED; TzKal-Zuk@22,8 TAGGED
t2008 | 30,14 | 31..35|W|frz-5 | zukIn 1 | setIn 134 | zukHp 249 | chosen 30,14 | walk - | weapon Rune Crossbow | untilShot 3 | target Jal-Zek[mager-kill] | gate ok | overhead none | Zek@20,21 TAGGED; JalTok-Jad@24,25 TAGGED; TzKal-Zuk@22,8 TAGGED
t2009 | 30,14 | 30..34|W|frz-6 | zukIn 7 | setIn 133 | zukHp 249 | chosen 23,14 | walk ->23,14 | weapon Rune Crossbow | untilShot 2 | target -[-] | gate - | overhead none | Zek@20,21 TAGGED; JalTok-Jad@24,25 TAGGED; TzKal-Zuk@22,8 TAGGED
t2010 | 28,14 | 29..33|W|frz-7 | zukIn 6 | setIn 132 | zukHp 249 | chosen 23,14 | walk ->23,14 | weapon Rune Crossbow | untilShot 1 | target Jal-Zek[mager-kill] | gate ok | overhead none | Zek@20,21 TAGGED; JalTok-Jad@24,25 TAGGED; TzKal-Zuk@22,8 TAGGED
t2011 | 28,14 | 28..32|W|frz-8 | zukIn 5 | setIn 131 | zukHp 249 | chosen 23,14 | walk ->23,14 | weapon Rune Crossbow | untilShot 5 | target -[-] | gate - | overhead Protect from Magic | Zek@20,21 TAGGED; JalTok-Jad@24,25 TAGGED; TzKal-Zuk@22,8 TAGGED
FIRED t2011 | 28,14 | Rune Crossbow | Jal-Zek
t2012 | 26,14 | 27..31|W|frz-9 | zukIn 4 | setIn 130 | zukHp 249 | chosen 23,14 | walk ->23,14 | weapon Rune Crossbow | untilShot 4 | target Jal-Zek[mager-kill] | gate ok | overhead Protect from Range | Zek@20,21 TAGGED; JalTok-Jad@24,25 TAGGED; TzKal-Zuk@22,8 TAGGED
t2013 | 24,14 | 26..30|W|frz-10 | zukIn 3 | setIn 129 | zukHp 249 | chosen 23,14 | walk ->23,14 | weapon Rune Crossbow | untilShot 3 | target Jal-Zek[mager-kill] | gate ok | overhead none | Zek@20,21 TAGGED; JalTok-Jad@24,25 TAGGED; TzKal-Zuk@22,8 TAGGED
t2014 | 23,14 | 25..29|W|frz-11 | zukIn 2 | setIn 128 | zukHp 249 | chosen 23,14 | walk - | weapon Rune Crossbow | untilShot 2 | target Jal-Zek[mager-kill] | gate ok | overhead none | Zek@20,21 TAGGED; JalTok-Jad@24,25 TAGGED; TzKal-Zuk@22,8 TAGGED
t2015 | 23,14 | 24..28|W|frz-12 | zukIn 1 | setIn 127 | zukHp 249 | chosen 23,14 | walk - | weapon Toxic Blowpipe | untilShot 1 | target Jal-Zek[mager-kill] | gate ok | overhead Protect from Magic | Zek@20,21 TAGGED; JalTok-Jad@24,25 TAGGED; TzKal-Zuk@22,8 TAGGED
t2016 | 23,14 | 23..27|W|frz-13 | zukIn 7 | setIn 126 | zukHp 249 | chosen 16,14 | walk ->16,14 | weapon Toxic Blowpipe | untilShot 2 | target -[-] | gate - | overhead none | Zek@20,21 TAGGED; JalTok-Jad@24,25 TAGGED; TzKal-Zuk@22,8 TAGGED
FIRED t2016 | 23,14 | Toxic Blowpipe | Jal-Zek
t2017 | 21,14 | 22..26|W|frz-14 | zukIn 6 | setIn 125 | zukHp 249 | chosen 16,14 | walk ->16,14 | weapon Toxic Blowpipe | untilShot 1 | target Jal-Zek[mager-kill] | gate ok | overhead none | Zek@20,21 TAGGED; JalTok-Jad@24,25 TAGGED; TzKal-Zuk@22,8 TAGGED
t2018 | 21,14 | 21..25|W|frz-15 | zukIn 5 | setIn 124 | zukHp 249 | chosen 16,14 | walk ->16,14 | weapon Toxic Blowpipe | untilShot 2 | target -[-] | gate - | overhead none | Zek@20,21 TAGGED; JalTok-Jad@24,25 TAGGED; TzKal-Zuk@22,8 TAGGED
FIRED t2018 | 21,14 | Toxic Blowpipe | Jal-Zek
t2019 | 19,14 | 20..24|W|frz-16 | zukIn 4 | setIn 123 | zukHp 249 | chosen 16,14 | walk ->16,14 | weapon Toxic Blowpipe | untilShot 1 | target Jal-Zek[mager-kill] | gate ok | overhead Protect from Magic | Zek@20,21 TAGGED; JalTok-Jad@24,25 TAGGED; TzKal-Zuk@22,8 TAGGED
t2020 | 19,14 | 19..23|W|frz-17 | zukIn 3 | setIn 122 | zukHp 249 | chosen 16,14 | walk ->16,14 | weapon Toxic Blowpipe | untilShot 2 | target -[-] | gate - | overhead Protect from Range | Zek@20,21 TAGGED; JalTok-Jad@24,25 TAGGED; TzKal-Zuk@22,8 TAGGED
FIRED t2020 | 19,14 | Toxic Blowpipe | Jal-Zek
t2021 | 17,14 | 18..22|W|frz-18 | zukIn 2 | setIn 121 | zukHp 249 | chosen 16,14 | walk ->16,14 | weapon Toxic Blowpipe | untilShot 1 | target Jal-Zek[mager-kill] | gate ok | overhead none | Zek@20,21 TAGGED; JalTok-Jad@24,25 TAGGED; TzKal-Zuk@22,8 TAGGED
t2022 | 17,14 | 17..21|W|frz-19 | zukIn 1 | setIn 120 | zukHp 249 | chosen 17,14 | walk - | weapon Toxic Blowpipe | untilShot 1 | target TzKal-Zuk[zuk] | gate - | overhead none | JalTok-Jad@24,25 TAGGED; TzKal-Zuk@22,8 TAGGED
t2023 | 17,14 | 16..20|W|frz-20 | zukIn 7 | setIn 119 | zukHp 249 | chosen 15,14 | walk ->15,14 | weapon Toxic Blowpipe | untilShot 1 | target -[-] | gate - | overhead none | JalTok-Jad@24,25 TAGGED; TzKal-Zuk@22,8 TAGGED
t2024 | 15,14 | 15..19|W|frz-21 | zukIn 6 | setIn 118 | zukHp 249 | chosen 15,14 | walk - | weapon Toxic Blowpipe | untilShot 1 | target TzKal-Zuk[zuk] | gate ok | overhead none | JalTok-Jad@24,25 TAGGED; TzKal-Zuk@22,8 TAGGED
t2025 | 15,14 | 14..18|W|frz-22 | zukIn 5 | setIn 117 | zukHp 249 | chosen 15,14 | walk - | weapon Rune Crossbow | untilShot 1 | target TzKal-Zuk[zuk] | gate ok | overhead none | JalTok-Jad@24,25 TAGGED; TzKal-Zuk@22,8 TAGGED
t2026 | 15,14 | 13..17|W|frz-23 | zukIn 4 | setIn 116 | zukHp 249 | chosen 14,14 | walk ->14,14 | weapon Rune Crossbow | untilShot 5 | target -[-] | gate - | overhead none | JalTok-Jad@24,25 TAGGED; TzKal-Zuk@22,8 TAGGED
FIRED t2026 | 15,14 | Rune Crossbow | TzKal-Zuk
t2027 | 14,14 | 12..16|W|frz-24 | zukIn 3 | setIn 115 | zukHp 249 | chosen 14,14 | walk - | weapon Rune Crossbow | untilShot 4 | target TzKal-Zuk[zuk] | gate - | overhead none | JalTok-Jad@24,25 TAGGED; TzKal-Zuk@22,8 TAGGED
t2028 | 14,14 | 11..15|W|frz-25 | zukIn 2 | setIn 114 | zukHp 249 | chosen 14,14 | walk - | weapon Rune Crossbow | untilShot 3 | target TzKal-Zuk[zuk] | gate - | overhead Protect from Magic | JalTok-Jad@24,25 TAGGED; TzKal-Zuk@22,8 TAGGED
t2029 | 14,14 | 10..14|E|frz4 | zukIn 1 | setIn 113 | zukHp 249 | chosen 14,14 | walk - | weapon Rune Crossbow | untilShot 2 | target TzKal-Zuk[zuk] | gate - | overhead none | JalTok-Jad@24,25 TAGGED; TzKal-Zuk@22,8 TAGGED
t2030 | 14,14 | 10..14|E|frz3 | zukIn 7 | setIn 112 | zukHp 249 | chosen 15,14 | walk ->15,14 | weapon Rune Crossbow | untilShot 1 | target -[-] | gate - | overhead none | JalTok-Jad@24,25 TAGGED; TzKal-Zuk@22,8 TAGGED
t2031 | 15,14 | 10..14|E|frz2 | zukIn 6 | setIn 111 | zukHp 249 | chosen 15,14 | walk - | weapon Rune Crossbow | untilShot 1 | target TzKal-Zuk[zuk] | gate ok | overhead none | JalTok-Jad@24,25 TAGGED; TzKal-Zuk@22,8 TAGGED
t2032 | 15,14 | 10..14|E|frz1 | zukIn 5 | setIn 110 | zukHp 249 | chosen 15,14 | walk - | weapon Rune Crossbow | untilShot 5 | target TzKal-Zuk[zuk] | gate ok | overhead none | JalTok-Jad@24,25 TAGGED; TzKal-Zuk@22,8 TAGGED
FIRED t2032 | 15,14 | Rune Crossbow | TzKal-Zuk
t2033 | 15,14 | 10..14|E|frz0 | zukIn 4 | setIn 109 | zukHp 249 | chosen 15,14 | walk - | weapon Rune Crossbow | untilShot 4 | target TzKal-Zuk[zuk] | gate ok | overhead none | JalTok-Jad@24,25 TAGGED; TzKal-Zuk@22,8 TAGGED
t2034 | 15,14 | 11..15|E|frz-1 | zukIn 3 | setIn 108 | zukHp 249 | chosen 15,14 | walk - | weapon Rune Crossbow | untilShot 3 | target TzKal-Zuk[zuk] | gate ok | overhead none | JalTok-Jad@24,25 TAGGED; TzKal-Zuk@22,8 TAGGED
t2035 | 15,14 | 12..16|E|frz-2 | zukIn 2 | setIn 107 | zukHp 249 | chosen 15,14 | walk - | weapon Rune Crossbow | untilShot 2 | target TzKal-Zuk[zuk] | gate ok | overhead none | JalTok-Jad@24,25 TAGGED; TzKal-Zuk@22,8 TAGGED
t2036 | 15,14 | 13..17|E|frz-3 | zukIn 1 | setIn 106 | zukHp 249 | chosen 15,14 | walk - | weapon Rune Crossbow | untilShot 1 | target TzKal-Zuk[zuk] | gate ok | overhead Protect from Range | JalTok-Jad@24,25 TAGGED; TzKal-Zuk@22,8 TAGGED
t2037 | 15,14 | 14..18|E|frz-4 | zukIn 7 | setIn 105 | zukHp 249 | chosen 25,14 | walk ->25,14 | weapon Rune Crossbow | untilShot 5 | target -[-] | gate - | overhead none | JalTok-Jad@24,25 TAGGED; TzKal-Zuk@22,8 TAGGED
FIRED t2037 | 15,14 | Rune Crossbow | TzKal-Zuk
t2038 | 17,14 | 15..19|E|frz-5 | zukIn 6 | setIn 104 | zukHp 249 | chosen 25,14 | walk ->25,14 | weapon Rune Crossbow | untilShot 4 | target TzKal-Zuk[zuk] | gate - | overhead none | JalTok-Jad@24,25 TAGGED; TzKal-Zuk@22,8 TAGGED
t2039 | 19,14 | 16..20|E|frz-6 | zukIn 5 | setIn 103 | zukHp 249 | chosen 25,14 | walk ->25,14 | weapon Rune Crossbow | untilShot 3 | target TzKal-Zuk[zuk] | gate ok | overhead none | JalTok-Jad@24,25 TAGGED; TzKal-Zuk@22,8 TAGGED
t2040 | 21,14 | 17..21|E|frz-7 | zukIn 4 | setIn 102 | zukHp 249 | chosen 25,14 | walk ->25,14 | weapon Rune Crossbow | untilShot 2 | target TzKal-Zuk[zuk] | gate ok | overhead none | JalTok-Jad@24,25 TAGGED; TzKal-Zuk@22,8 TAGGED
t2041 | 23,14 | 18..22|E|frz-8 | zukIn 3 | setIn 101 | zukHp 249 | chosen 25,14 | walk ->25,14 | weapon Rune Crossbow | untilShot 1 | target TzKal-Zuk[zuk] | gate ok | overhead none | JalTok-Jad@24,25 TAGGED; TzKal-Zuk@22,8 TAGGED
t2042 | 23,14 | 19..23|E|frz-9 | zukIn 2 | setIn 100 | zukHp 249 | chosen 25,14 | walk ->25,14 | weapon Rune Crossbow | untilShot 5 | target -[-] | gate - | overhead none | JalTok-Jad@24,25 TAGGED; TzKal-Zuk@22,8 TAGGED
FIRED t2042 | 23,14 | Rune Crossbow | TzKal-Zuk
t2043 | 25,14 | 20..24|E|frz-10 | zukIn 1 | setIn 99 | zukHp 249 | chosen 25,14 | walk - | weapon Rune Crossbow | untilShot 4 | target TzKal-Zuk[zuk] | gate ok | overhead none | JalTok-Jad@24,25 TAGGED; TzKal-Zuk@22,8 TAGGED
t2044 | 25,14 | 21..25|E|frz-11 | zukIn 7 | setIn 98 | zukHp 249 | chosen 32,14 | walk ->32,14 | weapon Rune Crossbow | untilShot 3 | target -[-] | gate - | overhead Protect from Range | JalTok-Jad@24,25 TAGGED; TzKal-Zuk@22,8 TAGGED
t2045 | 27,14 | 22..26|E|frz-12 | zukIn 6 | setIn 97 | zukHp 249 | chosen 32,14 | walk ->32,14 | weapon Rune Crossbow | untilShot 2 | target TzKal-Zuk[zuk] | gate ok | overhead none | JalTok-Jad@24,25 TAGGED; TzKal-Zuk@22,8 TAGGED
t2046 | 29,14 | 23..27|E|frz-13 | zukIn 5 | setIn 96 | zukHp 249 | chosen 32,14 | walk ->32,14 | weapon Rune Crossbow | untilShot 1 | target TzKal-Zuk[zuk] | gate ok | overhead none | JalTok-Jad@24,25 TAGGED; TzKal-Zuk@22,8 TAGGED
t2047 | 29,14 | 24..28|E|frz-14 | zukIn 4 | setIn 95 | zukHp 249 | chosen 32,14 | walk ->32,14 | weapon Rune Crossbow | untilShot 5 | target -[-] | gate - | overhead none | JalTok-Jad@24,25 TAGGED; TzKal-Zuk@22,8 TAGGED
FIRED t2047 | 29,14 | Rune Crossbow | TzKal-Zuk
t2048 | 31,14 | 25..29|E|frz-15 | zukIn 3 | setIn 94 | zukHp 249 | chosen 32,14 | walk ->32,14 | weapon Rune Crossbow | untilShot 4 | target TzKal-Zuk[zuk] | gate ok | overhead none | JalTok-Jad@24,25 TAGGED; TzKal-Zuk@22,8 TAGGED
t2049 | 32,14 | 26..30|E|frz-16 | zukIn 2 | setIn 93 | zukHp 249 | chosen 32,14 | walk - | weapon Rune Crossbow | untilShot 3 | target TzKal-Zuk[zuk] | gate - | overhead none | JalTok-Jad@24,25 TAGGED; TzKal-Zuk@22,8 TAGGED
t2050 | 32,14 | 27..31|E|frz-17 | zukIn 1 | setIn 92 | zukHp 217 | chosen 32,14 | walk - | weapon Rune Crossbow | untilShot 2 | target TzKal-Zuk[zuk] | gate - | overhead none | JalTok-Jad@24,25 TAGGED; TzKal-Zuk@22,8 TAGGED
t2051 | 32,14 | 28..32|E|frz-18 | zukIn 7 | setIn 91 | zukHp 217 | chosen 31,14 | walk ->31,14 | weapon Rune Crossbow | untilShot 1 | target -[-] | gate - | overhead none | JalTok-Jad@24,25 TAGGED; TzKal-Zuk@22,8 TAGGED
t2052 | 31,14 | 29..33|E|frz-19 | zukIn 6 | setIn 90 | zukHp 217 | chosen 31,14 | walk - | weapon Rune Crossbow | untilShot 1 | target TzKal-Zuk[zuk] | gate ok | overhead Protect from Range | JalTok-Jad@24,25 TAGGED; TzKal-Zuk@22,8 TAGGED
t2053 | 31,14 | 30..34|E|frz-20 | zukIn 5 | setIn 89 | zukHp 217 | chosen 36,14 | walk ->36,14 | weapon Rune Crossbow | untilShot 5 | target -[-] | gate - | overhead none | JalTok-Jad@24,25 TAGGED; TzKal-Zuk@22,8 TAGGED
FIRED t2053 | 31,14 | Rune Crossbow | TzKal-Zuk
t2054 | 33,14 | 31..35|E|frz-21 | zukIn 4 | setIn 88 | zukHp 217 | chosen 36,14 | walk ->36,14 | weapon Rune Crossbow | untilShot 4 | target TzKal-Zuk[zuk] | gate - | overhead none | JalTok-Jad@24,25 TAGGED; TzKal-Zuk@22,8 TAGGED
t2055 | 35,14 | 32..36|E|frz-22 | zukIn 3 | setIn 87 | zukHp 217 | chosen 36,14 | walk ->36,14 | weapon Rune Crossbow | untilShot 3 | target TzKal-Zuk[zuk] | gate ok | overhead none | JalTok-Jad@24,25 TAGGED; TzKal-Zuk@22,8 TAGGED
t2056 | 36,14 | 33..37|E|frz-23 | zukIn 2 | setIn 86 | zukHp 217 | chosen 36,14 | walk - | weapon Rune Crossbow | untilShot 2 | target TzKal-Zuk[zuk] | gate - | overhead none | JalTok-Jad@24,25 TAGGED; TzKal-Zuk@22,8 TAGGED
t2057 | 36,14 | 34..38|E|frz-24 | zukIn 1 | setIn 85 | zukHp 217 | chosen 36,14 | walk - | weapon Rune Crossbow | untilShot 1 | target TzKal-Zuk[zuk] | gate - | overhead none | JalTok-Jad@24,25 TAGGED; TzKal-Zuk@22,8 TAGGED
t2058 | 36,14 | 35..39|E|frz-25 | zukIn 7 | setIn 84 | zukHp 217 | chosen 35,14 | walk ->35,14 | weapon Rune Crossbow | untilShot 1 | target -[-] | gate - | overhead none | JalTok-Jad@24,25 TAGGED; TzKal-Zuk@22,8 TAGGED
t2059 | 35,14 | 36..40|W|frz4 | zukIn 6 | setIn 83 | zukHp 217 | chosen 35,14 | walk - | weapon Rune Crossbow | untilShot 1 | target TzKal-Zuk[zuk] | gate ok | overhead none | JalTok-Jad@24,25 TAGGED; TzKal-Zuk@22,8 TAGGED
t2060 | 35,14 | 36..40|W|frz3 | zukIn 5 | setIn 82 | zukHp 217 | chosen 35,14 | walk - | weapon Rune Crossbow | untilShot 5 | target TzKal-Zuk[zuk] | gate ok | overhead Protect from Magic | JalTok-Jad@24,25 TAGGED; TzKal-Zuk@22,8 TAGGED
FIRED t2060 | 35,14 | Rune Crossbow | TzKal-Zuk
t2061 | 35,14 | 36..40|W|frz2 | zukIn 4 | setIn 81 | zukHp 217 | chosen 35,14 | walk - | weapon Rune Crossbow | untilShot 4 | target TzKal-Zuk[zuk] | gate ok | overhead none | JalTok-Jad@24,25 TAGGED; TzKal-Zuk@22,8 TAGGED
t2062 | 35,14 | 36..40|W|frz1 | zukIn 3 | setIn 80 | zukHp 217 | chosen 35,14 | walk - | weapon Rune Crossbow | untilShot 3 | target TzKal-Zuk[zuk] | gate ok | overhead none | JalTok-Jad@24,25 TAGGED; TzKal-Zuk@22,8 TAGGED
t2063 | 35,14 | 36..40|W|frz0 | zukIn 2 | setIn 79 | zukHp 217 | chosen 35,14 | walk - | weapon Rune Crossbow | untilShot 2 | target TzKal-Zuk[zuk] | gate ok | overhead none | JalTok-Jad@24,25 TAGGED; TzKal-Zuk@22,8 TAGGED
t2064 | 35,14 | 35..39|W|frz-1 | zukIn 1 | setIn 78 | zukHp 217 | chosen 35,14 | walk - | weapon Rune Crossbow | untilShot 1 | target TzKal-Zuk[zuk] | gate ok | overhead none | JalTok-Jad@24,25 TAGGED; TzKal-Zuk@22,8 TAGGED
t2065 | 35,14 | 34..38|W|frz-2 | zukIn 7 | setIn 77 | zukHp 217 | chosen 27,14 | walk ->27,14 | weapon Rune Crossbow | untilShot 5 | target -[-] | gate - | overhead none | JalTok-Jad@24,25 TAGGED; TzKal-Zuk@22,8 TAGGED
FIRED t2065 | 35,14 | Rune Crossbow | TzKal-Zuk
t2066 | 33,14 | 33..37|W|frz-3 | zukIn 6 | setIn 76 | zukHp 217 | chosen 27,14 | walk ->27,14 | weapon Rune Crossbow | untilShot 4 | target TzKal-Zuk[zuk] | gate - | overhead none | JalTok-Jad@24,25 TAGGED; TzKal-Zuk@22,8 TAGGED
t2067 | 31,14 | 32..36|W|frz-4 | zukIn 5 | setIn 75 | zukHp 217 | chosen 27,14 | walk ->27,14 | weapon Rune Crossbow | untilShot 3 | target TzKal-Zuk[zuk] | gate ok | overhead none | JalTok-Jad@24,25 TAGGED; TzKal-Zuk@22,8 TAGGED
t2068 | 29,14 | 31..35|W|frz-5 | zukIn 4 | setIn 74 | zukHp 195 | chosen 27,14 | walk ->27,14 | weapon Rune Crossbow | untilShot 2 | target TzKal-Zuk[zuk] | gate ok | overhead Protect from Range | JalTok-Jad@24,25 TAGGED; TzKal-Zuk@22,8 TAGGED
t2069 | 27,14 | 30..34|W|frz-6 | zukIn 3 | setIn 73 | zukHp 195 | chosen 27,14 | walk - | weapon Rune Crossbow | untilShot 1 | target TzKal-Zuk[zuk] | gate ok | overhead none | JalTok-Jad@24,25 TAGGED; TzKal-Zuk@22,8 TAGGED
t2070 | 27,14 | 29..33|W|frz-7 | zukIn 2 | setIn 72 | zukHp 195 | chosen 27,14 | walk - | weapon Rune Crossbow | untilShot 5 | target TzKal-Zuk[zuk] | gate ok | overhead none | JalTok-Jad@24,25 TAGGED; TzKal-Zuk@22,8 TAGGED
FIRED t2070 | 27,14 | Rune Crossbow | TzKal-Zuk
t2071 | 27,14 | 28..32|W|frz-8 | zukIn 1 | setIn 71 | zukHp 195 | chosen 27,14 | walk - | weapon Rune Crossbow | untilShot 4 | target TzKal-Zuk[zuk] | gate ok | overhead none | JalTok-Jad@24,25 TAGGED; TzKal-Zuk@22,8 TAGGED
t2072 | 27,14 | 27..31|W|frz-9 | zukIn 7 | setIn 70 | zukHp 195 | chosen 20,14 | walk ->20,14 | weapon Rune Crossbow | untilShot 3 | target -[-] | gate - | overhead none | JalTok-Jad@24,25 TAGGED; TzKal-Zuk@22,8 TAGGED
t2073 | 25,14 | 26..30|W|frz-10 | zukIn 6 | setIn 69 | zukHp 173 | chosen 20,14 | walk ->20,14 | weapon Rune Crossbow | untilShot 2 | target TzKal-Zuk[zuk] | gate ok | overhead none | JalTok-Jad@24,25 TAGGED; TzKal-Zuk@22,8 TAGGED
t2074 | 23,14 | 25..29|W|frz-11 | zukIn 5 | setIn 68 | zukHp 173 | chosen 20,14 | walk ->20,14 | weapon Rune Crossbow | untilShot 1 | target TzKal-Zuk[zuk] | gate ok | overhead none | JalTok-Jad@24,25 TAGGED; TzKal-Zuk@22,8 TAGGED
t2075 | 23,14 | 24..28|W|frz-12 | zukIn 4 | setIn 67 | zukHp 173 | chosen 20,14 | walk ->20,14 | weapon Rune Crossbow | untilShot 5 | target -[-] | gate - | overhead none | JalTok-Jad@24,25 TAGGED; TzKal-Zuk@22,8 TAGGED
FIRED t2075 | 23,14 | Rune Crossbow | TzKal-Zuk
t2076 | 21,14 | 23..27|W|frz-13 | zukIn 3 | setIn 66 | zukHp 173 | chosen 20,14 | walk ->20,14 | weapon Rune Crossbow | untilShot 4 | target TzKal-Zuk[zuk] | gate ok | overhead Protect from Magic | JalTok-Jad@24,25 TAGGED; TzKal-Zuk@22,8 TAGGED
t2077 | 20,14 | 22..26|W|frz-14 | zukIn 2 | setIn 65 | zukHp 173 | chosen 20,14 | walk - | weapon Rune Crossbow | untilShot 3 | target TzKal-Zuk[zuk] | gate ok | overhead none | JalTok-Jad@24,25 TAGGED; TzKal-Zuk@22,8 TAGGED
t2078 | 20,14 | 21..25|W|frz-15 | zukIn 1 | setIn 64 | zukHp 149 | chosen 20,14 | walk - | weapon Rune Crossbow | untilShot 2 | target TzKal-Zuk[zuk] | gate ok | overhead none | JalTok-Jad@24,25 TAGGED; TzKal-Zuk@22,8 TAGGED
t2079 | 20,14 | 20..24|W|frz-16 | zukIn 7 | setIn 63 | zukHp 149 | chosen 15,14 | walk ->15,14 | weapon Rune Crossbow | untilShot 1 | target -[-] | gate - | overhead none | JalTok-Jad@24,25 TAGGED; TzKal-Zuk@22,8 TAGGED
t2080 | 18,14 | 19..23|W|frz-17 | zukIn 6 | setIn 62 | zukHp 149 | chosen 15,14 | walk ->15,14 | weapon Rune Crossbow | untilShot 1 | target TzKal-Zuk[zuk] | gate - | overhead none | JalTok-Jad@24,25 TAGGED; TzKal-Zuk@22,8 TAGGED
t2081 | 16,14 | 18..22|W|frz-18 | zukIn 5 | setIn 61 | zukHp 149 | chosen 15,14 | walk ->15,14 | weapon Rune Crossbow | untilShot 1 | target TzKal-Zuk[zuk] | gate - | overhead none | JalTok-Jad@24,25 TAGGED; TzKal-Zuk@22,8 TAGGED
t2082 | 15,14 | 17..21|W|frz-19 | zukIn 4 | setIn 60 | zukHp 149 | chosen 15,14 | walk - | weapon Rune Crossbow | untilShot 1 | target TzKal-Zuk[zuk] | gate ok | overhead none | JalTok-Jad@24,25 TAGGED; TzKal-Zuk@22,8 TAGGED
t2083 | 15,14 | 16..20|W|frz-20 | zukIn 3 | setIn 59 | zukHp 149 | chosen 15,14 | walk - | weapon Rune Crossbow | untilShot 5 | target TzKal-Zuk[zuk] | gate ok | overhead none | JalTok-Jad@24,25 TAGGED; TzKal-Zuk@22,8 TAGGED
FIRED t2083 | 15,14 | Rune Crossbow | TzKal-Zuk
t2084 | 15,14 | 15..19|W|frz-21 | zukIn 2 | setIn 58 | zukHp 149 | chosen 15,14 | walk - | weapon Rune Crossbow | untilShot 4 | target TzKal-Zuk[zuk] | gate ok | overhead Protect from Range | JalTok-Jad@24,25 TAGGED; TzKal-Zuk@22,8 TAGGED
t2085 | 15,14 | 14..18|W|frz-22 | zukIn 1 | setIn 57 | zukHp 149 | chosen 15,14 | walk - | weapon Rune Crossbow | untilShot 3 | target TzKal-Zuk[zuk] | gate ok | overhead none | JalTok-Jad@24,25 TAGGED; TzKal-Zuk@22,8 TAGGED
t2086 | 15,14 | 13..17|W|frz-23 | zukIn 7 | setIn 56 | zukHp 149 | chosen 14,14 | walk ->14,14 | weapon Rune Crossbow | untilShot 2 | target -[-] | gate - | overhead none | JalTok-Jad@24,25 TAGGED; TzKal-Zuk@22,8 TAGGED
t2087 | 14,14 | 12..16|W|frz-24 | zukIn 6 | setIn 55 | zukHp 149 | chosen 15,14 | walk ->15,14 | weapon Rune Crossbow | untilShot 1 | target -[-] | gate - | overhead none | JalTok-Jad@24,25 TAGGED; TzKal-Zuk@22,8 TAGGED
t2088 | 15,14 | 11..15|W|frz-25 | zukIn 5 | setIn 54 | zukHp 149 | chosen 15,14 | walk - | weapon Rune Crossbow | untilShot 1 | target TzKal-Zuk[zuk] | gate ok | overhead none | JalTok-Jad@24,25 TAGGED; TzKal-Zuk@22,8 TAGGED
t2089 | 15,14 | 10..14|E|frz4 | zukIn 4 | setIn 53 | zukHp 149 | chosen 14,14 | walk ->14,14 | weapon Rune Crossbow | untilShot 5 | target -[-] | gate - | overhead none | JalTok-Jad@24,25 TAGGED; TzKal-Zuk@22,8 TAGGED
FIRED t2089 | 15,14 | Rune Crossbow | TzKal-Zuk
t2090 | 14,14 | 10..14|E|frz3 | zukIn 3 | setIn 52 | zukHp 149 | chosen 14,14 | walk - | weapon Rune Crossbow | untilShot 4 | target TzKal-Zuk[zuk] | gate - | overhead none | JalTok-Jad@24,25 TAGGED; TzKal-Zuk@22,8 TAGGED
t2091 | 14,14 | 10..14|E|frz2 | zukIn 2 | setIn 51 | zukHp 149 | chosen 14,14 | walk - | weapon Rune Crossbow | untilShot 3 | target TzKal-Zuk[zuk] | gate - | overhead none | JalTok-Jad@24,25 TAGGED; TzKal-Zuk@22,8 TAGGED
t2092 | 14,14 | 10..14|E|frz1 | zukIn 1 | setIn 50 | zukHp 149 | chosen 14,14 | walk - | weapon Rune Crossbow | untilShot 2 | target TzKal-Zuk[zuk] | gate - | overhead Protect from Range | JalTok-Jad@24,25 TAGGED; TzKal-Zuk@22,8 TAGGED
t2093 | 14,14 | 10..14|E|frz0 | zukIn 7 | setIn 49 | zukHp 149 | chosen 21,14 | walk ->21,14 | weapon Rune Crossbow | untilShot 1 | target -[-] | gate - | overhead none | JalTok-Jad@24,25 TAGGED; TzKal-Zuk@22,8 TAGGED
t2094 | 16,14 | 11..15|E|frz-1 | zukIn 6 | setIn 48 | zukHp 149 | chosen 21,14 | walk ->21,14 | weapon Rune Crossbow | untilShot 1 | target TzKal-Zuk[zuk] | gate - | overhead none | JalTok-Jad@24,25 TAGGED; TzKal-Zuk@22,8 TAGGED
t2095 | 18,14 | 12..16|E|frz-2 | zukIn 5 | setIn 47 | zukHp 149 | chosen 21,14 | walk ->21,14 | weapon Rune Crossbow | untilShot 1 | target TzKal-Zuk[zuk] | gate - | overhead none | JalTok-Jad@24,25 TAGGED; TzKal-Zuk@22,8 TAGGED
t2096 | 20,14 | 13..17|E|frz-3 | zukIn 4 | setIn 46 | zukHp 149 | chosen 21,14 | walk ->21,14 | weapon Rune Crossbow | untilShot 1 | target TzKal-Zuk[zuk] | gate ok | overhead none | JalTok-Jad@24,25 TAGGED; TzKal-Zuk@22,8 TAGGED
t2097 | 20,14 | 14..18|E|frz-4 | zukIn 3 | setIn 45 | zukHp 149 | chosen 21,14 | walk ->21,14 | weapon Rune Crossbow | untilShot 5 | target -[-] | gate - | overhead none | JalTok-Jad@24,25 TAGGED; TzKal-Zuk@22,8 TAGGED
FIRED t2097 | 20,14 | Rune Crossbow | TzKal-Zuk
t2098 | 21,14 | 15..19|E|frz-5 | zukIn 2 | setIn 44 | zukHp 149 | chosen 21,14 | walk - | weapon Rune Crossbow | untilShot 4 | target TzKal-Zuk[zuk] | gate ok | overhead none | JalTok-Jad@24,25 TAGGED; TzKal-Zuk@22,8 TAGGED
t2099 | 21,14 | 16..20|E|frz-6 | zukIn 1 | setIn 43 | zukHp 149 | chosen 21,14 | walk - | weapon Rune Crossbow | untilShot 3 | target TzKal-Zuk[zuk] | gate ok | overhead none | JalTok-Jad@24,25 TAGGED; TzKal-Zuk@22,8 TAGGED
t2100 | 21,14 | 17..21|E|frz-7 | zukIn 7 | setIn 42 | zukHp 149 | chosen 28,14 | walk ->28,14 | weapon Rune Crossbow | untilShot 2 | target -[-] | gate - | overhead Protect from Magic | JalTok-Jad@24,25 TAGGED; TzKal-Zuk@22,8 TAGGED
t2101 | 23,14 | 18..22|E|frz-8 | zukIn 6 | setIn 41 | zukHp 149 | chosen 28,14 | walk ->28,14 | weapon Rune Crossbow | untilShot 1 | target TzKal-Zuk[zuk] | gate ok | overhead none | JalTok-Jad@24,25 TAGGED; TzKal-Zuk@22,8 TAGGED
t2102 | 23,14 | 19..23|E|frz-9 | zukIn 5 | setIn 40 | zukHp 149 | chosen 28,14 | walk ->28,14 | weapon Rune Crossbow | untilShot 5 | target -[-] | gate - | overhead none | JalTok-Jad@24,25 TAGGED; TzKal-Zuk@22,8 TAGGED
FIRED t2102 | 23,14 | Rune Crossbow | TzKal-Zuk
t2103 | 25,14 | 20..24|E|frz-10 | zukIn 4 | setIn 39 | zukHp 149 | chosen 28,14 | walk ->28,14 | weapon Rune Crossbow | untilShot 4 | target TzKal-Zuk[zuk] | gate ok | overhead none | JalTok-Jad@24,25 TAGGED; TzKal-Zuk@22,8 TAGGED
t2104 | 27,14 | 21..25|E|frz-11 | zukIn 3 | setIn 38 | zukHp 149 | chosen 28,14 | walk ->28,14 | weapon Rune Crossbow | untilShot 3 | target TzKal-Zuk[zuk] | gate ok | overhead none | JalTok-Jad@24,25 TAGGED; TzKal-Zuk@22,8 TAGGED
t2105 | 28,14 | 22..26|E|frz-12 | zukIn 2 | setIn 37 | zukHp 117 | chosen 28,14 | walk - | weapon Rune Crossbow | untilShot 2 | target TzKal-Zuk[zuk] | gate ok | overhead none | JalTok-Jad@24,25 TAGGED; TzKal-Zuk@22,8 TAGGED
t2106 | 28,14 | 23..27|E|frz-13 | zukIn 1 | setIn 36 | zukHp 117 | chosen 28,14 | walk - | weapon Rune Crossbow | untilShot 1 | target TzKal-Zuk[zuk] | gate ok | overhead none | JalTok-Jad@24,25 TAGGED; TzKal-Zuk@22,8 TAGGED
t2107 | 28,14 | 24..28|E|frz-14 | zukIn 7 | setIn 35 | zukHp 117 | chosen 35,14 | walk ->35,14 | weapon Rune Crossbow | untilShot 5 | target -[-] | gate - | overhead none | JalTok-Jad@24,25 TAGGED; TzKal-Zuk@22,8 TAGGED
FIRED t2107 | 28,14 | Rune Crossbow | TzKal-Zuk
t2108 | 30,14 | 25..29|E|frz-15 | zukIn 6 | setIn 34 | zukHp 117 | chosen 35,14 | walk ->35,14 | weapon Rune Crossbow | untilShot 4 | target TzKal-Zuk[zuk] | gate ok | overhead Protect from Range | JalTok-Jad@24,25 TAGGED; TzKal-Zuk@22,8 TAGGED
t2109 | 32,14 | 26..30|E|frz-16 | zukIn 5 | setIn 33 | zukHp 117 | chosen 35,14 | walk ->35,14 | weapon Rune Crossbow | untilShot 3 | target TzKal-Zuk[zuk] | gate - | overhead none | JalTok-Jad@24,25 TAGGED; TzKal-Zuk@22,8 TAGGED
t2110 | 34,14 | 27..31|E|frz-17 | zukIn 4 | setIn 32 | zukHp 117 | chosen 35,14 | walk ->35,14 | weapon Rune Crossbow | untilShot 2 | target TzKal-Zuk[zuk] | gate - | overhead none | JalTok-Jad@24,25 TAGGED; TzKal-Zuk@22,8 TAGGED
t2111 | 35,14 | 28..32|E|frz-18 | zukIn 3 | setIn 31 | zukHp 117 | chosen 35,14 | walk - | weapon Rune Crossbow | untilShot 1 | target TzKal-Zuk[zuk] | gate ok | overhead none | JalTok-Jad@24,25 TAGGED; TzKal-Zuk@22,8 TAGGED
t2112 | 35,14 | 29..33|E|frz-19 | zukIn 2 | setIn 30 | zukHp 117 | chosen 35,14 | walk - | weapon Rune Crossbow | untilShot 5 | target TzKal-Zuk[zuk] | gate ok | overhead none | JalTok-Jad@24,25 TAGGED; TzKal-Zuk@22,8 TAGGED
FIRED t2112 | 35,14 | Rune Crossbow | TzKal-Zuk
t2113 | 35,14 | 30..34|E|frz-20 | zukIn 1 | setIn 29 | zukHp 117 | chosen 35,14 | walk - | weapon Rune Crossbow | untilShot 4 | target TzKal-Zuk[zuk] | gate ok | overhead none | JalTok-Jad@24,25 TAGGED; TzKal-Zuk@22,8 TAGGED
t2114 | 35,14 | 31..35|E|frz-21 | zukIn 7 | setIn 28 | zukHp 117 | chosen 36,14 | walk ->36,14 | weapon Rune Crossbow | untilShot 3 | target -[-] | gate - | overhead none | JalTok-Jad@24,25 TAGGED; TzKal-Zuk@22,8 TAGGED
t2115 | 36,14 | 32..36|E|frz-22 | zukIn 6 | setIn 27 | zukHp 117 | chosen 35,14 | walk ->35,14 | weapon Rune Crossbow | untilShot 2 | target -[-] | gate - | overhead none | JalTok-Jad@24,25 TAGGED; TzKal-Zuk@22,8 TAGGED
t2116 | 35,14 | 33..37|E|frz-23 | zukIn 5 | setIn 26 | zukHp 117 | chosen 35,14 | walk - | weapon Rune Crossbow | untilShot 1 | target TzKal-Zuk[zuk] | gate ok | overhead Protect from Range | JalTok-Jad@24,25 TAGGED; TzKal-Zuk@22,8 TAGGED
t2117 | 35,14 | 34..38|E|frz-24 | zukIn 4 | setIn 25 | zukHp 117 | chosen 36,14 | walk ->36,14 | weapon Rune Crossbow | untilShot 5 | target -[-] | gate - | overhead none | JalTok-Jad@24,25 TAGGED; TzKal-Zuk@22,8 TAGGED
FIRED t2117 | 35,14 | Rune Crossbow | TzKal-Zuk
t2118 | 36,14 | 35..39|E|frz-25 | zukIn 3 | setIn 24 | zukHp 117 | chosen 36,14 | walk - | weapon Rune Crossbow | untilShot 4 | target TzKal-Zuk[zuk] | gate - | overhead none | JalTok-Jad@24,25 TAGGED; TzKal-Zuk@22,8 TAGGED
t2119 | 36,14 | 36..40|W|frz4 | zukIn 2 | setIn 23 | zukHp 117 | chosen 36,14 | walk - | weapon Rune Crossbow | untilShot 3 | target TzKal-Zuk[zuk] | gate - | overhead none | JalTok-Jad@24,25 TAGGED; TzKal-Zuk@22,8 TAGGED
t2120 | 36,14 | 36..40|W|frz3 | zukIn 1 | setIn 22 | zukHp 117 | chosen 36,14 | walk - | weapon Rune Crossbow | untilShot 2 | target TzKal-Zuk[zuk] | gate - | overhead none | JalTok-Jad@24,25 TAGGED; TzKal-Zuk@22,8 TAGGED
t2121 | 36,14 | 36..40|W|frz2 | zukIn 7 | setIn 21 | zukHp 117 | chosen 31,14 | walk ->31,14 | weapon Rune Crossbow | untilShot 1 | target -[-] | gate - | overhead none | JalTok-Jad@24,25 TAGGED; TzKal-Zuk@22,8 TAGGED
t2122 | 34,14 | 36..40|W|frz1 | zukIn 6 | setIn 20 | zukHp 117 | chosen 31,14 | walk ->31,14 | weapon Rune Crossbow | untilShot 1 | target TzKal-Zuk[zuk] | gate - | overhead none | JalTok-Jad@24,25 TAGGED; TzKal-Zuk@22,8 TAGGED
t2123 | 32,14 | 36..40|W|frz0 | zukIn 5 | setIn 19 | zukHp 117 | chosen 31,14 | walk ->31,14 | weapon Rune Crossbow | untilShot 1 | target TzKal-Zuk[zuk] | gate - | overhead none | JalTok-Jad@24,25 TAGGED; TzKal-Zuk@22,8 TAGGED
t2124 | 31,14 | 35..39|W|frz-1 | zukIn 4 | setIn 18 | zukHp 117 | chosen 31,14 | walk - | weapon Rune Crossbow | untilShot 1 | target TzKal-Zuk[zuk] | gate ok | overhead Protect from Range | JalTok-Jad@24,25 TAGGED; TzKal-Zuk@22,8 TAGGED
t2125 | 31,14 | 34..38|W|frz-2 | zukIn 3 | setIn 17 | zukHp 117 | chosen 31,14 | walk - | weapon Rune Crossbow | untilShot 5 | target TzKal-Zuk[zuk] | gate ok | overhead none | JalTok-Jad@24,25 TAGGED; TzKal-Zuk@22,8 TAGGED
FIRED t2125 | 31,14 | Rune Crossbow | TzKal-Zuk
t2126 | 31,14 | 33..37|W|frz-3 | zukIn 2 | setIn 16 | zukHp 117 | chosen 31,14 | walk - | weapon Rune Crossbow | untilShot 4 | target TzKal-Zuk[zuk] | gate ok | overhead none | JalTok-Jad@24,25 TAGGED; TzKal-Zuk@22,8 TAGGED
t2127 | 31,14 | 32..36|W|frz-4 | zukIn 1 | setIn 15 | zukHp 117 | chosen 31,14 | walk - | weapon Rune Crossbow | untilShot 3 | target TzKal-Zuk[zuk] | gate ok | overhead none | JalTok-Jad@24,25 TAGGED; TzKal-Zuk@22,8 TAGGED
t2128 | 31,14 | 31..35|W|frz-5 | zukIn 7 | setIn 14 | zukHp 117 | chosen 24,14 | walk ->24,14 | weapon Rune Crossbow | untilShot 2 | target -[-] | gate - | overhead none | JalTok-Jad@24,25 TAGGED; TzKal-Zuk@22,8 TAGGED
t2129 | 29,14 | 30..34|W|frz-6 | zukIn 6 | setIn 13 | zukHp 117 | chosen 24,14 | walk ->24,14 | weapon Rune Crossbow | untilShot 1 | target TzKal-Zuk[zuk] | gate ok | overhead none | JalTok-Jad@24,25 TAGGED; TzKal-Zuk@22,8 TAGGED
t2130 | 29,14 | 29..33|W|frz-7 | zukIn 5 | setIn 12 | zukHp 117 | chosen 24,14 | walk ->24,14 | weapon Rune Crossbow | untilShot 5 | target -[-] | gate - | overhead none | JalTok-Jad@24,25 TAGGED; TzKal-Zuk@22,8 TAGGED
FIRED t2130 | 29,14 | Rune Crossbow | TzKal-Zuk
t2131 | 27,14 | 28..32|W|frz-8 | zukIn 4 | setIn 11 | zukHp 117 | chosen 24,14 | walk ->24,14 | weapon Rune Crossbow | untilShot 4 | target TzKal-Zuk[zuk] | gate ok | overhead none | JalTok-Jad@24,25 TAGGED; TzKal-Zuk@22,8 TAGGED
t2132 | 25,14 | 27..31|W|frz-9 | zukIn 3 | setIn 10 | zukHp 117 | chosen 24,14 | walk ->24,14 | weapon Rune Crossbow | untilShot 3 | target TzKal-Zuk[zuk] | gate ok | overhead Protect from Range | JalTok-Jad@24,25 TAGGED; TzKal-Zuk@22,8 TAGGED
t2133 | 24,14 | 26..30|W|frz-10 | zukIn 2 | setIn 9 | zukHp 117 | chosen 24,14 | walk - | weapon Rune Crossbow | untilShot 2 | target TzKal-Zuk[zuk] | gate ok | overhead none | JalTok-Jad@24,25 TAGGED; TzKal-Zuk@22,8 TAGGED
t2134 | 24,14 | 25..29|W|frz-11 | zukIn 1 | setIn 8 | zukHp 117 | chosen 24,14 | walk - | weapon Rune Crossbow | untilShot 1 | target TzKal-Zuk[zuk] | gate ok | overhead none | JalTok-Jad@24,25 TAGGED; TzKal-Zuk@22,8 TAGGED
t2135 | 24,14 | 24..28|W|frz-12 | zukIn 7 | setIn 7 | zukHp 117 | chosen 19,14 | walk ->19,14 | weapon Rune Crossbow | untilShot 5 | target -[-] | gate - | overhead none | JalTok-Jad@24,25 TAGGED; TzKal-Zuk@22,8 TAGGED
FIRED t2135 | 24,14 | Rune Crossbow | TzKal-Zuk
t2136 | 22,14 | 23..27|W|frz-13 | zukIn 6 | setIn 6 | zukHp 117 | chosen 19,14 | walk ->19,14 | weapon Rune Crossbow | untilShot 4 | target TzKal-Zuk[zuk] | gate ok | overhead none | JalTok-Jad@24,25 TAGGED; TzKal-Zuk@22,8 TAGGED
t2137 | 20,14 | 22..26|W|frz-14 | zukIn 5 | setIn 5 | zukHp 117 | chosen 19,14 | walk ->19,14 | weapon Rune Crossbow | untilShot 3 | target TzKal-Zuk[zuk] | gate ok | overhead none | JalTok-Jad@24,25 TAGGED; TzKal-Zuk@22,8 TAGGED
t2138 | 19,14 | 21..25|W|frz-15 | zukIn 4 | setIn 4 | zukHp 117 | chosen 19,14 | walk - | weapon Rune Crossbow | untilShot 2 | target TzKal-Zuk[zuk] | gate ok | overhead none | JalTok-Jad@24,25 TAGGED; TzKal-Zuk@22,8 TAGGED
t2139 | 19,14 | 20..24|W|frz-16 | zukIn 3 | setIn 3 | zukHp 117 | chosen 17,14 | walk ->17,14 | weapon Rune Crossbow | untilShot 1 | target -[-] | gate - | overhead none | JalTok-Jad@24,25 TAGGED; TzKal-Zuk@22,8 TAGGED
t2140 | 17,14 | 19..23|W|frz-17 | zukIn 2 | setIn 2 | zukHp 117 | chosen 17,14 | walk - | weapon Rune Crossbow | untilShot 1 | target TzKal-Zuk[zuk] | gate - | overhead Protect from Magic | JalTok-Jad@24,25 TAGGED; TzKal-Zuk@22,8 TAGGED
t2141 | 17,14 | 18..22|W|frz-18 | zukIn 1 | setIn 1 | zukHp 117 | chosen 17,14 | walk - | weapon Rune Crossbow | untilShot 1 | target TzKal-Zuk[zuk] | gate - | overhead none | JalTok-Jad@24,25 TAGGED; TzKal-Zuk@22,8 TAGGED
t2142 | 17,14 | 17..21|W|frz-19 | zukIn 7 | setIn 0 | zukHp 117 | chosen 14,14 | walk ->14,14 | weapon Rune Crossbow | untilShot 1 | target -[-] | gate - | overhead none | JalTok-Jad@24,25 TAGGED; TzKal-Zuk@22,8 TAGGED; Zek@20,21 onShield; Xil@29,21 onShield
t2143 | 15,14 | 16..20|W|frz-20 | zukIn 6 | setIn 349 | zukHp 117 | chosen 14,14 | walk ->14,14 | weapon Rune Crossbow | untilShot 1 | target Jal-Zek[untagged-tag] | gate ok | overhead none | Zek@20,21 onShield; Xil@29,21 onShield; JalTok-Jad@24,25 TAGGED; TzKal-Zuk@22,8 TAGGED
t2144 | 15,14 | 15..19|W|frz-21 | zukIn 5 | setIn 348 | zukHp 117 | chosen 14,14 | walk ->14,14 | weapon Rune Crossbow | untilShot 5 | target -[-] | gate - | overhead none | Zek@20,21 onShield; Xil@29,21 onShield; JalTok-Jad@24,25 TAGGED; TzKal-Zuk@22,8 TAGGED
FIRED t2144 | 15,14 | Rune Crossbow | Jal-Zek
t2145 | 14,14 | 14..18|W|frz-22 | zukIn 4 | setIn 347 | zukHp 117 | chosen 14,14 | walk - | weapon Rune Crossbow | untilShot 4 | target Jal-Zek[untagged-tag] | gate ok | overhead none | Zek@20,21 onShield; Xil@29,21 onShield; JalTok-Jad@24,25 TAGGED; TzKal-Zuk@22,8 TAGGED
t2146 | 14,14 | 13..17|W|frz-23 | zukIn 3 | setIn 346 | zukHp 117 | chosen 14,14 | walk - | weapon Rune Crossbow | untilShot 3 | target Jal-Zek[untagged-tag] | gate ok | overhead none | Zek@20,21 onShield; Xil@29,21 onShield; JalTok-Jad@24,25 TAGGED; TzKal-Zuk@22,8 TAGGED
t2147 | 14,14 | 12..16|W|frz-24 | zukIn 2 | setIn 345 | zukHp 117 | chosen 14,14 | walk - | weapon Rune Crossbow | untilShot 2 | target Jal-Zek[mager-kill] | gate - | overhead none | Zek@20,21 TAGGED; Xil@29,21 onShield; JalTok-Jad@24,25 TAGGED; TzKal-Zuk@22,8 TAGGED
t2148 | 14,14 | 11..15|W|frz-25 | zukIn 1 | setIn 344 | zukHp 117 | chosen 14,14 | walk - | weapon Rune Crossbow | untilShot 1 | target Jal-Zek[mager-kill] | gate - | overhead Protect from Range | Zek@20,21 TAGGED; Xil@29,21 onShield; JalTok-Jad@24,25 TAGGED; TzKal-Zuk@22,8 TAGGED
t2149 | 14,14 | 10..14|E|frz4 | zukIn 7 | setIn 343 | zukHp 117 | chosen 17,14 | walk ->17,14 | weapon Rune Crossbow | untilShot 1 | target -[-] | gate - | overhead Protect from Magic | Zek@20,21 TAGGED; Xil@29,21 onShield; JalTok-Jad@24,25 TAGGED; TzKal-Zuk@22,8 TAGGED
t2150 | 16,14 | 10..14|E|frz3 | zukIn 6 | setIn 342 | zukHp 117 | chosen 17,14 | walk ->17,14 | weapon Rune Crossbow | untilShot 1 | target Jal-Zek[mager-kill] | gate - | overhead none | Zek@20,21 TAGGED; Xil@29,21 onShield; JalTok-Jad@24,25 TAGGED; TzKal-Zuk@22,8 TAGGED
t2151 | 17,14 | 10..14|E|frz2 | zukIn 5 | setIn 341 | zukHp 117 | chosen 17,14 | walk - | weapon Rune Crossbow | untilShot 1 | target Jal-Zek[mager-kill] | gate - | overhead none | Zek@20,21 TAGGED; Xil@29,21 onShield; JalTok-Jad@24,25 TAGGED; TzKal-Zuk@22,8 TAGGED
t2152 | 17,14 | 10..14|E|frz1 | zukIn 4 | setIn 340 | zukHp 117 | chosen 17,14 | walk - | weapon Rune Crossbow | untilShot 1 | target Jal-Zek[mager-kill] | gate - | overhead none | Zek@20,21 TAGGED; Xil@29,21 onShield; JalTok-Jad@24,25 TAGGED; TzKal-Zuk@22,8 TAGGED
t2153 | 17,14 | 10..14|E|frz0 | zukIn 3 | setIn 339 | zukHp 117 | chosen 17,14 | walk - | weapon Rune Crossbow | untilShot 1 | target Jal-Zek[mager-kill] | gate - | overhead Protect from Magic | Zek@20,21 TAGGED; Xil@29,21 onShield; JalTok-Jad@24,25 TAGGED; TzKal-Zuk@22,8 TAGGED
t2154 | 17,14 | 11..15|E|frz-1 | zukIn 2 | setIn 338 | zukHp 117 | chosen 17,14 | walk - | weapon Rune Crossbow | untilShot 1 | target Jal-Zek[mager-kill] | gate - | overhead none | Zek@20,21 TAGGED; Xil@29,21 onShield; JalTok-Jad@24,25 TAGGED; TzKal-Zuk@22,8 TAGGED
t2155 | 17,14 | 12..16|E|frz-2 | zukIn 1 | setIn 337 | zukHp 117 | chosen 17,14 | walk - | weapon Rune Crossbow | untilShot 1 | target Jal-Zek[mager-kill] | gate - | overhead none | Zek@20,21 TAGGED; Xil@29,21 onShield; JalTok-Jad@24,25 TAGGED; TzKal-Zuk@22,8 TAGGED
t2156 | 17,14 | 13..17|E|frz-3 | zukIn 7 | setIn 336 | zukHp 117 | chosen 24,14 | walk ->24,14 | weapon Rune Crossbow | untilShot 1 | target -[-] | gate - | overhead Protect from Range | Zek@20,21 TAGGED; Xil@29,21 onShield; JalTok-Jad@24,25 TAGGED; TzKal-Zuk@22,8 TAGGED
t2157 | 19,14 | 14..18|E|frz-4 | zukIn 6 | setIn 335 | zukHp 117 | chosen 24,14 | walk ->24,14 | weapon Rune Crossbow | untilShot 1 | target Jal-Zek[mager-kill] | gate - | overhead Protect from Magic | Zek@20,21 TAGGED; Xil@29,21 onShield; JalTok-Jad@24,25 TAGGED; TzKal-Zuk@22,8 TAGGED
t2158 | 21,14 | 15..19|E|frz-5 | zukIn 5 | setIn 334 | zukHp 117 | chosen 24,14 | walk ->24,14 | weapon Rune Crossbow | untilShot 1 | target Jal-Zek[mager-kill] | gate - | overhead none | Zek@20,21 TAGGED; Xil@29,21 onShield; JalTok-Jad@24,25 TAGGED; TzKal-Zuk@22,8 TAGGED
t2159 | 23,14 | 16..20|E|frz-6 | zukIn 4 | setIn 333 | zukHp 117 | chosen 24,14 | walk ->24,14 | weapon Rune Crossbow | untilShot 1 | target Jal-Xil[held] | gate HELD: range would share tick +6 with magic | overhead none | Zek@20,21 TAGGED; Xil@29,21 onShield; JalTok-Jad@24,25 TAGGED; TzKal-Zuk@22,8 TAGGED
t2160 | 24,14 | 17..21|E|frz-7 | zukIn 3 | setIn 332 | zukHp 117 | chosen 24,14 | walk - | weapon Rune Crossbow | untilShot 1 | target Jal-Xil[untagged-tag] | gate ok | overhead none | Zek@20,21 TAGGED; Xil@29,21 onShield; JalTok-Jad@24,25 TAGGED; TzKal-Zuk@22,8 TAGGED
t2161 | 24,14 | 18..22|E|frz-8 | zukIn 2 | setIn 331 | zukHp 117 | chosen 24,14 | walk - | weapon Rune Crossbow | untilShot 5 | target Jal-Xil[untagged-tag] | gate ok | overhead Protect from Magic | Zek@20,21 TAGGED; Xil@29,21 onShield; JalTok-Jad@24,25 TAGGED; TzKal-Zuk@22,8 TAGGED
FIRED t2161 | 24,14 | Rune Crossbow | Jal-Xil
t2162 | 24,14 | 19..23|E|frz-9 | zukIn 1 | setIn 330 | zukHp 117 | chosen 24,14 | walk - | weapon Rune Crossbow | untilShot 4 | target Jal-Xil[untagged-tag] | gate ok | overhead none | Zek@20,21 TAGGED; Xil@29,21 onShield; JalTok-Jad@24,25 TAGGED; TzKal-Zuk@22,8 TAGGED
t2163 | 24,14 | 20..24|E|frz-10 | zukIn 7 | setIn 329 | zukHp 117 | chosen 31,14 | walk ->31,14 | weapon Rune Crossbow | untilShot 3 | target -[-] | gate - | overhead none | Zek@20,21 TAGGED; Xil@29,21 onShield; JalTok-Jad@24,25 TAGGED; TzKal-Zuk@22,8 TAGGED
t2164 | 26,14 | 21..25|E|frz-11 | zukIn 6 | setIn 328 | zukHp 117 | chosen 31,14 | walk ->31,14 | weapon Rune Crossbow | untilShot 2 | target Jal-Xil[ranger-kill] | gate ok | overhead Protect from Magic | Zek@20,21 TAGGED; Xil@29,21 TAGGED; JalTok-Jad@24,25 TAGGED; TzKal-Zuk@22,8 TAGGED
t2165 | 28,14 | 22..26|E|frz-12 | zukIn 5 | setIn 327 | zukHp 117 | chosen 31,14 | walk ->31,14 | weapon Toxic Blowpipe | untilShot 1 | target Jal-Xil[ranger-kill] | gate ok | overhead Protect from Magic | Zek@20,21 TAGGED; Xil@29,21 TAGGED; JalTok-Jad@24,25 TAGGED; TzKal-Zuk@22,8 TAGGED
t2166 | 28,14 | 23..27|E|frz-13 | zukIn 4 | setIn 326 | zukHp 117 | chosen 31,14 | walk ->31,14 | weapon Toxic Blowpipe | untilShot 2 | target -[-] | gate - | overhead none | Zek@20,21 TAGGED; Xil@29,21 TAGGED; JalTok-Jad@24,25 TAGGED; TzKal-Zuk@22,8 TAGGED
FIRED t2166 | 28,14 | Toxic Blowpipe | Jal-Xil
t2167 | 30,14 | 24..28|E|frz-14 | zukIn 3 | setIn 325 | zukHp 117 | chosen 31,14 | walk ->31,14 | weapon Toxic Blowpipe | untilShot 1 | target Jal-Xil[ranger-kill] | gate ok | overhead Protect from Range | Zek@20,21 TAGGED; Xil@29,21 TAGGED; JalTok-Jad@24,25 TAGGED; TzKal-Zuk@22,8 TAGGED
t2168 | 30,14 | 25..29|E|frz-15 | zukIn 2 | setIn 324 | zukHp 117 | chosen 31,14 | walk ->31,14 | weapon Toxic Blowpipe | untilShot 2 | target -[-] | gate - | overhead none | Zek@20,21 TAGGED; Xil@29,21 TAGGED; JalTok-Jad@24,25 TAGGED; TzKal-Zuk@22,8 TAGGED
FIRED t2168 | 30,14 | Toxic Blowpipe | Jal-Xil
t2169 | 31,14 | 26..30|E|frz-16 | zukIn 1 | setIn 323 | zukHp 117 | chosen 31,14 | walk - | weapon Toxic Blowpipe | untilShot 1 | target Jal-Xil[ranger-kill] | gate ok | overhead Protect from Magic | Zek@20,21 TAGGED; Xil@29,21 TAGGED; JalTok-Jad@24,25 TAGGED; TzKal-Zuk@22,8 TAGGED
t2170 | 31,14 | 27..31|E|frz-17 | zukIn 7 | setIn 322 | zukHp 117 | chosen 35,14 | walk ->35,14 | weapon Toxic Blowpipe | untilShot 2 | target -[-] | gate - | overhead none | Zek@20,21 TAGGED; Xil@29,21 TAGGED; JalTok-Jad@24,25 TAGGED; TzKal-Zuk@22,8 TAGGED
FIRED t2170 | 31,14 | Toxic Blowpipe | Jal-Xil
t2171 | 33,14 | 28..32|E|frz-18 | zukIn 6 | setIn 321 | zukHp 117 | chosen 35,14 | walk ->35,14 | weapon Toxic Blowpipe | untilShot 1 | target Jal-Xil[ranger-kill] | gate ok | overhead Protect from Range | Zek@20,21 TAGGED; Xil@29,21 TAGGED; JalTok-Jad@24,25 TAGGED; TzKal-Zuk@22,8 TAGGED
t2172 | 33,14 | 29..33|E|frz-19 | zukIn 5 | setIn 320 | zukHp 117 | chosen 35,14 | walk ->35,14 | weapon Toxic Blowpipe | untilShot 2 | target -[-] | gate - | overhead Protect from Range | Zek@20,21 TAGGED; Xil@29,21 TAGGED; JalTok-Jad@24,25 TAGGED; TzKal-Zuk@22,8 TAGGED
FIRED t2172 | 33,14 | Toxic Blowpipe | Jal-Xil
t2173 | 35,14 | 30..34|E|frz-20 | zukIn 4 | setIn 319 | zukHp 117 | chosen 35,14 | walk - | weapon Toxic Blowpipe | untilShot 1 | target Jal-Xil[ranger-kill] | gate ok | overhead Protect from Magic | Zek@20,21 TAGGED; Xil@29,21 TAGGED; JalTok-Jad@24,25 TAGGED; TzKal-Zuk@22,8 TAGGED
t2174 | 35,14 | 31..35|E|frz-21 | zukIn 3 | setIn 318 | zukHp 117 | chosen 35,14 | walk - | weapon Toxic Blowpipe | untilShot 2 | target Jal-Xil[ranger-kill] | gate ok | overhead none | Zek@20,21 TAGGED; Xil@29,21 TAGGED; JalTok-Jad@24,25 TAGGED; TzKal-Zuk@22,8 TAGGED
FIRED t2174 | 35,14 | Toxic Blowpipe | Jal-Xil
t2175 | 35,14 | 32..36|E|frz-22 | zukIn 2 | setIn 317 | zukHp 117 | chosen 35,14 | walk - | weapon Toxic Blowpipe | untilShot 1 | target Jal-Xil[ranger-kill] | gate ok | overhead Protect from Range | Zek@20,21 TAGGED; Xil@29,21 TAGGED; JalTok-Jad@24,25 TAGGED; TzKal-Zuk@22,8 TAGGED
t2176 | 35,14 | 33..37|E|frz-23 | zukIn 1 | setIn 316 | zukHp 117 | chosen 35,14 | walk - | weapon Toxic Blowpipe | untilShot 2 | target Jal-Xil[ranger-kill] | gate ok | overhead none | Zek@20,21 TAGGED; Xil@29,21 TAGGED; JalTok-Jad@24,25 TAGGED; TzKal-Zuk@22,8 TAGGED
FIRED t2176 | 35,14 | Toxic Blowpipe | Jal-Xil
t2177 | 35,14 | 34..38|E|frz-24 | zukIn 7 | setIn 315 | zukHp 117 | chosen 35,14 | walk - | weapon Toxic Blowpipe | untilShot 1 | target Jal-Xil[ranger-kill] | gate ok | overhead Protect from Magic | Zek@20,21 TAGGED; Xil@29,21 TAGGED; JalTok-Jad@24,25 TAGGED; TzKal-Zuk@22,8 TAGGED
t2178 | 35,14 | 35..39|E|frz-25 | zukIn 6 | setIn 314 | zukHp 117 | chosen 35,14 | walk - | weapon Toxic Blowpipe | untilShot 2 | target Jal-Xil[ranger-kill] | gate ok | overhead none | Zek@20,21 TAGGED; Xil@29,21 TAGGED; JalTok-Jad@24,25 TAGGED; TzKal-Zuk@22,8 TAGGED
FIRED t2178 | 35,14 | Toxic Blowpipe | Jal-Xil
t2179 | 35,14 | 36..40|W|frz4 | zukIn 5 | setIn 313 | zukHp 117 | chosen 35,14 | walk - | weapon Toxic Blowpipe | untilShot 1 | target Jal-Xil[ranger-kill] | gate ok | overhead Protect from Range | Zek@20,21 TAGGED; Xil@29,21 TAGGED; JalTok-Jad@24,25 TAGGED; TzKal-Zuk@22,8 TAGGED
t2180 | 35,14 | 36..40|W|frz3 | zukIn 4 | setIn 312 | zukHp 117 | chosen 35,14 | walk - | weapon Toxic Blowpipe | untilShot 2 | target Jal-Xil[ranger-kill] | gate ok | overhead Protect from Magic | Zek@20,21 TAGGED; Xil@29,21 TAGGED; JalTok-Jad@24,25 TAGGED; TzKal-Zuk@22,8 TAGGED
FIRED t2180 | 35,14 | Toxic Blowpipe | Jal-Xil
t2181 | 35,14 | 36..40|W|frz2 | zukIn 3 | setIn 311 | zukHp 117 | chosen 35,14 | walk - | weapon Toxic Blowpipe | untilShot 1 | target Jal-Xil[ranger-kill] | gate ok | overhead Protect from Magic | Zek@20,21 TAGGED; Xil@29,21 TAGGED; JalTok-Jad@24,25 TAGGED; TzKal-Zuk@22,8 TAGGED
t2182 | 35,14 | 36..40|W|frz1 | zukIn 2 | setIn 310 | zukHp 117 | chosen 35,14 | walk - | weapon Toxic Blowpipe | untilShot 2 | target Jal-Xil[ranger-kill] | gate ok | overhead none | Zek@20,21 TAGGED; Xil@29,21 TAGGED; JalTok-Jad@24,25 TAGGED; TzKal-Zuk@22,8 TAGGED
FIRED t2182 | 35,14 | Toxic Blowpipe | Jal-Xil
t2183 | 35,14 | 36..40|W|frz0 | zukIn 1 | setIn 309 | zukHp 117 | chosen 35,14 | walk - | weapon Toxic Blowpipe | untilShot 1 | target Jal-Xil[ranger-kill] | gate ok | overhead Protect from Range | Zek@20,21 TAGGED; Xil@29,21 TAGGED; JalTok-Jad@24,25 TAGGED; TzKal-Zuk@22,8 TAGGED
t2184 | 35,14 | 35..39|W|frz-1 | zukIn 7 | setIn 308 | zukHp 117 | chosen 28,14 | walk ->28,14 | weapon Toxic Blowpipe | untilShot 2 | target -[-] | gate - | overhead none | Zek@20,21 TAGGED; Xil@29,21 TAGGED; JalTok-Jad@24,25 TAGGED; TzKal-Zuk@22,8 TAGGED
FIRED t2184 | 35,14 | Toxic Blowpipe | Jal-Xil
t2185 | 33,14 | 34..38|W|frz-2 | zukIn 6 | setIn 307 | zukHp 117 | chosen 28,14 | walk ->28,14 | weapon Toxic Blowpipe | untilShot 1 | target Jal-Xil[ranger-kill] | gate ok | overhead Protect from Magic | Zek@20,21 TAGGED; Xil@29,21 TAGGED; JalTok-Jad@24,25 TAGGED; TzKal-Zuk@22,8 TAGGED
t2186 | 33,14 | 33..37|W|frz-3 | zukIn 5 | setIn 306 | zukHp 117 | chosen 28,14 | walk ->28,14 | weapon Toxic Blowpipe | untilShot 2 | target -[-] | gate - | overhead none | Zek@20,21 TAGGED; Xil@29,21 TAGGED; JalTok-Jad@24,25 TAGGED; TzKal-Zuk@22,8 TAGGED
FIRED t2186 | 33,14 | Toxic Blowpipe | Jal-Xil
t2187 | 31,14 | 32..36|W|frz-4 | zukIn 4 | setIn 305 | zukHp 117 | chosen 28,14 | walk ->28,14 | weapon Toxic Blowpipe | untilShot 1 | target Jal-Xil[ranger-kill] | gate ok | overhead Protect from Range | Zek@20,21 TAGGED; Xil@29,21 TAGGED; JalTok-Jad@24,25 TAGGED; TzKal-Zuk@22,8 TAGGED
t2188 | 31,14 | 31..35|W|frz-5 | zukIn 3 | setIn 304 | zukHp 117 | chosen 28,14 | walk ->28,14 | weapon Toxic Blowpipe | untilShot 2 | target -[-] | gate - | overhead Protect from Range | Zek@20,21 TAGGED; Xil@29,21 TAGGED; JalTok-Jad@24,25 TAGGED; TzKal-Zuk@22,8 TAGGED
FIRED t2188 | 31,14 | Toxic Blowpipe | Jal-Xil
t2189 | 29,14 | 30..34|W|frz-6 | zukIn 2 | setIn 303 | zukHp 117 | chosen 28,14 | walk ->28,14 | weapon Toxic Blowpipe | untilShot 1 | target Jal-Xil[ranger-kill] | gate ok | overhead Protect from Magic | Zek@20,21 TAGGED; Xil@29,21 TAGGED; JalTok-Jad@24,25 TAGGED; TzKal-Zuk@22,8 TAGGED
t2190 | 29,14 | 29..33|W|frz-7 | zukIn 1 | setIn 302 | zukHp 117 | chosen 29,14 | walk - | weapon Toxic Blowpipe | untilShot 2 | target Jal-Xil[ranger-kill] | gate ok | overhead none | Zek@20,21 TAGGED; Xil@29,21 TAGGED; JalTok-Jad@24,25 TAGGED; TzKal-Zuk@22,8 TAGGED
FIRED t2190 | 29,14 | Toxic Blowpipe | Jal-Xil
t2191 | 29,14 | 28..32|W|frz-8 | zukIn 7 | setIn 301 | zukHp 117 | chosen 21,14 | walk ->21,14 | weapon Toxic Blowpipe | untilShot 1 | target -[-] | gate - | overhead Protect from Range | Zek@20,21 TAGGED; Xil@29,21 TAGGED; JalTok-Jad@24,25 TAGGED; TzKal-Zuk@22,8 TAGGED
t2192 | 27,14 | 27..31|W|frz-9 | zukIn 6 | setIn 300 | zukHp 117 | chosen 21,14 | walk ->21,14 | weapon Toxic Blowpipe | untilShot 1 | target Jal-Xil[ranger-kill] | gate ok | overhead none | Zek@20,21 TAGGED; Xil@29,21 TAGGED; JalTok-Jad@24,25 TAGGED; TzKal-Zuk@22,8 TAGGED
t2193 | 27,14 | 26..30|W|frz-10 | zukIn 5 | setIn 299 | zukHp 117 | chosen 21,14 | walk ->21,14 | weapon Toxic Blowpipe | untilShot 2 | target -[-] | gate - | overhead Protect from Magic | Zek@20,21 TAGGED; Xil@29,21 TAGGED; JalTok-Jad@24,25 TAGGED; TzKal-Zuk@22,8 TAGGED
FIRED t2193 | 27,14 | Toxic Blowpipe | Jal-Xil
t2194 | 25,14 | 25..29|W|frz-11 | zukIn 4 | setIn 298 | zukHp 117 | chosen 21,14 | walk ->21,14 | weapon Toxic Blowpipe | untilShot 1 | target Jal-Xil[ranger-kill] | gate ok | overhead none | Zek@20,21 TAGGED; Xil@29,21 TAGGED; JalTok-Jad@24,25 TAGGED; TzKal-Zuk@22,8 TAGGED
t2195 | 25,14 | 24..28|W|frz-12 | zukIn 3 | setIn 297 | zukHp 117 | chosen 21,14 | walk ->21,14 | weapon Toxic Blowpipe | untilShot 2 | target -[-] | gate - | overhead Protect from Range | Zek@20,21 TAGGED; Xil@29,21 TAGGED; JalTok-Jad@24,25 TAGGED; TzKal-Zuk@22,8 TAGGED
FIRED t2195 | 25,14 | Toxic Blowpipe | Jal-Xil
t2196 | 23,14 | 23..27|W|frz-13 | zukIn 2 | setIn 296 | zukHp 117 | chosen 21,14 | walk ->21,14 | weapon Toxic Blowpipe | untilShot 1 | target Jal-Xil[ranger-kill] | gate ok | overhead Protect from Range | Zek@20,21 TAGGED; Xil@29,21 TAGGED; JalTok-Jad@24,25 TAGGED; TzKal-Zuk@22,8 TAGGED
t2197 | 21,14 | 22..26|W|frz-14 | zukIn 1 | setIn 295 | zukHp 117 | chosen 21,14 | walk - | weapon Rune Crossbow | untilShot 1 | target Jal-Zek[mager-kill] | gate ok | overhead Protect from Magic | Zek@20,21 TAGGED; Xil@29,21 TAGGED; JalTok-Jad@24,25 TAGGED; TzKal-Zuk@22,8 TAGGED
t2198 | 21,14 | 21..25|W|frz-15 | zukIn 7 | setIn 294 | zukHp 117 | chosen 14,14 | walk ->14,14 | weapon Rune Crossbow | untilShot 5 | target -[-] | gate - | overhead none | Zek@20,21 TAGGED; Xil@29,21 TAGGED; JalTok-Jad@24,25 TAGGED; TzKal-Zuk@22,8 TAGGED
FIRED t2198 | 21,14 | Rune Crossbow | Jal-Zek
t2199 | 19,14 | 20..24|W|frz-16 | zukIn 6 | setIn 293 | zukHp 117 | chosen 14,14 | walk ->14,14 | weapon Rune Crossbow | untilShot 4 | target Jal-Zek[mager-kill] | gate ok | overhead Protect from Range | Zek@20,21 TAGGED; Xil@29,21 TAGGED; JalTok-Jad@24,25 TAGGED; TzKal-Zuk@22,8 TAGGED
t2200 | 17,14 | 19..23|W|frz-17 | zukIn 5 | setIn 292 | zukHp 117 | chosen 14,14 | walk ->14,14 | weapon Rune Crossbow | untilShot 3 | target Jal-Zek[mager-kill] | gate ok | overhead none | Zek@20,21 TAGGED; Xil@29,21 TAGGED; JalTok-Jad@24,25 TAGGED; TzKal-Zuk@22,8 TAGGED
t2201 | 15,14 | 18..22|W|frz-18 | zukIn 4 | setIn 291 | zukHp 117 | chosen 14,14 | walk ->14,14 | weapon Rune Crossbow | untilShot 2 | target Jal-Zek[mager-kill] | gate ok | overhead Protect from Magic | Zek@20,21 TAGGED; Xil@29,21 TAGGED; JalTok-Jad@24,25 TAGGED; TzKal-Zuk@22,8 TAGGED
t2202 | 14,14 | 17..21|W|frz-19 | zukIn 3 | setIn 290 | zukHp 117 | chosen 14,14 | walk - | weapon Toxic Blowpipe | untilShot 1 | target Jal-Zek[mager-kill] | gate ok | overhead none | Zek@20,21 TAGGED; Xil@29,21 TAGGED; JalTok-Jad@24,25 TAGGED; TzKal-Zuk@22,8 TAGGED
t2203 | 14,14 | 16..20|W|frz-20 | zukIn 2 | setIn 289 | zukHp 117 | chosen 14,14 | walk - | weapon Rune Crossbow | untilShot 1 | target Jal-Zek[mager-kill] | gate ok | overhead Protect from Range | Zek@20,21 TAGGED; Xil@29,21 TAGGED; JalTok-Jad@24,25 TAGGED; TzKal-Zuk@22,8 TAGGED
t2204 | 14,14 | 15..19|W|frz-21 | zukIn 1 | setIn 288 | zukHp 117 | chosen 14,14 | walk - | weapon Rune Crossbow | untilShot 5 | target Jal-Zek[mager-kill] | gate ok | overhead Protect from Magic | Zek@20,21 TAGGED; Xil@29,21 TAGGED; JalTok-Jad@24,25 TAGGED; TzKal-Zuk@22,8 TAGGED
FIRED t2204 | 14,14 | Rune Crossbow | Jal-Zek
t2205 | 14,14 | 14..18|W|frz-22 | zukIn 7 | setIn 287 | zukHp 117 | chosen 14,14 | walk - | weapon Rune Crossbow | untilShot 4 | target Jal-Zek[mager-kill] | gate ok | overhead Protect from Magic | Zek@20,21 TAGGED; Xil@29,21 TAGGED; JalTok-Jad@24,25 TAGGED; TzKal-Zuk@22,8 TAGGED
t2206 | 14,14 | 13..17|W|frz-23 | zukIn 6 | setIn 286 | zukHp 117 | chosen 14,14 | walk - | weapon Rune Crossbow | untilShot 3 | target Jal-Zek[mager-kill] | gate ok | overhead none | Zek@20,21 TAGGED; Xil@29,21 TAGGED; JalTok-Jad@24,25 TAGGED; TzKal-Zuk@22,8 TAGGED
t2207 | 14,14 | 12..16|W|frz-24 | zukIn 5 | setIn 285 | zukHp 117 | chosen 14,14 | walk - | weapon Rune Crossbow | untilShot 2 | target Jal-Zek[mager-kill] | gate ok | overhead Protect from Range | Zek@20,21 TAGGED; Xil@29,21 TAGGED; JalTok-Jad@24,25 TAGGED; TzKal-Zuk@22,8 TAGGED
t2208 | 14,14 | 11..15|W|frz-25 | zukIn 4 | setIn 284 | zukHp 117 | chosen 14,14 | walk - | weapon Rune Crossbow | untilShot 1 | target Jal-Zek[mager-kill] | gate ok | overhead none | Zek@20,21 TAGGED; Xil@29,21 TAGGED; JalTok-Jad@24,25 TAGGED; TzKal-Zuk@22,8 TAGGED
t2209 | 14,14 | 10..14|E|frz4 | zukIn 3 | setIn 283 | zukHp 117 | chosen 14,14 | walk - | weapon Rune Crossbow | untilShot 5 | target Jal-Zek[mager-kill] | gate ok | overhead Protect from Magic | Zek@20,21 TAGGED; Xil@29,21 TAGGED; JalTok-Jad@24,25 TAGGED; TzKal-Zuk@22,8 TAGGED
FIRED t2209 | 14,14 | Rune Crossbow | Jal-Zek
t2210 | 14,14 | 10..14|E|frz3 | zukIn 2 | setIn 282 | zukHp 117 | chosen 14,14 | walk - | weapon Rune Crossbow | untilShot 4 | target Jal-Zek[mager-kill] | gate ok | overhead none | Zek@20,21 TAGGED; Xil@29,21 TAGGED; JalTok-Jad@24,25 TAGGED; TzKal-Zuk@22,8 TAGGED
t2211 | 14,14 | 10..14|E|frz2 | zukIn 1 | setIn 281 | zukHp 117 | chosen 14,14 | walk - | weapon Rune Crossbow | untilShot 3 | target Jal-Zek[mager-kill] | gate ok | overhead Protect from Range | Zek@20,21 TAGGED; Xil@29,21 TAGGED; JalTok-Jad@24,25 TAGGED; TzKal-Zuk@22,8 TAGGED
t2212 | 14,14 | 10..14|E|frz1 | zukIn 7 | setIn 280 | zukHp 117 | chosen 20,14 | walk ->20,14 | weapon Rune Crossbow | untilShot 2 | target -[-] | gate - | overhead Protect from Magic | Zek@20,21 TAGGED; Xil@29,21 TAGGED; JalTok-Jad@24,25 TAGGED; TzKal-Zuk@22,8 TAGGED
t2213 | 16,14 | 10..14|E|frz0 | zukIn 6 | setIn 279 | zukHp 117 | chosen 20,14 | walk ->20,14 | weapon Rune Crossbow | untilShot 1 | target Jal-Zek[mager-kill] | gate ok | overhead Protect from Magic | Zek@20,21 TAGGED; Xil@29,21 TAGGED; JalTok-Jad@24,25 TAGGED; TzKal-Zuk@22,8 TAGGED
t2214 | 16,14 | 11..15|E|frz-1 | zukIn 5 | setIn 278 | zukHp 117 | chosen 20,14 | walk ->20,14 | weapon Rune Crossbow | untilShot 5 | target -[-] | gate - | overhead none | Zek@20,21 TAGGED; Xil@29,21 TAGGED; JalTok-Jad@24,25 TAGGED; TzKal-Zuk@22,8 TAGGED
FIRED t2214 | 16,14 | Rune Crossbow | Jal-Zek
t2215 | 18,14 | 12..16|E|frz-2 | zukIn 4 | setIn 277 | zukHp 117 | chosen 20,14 | walk ->20,14 | weapon Rune Crossbow | untilShot 4 | target Jal-Zek[mager-kill] | gate ok | overhead Protect from Range | Zek@20,21 TAGGED; Xil@29,21 TAGGED; JalTok-Jad@24,25 TAGGED; TzKal-Zuk@22,8 TAGGED
t2216 | 20,14 | 13..17|E|frz-3 | zukIn 3 | setIn 276 | zukHp 117 | chosen 20,14 | walk - | weapon Rune Crossbow | untilShot 3 | target Jal-Zek[mager-kill] | gate ok | overhead none | Zek@20,21 TAGGED; Xil@29,21 TAGGED; JalTok-Jad@24,25 TAGGED; TzKal-Zuk@22,8 TAGGED
t2217 | 20,14 | 14..18|E|frz-4 | zukIn 2 | setIn 275 | zukHp 117 | chosen 20,14 | walk - | weapon Rune Crossbow | untilShot 2 | target Jal-Zek[mager-kill] | gate ok | overhead Protect from Magic | Zek@20,21 TAGGED; Xil@29,21 TAGGED; JalTok-Jad@24,25 TAGGED; TzKal-Zuk@22,8 TAGGED
t2218 | 20,14 | 15..19|E|frz-5 | zukIn 1 | setIn 274 | zukHp 117 | chosen 20,14 | walk - | weapon Toxic Blowpipe | untilShot 1 | target Jal-Zek[mager-kill] | gate ok | overhead none | Zek@20,21 TAGGED; Xil@29,21 TAGGED; JalTok-Jad@24,25 TAGGED; TzKal-Zuk@22,8 TAGGED
t2219 | 20,14 | 16..20|E|frz-6 | zukIn 7 | setIn 273 | zukHp 117 | chosen 27,14 | walk ->27,14 | weapon Toxic Blowpipe | untilShot 2 | target -[-] | gate - | overhead Protect from Range | Zek@20,21 TAGGED; Xil@29,21 TAGGED; JalTok-Jad@24,25 TAGGED; TzKal-Zuk@22,8 TAGGED
FIRED t2219 | 20,14 | Toxic Blowpipe | Jal-Zek
t2220 | 22,14 | 17..21|E|frz-7 | zukIn 6 | setIn 272 | zukHp 117 | chosen 27,14 | walk ->27,14 | weapon Toxic Blowpipe | untilShot 1 | target Jal-Xil[ranger-kill] | gate ok | overhead Protect from Magic | Zek@20,21 TAGGED; Xil@29,21 TAGGED; JalTok-Jad@24,25 TAGGED; TzKal-Zuk@22,8 TAGGED
t2221 | 24,14 | 18..22|E|frz-8 | zukIn 5 | setIn 271 | zukHp 117 | chosen 27,14 | walk ->27,14 | weapon Rune Crossbow | untilShot 1 | target Jal-Xil[ranger-kill] | gate ok | overhead Protect from Magic | Zek@20,21 TAGGED; Xil@29,21 TAGGED; JalTok-Jad@24,25 TAGGED; TzKal-Zuk@22,8 TAGGED
t2222 | 24,14 | 19..23|E|frz-9 | zukIn 4 | setIn 270 | zukHp 117 | chosen 27,14 | walk ->27,14 | weapon Rune Crossbow | untilShot 5 | target -[-] | gate - | overhead none | Zek@20,21 TAGGED; Xil@29,21 TAGGED; JalTok-Jad@24,25 TAGGED; TzKal-Zuk@22,8 TAGGED
FIRED t2222 | 24,14 | Rune Crossbow | Jal-Xil
t2223 | 26,14 | 20..24|E|frz-10 | zukIn 3 | setIn 269 | zukHp 117 | chosen 27,14 | walk ->27,14 | weapon Rune Crossbow | untilShot 4 | target Jal-Xil[ranger-kill] | gate ok | overhead Protect from Range | Zek@20,21 TAGGED; Xil@29,21 TAGGED; JalTok-Jad@24,25 TAGGED; TzKal-Zuk@22,8 TAGGED
t2224 | 27,14 | 21..25|E|frz-11 | zukIn 2 | setIn 268 | zukHp 117 | chosen 27,14 | walk - | weapon Rune Crossbow | untilShot 3 | target Jal-Xil[ranger-kill] | gate ok | overhead none | Zek@20,21 TAGGED; Xil@29,21 TAGGED; JalTok-Jad@24,25 TAGGED; TzKal-Zuk@22,8 TAGGED
t2225 | 27,14 | 22..26|E|frz-12 | zukIn 1 | setIn 267 | zukHp 117 | chosen 27,14 | walk - | weapon Rune Crossbow | untilShot 2 | target Jal-Xil[ranger-kill] | gate ok | overhead Protect from Magic | Zek@20,21 TAGGED; Xil@29,21 TAGGED; JalTok-Jad@24,25 TAGGED; TzKal-Zuk@22,8 TAGGED
t2226 | 27,14 | 23..27|E|frz-13 | zukIn 7 | setIn 266 | zukHp 117 | chosen 34,14 | walk ->34,14 | weapon Toxic Blowpipe | untilShot 1 | target -[-] | gate - | overhead none | Zek@20,21 TAGGED; Xil@29,21 TAGGED; JalTok-Jad@24,25 TAGGED; TzKal-Zuk@22,8 TAGGED
t2227 | 29,14 | 24..28|E|frz-14 | zukIn 6 | setIn 265 | zukHp 117 | chosen 34,14 | walk ->34,14 | weapon Toxic Blowpipe | untilShot 1 | target Jal-Xil[ranger-kill] | gate ok | overhead Protect from Range | Zek@20,21 TAGGED; Xil@29,21 TAGGED; JalTok-Jad@24,25 TAGGED; TzKal-Zuk@22,8 TAGGED
t2228 | 29,14 | 25..29|E|frz-15 | zukIn 5 | setIn 264 | zukHp 117 | chosen 34,14 | walk ->34,14 | weapon Toxic Blowpipe | untilShot 2 | target -[-] | gate - | overhead Protect from Range | Zek@20,21 TAGGED; Xil@29,21 TAGGED; JalTok-Jad@24,25 TAGGED; TzKal-Zuk@22,8 TAGGED
FIRED t2228 | 29,14 | Toxic Blowpipe | Jal-Xil
t2229 | 31,14 | 26..30|E|frz-16 | zukIn 4 | setIn 263 | zukHp 117 | chosen 34,14 | walk ->34,14 | weapon Toxic Blowpipe | untilShot 1 | target Jal-Xil[ranger-kill] | gate ok | overhead Protect from Magic | Zek@20,21 TAGGED; Xil@29,21 TAGGED; JalTok-Jad@24,25 TAGGED; TzKal-Zuk@22,8 TAGGED
t2230 | 31,14 | 27..31|E|frz-17 | zukIn 3 | setIn 262 | zukHp 117 | chosen 34,14 | walk ->34,14 | weapon Toxic Blowpipe | untilShot 2 | target -[-] | gate - | overhead none | Zek@20,21 TAGGED; Xil@29,21 TAGGED; JalTok-Jad@24,25 TAGGED; TzKal-Zuk@22,8 TAGGED
FIRED t2230 | 31,14 | Toxic Blowpipe | Jal-Xil
t2231 | 33,14 | 28..32|E|frz-18 | zukIn 2 | setIn 261 | zukHp 117 | chosen 34,14 | walk ->34,14 | weapon Toxic Blowpipe | untilShot 1 | target Jal-Xil[ranger-kill] | gate ok | overhead Protect from Range | Zek@20,21 TAGGED; Xil@29,21 TAGGED; JalTok-Jad@24,25 TAGGED; TzKal-Zuk@22,8 TAGGED
t2232 | 33,14 | 29..33|E|frz-19 | zukIn 1 | setIn 260 | zukHp 117 | chosen 33,14 | walk - | weapon Toxic Blowpipe | untilShot 1 | target TzKal-Zuk[zuk] | gate - | overhead none | Zek@20,21 TAGGED; JalTok-Jad@24,25 TAGGED; TzKal-Zuk@22,8 TAGGED
t2233 | 33,14 | 30..34|E|frz-20 | zukIn 7 | setIn 259 | zukHp 117 | chosen 36,14 | walk ->36,14 | weapon Toxic Blowpipe | untilShot 1 | target -[-] | gate - | overhead Protect from Magic | Zek@20,21 TAGGED; JalTok-Jad@24,25 TAGGED; TzKal-Zuk@22,8 TAGGED
t2234 | 35,14 | 31..35|E|frz-21 | zukIn 6 | setIn 258 | zukHp 117 | chosen 36,14 | walk ->36,14 | weapon Toxic Blowpipe | untilShot 1 | target TzKal-Zuk[zuk] | gate - | overhead none | Zek@20,21 TAGGED; JalTok-Jad@24,25 TAGGED; TzKal-Zuk@22,8 TAGGED
t2235 | 36,14 | 32..36|E|frz-22 | zukIn 5 | setIn 257 | zukHp 117 | chosen 36,14 | walk - | weapon Toxic Blowpipe | untilShot 1 | target TzKal-Zuk[zuk] | gate - | overhead none | Zek@20,21 TAGGED; JalTok-Jad@24,25 TAGGED; TzKal-Zuk@22,8 TAGGED
t2236 | 36,14 | 33..37|E|frz-23 | zukIn 4 | setIn 256 | zukHp 117 | chosen 36,14 | walk - | weapon Toxic Blowpipe | untilShot 1 | target TzKal-Zuk[zuk] | gate - | overhead Protect from Range | Zek@20,21 TAGGED; JalTok-Jad@24,25 TAGGED; TzKal-Zuk@22,8 TAGGED
t2237 | 36,14 | 34..38|E|frz-24 | zukIn 3 | setIn 255 | zukHp 117 | chosen 36,14 | walk - | weapon Toxic Blowpipe | untilShot 1 | target TzKal-Zuk[zuk] | gate - | overhead Protect from Magic | Zek@20,21 TAGGED; JalTok-Jad@24,25 TAGGED; TzKal-Zuk@22,8 TAGGED
t2238 | 36,14 | 35..39|E|frz-25 | zukIn 2 | setIn 254 | zukHp 117 | chosen 36,14 | walk - | weapon Toxic Blowpipe | untilShot 1 | target TzKal-Zuk[zuk] | gate - | overhead none | Zek@20,21 TAGGED; JalTok-Jad@24,25 TAGGED; TzKal-Zuk@22,8 TAGGED
t2239 | 36,14 | 36..40|W|frz4 | zukIn 1 | setIn 253 | zukHp 117 | chosen 36,14 | walk - | weapon Toxic Blowpipe | untilShot 1 | target TzKal-Zuk[zuk] | gate - | overhead none | Zek@20,21 TAGGED; JalTok-Jad@24,25 TAGGED; TzKal-Zuk@22,8 TAGGED
t2240 | 36,14 | 36..40|W|frz3 | zukIn 7 | setIn 252 | zukHp 117 | chosen 32,14 | walk ->32,14 | weapon Toxic Blowpipe | untilShot 1 | target -[-] | gate - | overhead none | Zek@20,21 TAGGED; JalTok-Jad@24,25 TAGGED; TzKal-Zuk@22,8 TAGGED
t2241 | 34,14 | 36..40|W|frz2 | zukIn 6 | setIn 251 | zukHp 117 | chosen 32,14 | walk ->32,14 | weapon Toxic Blowpipe | untilShot 1 | target TzKal-Zuk[zuk] | gate - | overhead Protect from Magic | Zek@20,21 TAGGED; JalTok-Jad@24,25 TAGGED; TzKal-Zuk@22,8 TAGGED
t2242 | 32,14 | 36..40|W|frz1 | zukIn 5 | setIn 250 | zukHp 117 | chosen 32,14 | walk - | weapon Toxic Blowpipe | untilShot 1 | target TzKal-Zuk[zuk] | gate - | overhead none | Zek@20,21 TAGGED; JalTok-Jad@24,25 TAGGED; TzKal-Zuk@22,8 TAGGED
t2243 | 32,14 | 36..40|W|frz0 | zukIn 4 | setIn 249 | zukHp 117 | chosen 32,14 | walk - | weapon Toxic Blowpipe | untilShot 1 | target TzKal-Zuk[zuk] | gate - | overhead none | Zek@20,21 TAGGED; JalTok-Jad@24,25 TAGGED; TzKal-Zuk@22,8 TAGGED
t2244 | 32,14 | 35..39|W|frz-1 | zukIn 3 | setIn 248 | zukHp 117 | chosen 32,14 | walk - | weapon Toxic Blowpipe | untilShot 1 | target TzKal-Zuk[zuk] | gate - | overhead Protect from Magic | Zek@20,21 TAGGED; JalTok-Jad@24,25 TAGGED; TzKal-Zuk@22,8 TAGGED
t2245 | 32,14 | 34..38|W|frz-2 | zukIn 2 | setIn 247 | zukHp 117 | chosen 32,14 | walk - | weapon Toxic Blowpipe | untilShot 1 | target TzKal-Zuk[zuk] | gate - | overhead Protect from Magic | Zek@20,21 TAGGED; JalTok-Jad@24,25 TAGGED; TzKal-Zuk@22,8 TAGGED
t2246 | 32,14 | 33..37|W|frz-3 | zukIn 1 | setIn 246 | zukHp 117 | chosen 32,14 | walk - | weapon Toxic Blowpipe | untilShot 1 | target TzKal-Zuk[zuk] | gate - | overhead none | Zek@20,21 TAGGED; JalTok-Jad@24,25 TAGGED; TzKal-Zuk@22,8 TAGGED
t2247 | 32,14 | 32..36|W|frz-4 | zukIn 7 | setIn 245 | zukHp 117 | chosen 25,14 | walk ->25,14 | weapon Toxic Blowpipe | untilShot 1 | target -[-] | gate - | overhead none | Zek@20,21 TAGGED; JalTok-Jad@24,25 TAGGED; TzKal-Zuk@22,8 TAGGED
t2248 | 30,14 | 31..35|W|frz-5 | zukIn 6 | setIn 244 | zukHp 117 | chosen 25,14 | walk ->25,14 | weapon Toxic Blowpipe | untilShot 1 | target Jal-Zek[mager-kill] | gate ok | overhead none | Zek@20,21 TAGGED; JalTok-Jad@24,25 TAGGED; TzKal-Zuk@22,8 TAGGED
t2249 | 28,14 | 30..34|W|frz-6 | zukIn 5 | setIn 243 | zukHp 117 | chosen 25,14 | walk ->25,14 | weapon Rune Crossbow | untilShot 1 | target Jal-Zek[mager-kill] | gate ok | overhead Protect from Magic | Zek@20,21 TAGGED; JalTok-Jad@24,25 TAGGED; TzKal-Zuk@22,8 TAGGED
t2250 | 28,14 | 29..33|W|frz-7 | zukIn 4 | setIn 242 | zukHp 117 | chosen 25,14 | walk ->25,14 | weapon Rune Crossbow | untilShot 5 | target -[-] | gate - | overhead none | Zek@20,21 TAGGED; JalTok-Jad@24,25 TAGGED; TzKal-Zuk@22,8 TAGGED
FIRED t2250 | 28,14 | Rune Crossbow | Jal-Zek
t2251 | 26,14 | 28..32|W|frz-8 | zukIn 3 | setIn 241 | zukHp 117 | chosen 25,14 | walk ->25,14 | weapon Rune Crossbow | untilShot 4 | target Jal-Zek[mager-kill] | gate ok | overhead none | Zek@20,21 TAGGED; JalTok-Jad@24,25 TAGGED; TzKal-Zuk@22,8 TAGGED
t2252 | 25,14 | 27..31|W|frz-9 | zukIn 2 | setIn 240 | zukHp 117 | chosen 25,14 | walk - | weapon Rune Crossbow | untilShot 3 | target Jal-Zek[mager-kill] | gate ok | overhead Protect from Range | Zek@20,21 TAGGED; JalTok-Jad@24,25 TAGGED; TzKal-Zuk@22,8 TAGGED
t2253 | 25,14 | 26..30|W|frz-10 | zukIn 1 | setIn 239 | zukHp 117 | chosen 25,14 | walk - | weapon Rune Crossbow | untilShot 2 | target Jal-Zek[mager-kill] | gate ok | overhead Protect from Magic | Zek@20,21 TAGGED; JalTok-Jad@24,25 TAGGED; TzKal-Zuk@22,8 TAGGED
t2254 | 25,14 | 25..29|W|frz-11 | zukIn 7 | setIn 238 | zukHp 117 | chosen 18,14 | walk ->18,14 | weapon Toxic Blowpipe | untilShot 1 | target -[-] | gate - | overhead none | Zek@20,21 TAGGED; JalTok-Jad@24,25 TAGGED; TzKal-Zuk@22,8 TAGGED
t2255 | 23,14 | 24..28|W|frz-12 | zukIn 6 | setIn 237 | zukHp 117 | chosen 18,14 | walk ->18,14 | weapon Toxic Blowpipe | untilShot 1 | target Jal-Zek[mager-kill] | gate ok | overhead none | Zek@20,21 TAGGED; JalTok-Jad@24,25 TAGGED; TzKal-Zuk@22,8 TAGGED
t2256 | 23,14 | 23..27|W|frz-13 | zukIn 5 | setIn 236 | zukHp 117 | chosen 18,14 | walk ->18,14 | weapon Toxic Blowpipe | untilShot 2 | target -[-] | gate - | overhead none | Zek@20,21 TAGGED; JalTok-Jad@24,25 TAGGED; TzKal-Zuk@22,8 TAGGED
FIRED t2256 | 23,14 | Toxic Blowpipe | Jal-Zek
t2257 | 21,14 | 22..26|W|frz-14 | zukIn 4 | setIn 235 | zukHp 117 | chosen 18,14 | walk ->18,14 | weapon Toxic Blowpipe | untilShot 1 | target Jal-Zek[mager-kill] | gate ok | overhead Protect from Magic | Zek@20,21 TAGGED; JalTok-Jad@24,25 TAGGED; TzKal-Zuk@22,8 TAGGED
t2258 | 21,14 | 21..25|W|frz-15 | zukIn 3 | setIn 234 | zukHp 117 | chosen 18,14 | walk ->18,14 | weapon Toxic Blowpipe | untilShot 2 | target -[-] | gate - | overhead none | Zek@20,21 TAGGED; JalTok-Jad@24,25 TAGGED; TzKal-Zuk@22,8 TAGGED
FIRED t2258 | 21,14 | Toxic Blowpipe | Jal-Zek
t2259 | 19,14 | 20..24|W|frz-16 | zukIn 2 | setIn 233 | zukHp 117 | chosen 18,14 | walk ->18,14 | weapon Toxic Blowpipe | untilShot 1 | target Jal-Zek[mager-kill] | gate ok | overhead none | Zek@20,21 TAGGED; JalTok-Jad@24,25 TAGGED; TzKal-Zuk@22,8 TAGGED
t2260 | 19,14 | 19..23|W|frz-17 | zukIn 1 | setIn 232 | zukHp 117 | chosen 19,14 | walk - | weapon Toxic Blowpipe | untilShot 2 | target Jal-Zek[mager-kill] | gate ok | overhead Protect from Range | Zek@20,21 TAGGED; JalTok-Jad@24,25 TAGGED; TzKal-Zuk@22,8 TAGGED
FIRED t2260 | 19,14 | Toxic Blowpipe | Jal-Zek
t2261 | 19,14 | 18..22|W|frz-18 | zukIn 7 | setIn 231 | zukHp 117 | chosen 14,14 | walk ->14,14 | weapon Toxic Blowpipe | untilShot 1 | target -[-] | gate - | overhead Protect from Magic | Zek@20,21 TAGGED; JalTok-Jad@24,25 TAGGED; TzKal-Zuk@22,8 TAGGED
t2262 | 17,14 | 17..21|W|frz-19 | zukIn 6 | setIn 230 | zukHp 117 | chosen 14,14 | walk ->14,14 | weapon Toxic Blowpipe | untilShot 1 | target Jal-Zek[mager-kill] | gate ok | overhead none | Zek@20,21 TAGGED; JalTok-Jad@24,25 TAGGED; TzKal-Zuk@22,8 TAGGED
t2263 | 17,14 | 16..20|W|frz-20 | zukIn 5 | setIn 229 | zukHp 117 | chosen 14,14 | walk ->14,14 | weapon Toxic Blowpipe | untilShot 2 | target -[-] | gate - | overhead none | Zek@20,21 TAGGED; JalTok-Jad@24,25 TAGGED; TzKal-Zuk@22,8 TAGGED
FIRED t2263 | 17,14 | Toxic Blowpipe | Jal-Zek
t2264 | 15,14 | 15..19|W|frz-21 | zukIn 4 | setIn 228 | zukHp 117 | chosen 14,14 | walk ->14,14 | weapon Toxic Blowpipe | untilShot 1 | target Jal-Zek[mager-kill] | gate ok | overhead none | Zek@20,21 TAGGED; JalTok-Jad@24,25 TAGGED; TzKal-Zuk@22,8 TAGGED
t2265 | 15,14 | 14..18|W|frz-22 | zukIn 3 | setIn 227 | zukHp 117 | chosen 14,14 | walk ->14,14 | weapon Toxic Blowpipe | untilShot 2 | target -[-] | gate - | overhead Protect from Magic | Zek@20,21 TAGGED; JalTok-Jad@24,25 TAGGED; TzKal-Zuk@22,8 TAGGED
FIRED t2265 | 15,14 | Toxic Blowpipe | Jal-Zek
t2266 | 14,14 | 13..17|W|frz-23 | zukIn 2 | setIn 226 | zukHp 117 | chosen 14,14 | walk - | weapon Toxic Blowpipe | untilShot 1 | target Jal-Zek[mager-kill] | gate ok | overhead none | Zek@20,21 TAGGED; JalTok-Jad@24,25 TAGGED; TzKal-Zuk@22,8 TAGGED
t2267 | 14,14 | 12..16|W|frz-24 | zukIn 1 | setIn 225 | zukHp 117 | chosen 14,14 | walk - | weapon Rune Crossbow | untilShot 1 | target Jal-Zek[mager-kill] | gate ok | overhead none | Zek@20,21 TAGGED; JalTok-Jad@24,25 TAGGED; TzKal-Zuk@22,8 TAGGED
t2268 | 14,14 | 11..15|W|frz-25 | zukIn 7 | setIn 224 | zukHp 117 | chosen 16,14 | walk ->16,14 | weapon Rune Crossbow | untilShot 5 | target -[-] | gate - | overhead Protect from Range | Zek@20,21 TAGGED; JalTok-Jad@24,25 TAGGED; TzKal-Zuk@22,8 TAGGED
FIRED t2268 | 14,14 | Rune Crossbow | Jal-Zek
t2269 | 16,14 | 10..14|E|frz4 | zukIn 6 | setIn 223 | zukHp 117 | chosen 16,14 | walk - | weapon Rune Crossbow | untilShot 4 | target Jal-Zek[mager-kill] | gate ok | overhead Protect from Magic | Zek@20,21 TAGGED; JalTok-Jad@24,25 TAGGED; TzKal-Zuk@22,8 TAGGED
t2270 | 16,14 | 10..14|E|frz3 | zukIn 5 | setIn 222 | zukHp 117 | chosen 16,14 | walk - | weapon Rune Crossbow | untilShot 3 | target Jal-Zek[mager-kill] | gate ok | overhead none | Zek@20,21 TAGGED; JalTok-Jad@24,25 TAGGED; TzKal-Zuk@22,8 TAGGED
t2271 | 16,14 | 10..14|E|frz2 | zukIn 4 | setIn 221 | zukHp 117 | chosen 16,14 | walk - | weapon Rune Crossbow | untilShot 2 | target Jal-Zek[mager-kill] | gate ok | overhead none | Zek@20,21 TAGGED; JalTok-Jad@24,25 TAGGED; TzKal-Zuk@22,8 TAGGED
t2272 | 16,14 | 10..14|E|frz1 | zukIn 3 | setIn 220 | zukHp 117 | chosen 16,14 | walk - | weapon Toxic Blowpipe | untilShot 1 | target Jal-Zek[mager-kill] | gate ok | overhead none | Zek@20,21 TAGGED; JalTok-Jad@24,25 TAGGED; TzKal-Zuk@22,8 TAGGED
t2273 | 16,14 | 10..14|E|frz0 | zukIn 2 | setIn 219 | zukHp 117 | chosen 16,14 | walk - | weapon Toxic Blowpipe | untilShot 2 | target Jal-Zek[mager-kill] | gate ok | overhead Protect from Magic | Zek@20,21 TAGGED; JalTok-Jad@24,25 TAGGED; TzKal-Zuk@22,8 TAGGED
FIRED t2273 | 16,14 | Toxic Blowpipe | Jal-Zek
t2274 | 16,14 | 11..15|E|frz-1 | zukIn 1 | setIn 218 | zukHp 117 | chosen 16,14 | walk - | weapon Toxic Blowpipe | untilShot 1 | target Jal-Zek[mager-kill] | gate ok | overhead none | Zek@20,21 TAGGED; JalTok-Jad@24,25 TAGGED; TzKal-Zuk@22,8 TAGGED
t2275 | 16,14 | 12..16|E|frz-2 | zukIn 7 | setIn 217 | zukHp 117 | chosen 23,14 | walk ->23,14 | weapon Toxic Blowpipe | untilShot 2 | target -[-] | gate - | overhead none | Zek@20,21 TAGGED; JalTok-Jad@24,25 TAGGED; TzKal-Zuk@22,8 TAGGED
FIRED t2275 | 16,14 | Toxic Blowpipe | Jal-Zek
t2276 | 18,14 | 13..17|E|frz-3 | zukIn 6 | setIn 216 | zukHp 117 | chosen 23,14 | walk ->23,14 | weapon Toxic Blowpipe | untilShot 1 | target Jal-Zek[mager-kill] | gate ok | overhead Protect from Magic | Zek@20,21 TAGGED; JalTok-Jad@24,25 TAGGED; TzKal-Zuk@22,8 TAGGED
t2277 | 18,14 | 14..18|E|frz-4 | zukIn 5 | setIn 215 | zukHp 117 | chosen 23,14 | walk ->23,14 | weapon Toxic Blowpipe | untilShot 2 | target -[-] | gate - | overhead Protect from Magic | Zek@20,21 TAGGED; JalTok-Jad@24,25 TAGGED; TzKal-Zuk@22,8 TAGGED
FIRED t2277 | 18,14 | Toxic Blowpipe | Jal-Zek
t2278 | 20,14 | 15..19|E|frz-5 | zukIn 4 | setIn 214 | zukHp 117 | chosen 23,14 | walk ->23,14 | weapon Toxic Blowpipe | untilShot 1 | target Jal-Zek[mager-kill] | gate ok | overhead none | Zek@20,21 TAGGED; JalTok-Jad@24,25 TAGGED; TzKal-Zuk@22,8 TAGGED
t2279 | 20,14 | 16..20|E|frz-6 | zukIn 3 | setIn 213 | zukHp 117 | chosen 23,14 | walk ->23,14 | weapon Toxic Blowpipe | untilShot 2 | target -[-] | gate - | overhead none | Zek@20,21 TAGGED; JalTok-Jad@24,25 TAGGED; TzKal-Zuk@22,8 TAGGED
FIRED t2279 | 20,14 | Toxic Blowpipe | Jal-Zek
t2280 | 22,14 | 17..21|E|frz-7 | zukIn 2 | setIn 212 | zukHp 117 | chosen 23,14 | walk ->23,14 | weapon Toxic Blowpipe | untilShot 1 | target Jal-Zek[mager-kill] | gate ok | overhead none | Zek@20,21 TAGGED; JalTok-Jad@24,25 TAGGED; TzKal-Zuk@22,8 TAGGED
t2281 | 22,14 | 18..22|E|frz-8 | zukIn 1 | setIn 211 | zukHp 117 | chosen 22,14 | walk - | weapon Toxic Blowpipe | untilShot 2 | target Jal-Zek[mager-kill] | gate ok | overhead Protect from Magic | Zek@20,21 TAGGED; JalTok-Jad@24,25 TAGGED; TzKal-Zuk@22,8 TAGGED
FIRED t2281 | 22,14 | Toxic Blowpipe | Jal-Zek
t2282 | 22,14 | 19..23|E|frz-9 | zukIn 7 | setIn 210 | zukHp 117 | chosen 30,14 | walk ->30,14 | weapon Toxic Blowpipe | untilShot 1 | target -[-] | gate - | overhead none | Zek@20,21 TAGGED; JalTok-Jad@24,25 TAGGED; TzKal-Zuk@22,8 TAGGED
t2283 | 24,14 | 20..24|E|frz-10 | zukIn 6 | setIn 209 | zukHp 117 | chosen 30,14 | walk ->30,14 | weapon Toxic Blowpipe | untilShot 1 | target Jal-Zek[mager-kill] | gate ok | overhead none | Zek@20,21 TAGGED; JalTok-Jad@24,25 TAGGED; TzKal-Zuk@22,8 TAGGED
t2284 | 24,14 | 21..25|E|frz-11 | zukIn 5 | setIn 208 | zukHp 117 | chosen 30,14 | walk ->30,14 | weapon Toxic Blowpipe | untilShot 2 | target -[-] | gate - | overhead Protect from Magic | Zek@20,21 TAGGED; JalTok-Jad@24,25 TAGGED; TzKal-Zuk@22,8 TAGGED
FIRED t2284 | 24,14 | Toxic Blowpipe | Jal-Zek
t2285 | 26,14 | 22..26|E|frz-12 | zukIn 4 | setIn 207 | zukHp 117 | chosen 30,14 | walk ->30,14 | weapon Toxic Blowpipe | untilShot 1 | target Jal-Zek[mager-kill] | gate ok | overhead Protect from Magic | Zek@20,21 TAGGED; JalTok-Jad@24,25 TAGGED; TzKal-Zuk@22,8 TAGGED
t2286 | 26,14 | 23..27|E|frz-13 | zukIn 3 | setIn 206 | zukHp 117 | chosen 30,14 | walk ->30,14 | weapon Toxic Blowpipe | untilShot 2 | target -[-] | gate - | overhead none | Zek@20,21 TAGGED; JalTok-Jad@24,25 TAGGED; TzKal-Zuk@22,8 TAGGED
FIRED t2286 | 26,14 | Toxic Blowpipe | Jal-Zek
t2287 | 28,14 | 24..28|E|frz-14 | zukIn 2 | setIn 205 | zukHp 117 | chosen 30,14 | walk ->30,14 | weapon Toxic Blowpipe | untilShot 1 | target Jal-Zek[mager-kill] | gate ok | overhead none | Zek@20,21 TAGGED; JalTok-Jad@24,25 TAGGED; TzKal-Zuk@22,8 TAGGED
t2288 | 28,14 | 25..29|E|frz-15 | zukIn 1 | setIn 204 | zukHp 117 | chosen 28,14 | walk - | weapon Toxic Blowpipe | untilShot 2 | target Jal-Zek[mager-kill] | gate ok | overhead none | Zek@20,21 TAGGED; JalTok-Jad@24,25 TAGGED; TzKal-Zuk@22,8 TAGGED
FIRED t2288 | 28,14 | Toxic Blowpipe | Jal-Zek
t2289 | 28,14 | 26..30|E|frz-16 | zukIn 7 | setIn 203 | zukHp 117 | chosen 34,14 | walk ->34,14 | weapon Toxic Blowpipe | untilShot 1 | target -[-] | gate - | overhead Protect from Magic | Zek@20,21 TAGGED; JalTok-Jad@24,25 TAGGED; TzKal-Zuk@22,8 TAGGED
t2290 | 30,14 | 27..31|E|frz-17 | zukIn 6 | setIn 202 | zukHp 117 | chosen 34,14 | walk ->34,14 | weapon Toxic Blowpipe | untilShot 1 | target Jal-Zek[mager-kill] | gate ok | overhead none | Zek@20,21 TAGGED; JalTok-Jad@24,25 TAGGED; TzKal-Zuk@22,8 TAGGED
t2291 | 32,14 | 28..32|E|frz-18 | zukIn 5 | setIn 201 | zukHp 117 | chosen 34,14 | walk ->34,14 | weapon Rune Crossbow | untilShot 1 | target TzKal-Zuk[zuk] | gate - | overhead none | Zek@20,21 TAGGED; JalTok-Jad@24,25 TAGGED; TzKal-Zuk@22,8 TAGGED
t2292 | 34,14 | 29..33|E|frz-19 | zukIn 4 | setIn 200 | zukHp 117 | chosen 34,14 | walk - | weapon Rune Crossbow | untilShot 1 | target TzKal-Zuk[zuk] | gate - | overhead Protect from Range | Zek@20,21 TAGGED; JalTok-Jad@24,25 TAGGED; TzKal-Zuk@22,8 TAGGED
t2293 | 34,14 | 30..34|E|frz-20 | zukIn 3 | setIn 199 | zukHp 117 | chosen 34,14 | walk - | weapon Rune Crossbow | untilShot 1 | target TzKal-Zuk[zuk] | gate - | overhead Protect from Magic | Zek@20,21 TAGGED; JalTok-Jad@24,25 TAGGED; TzKal-Zuk@22,8 TAGGED
t2294 | 34,14 | 31..35|E|frz-21 | zukIn 2 | setIn 198 | zukHp 117 | chosen 34,14 | walk - | weapon Rune Crossbow | untilShot 1 | target TzKal-Zuk[zuk] | gate - | overhead none | Zek@20,21 TAGGED; JalTok-Jad@24,25 TAGGED; TzKal-Zuk@22,8 TAGGED
t2295 | 34,14 | 32..36|E|frz-22 | zukIn 1 | setIn 197 | zukHp 117 | chosen 34,14 | walk - | weapon Rune Crossbow | untilShot 1 | target TzKal-Zuk[zuk] | gate - | overhead none | Zek@20,21 TAGGED; JalTok-Jad@24,25 TAGGED; TzKal-Zuk@22,8 TAGGED
t2296 | 34,14 | 33..37|E|frz-23 | zukIn 7 | setIn 196 | zukHp 117 | chosen 36,14 | walk ->36,14 | weapon Rune Crossbow | untilShot 1 | target -[-] | gate - | overhead none | Zek@20,21 TAGGED; JalTok-Jad@24,25 TAGGED; TzKal-Zuk@22,8 TAGGED
t2297 | 36,14 | 34..38|E|frz-24 | zukIn 6 | setIn 195 | zukHp 117 | chosen 36,14 | walk - | weapon Rune Crossbow | untilShot 1 | target TzKal-Zuk[zuk] | gate - | overhead Protect from Magic | Zek@20,21 TAGGED; JalTok-Jad@24,25 TAGGED; TzKal-Zuk@22,8 TAGGED
t2298 | 36,14 | 35..39|E|frz-25 | zukIn 5 | setIn 194 | zukHp 117 | chosen 36,14 | walk - | weapon Rune Crossbow | untilShot 1 | target TzKal-Zuk[zuk] | gate - | overhead none | Zek@20,21 TAGGED; JalTok-Jad@24,25 TAGGED; TzKal-Zuk@22,8 TAGGED
t2299 | 36,14 | 36..40|W|frz4 | zukIn 4 | setIn 193 | zukHp 117 | chosen 36,14 | walk - | weapon Rune Crossbow | untilShot 1 | target TzKal-Zuk[zuk] | gate - | overhead none | Zek@20,21 TAGGED; JalTok-Jad@24,25 TAGGED; TzKal-Zuk@22,8 TAGGED
t2300 | 36,14 | 36..40|W|frz3 | zukIn 3 | setIn 192 | zukHp 117 | chosen 36,14 | walk - | weapon Rune Crossbow | untilShot 1 | target TzKal-Zuk[zuk] | gate - | overhead Protect from Magic | Zek@20,21 TAGGED; JalTok-Jad@24,25 TAGGED; TzKal-Zuk@22,8 TAGGED
t2301 | 36,14 | 36..40|W|frz2 | zukIn 2 | setIn 191 | zukHp 117 | chosen 36,14 | walk - | weapon Rune Crossbow | untilShot 1 | target TzKal-Zuk[zuk] | gate - | overhead Protect from Magic | Zek@20,21 TAGGED; JalTok-Jad@24,25 TAGGED; TzKal-Zuk@22,8 TAGGED
t2302 | 36,14 | 36..40|W|frz1 | zukIn 1 | setIn 190 | zukHp 117 | chosen 36,14 | walk - | weapon Rune Crossbow | untilShot 1 | target TzKal-Zuk[zuk] | gate - | overhead none | Zek@20,21 TAGGED; JalTok-Jad@24,25 TAGGED; TzKal-Zuk@22,8 TAGGED
t2303 | 36,14 | 36..40|W|frz0 | zukIn 7 | setIn 189 | zukHp 117 | chosen 29,14 | walk ->29,14 | weapon Rune Crossbow | untilShot 1 | target -[-] | gate - | overhead none | Zek@20,21 TAGGED; JalTok-Jad@24,25 TAGGED; TzKal-Zuk@22,8 TAGGED
t2304 | 34,14 | 35..39|W|frz-1 | zukIn 6 | setIn 188 | zukHp 117 | chosen 29,14 | walk ->29,14 | weapon Rune Crossbow | untilShot 1 | target TzKal-Zuk[zuk] | gate - | overhead none | Zek@20,21 TAGGED; JalTok-Jad@24,25 TAGGED; TzKal-Zuk@22,8 TAGGED
t2305 | 32,14 | 34..38|W|frz-2 | zukIn 5 | setIn 187 | zukHp 117 | chosen 29,14 | walk ->29,14 | weapon Rune Crossbow | untilShot 1 | target TzKal-Zuk[zuk] | gate - | overhead Protect from Magic | Zek@20,21 TAGGED; JalTok-Jad@24,25 TAGGED; TzKal-Zuk@22,8 TAGGED
t2306 | 30,14 | 33..37|W|frz-3 | zukIn 4 | setIn 186 | zukHp 117 | chosen 29,14 | walk ->29,14 | weapon Rune Crossbow | untilShot 1 | target Jal-Zek[mager-kill] | gate ok | overhead none | Zek@20,21 TAGGED; JalTok-Jad@24,25 TAGGED; TzKal-Zuk@22,8 TAGGED
t2307 | 30,14 | 32..36|W|frz-4 | zukIn 3 | setIn 185 | zukHp 117 | chosen 29,14 | walk ->29,14 | weapon Rune Crossbow | untilShot 5 | target -[-] | gate - | overhead none | Zek@20,21 TAGGED; JalTok-Jad@24,25 TAGGED; TzKal-Zuk@22,8 TAGGED
FIRED t2307 | 30,14 | Rune Crossbow | Jal-Zek
t2308 | 29,14 | 31..35|W|frz-5 | zukIn 2 | setIn 184 | zukHp 117 | chosen 29,14 | walk - | weapon Rune Crossbow | untilShot 4 | target Jal-Zek[mager-kill] | gate ok | overhead Protect from Range | Zek@20,21 TAGGED; JalTok-Jad@24,25 TAGGED; TzKal-Zuk@22,8 TAGGED
t2309 | 29,14 | 30..34|W|frz-6 | zukIn 1 | setIn 183 | zukHp 117 | chosen 29,14 | walk - | weapon Rune Crossbow | untilShot 3 | target Jal-Zek[mager-kill] | gate ok | overhead Protect from Magic | Zek@20,21 TAGGED; JalTok-Jad@24,25 TAGGED; TzKal-Zuk@22,8 TAGGED
t2310 | 29,14 | 29..33|W|frz-7 | zukIn 7 | setIn 182 | zukHp 117 | chosen 22,14 | walk ->22,14 | weapon Rune Crossbow | untilShot 2 | target -[-] | gate - | overhead none | Zek@20,21 TAGGED; JalTok-Jad@24,25 TAGGED; TzKal-Zuk@22,8 TAGGED
t2311 | 27,14 | 28..32|W|frz-8 | zukIn 6 | setIn 181 | zukHp 117 | chosen 22,14 | walk ->22,14 | weapon Rune Crossbow | untilShot 1 | target Jal-Zek[mager-kill] | gate ok | overhead none | Zek@20,21 TAGGED; JalTok-Jad@24,25 TAGGED; TzKal-Zuk@22,8 TAGGED
t2312 | 27,14 | 27..31|W|frz-9 | zukIn 5 | setIn 180 | zukHp 117 | chosen 22,14 | walk ->22,14 | weapon Rune Crossbow | untilShot 5 | target -[-] | gate - | overhead none | Zek@20,21 TAGGED; JalTok-Jad@24,25 TAGGED; TzKal-Zuk@22,8 TAGGED
FIRED t2312 | 27,14 | Rune Crossbow | Jal-Zek
t2313 | 25,14 | 26..30|W|frz-10 | zukIn 4 | setIn 179 | zukHp 117 | chosen 22,14 | walk ->22,14 | weapon Rune Crossbow | untilShot 4 | target Jal-Zek[mager-kill] | gate ok | overhead Protect from Magic | Zek@20,21 TAGGED; JalTok-Jad@24,25 TAGGED; TzKal-Zuk@22,8 TAGGED
t2314 | 23,14 | 25..29|W|frz-11 | zukIn 3 | setIn 178 | zukHp 117 | chosen 22,14 | walk ->22,14 | weapon Rune Crossbow | untilShot 3 | target Jal-Zek[mager-kill] | gate ok | overhead none | Zek@20,21 TAGGED; JalTok-Jad@24,25 TAGGED; TzKal-Zuk@22,8 TAGGED
t2315 | 22,14 | 24..28|W|frz-12 | zukIn 2 | setIn 177 | zukHp 117 | chosen 22,14 | walk - | weapon Rune Crossbow | untilShot 2 | target Jal-Zek[mager-kill] | gate ok | overhead none | Zek@20,21 TAGGED; JalTok-Jad@24,25 TAGGED; TzKal-Zuk@22,8 TAGGED
t2316 | 22,14 | 23..27|W|frz-13 | zukIn 1 | setIn 176 | zukHp 117 | chosen 22,14 | walk - | weapon Toxic Blowpipe | untilShot 1 | target Jal-Zek[mager-kill] | gate ok | overhead Protect from Magic | Zek@20,21 TAGGED; JalTok-Jad@24,25 TAGGED; TzKal-Zuk@22,8 TAGGED
t2317 | 22,14 | 22..26|W|frz-14 | zukIn 7 | setIn 175 | zukHp 117 | chosen 15,14 | walk ->15,14 | weapon Toxic Blowpipe | untilShot 2 | target -[-] | gate - | overhead Protect from Magic | Zek@20,21 TAGGED; JalTok-Jad@24,25 TAGGED; TzKal-Zuk@22,8 TAGGED
FIRED t2317 | 22,14 | Toxic Blowpipe | Jal-Zek
t2318 | 20,14 | 21..25|W|frz-15 | zukIn 6 | setIn 174 | zukHp 117 | chosen 15,14 | walk ->15,14 | weapon Toxic Blowpipe | untilShot 1 | target Jal-Zek[mager-kill] | gate ok | overhead none | Zek@20,21 TAGGED; JalTok-Jad@24,25 TAGGED; TzKal-Zuk@22,8 TAGGED
t2319 | 20,14 | 20..24|W|frz-16 | zukIn 5 | setIn 173 | zukHp 117 | chosen 15,14 | walk ->15,14 | weapon Toxic Blowpipe | untilShot 2 | target -[-] | gate - | overhead none | Zek@20,21 TAGGED; JalTok-Jad@24,25 TAGGED; TzKal-Zuk@22,8 TAGGED
FIRED t2319 | 20,14 | Toxic Blowpipe | Jal-Zek
t2320 | 18,14 | 19..23|W|frz-17 | zukIn 4 | setIn 172 | zukHp 117 | chosen 15,14 | walk ->15,14 | weapon Toxic Blowpipe | untilShot 1 | target Jal-Zek[mager-kill] | gate ok | overhead none | Zek@20,21 TAGGED; JalTok-Jad@24,25 TAGGED; TzKal-Zuk@22,8 TAGGED
t2321 | 18,14 | 18..22|W|frz-18 | zukIn 3 | setIn 171 | zukHp 117 | chosen 15,14 | walk ->15,14 | weapon Toxic Blowpipe | untilShot 2 | target -[-] | gate - | overhead Protect from Magic | Zek@20,21 TAGGED; JalTok-Jad@24,25 TAGGED; TzKal-Zuk@22,8 TAGGED
FIRED t2321 | 18,14 | Toxic Blowpipe | Jal-Zek
t2322 | 16,14 | 17..21|W|frz-19 | zukIn 2 | setIn 170 | zukHp 117 | chosen 15,14 | walk ->15,14 | weapon Toxic Blowpipe | untilShot 1 | target Jal-Zek[mager-kill] | gate ok | overhead none | Zek@20,21 TAGGED; JalTok-Jad@24,25 TAGGED; TzKal-Zuk@22,8 TAGGED
t2323 | 16,14 | 16..20|W|frz-20 | zukIn 1 | setIn 169 | zukHp 117 | chosen 16,14 | walk - | weapon Toxic Blowpipe | untilShot 2 | target Jal-Zek[mager-kill] | gate ok | overhead none | Zek@20,21 TAGGED; JalTok-Jad@24,25 TAGGED; TzKal-Zuk@22,8 TAGGED
FIRED t2323 | 16,14 | Toxic Blowpipe | Jal-Zek
t2324 | 16,14 | 15..19|W|frz-21 | zukIn 7 | setIn 168 | zukHp 117 | chosen 14,14 | walk ->14,14 | weapon Toxic Blowpipe | untilShot 1 | target -[-] | gate - | overhead Protect from Range | Zek@20,21 TAGGED; JalTok-Jad@24,25 TAGGED; TzKal-Zuk@22,8 TAGGED
t2325 | 14,14 | 14..18|W|frz-22 | zukIn 6 | setIn 167 | zukHp 117 | chosen 14,14 | walk - | weapon Toxic Blowpipe | untilShot 1 | target Jal-Zek[mager-kill] | gate ok | overhead Protect from Magic | Zek@20,21 TAGGED; JalTok-Jad@24,25 TAGGED; TzKal-Zuk@22,8 TAGGED
t2326 | 14,14 | 13..17|W|frz-23 | zukIn 5 | setIn 166 | zukHp 117 | chosen 14,14 | walk - | weapon Rune Crossbow | untilShot 1 | target Jal-Zek[mager-kill] | gate ok | overhead none | Zek@20,21 TAGGED; JalTok-Jad@24,25 TAGGED; TzKal-Zuk@22,8 TAGGED
t2327 | 14,14 | 12..16|W|frz-24 | zukIn 4 | setIn 165 | zukHp 117 | chosen 14,14 | walk - | weapon Rune Crossbow | untilShot 5 | target Jal-Zek[mager-kill] | gate ok | overhead none | Zek@20,21 TAGGED; JalTok-Jad@24,25 TAGGED; TzKal-Zuk@22,8 TAGGED
FIRED t2327 | 14,14 | Rune Crossbow | Jal-Zek
t2328 | 14,14 | 11..15|W|frz-25 | zukIn 3 | setIn 164 | zukHp 117 | chosen 14,14 | walk - | weapon Rune Crossbow | untilShot 4 | target Jal-Zek[mager-kill] | gate ok | overhead none | Zek@20,21 TAGGED; JalTok-Jad@24,25 TAGGED; TzKal-Zuk@22,8 TAGGED
t2329 | 14,14 | 10..14|E|frz4 | zukIn 2 | setIn 163 | zukHp 117 | chosen 14,14 | walk - | weapon Rune Crossbow | untilShot 3 | target Jal-Zek[mager-kill] | gate ok | overhead Protect from Magic | Zek@20,21 TAGGED; JalTok-Jad@24,25 TAGGED; TzKal-Zuk@22,8 TAGGED
t2330 | 14,14 | 10..14|E|frz3 | zukIn 1 | setIn 162 | zukHp 117 | chosen 14,14 | walk - | weapon Rune Crossbow | untilShot 2 | target Jal-Zek[mager-kill] | gate ok | overhead none | Zek@20,21 TAGGED; JalTok-Jad@24,25 TAGGED; TzKal-Zuk@22,8 TAGGED
t2331 | 14,14 | 10..14|E|frz2 | zukIn 7 | setIn 161 | zukHp 117 | chosen 19,14 | walk ->19,14 | weapon Rune Crossbow | untilShot 1 | target -[-] | gate - | overhead none | Zek@20,21 TAGGED; JalTok-Jad@24,25 TAGGED; TzKal-Zuk@22,8 TAGGED
t2332 | 16,14 | 10..14|E|frz1 | zukIn 6 | setIn 160 | zukHp 117 | chosen 19,14 | walk ->19,14 | weapon Rune Crossbow | untilShot 1 | target Jal-Zek[mager-kill] | gate ok | overhead Protect from Range | Zek@20,21 TAGGED; JalTok-Jad@24,25 TAGGED; TzKal-Zuk@22,8 TAGGED
t2333 | 16,14 | 10..14|E|frz0 | zukIn 5 | setIn 159 | zukHp 117 | chosen 19,14 | walk ->19,14 | weapon Rune Crossbow | untilShot 5 | target -[-] | gate - | overhead Protect from Magic | Zek@20,21 TAGGED; JalTok-Jad@24,25 TAGGED; TzKal-Zuk@22,8 TAGGED
FIRED t2333 | 16,14 | Rune Crossbow | Jal-Zek
t2334 | 18,14 | 11..15|E|frz-1 | zukIn 4 | setIn 158 | zukHp 117 | chosen 19,14 | walk ->19,14 | weapon Rune Crossbow | untilShot 4 | target Jal-Zek[mager-kill] | gate ok | overhead none | Zek@20,21 TAGGED; JalTok-Jad@24,25 TAGGED; TzKal-Zuk@22,8 TAGGED
t2335 | 19,14 | 12..16|E|frz-2 | zukIn 3 | setIn 157 | zukHp 117 | chosen 19,14 | walk - | weapon Rune Crossbow | untilShot 3 | target Jal-Zek[mager-kill] | gate ok | overhead none | Zek@20,21 TAGGED; JalTok-Jad@24,25 TAGGED; TzKal-Zuk@22,8 TAGGED
t2336 | 19,14 | 13..17|E|frz-3 | zukIn 2 | setIn 156 | zukHp 117 | chosen 19,14 | walk - | weapon Rune Crossbow | untilShot 2 | target TzKal-Zuk[zuk] | gate ok | overhead none | JalTok-Jad@24,25 TAGGED; TzKal-Zuk@22,8 TAGGED
t2337 | 19,14 | 14..18|E|frz-4 | zukIn 1 | setIn 155 | zukHp 117 | chosen 19,14 | walk - | weapon Rune Crossbow | untilShot 1 | target TzKal-Zuk[zuk] | gate ok | overhead none | JalTok-Jad@24,25 TAGGED; TzKal-Zuk@22,8 TAGGED
t2338 | 19,14 | 15..19|E|frz-5 | zukIn 7 | setIn 154 | zukHp 117 | chosen 26,14 | walk ->26,14 | weapon Rune Crossbow | untilShot 5 | target -[-] | gate - | overhead none | JalTok-Jad@24,25 TAGGED; TzKal-Zuk@22,8 TAGGED
FIRED t2338 | 19,14 | Rune Crossbow | TzKal-Zuk
t2339 | 21,14 | 16..20|E|frz-6 | zukIn 6 | setIn 153 | zukHp 117 | chosen 26,14 | walk ->26,14 | weapon Rune Crossbow | untilShot 4 | target TzKal-Zuk[zuk] | gate ok | overhead none | JalTok-Jad@24,25 TAGGED; TzKal-Zuk@22,8 TAGGED
t2340 | 23,14 | 17..21|E|frz-7 | zukIn 5 | setIn 152 | zukHp 117 | chosen 26,14 | walk ->26,14 | weapon Rune Crossbow | untilShot 3 | target TzKal-Zuk[zuk] | gate ok | overhead Protect from Range | JalTok-Jad@24,25 TAGGED; TzKal-Zuk@22,8 TAGGED
t2341 | 25,14 | 18..22|E|frz-8 | zukIn 4 | setIn 151 | zukHp 117 | chosen 26,14 | walk ->26,14 | weapon Rune Crossbow | untilShot 2 | target TzKal-Zuk[zuk] | gate ok | overhead none | JalTok-Jad@24,25 TAGGED; TzKal-Zuk@22,8 TAGGED
t2342 | 26,14 | 19..23|E|frz-9 | zukIn 3 | setIn 150 | zukHp 117 | chosen 26,14 | walk - | weapon Rune Crossbow | untilShot 1 | target TzKal-Zuk[zuk] | gate ok | overhead none | JalTok-Jad@24,25 TAGGED; TzKal-Zuk@22,8 TAGGED
t2343 | 26,14 | 20..24|E|frz-10 | zukIn 2 | setIn 149 | zukHp 117 | chosen 26,14 | walk - | weapon Rune Crossbow | untilShot 5 | target TzKal-Zuk[zuk] | gate ok | overhead none | JalTok-Jad@24,25 TAGGED; TzKal-Zuk@22,8 TAGGED
FIRED t2343 | 26,14 | Rune Crossbow | TzKal-Zuk
t2344 | 26,14 | 21..25|E|frz-11 | zukIn 1 | setIn 148 | zukHp 117 | chosen 26,14 | walk - | weapon Rune Crossbow | untilShot 4 | target TzKal-Zuk[zuk] | gate ok | overhead none | JalTok-Jad@24,25 TAGGED; TzKal-Zuk@22,8 TAGGED
t2345 | 26,14 | 22..26|E|frz-12 | zukIn 7 | setIn 147 | zukHp 117 | chosen 31,14 | walk ->31,14 | weapon Rune Crossbow | untilShot 3 | target -[-] | gate - | overhead none | JalTok-Jad@24,25 TAGGED; TzKal-Zuk@22,8 TAGGED
t2346 | 28,14 | 23..27|E|frz-13 | zukIn 6 | setIn 146 | zukHp 117 | chosen 31,14 | walk ->31,14 | weapon Rune Crossbow | untilShot 2 | target TzKal-Zuk[zuk] | gate ok | overhead none | JalTok-Jad@24,25 TAGGED; TzKal-Zuk@22,8 TAGGED
t2347 | 30,14 | 24..28|E|frz-14 | zukIn 5 | setIn 145 | zukHp 117 | chosen 31,14 | walk ->31,14 | weapon Rune Crossbow | untilShot 1 | target TzKal-Zuk[zuk] | gate ok | overhead none | JalTok-Jad@24,25 TAGGED; TzKal-Zuk@22,8 TAGGED
t2348 | 30,14 | 25..29|E|frz-15 | zukIn 4 | setIn 144 | zukHp 117 | chosen 31,14 | walk ->31,14 | weapon Rune Crossbow | untilShot 5 | target -[-] | gate - | overhead Protect from Range | JalTok-Jad@24,25 TAGGED; TzKal-Zuk@22,8 TAGGED
FIRED t2348 | 30,14 | Rune Crossbow | TzKal-Zuk
t2349 | 31,14 | 26..30|E|frz-16 | zukIn 3 | setIn 143 | zukHp 117 | chosen 31,14 | walk - | weapon Rune Crossbow | untilShot 4 | target TzKal-Zuk[zuk] | gate ok | overhead none | JalTok-Jad@24,25 TAGGED; TzKal-Zuk@22,8 TAGGED
t2350 | 31,14 | 27..31|E|frz-17 | zukIn 2 | setIn 142 | zukHp 117 | chosen 31,14 | walk - | weapon Rune Crossbow | untilShot 3 | target TzKal-Zuk[zuk] | gate ok | overhead none | JalTok-Jad@24,25 TAGGED; TzKal-Zuk@22,8 TAGGED
t2351 | 31,14 | 28..32|E|frz-18 | zukIn 1 | setIn 141 | zukHp 117 | chosen 31,14 | walk - | weapon Rune Crossbow | untilShot 2 | target TzKal-Zuk[zuk] | gate ok | overhead none | JalTok-Jad@24,25 TAGGED; TzKal-Zuk@22,8 TAGGED
t2352 | 31,14 | 29..33|E|frz-19 | zukIn 7 | setIn 140 | zukHp 117 | chosen 35,14 | walk ->35,14 | weapon Rune Crossbow | untilShot 1 | target -[-] | gate - | overhead none | JalTok-Jad@24,25 TAGGED; TzKal-Zuk@22,8 TAGGED
t2353 | 33,14 | 30..34|E|frz-20 | zukIn 6 | setIn 139 | zukHp 117 | chosen 35,14 | walk ->35,14 | weapon Rune Crossbow | untilShot 1 | target TzKal-Zuk[zuk] | gate - | overhead none | JalTok-Jad@24,25 TAGGED; TzKal-Zuk@22,8 TAGGED
t2354 | 35,14 | 31..35|E|frz-21 | zukIn 5 | setIn 138 | zukHp 117 | chosen 35,14 | walk - | weapon Rune Crossbow | untilShot 1 | target TzKal-Zuk[zuk] | gate ok | overhead none | JalTok-Jad@24,25 TAGGED; TzKal-Zuk@22,8 TAGGED
t2355 | 35,14 | 32..36|E|frz-22 | zukIn 4 | setIn 137 | zukHp 117 | chosen 36,14 | walk ->36,14 | weapon Rune Crossbow | untilShot 5 | target -[-] | gate - | overhead none | JalTok-Jad@24,25 TAGGED; TzKal-Zuk@22,8 TAGGED
FIRED t2355 | 35,14 | Rune Crossbow | TzKal-Zuk
t2356 | 36,14 | 33..37|E|frz-23 | zukIn 3 | setIn 136 | zukHp 117 | chosen 36,14 | walk - | weapon Rune Crossbow | untilShot 4 | target TzKal-Zuk[zuk] | gate - | overhead Protect from Range | JalTok-Jad@24,25 TAGGED; TzKal-Zuk@22,8 TAGGED
t2357 | 36,14 | 34..38|E|frz-24 | zukIn 2 | setIn 135 | zukHp 117 | chosen 36,14 | walk - | weapon Rune Crossbow | untilShot 3 | target TzKal-Zuk[zuk] | gate - | overhead none | JalTok-Jad@24,25 TAGGED; TzKal-Zuk@22,8 TAGGED
t2358 | 36,14 | 35..39|E|frz-25 | zukIn 1 | setIn 134 | zukHp 117 | chosen 36,14 | walk - | weapon Rune Crossbow | untilShot 2 | target TzKal-Zuk[zuk] | gate - | overhead none | JalTok-Jad@24,25 TAGGED; TzKal-Zuk@22,8 TAGGED
t2359 | 36,14 | 36..40|W|frz4 | zukIn 7 | setIn 133 | zukHp 117 | chosen 35,14 | walk ->35,14 | weapon Rune Crossbow | untilShot 1 | target -[-] | gate - | overhead none | JalTok-Jad@24,25 TAGGED; TzKal-Zuk@22,8 TAGGED
t2360 | 35,14 | 36..40|W|frz3 | zukIn 6 | setIn 132 | zukHp 117 | chosen 35,14 | walk - | weapon Rune Crossbow | untilShot 1 | target TzKal-Zuk[zuk] | gate ok | overhead none | JalTok-Jad@24,25 TAGGED; TzKal-Zuk@22,8 TAGGED
t2361 | 35,14 | 36..40|W|frz2 | zukIn 5 | setIn 131 | zukHp 117 | chosen 35,14 | walk - | weapon Rune Crossbow | untilShot 5 | target TzKal-Zuk[zuk] | gate ok | overhead none | JalTok-Jad@24,25 TAGGED; TzKal-Zuk@22,8 TAGGED
FIRED t2361 | 35,14 | Rune Crossbow | TzKal-Zuk
t2362 | 35,14 | 36..40|W|frz1 | zukIn 4 | setIn 130 | zukHp 117 | chosen 35,14 | walk - | weapon Rune Crossbow | untilShot 4 | target TzKal-Zuk[zuk] | gate ok | overhead none | JalTok-Jad@24,25 TAGGED; TzKal-Zuk@22,8 TAGGED
t2363 | 35,14 | 36..40|W|frz0 | zukIn 3 | setIn 129 | zukHp 117 | chosen 35,14 | walk - | weapon Rune Crossbow | untilShot 3 | target TzKal-Zuk[zuk] | gate ok | overhead none | JalTok-Jad@24,25 TAGGED; TzKal-Zuk@22,8 TAGGED
t2364 | 35,14 | 35..39|W|frz-1 | zukIn 2 | setIn 128 | zukHp 117 | chosen 35,14 | walk - | weapon Rune Crossbow | untilShot 2 | target TzKal-Zuk[zuk] | gate ok | overhead Protect from Range | JalTok-Jad@24,25 TAGGED; TzKal-Zuk@22,8 TAGGED
t2365 | 35,14 | 34..38|W|frz-2 | zukIn 1 | setIn 127 | zukHp 117 | chosen 35,14 | walk - | weapon Rune Crossbow | untilShot 1 | target TzKal-Zuk[zuk] | gate ok | overhead none | JalTok-Jad@24,25 TAGGED; TzKal-Zuk@22,8 TAGGED
t2366 | 35,14 | 33..37|W|frz-3 | zukIn 7 | setIn 126 | zukHp 117 | chosen 26,14 | walk ->26,14 | weapon Rune Crossbow | untilShot 5 | target -[-] | gate - | overhead none | JalTok-Jad@24,25 TAGGED; TzKal-Zuk@22,8 TAGGED
FIRED t2366 | 35,14 | Rune Crossbow | TzKal-Zuk
t2367 | 33,14 | 32..36|W|frz-4 | zukIn 6 | setIn 125 | zukHp 117 | chosen 26,14 | walk ->26,14 | weapon Rune Crossbow | untilShot 4 | target TzKal-Zuk[zuk] | gate - | overhead none | JalTok-Jad@24,25 TAGGED; TzKal-Zuk@22,8 TAGGED
t2368 | 31,14 | 31..35|W|frz-5 | zukIn 5 | setIn 124 | zukHp 117 | chosen 26,14 | walk ->26,14 | weapon Rune Crossbow | untilShot 3 | target TzKal-Zuk[zuk] | gate ok | overhead none | JalTok-Jad@24,25 TAGGED; TzKal-Zuk@22,8 TAGGED
t2369 | 29,14 | 30..34|W|frz-6 | zukIn 4 | setIn 123 | zukHp 117 | chosen 26,14 | walk ->26,14 | weapon Rune Crossbow | untilShot 2 | target TzKal-Zuk[zuk] | gate ok | overhead none | JalTok-Jad@24,25 TAGGED; TzKal-Zuk@22,8 TAGGED
t2370 | 27,14 | 29..33|W|frz-7 | zukIn 3 | setIn 122 | zukHp 117 | chosen 26,14 | walk ->26,14 | weapon Rune Crossbow | untilShot 1 | target TzKal-Zuk[zuk] | gate ok | overhead none | JalTok-Jad@24,25 TAGGED; TzKal-Zuk@22,8 TAGGED
t2371 | 27,14 | 28..32|W|frz-8 | zukIn 2 | setIn 121 | zukHp 117 | chosen 26,14 | walk ->26,14 | weapon Rune Crossbow | untilShot 5 | target -[-] | gate - | overhead none | JalTok-Jad@24,25 TAGGED; TzKal-Zuk@22,8 TAGGED
FIRED t2371 | 27,14 | Rune Crossbow | TzKal-Zuk
t2372 | 26,14 | 27..31|W|frz-9 | zukIn 1 | setIn 120 | zukHp 117 | chosen 26,14 | walk - | weapon Rune Crossbow | untilShot 4 | target TzKal-Zuk[zuk] | gate ok | overhead Protect from Range | JalTok-Jad@24,25 TAGGED; TzKal-Zuk@22,8 TAGGED
t2373 | 26,14 | 26..30|W|frz-10 | zukIn 7 | setIn 119 | zukHp 117 | chosen 19,14 | walk ->19,14 | weapon Rune Crossbow | untilShot 3 | target -[-] | gate - | overhead none | JalTok-Jad@24,25 TAGGED; TzKal-Zuk@22,8 TAGGED
t2374 | 24,14 | 25..29|W|frz-11 | zukIn 6 | setIn 118 | zukHp 117 | chosen 19,14 | walk ->19,14 | weapon Rune Crossbow | untilShot 2 | target TzKal-Zuk[zuk] | gate ok | overhead none | JalTok-Jad@24,25 TAGGED; TzKal-Zuk@22,8 TAGGED
t2375 | 22,14 | 24..28|W|frz-12 | zukIn 5 | setIn 117 | zukHp 117 | chosen 19,14 | walk ->19,14 | weapon Rune Crossbow | untilShot 1 | target TzKal-Zuk[zuk] | gate ok | overhead none | JalTok-Jad@24,25 TAGGED; TzKal-Zuk@22,8 TAGGED
t2376 | 22,14 | 23..27|W|frz-13 | zukIn 4 | setIn 116 | zukHp 117 | chosen 19,14 | walk ->19,14 | weapon Rune Crossbow | untilShot 5 | target -[-] | gate - | overhead none | JalTok-Jad@24,25 TAGGED; TzKal-Zuk@22,8 TAGGED
FIRED t2376 | 22,14 | Rune Crossbow | TzKal-Zuk
t2377 | 20,14 | 22..26|W|frz-14 | zukIn 3 | setIn 115 | zukHp 117 | chosen 19,14 | walk ->19,14 | weapon Rune Crossbow | untilShot 4 | target TzKal-Zuk[zuk] | gate ok | overhead none | JalTok-Jad@24,25 TAGGED; TzKal-Zuk@22,8 TAGGED
t2378 | 19,14 | 21..25|W|frz-15 | zukIn 2 | setIn 114 | zukHp 117 | chosen 19,14 | walk - | weapon Rune Crossbow | untilShot 3 | target TzKal-Zuk[zuk] | gate ok | overhead none | JalTok-Jad@24,25 TAGGED; TzKal-Zuk@22,8 TAGGED
t2379 | 19,14 | 20..24|W|frz-16 | zukIn 1 | setIn 113 | zukHp 117 | chosen 19,14 | walk - | weapon Rune Crossbow | untilShot 2 | target TzKal-Zuk[zuk] | gate ok | overhead none | JalTok-Jad@24,25 TAGGED; TzKal-Zuk@22,8 TAGGED
t2380 | 19,14 | 19..23|W|frz-17 | zukIn 7 | setIn 112 | zukHp 117 | chosen 15,14 | walk ->15,14 | weapon Rune Crossbow | untilShot 1 | target -[-] | gate - | overhead Protect from Magic | JalTok-Jad@24,25 TAGGED; TzKal-Zuk@22,8 TAGGED
t2381 | 17,14 | 18..22|W|frz-18 | zukIn 6 | setIn 111 | zukHp 117 | chosen 15,14 | walk ->15,14 | weapon Rune Crossbow | untilShot 1 | target TzKal-Zuk[zuk] | gate - | overhead none | JalTok-Jad@24,25 TAGGED; TzKal-Zuk@22,8 TAGGED
t2382 | 15,14 | 17..21|W|frz-19 | zukIn 5 | setIn 110 | zukHp 117 | chosen 15,14 | walk - | weapon Rune Crossbow | untilShot 1 | target TzKal-Zuk[zuk] | gate ok | overhead none | JalTok-Jad@24,25 TAGGED; TzKal-Zuk@22,8 TAGGED
t2383 | 15,14 | 16..20|W|frz-20 | zukIn 4 | setIn 109 | zukHp 117 | chosen 15,14 | walk - | weapon Rune Crossbow | untilShot 5 | target TzKal-Zuk[zuk] | gate ok | overhead none | JalTok-Jad@24,25 TAGGED; TzKal-Zuk@22,8 TAGGED
FIRED t2383 | 15,14 | Rune Crossbow | TzKal-Zuk
t2384 | 15,14 | 15..19|W|frz-21 | zukIn 3 | setIn 108 | zukHp 117 | chosen 15,14 | walk - | weapon Rune Crossbow | untilShot 4 | target TzKal-Zuk[zuk] | gate ok | overhead none | JalTok-Jad@24,25 TAGGED; TzKal-Zuk@22,8 TAGGED
t2385 | 15,14 | 14..18|W|frz-22 | zukIn 2 | setIn 107 | zukHp 117 | chosen 15,14 | walk - | weapon Rune Crossbow | untilShot 3 | target TzKal-Zuk[zuk] | gate ok | overhead none | JalTok-Jad@24,25 TAGGED; TzKal-Zuk@22,8 TAGGED
t2386 | 15,14 | 13..17|W|frz-23 | zukIn 1 | setIn 106 | zukHp 115 | chosen 15,14 | walk - | weapon Rune Crossbow | untilShot 2 | target TzKal-Zuk[zuk] | gate ok | overhead none | JalTok-Jad@24,25 TAGGED; TzKal-Zuk@22,8 TAGGED
t2387 | 15,14 | 12..16|W|frz-24 | zukIn 7 | setIn 105 | zukHp 115 | chosen 15,14 | walk - | weapon Rune Crossbow | untilShot 1 | target TzKal-Zuk[zuk] | gate ok | overhead none | JalTok-Jad@24,25 TAGGED; TzKal-Zuk@22,8 TAGGED
t2388 | 15,14 | 11..15|W|frz-25 | zukIn 6 | setIn 104 | zukHp 115 | chosen 15,14 | walk - | weapon Rune Crossbow | untilShot 5 | target TzKal-Zuk[zuk] | gate ok | overhead Protect from Range | JalTok-Jad@24,25 TAGGED; TzKal-Zuk@22,8 TAGGED
FIRED t2388 | 15,14 | Rune Crossbow | TzKal-Zuk
t2389 | 15,14 | 10..14|E|frz4 | zukIn 5 | setIn 103 | zukHp 115 | chosen 15,14 | walk - | weapon Rune Crossbow | untilShot 4 | target TzKal-Zuk[zuk] | gate ok | overhead none | JalTok-Jad@24,25 TAGGED; TzKal-Zuk@22,8 TAGGED
t2390 | 15,14 | 10..14|E|frz3 | zukIn 4 | setIn 102 | zukHp 115 | chosen 15,14 | walk - | weapon Rune Crossbow | untilShot 3 | target TzKal-Zuk[zuk] | gate ok | overhead none | JalTok-Jad@24,25 TAGGED; TzKal-Zuk@22,8 TAGGED
t2391 | 15,14 | 10..14|E|frz2 | zukIn 3 | setIn 101 | zukHp 115 | chosen 15,14 | walk - | weapon Rune Crossbow | untilShot 2 | target TzKal-Zuk[zuk] | gate ok | overhead none | JalTok-Jad@24,25 TAGGED; TzKal-Zuk@22,8 TAGGED
t2392 | 15,14 | 10..14|E|frz1 | zukIn 2 | setIn 100 | zukHp 115 | chosen 15,14 | walk - | weapon Rune Crossbow | untilShot 1 | target TzKal-Zuk[zuk] | gate ok | overhead none | JalTok-Jad@24,25 TAGGED; TzKal-Zuk@22,8 TAGGED
t2393 | 15,14 | 10..14|E|frz0 | zukIn 1 | setIn 99 | zukHp 115 | chosen 15,14 | walk - | weapon Rune Crossbow | untilShot 5 | target TzKal-Zuk[zuk] | gate ok | overhead none | JalTok-Jad@24,25 TAGGED; TzKal-Zuk@22,8 TAGGED
FIRED t2393 | 15,14 | Rune Crossbow | TzKal-Zuk
t2394 | 15,14 | 11..15|E|frz-1 | zukIn 7 | setIn 98 | zukHp 115 | chosen 22,14 | walk ->22,14 | weapon Rune Crossbow | untilShot 4 | target -[-] | gate - | overhead none | JalTok-Jad@24,25 TAGGED; TzKal-Zuk@22,8 TAGGED
t2395 | 17,14 | 12..16|E|frz-2 | zukIn 6 | setIn 97 | zukHp 115 | chosen 22,14 | walk ->22,14 | weapon Rune Crossbow | untilShot 3 | target TzKal-Zuk[zuk] | gate - | overhead none | JalTok-Jad@24,25 TAGGED; TzKal-Zuk@22,8 TAGGED
t2396 | 19,14 | 13..17|E|frz-3 | zukIn 5 | setIn 96 | zukHp 115 | chosen 22,14 | walk ->22,14 | weapon Rune Crossbow | untilShot 2 | target TzKal-Zuk[zuk] | gate ok | overhead Protect from Magic | JalTok-Jad@24,25 TAGGED; TzKal-Zuk@22,8 TAGGED
t2397 | 21,14 | 14..18|E|frz-4 | zukIn 4 | setIn 95 | zukHp 115 | chosen 22,14 | walk ->22,14 | weapon Rune Crossbow | untilShot 1 | target TzKal-Zuk[zuk] | gate ok | overhead none | JalTok-Jad@24,25 TAGGED; TzKal-Zuk@22,8 TAGGED
t2398 | 21,14 | 15..19|E|frz-5 | zukIn 3 | setIn 94 | zukHp 115 | chosen 22,14 | walk ->22,14 | weapon Rune Crossbow | untilShot 5 | target -[-] | gate - | overhead none | JalTok-Jad@24,25 TAGGED; TzKal-Zuk@22,8 TAGGED
FIRED t2398 | 21,14 | Rune Crossbow | TzKal-Zuk
t2399 | 22,14 | 16..20|E|frz-6 | zukIn 2 | setIn 93 | zukHp 115 | chosen 22,14 | walk - | weapon Rune Crossbow | untilShot 4 | target TzKal-Zuk[zuk] | gate ok | overhead none | JalTok-Jad@24,25 TAGGED; TzKal-Zuk@22,8 TAGGED
t2400 | 22,14 | 17..21|E|frz-7 | zukIn 1 | setIn 92 | zukHp 115 | chosen 22,14 | walk - | weapon Rune Crossbow | untilShot 3 | target TzKal-Zuk[zuk] | gate ok | overhead none | JalTok-Jad@24,25 TAGGED; TzKal-Zuk@22,8 TAGGED
t2401 | 22,14 | 18..22|E|frz-8 | zukIn 7 | setIn 91 | zukHp 115 | chosen 29,14 | walk ->29,14 | weapon Rune Crossbow | untilShot 2 | target -[-] | gate - | overhead none | JalTok-Jad@24,25 TAGGED; TzKal-Zuk@22,8 TAGGED
t2402 | 24,14 | 19..23|E|frz-9 | zukIn 6 | setIn 90 | zukHp 115 | chosen 29,14 | walk ->29,14 | weapon Rune Crossbow | untilShot 1 | target TzKal-Zuk[zuk] | gate ok | overhead none | JalTok-Jad@24,25 TAGGED; TzKal-Zuk@22,8 TAGGED
t2403 | 24,14 | 20..24|E|frz-10 | zukIn 5 | setIn 89 | zukHp 115 | chosen 29,14 | walk ->29,14 | weapon Rune Crossbow | untilShot 5 | target -[-] | gate - | overhead none | JalTok-Jad@24,25 TAGGED; TzKal-Zuk@22,8 TAGGED
FIRED t2403 | 24,14 | Rune Crossbow | TzKal-Zuk
t2404 | 26,14 | 21..25|E|frz-11 | zukIn 4 | setIn 88 | zukHp 115 | chosen 29,14 | walk ->29,14 | weapon Rune Crossbow | untilShot 4 | target TzKal-Zuk[zuk] | gate ok | overhead Protect from Magic | JalTok-Jad@24,25 TAGGED; TzKal-Zuk@22,8 TAGGED
t2405 | 28,14 | 22..26|E|frz-12 | zukIn 3 | setIn 87 | zukHp 115 | chosen 29,14 | walk ->29,14 | weapon Rune Crossbow | untilShot 3 | target TzKal-Zuk[zuk] | gate ok | overhead none | JalTok-Jad@24,25 TAGGED; TzKal-Zuk@22,8 TAGGED
t2406 | 29,14 | 23..27|E|frz-13 | zukIn 2 | setIn 86 | zukHp 86 | chosen 29,14 | walk - | weapon Rune Crossbow | untilShot 2 | target TzKal-Zuk[zuk] | gate ok | overhead none | JalTok-Jad@24,25 TAGGED; TzKal-Zuk@22,8 TAGGED
t2407 | 29,14 | 24..28|E|frz-14 | zukIn 1 | setIn 85 | zukHp 86 | chosen 29,14 | walk - | weapon Rune Crossbow | untilShot 1 | target TzKal-Zuk[zuk] | gate ok | overhead none | JalTok-Jad@24,25 TAGGED; TzKal-Zuk@22,8 TAGGED
t2408 | 29,14 | 25..29|E|frz-15 | zukIn 7 | setIn 84 | zukHp 86 | chosen 35,14 | walk ->35,14 | weapon Rune Crossbow | untilShot 5 | target -[-] | gate - | overhead none | JalTok-Jad@24,25 TAGGED; TzKal-Zuk@22,8 TAGGED
FIRED t2408 | 29,14 | Rune Crossbow | TzKal-Zuk
t2409 | 31,14 | 26..30|E|frz-16 | zukIn 6 | setIn 83 | zukHp 86 | chosen 35,14 | walk ->35,14 | weapon Rune Crossbow | untilShot 4 | target TzKal-Zuk[zuk] | gate ok | overhead none | JalTok-Jad@24,25 TAGGED; TzKal-Zuk@22,8 TAGGED
t2410 | 33,14 | 27..31|E|frz-17 | zukIn 5 | setIn 82 | zukHp 86 | chosen 35,14 | walk ->35,14 | weapon Rune Crossbow | untilShot 3 | target TzKal-Zuk[zuk] | gate - | overhead none | JalTok-Jad@24,25 TAGGED; TzKal-Zuk@22,8 TAGGED
t2411 | 35,14 | 28..32|E|frz-18 | zukIn 4 | setIn 81 | zukHp 86 | chosen 35,14 | walk - | weapon Rune Crossbow | untilShot 2 | target TzKal-Zuk[zuk] | gate ok | overhead none | JalTok-Jad@24,25 TAGGED; TzKal-Zuk@22,8 TAGGED
t2412 | 35,14 | 29..33|E|frz-19 | zukIn 3 | setIn 80 | zukHp 86 | chosen 35,14 | walk - | weapon Rune Crossbow | untilShot 1 | target TzKal-Zuk[zuk] | gate ok | overhead Protect from Magic | JalTok-Jad@24,25 TAGGED; TzKal-Zuk@22,8 TAGGED
t2413 | 35,14 | 30..34|E|frz-20 | zukIn 2 | setIn 79 | zukHp 86 | chosen 35,14 | walk - | weapon Rune Crossbow | untilShot 5 | target TzKal-Zuk[zuk] | gate ok | overhead none | JalTok-Jad@24,25 TAGGED; TzKal-Zuk@22,8 TAGGED
FIRED t2413 | 35,14 | Rune Crossbow | TzKal-Zuk
t2414 | 35,14 | 31..35|E|frz-21 | zukIn 1 | setIn 78 | zukHp 86 | chosen 35,14 | walk - | weapon Rune Crossbow | untilShot 4 | target TzKal-Zuk[zuk] | gate ok | overhead none | JalTok-Jad@24,25 TAGGED; TzKal-Zuk@22,8 TAGGED
t2415 | 35,14 | 32..36|E|frz-22 | zukIn 7 | setIn 77 | zukHp 86 | chosen 36,14 | walk ->36,14 | weapon Rune Crossbow | untilShot 3 | target -[-] | gate - | overhead none | JalTok-Jad@24,25 TAGGED; TzKal-Zuk@22,8 TAGGED
t2416 | 36,14 | 33..37|E|frz-23 | zukIn 6 | setIn 76 | zukHp 86 | chosen 35,14 | walk ->35,14 | weapon Rune Crossbow | untilShot 2 | target -[-] | gate - | overhead none | JalTok-Jad@24,25 TAGGED; TzKal-Zuk@22,8 TAGGED
t2417 | 35,14 | 34..38|E|frz-24 | zukIn 5 | setIn 75 | zukHp 86 | chosen 35,14 | walk - | weapon Rune Crossbow | untilShot 1 | target TzKal-Zuk[zuk] | gate ok | overhead none | JalTok-Jad@24,25 TAGGED; TzKal-Zuk@22,8 TAGGED
t2418 | 35,14 | 35..39|E|frz-25 | zukIn 4 | setIn 74 | zukHp 86 | chosen 36,14 | walk ->36,14 | weapon Rune Crossbow | untilShot 5 | target -[-] | gate - | overhead none | JalTok-Jad@24,25 TAGGED; TzKal-Zuk@22,8 TAGGED
FIRED t2418 | 35,14 | Rune Crossbow | TzKal-Zuk
t2419 | 36,14 | 36..40|W|frz4 | zukIn 3 | setIn 73 | zukHp 86 | chosen 36,14 | walk - | weapon Rune Crossbow | untilShot 4 | target TzKal-Zuk[zuk] | gate - | overhead none | JalTok-Jad@24,25 TAGGED; TzKal-Zuk@22,8 TAGGED
t2420 | 36,14 | 36..40|W|frz3 | zukIn 2 | setIn 72 | zukHp 86 | chosen 36,14 | walk - | weapon Rune Crossbow | untilShot 3 | target TzKal-Zuk[zuk] | gate - | overhead Protect from Magic | JalTok-Jad@24,25 TAGGED; TzKal-Zuk@22,8 TAGGED
t2421 | 36,14 | 36..40|W|frz2 | zukIn 1 | setIn 71 | zukHp 71 | chosen 36,14 | walk - | weapon Rune Crossbow | untilShot 2 | target TzKal-Zuk[zuk] | gate - | overhead none | JalTok-Jad@24,25 TAGGED; TzKal-Zuk@22,8 TAGGED
t2422 | 36,14 | 36..40|W|frz1 | zukIn 7 | setIn 70 | zukHp 71 | chosen 30,14 | walk ->30,14 | weapon Rune Crossbow | untilShot 1 | target -[-] | gate - | overhead none | JalTok-Jad@24,25 TAGGED; TzKal-Zuk@22,8 TAGGED
t2423 | 34,14 | 36..40|W|frz0 | zukIn 6 | setIn 69 | zukHp 71 | chosen 30,14 | walk ->30,14 | weapon Rune Crossbow | untilShot 1 | target TzKal-Zuk[zuk] | gate - | overhead none | JalTok-Jad@24,25 TAGGED; TzKal-Zuk@22,8 TAGGED
t2424 | 32,14 | 35..39|W|frz-1 | zukIn 5 | setIn 68 | zukHp 71 | chosen 30,14 | walk ->30,14 | weapon Rune Crossbow | untilShot 1 | target TzKal-Zuk[zuk] | gate - | overhead none | JalTok-Jad@24,25 TAGGED; TzKal-Zuk@22,8 TAGGED
t2425 | 30,14 | 34..38|W|frz-2 | zukIn 4 | setIn 67 | zukHp 71 | chosen 30,14 | walk - | weapon Rune Crossbow | untilShot 1 | target TzKal-Zuk[zuk] | gate ok | overhead none | JalTok-Jad@24,25 TAGGED; TzKal-Zuk@22,8 TAGGED
t2426 | 30,14 | 33..37|W|frz-3 | zukIn 3 | setIn 66 | zukHp 71 | chosen 30,14 | walk - | weapon Rune Crossbow | untilShot 5 | target TzKal-Zuk[zuk] | gate ok | overhead none | JalTok-Jad@24,25 TAGGED; TzKal-Zuk@22,8 TAGGED
FIRED t2426 | 30,14 | Rune Crossbow | TzKal-Zuk
t2427 | 30,14 | 32..36|W|frz-4 | zukIn 2 | setIn 65 | zukHp 71 | chosen 30,14 | walk - | weapon Rune Crossbow | untilShot 4 | target TzKal-Zuk[zuk] | gate ok | overhead none | JalTok-Jad@24,25 TAGGED; TzKal-Zuk@22,8 TAGGED
t2428 | 30,14 | 31..35|W|frz-5 | zukIn 1 | setIn 64 | zukHp 71 | chosen 30,14 | walk - | weapon Rune Crossbow | untilShot 3 | target TzKal-Zuk[zuk] | gate ok | overhead Protect from Magic | JalTok-Jad@24,25 TAGGED; TzKal-Zuk@22,8 TAGGED
t2429 | 30,14 | 30..34|W|frz-6 | zukIn 7 | setIn 63 | zukHp 48 | chosen 23,14 | walk ->23,14 | weapon Rune Crossbow | untilShot 2 | target -[-] | gate - | overhead none | JalTok-Jad@24,25 TAGGED; TzKal-Zuk@22,8 TAGGED
t2430 | 28,14 | 29..33|W|frz-7 | zukIn 6 | setIn 62 | zukHp 48 | chosen 23,14 | walk ->23,14 | weapon Rune Crossbow | untilShot 1 | target TzKal-Zuk[zuk] | gate ok | overhead none | JalTok-Jad@24,25 TAGGED; TzKal-Zuk@22,8 TAGGED
t2431 | 28,14 | 28..32|W|frz-8 | zukIn 5 | setIn 61 | zukHp 48 | chosen 23,14 | walk ->23,14 | weapon Rune Crossbow | untilShot 5 | target -[-] | gate - | overhead none | JalTok-Jad@24,25 TAGGED; TzKal-Zuk@22,8 TAGGED
FIRED t2431 | 28,14 | Rune Crossbow | TzKal-Zuk
t2432 | 26,14 | 27..31|W|frz-9 | zukIn 4 | setIn 60 | zukHp 48 | chosen 23,14 | walk ->23,14 | weapon Rune Crossbow | untilShot 4 | target TzKal-Zuk[zuk] | gate ok | overhead none | JalTok-Jad@24,25 TAGGED; TzKal-Zuk@22,8 TAGGED
t2433 | 24,14 | 26..30|W|frz-10 | zukIn 3 | setIn 59 | zukHp 48 | chosen 23,14 | walk ->23,14 | weapon Rune Crossbow | untilShot 3 | target TzKal-Zuk[zuk] | gate ok | overhead none | JalTok-Jad@24,25 TAGGED; TzKal-Zuk@22,8 TAGGED
t2434 | 23,14 | 25..29|W|frz-11 | zukIn 2 | setIn 58 | zukHp 20 | chosen 23,14 | walk - | weapon Rune Crossbow | untilShot 2 | target TzKal-Zuk[zuk] | gate ok | overhead none | JalTok-Jad@24,25 TAGGED; TzKal-Zuk@22,8 TAGGED
t2435 | 23,14 | 24..28|W|frz-12 | zukIn 1 | setIn 57 | zukHp 20 | chosen 23,14 | walk - | weapon Rune Crossbow | untilShot 1 | target TzKal-Zuk[zuk] | gate ok | overhead none | JalTok-Jad@24,25 TAGGED; TzKal-Zuk@22,8 TAGGED
t2436 | 23,14 | 23..27|W|frz-13 | zukIn 7 | setIn 56 | zukHp 20 | chosen 19,14 | walk ->19,14 | weapon Rune Crossbow | untilShot 5 | target -[-] | gate - | overhead Protect from Magic | JalTok-Jad@24,25 TAGGED; TzKal-Zuk@22,8 TAGGED
FIRED t2436 | 23,14 | Rune Crossbow | TzKal-Zuk
t2437 | 21,14 | 22..26|W|frz-14 | zukIn 6 | setIn 55 | zukHp 20 | chosen 19,14 | walk ->19,14 | weapon Rune Crossbow | untilShot 4 | target TzKal-Zuk[zuk] | gate ok | overhead none | JalTok-Jad@24,25 TAGGED; TzKal-Zuk@22,8 TAGGED
t2438 | 19,14 | 21..25|W|frz-15 | zukIn 5 | setIn 54 | zukHp 20 | chosen 19,14 | walk - | weapon Rune Crossbow | untilShot 3 | target TzKal-Zuk[zuk] | gate ok | overhead none | JalTok-Jad@24,25 TAGGED; TzKal-Zuk@22,8 TAGGED
t2439 | 19,14 | 20..24|W|frz-16 | zukIn 4 | setIn 53 | zukHp 20 | chosen 19,14 | walk - | weapon Rune Crossbow | untilShot 2 | target TzKal-Zuk[zuk] | gate ok | overhead none | JalTok-Jad@24,25 TAGGED; TzKal-Zuk@22,8 TAGGED
t2440 | 19,14 | 19..23|W|frz-17 | zukIn 3 | setIn 52 | zukHp 20 | chosen 19,14 | walk - | weapon Rune Crossbow | untilShot 1 | target TzKal-Zuk[zuk] | gate ok | overhead none | JalTok-Jad@24,25 TAGGED; TzKal-Zuk@22,8 TAGGED
t2441 | 19,14 | 18..22|W|frz-18 | zukIn 2 | setIn 51 | zukHp 20 | chosen 19,14 | walk - | weapon Rune Crossbow | untilShot 5 | target TzKal-Zuk[zuk] | gate ok | overhead none | JalTok-Jad@24,25 TAGGED; TzKal-Zuk@22,8 TAGGED
FIRED t2441 | 19,14 | Rune Crossbow | TzKal-Zuk
t2442 | 19,14 | 17..21|W|frz-19 | zukIn 1 | setIn 50 | zukHp 20 | chosen 19,14 | walk - | weapon Rune Crossbow | untilShot 4 | target TzKal-Zuk[zuk] | gate ok | overhead none | JalTok-Jad@24,25 TAGGED; TzKal-Zuk@22,8 TAGGED
t2443 | 19,14 | 16..20|W|frz-20 | zukIn 7 | setIn 49 | zukHp 20 | chosen 15,14 | walk ->15,14 | weapon Rune Crossbow | untilShot 3 | target -[-] | gate - | overhead none | JalTok-Jad@24,25 TAGGED; TzKal-Zuk@22,8 TAGGED
t2444 | 17,14 | 15..19|W|frz-21 | zukIn 6 | setIn 48 | zukHp 13 | chosen 15,14 | walk ->15,14 | weapon Rune Crossbow | untilShot 2 | target TzKal-Zuk[zuk] | gate - | overhead Protect from Magic | JalTok-Jad@24,25 TAGGED; TzKal-Zuk@22,8 TAGGED
t2445 | 15,14 | 14..18|W|frz-22 | zukIn 5 | setIn 47 | zukHp 13 | chosen 15,14 | walk - | weapon Rune Crossbow | untilShot 1 | target TzKal-Zuk[zuk] | gate ok | overhead none | JalTok-Jad@24,25 TAGGED; TzKal-Zuk@22,8 TAGGED
t2446 | 15,14 | 13..17|W|frz-23 | zukIn 4 | setIn 46 | zukHp 13 | chosen 14,14 | walk ->14,14 | weapon Rune Crossbow | untilShot 5 | target -[-] | gate - | overhead none | JalTok-Jad@24,25 TAGGED; TzKal-Zuk@22,8 TAGGED
FIRED t2446 | 15,14 | Rune Crossbow | TzKal-Zuk
t2447 | 14,14 | 12..16|W|frz-24 | zukIn 3 | setIn 45 | zukHp 13 | chosen 14,14 | walk - | weapon Rune Crossbow | untilShot 4 | target TzKal-Zuk[zuk] | gate - | overhead none | JalTok-Jad@24,25 TAGGED; TzKal-Zuk@22,8 TAGGED
t2448 | 14,14 | 11..15|W|frz-25 | zukIn 2 | setIn 44 | zukHp 13 | chosen 14,14 | walk - | weapon Rune Crossbow | untilShot 3 | target TzKal-Zuk[zuk] | gate - | overhead none | JalTok-Jad@24,25 TAGGED; TzKal-Zuk@22,8 TAGGED
t2449 | 14,14 | 10..14|E|frz4 | zukIn 1 | setIn 43 | zukHp 13 | chosen 14,14 | walk - | weapon Rune Crossbow | untilShot 2 | target TzKal-Zuk[zuk] | gate - | overhead none | JalTok-Jad@24,25 TAGGED; TzKal-Zuk@22,8 TAGGED
t2450 | 14,14 | 10..14|E|frz3 | zukIn 7 | setIn 42 | zukHp 13 | chosen 15,14 | walk ->15,14 | weapon Rune Crossbow | untilShot 1 | target -[-] | gate - | overhead none | JalTok-Jad@24,25 TAGGED; TzKal-Zuk@22,8 TAGGED
t2451 | 15,14 | 10..14|E|frz2 | zukIn 6 | setIn 41 | zukHp 13 | chosen 15,14 | walk - | weapon Rune Crossbow | untilShot 1 | target TzKal-Zuk[zuk] | gate ok | overhead none | JalTok-Jad@24,25 TAGGED; TzKal-Zuk@22,8 TAGGED
t2452 | 15,14 | 10..14|E|frz1 | zukIn 5 | setIn 40 | zukHp 13 | chosen 15,14 | walk - | weapon Rune Crossbow | untilShot 5 | target TzKal-Zuk[zuk] | gate ok | overhead Protect from Range | JalTok-Jad@24,25 TAGGED; TzKal-Zuk@22,8 TAGGED
FIRED t2452 | 15,14 | Rune Crossbow | TzKal-Zuk
t2453 | 15,14 | 10..14|E|frz0 | zukIn 4 | setIn 39 | zukHp 13 | chosen 15,14 | walk - | weapon Rune Crossbow | untilShot 4 | target TzKal-Zuk[zuk] | gate ok | overhead none | JalTok-Jad@24,25 TAGGED; TzKal-Zuk@22,8 TAGGED
t2454 | 15,14 | 11..15|E|frz-1 | zukIn 3 | setIn 38 | zukHp 13 | chosen 15,14 | walk - | weapon Rune Crossbow | untilShot 3 | target TzKal-Zuk[zuk] | gate ok | overhead none | JalTok-Jad@24,25 TAGGED; TzKal-Zuk@22,8 TAGGED
t2455 | 15,14 | gone | zukIn - | setIn - | zukHp - | chosen - | walk - | weapon Rune Crossbow | untilShot 2 | target -[zuk] | gate - | overhead none | no mobs
